ISO-10303-21;
HEADER;
FILE_DESCRIPTION (( 'STEP AP214' ),
    '1' );
FILE_NAME ('Lid.STEP',
    '2026-08-24T12:41:03',
    ( '' ),
    ( '' ),
    'SwSTEP 2.0',
    'SolidWorks 2020',
    '' );
FILE_SCHEMA (( 'AUTOMOTIVE_DESIGN' ));
ENDSEC;

DATA;
#1 = CARTESIAN_POINT ( 'NONE',  ( 41.41996072232701209, 52.09604657777866521, -19.90226640499235700 ) ) ;
#2 = CARTESIAN_POINT ( 'NONE',  ( 41.19913875556093075, 45.20121512678932163, -6.186740534180149353 ) ) ;
#3 = EDGE_CURVE ( 'NONE', #2632, #2821, #619, .T. ) ;
#4 = CARTESIAN_POINT ( 'NONE',  ( -52.94823633939529373, 9.584858258049603563, -21.71474644440056068 ) ) ;
#5 = CARTESIAN_POINT ( 'NONE',  ( 32.60003823105682841, 48.35814170361405218, -14.70000000000000639 ) ) ;
#6 = VECTOR ( 'NONE', #3136, 1000.000000000000114 ) ;
#7 = DIRECTION ( 'NONE',  ( 0.9139452746408236461, 0.4058374489394851459, 0.000000000000000000 ) ) ;
#8 = CARTESIAN_POINT ( 'NONE',  ( 13.56848318173056889, 48.00260454033043800, -8.959443460944180870 ) ) ;
#9 = CARTESIAN_POINT ( 'NONE',  ( -30.25493721674475722, 22.86883933438181060, -14.49827215189067076 ) ) ;
#10 = CARTESIAN_POINT ( 'NONE',  ( 42.93641811536046049, 40.76861819074435545, -2.886758449375626867 ) ) ;
#11 = VERTEX_POINT ( 'NONE', #2485 ) ;
#12 = ORIENTED_EDGE ( 'NONE', *, *, #162, .F. ) ;
#13 = CARTESIAN_POINT ( 'NONE',  ( -40.37927891438120298, 18.42789243799943577, -10.68661018751348557 ) ) ;
#14 = CARTESIAN_POINT ( 'NONE',  ( 25.79896643953007995, 46.25362594172909070, -6.290827083655106122 ) ) ;
#15 = CARTESIAN_POINT ( 'NONE',  ( 28.55766131976956146, 46.63829351158333480, -14.19139809630699567 ) ) ;
#16 = CIRCLE ( 'NONE', #540, 17.00000000000000000 ) ;
#17 = VERTEX_POINT ( 'NONE', #3369 ) ;
#18 = DIRECTION ( 'NONE',  ( -0.9139452746408237571, -0.4058374489394851459, 0.000000000000000000 ) ) ;
#19 = SURFACE_STYLE_USAGE ( .BOTH. , #298 ) ;
#20 = CARTESIAN_POINT ( 'NONE',  ( -39.75206211869731021, 21.90635867074929166, 5.245809049173260519 ) ) ;
#21 = CARTESIAN_POINT ( 'NONE',  ( 43.45730112703470382, 47.50795930149806168, -7.487369703567149593 ) ) ;
#22 = CIRCLE ( 'NONE', #3467, 0.8999999999999998002 ) ;
#23 = LINE ( 'NONE', #2603, #1658 ) ;
#24 = CARTESIAN_POINT ( 'NONE',  ( -58.87149079584018097, 6.907752973960819887, -16.43347580926301887 ) ) ;
#25 = CARTESIAN_POINT ( 'NONE',  ( 39.66121886373149152, 48.66460822071553594, -11.53280630758322900 ) ) ;
#26 = DIRECTION ( 'NONE',  ( -0.000000000000000000, -0.000000000000000000, 1.000000000000000000 ) ) ;
#27 = CARTESIAN_POINT ( 'NONE',  ( -42.72722663998543879, 12.57708881882047969, 5.500000000000007994 ) ) ;
#28 = ADVANCED_FACE ( 'NONE', ( #3092 ), #1330, .T. ) ;
#29 = DIRECTION ( 'NONE',  ( -1.000000000000000000, 0.000000000000000000, 0.000000000000000000 ) ) ;
#30 = CARTESIAN_POINT ( 'NONE',  ( 10.70583127655717348, 41.86306557777884763, -14.31594876364551006 ) ) ;
#31 = CARTESIAN_POINT ( 'NONE',  ( -41.95727783838348302, 15.32613094111152918, -14.70000000000034213 ) ) ;
#32 = CARTESIAN_POINT ( 'NONE',  ( -8.049818085922094468, 18.12817723098731548, -22.15000000000000213 ) ) ;
#33 = EDGE_LOOP ( 'NONE', ( #2275, #2643, #1217, #3342, #358, #2279, #87, #3123, #2268, #155 ) ) ;
#34 = ADVANCED_FACE ( 'NONE', ( #166 ), #1314, .F. ) ;
#35 = AXIS2_PLACEMENT_3D ( 'NONE', #1953, #2201, #3345 ) ;
#36 = ORIENTED_EDGE ( 'NONE', *, *, #1656, .T. ) ;
#37 = ORIENTED_EDGE ( 'NONE', *, *, #2398, .T. ) ;
#38 = DIRECTION ( 'NONE',  ( -0.9139452746408239792, -0.4058374489394845352, 0.000000000000000000 ) ) ;
#39 = CARTESIAN_POINT ( 'NONE',  ( -54.08016247600582460, 8.437892995433445620, -22.04106919000454923 ) ) ;
#40 = ORIENTED_EDGE ( 'NONE', *, *, #799, .T. ) ;
#41 = DIRECTION ( 'NONE',  ( -1.000000000000000000, 0.000000000000000000, 0.000000000000000000 ) ) ;
#42 = VECTOR ( 'NONE', #2474, 999.9999999999998863 ) ;
#43 = CARTESIAN_POINT ( 'NONE',  ( -47.72945051866906852, 11.30296068886430128, 5.268080604185678695 ) ) ;
#44 = CARTESIAN_POINT ( 'NONE',  ( 42.47925290980305135, 42.31840013441317438, -3.795433087049708387 ) ) ;
#45 = FACE_OUTER_BOUND ( 'NONE', #716, .T. ) ;
#46 = CARTESIAN_POINT ( 'NONE',  ( -58.26660725672802243, 5.545556228135179566, -12.28547708852796028 ) ) ;
#47 = CARTESIAN_POINT ( 'NONE',  ( -46.13652056460328055, 1.215774922720400664, 3.530088410304293323 ) ) ;
#48 = CARTESIAN_POINT ( 'NONE',  ( -52.85800780914657793, 9.381663754747616935, -21.86914278315575544 ) ) ;
#49 = B_SPLINE_CURVE_WITH_KNOTS ( 'NONE', 3,
 ( #2302, #62, #876, #613 ),
 .UNSPECIFIED., .F., .F.,
 ( 4, 4 ),
 ( 5.625788803315104800E-15, 0.001737873352888430305 ),
 .UNSPECIFIED. ) ;
#50 = ORIENTED_EDGE ( 'NONE', *, *, #2287, .T. ) ;
#51 = CARTESIAN_POINT ( 'NONE',  ( 35.94473135288852461, 49.32262646709834542, -14.70000000000000462 ) ) ;
#52 = CARTESIAN_POINT ( 'NONE',  ( 28.82083754317721258, 34.50059386952236906, 5.499999999999998224 ) ) ;
#53 = LINE ( 'NONE', #624, #2682 ) ;
#54 = CARTESIAN_POINT ( 'NONE',  ( -30.96510265227228942, 21.34894267372294863, -14.43937872860721860 ) ) ;
#55 = EDGE_CURVE ( 'NONE', #456, #419, #3075, .T. ) ;
#56 = ORIENTED_EDGE ( 'NONE', *, *, #2342, .T. ) ;
#57 = CARTESIAN_POINT ( 'NONE',  ( 27.65207965262327861, 44.14549986350823474, 4.537265461217002915 ) ) ;
#58 = EDGE_CURVE ( 'NONE', #17, #1972, #2602, .T. ) ;
#59 = CARTESIAN_POINT ( 'NONE',  ( 38.83982650285362581, 50.51438248085860039, -21.37222881862727064 ) ) ;
#60 = ORIENTED_EDGE ( 'NONE', *, *, #2658, .T. ) ;
#61 = DIRECTION ( 'NONE',  ( 0.9139452746408239792, 0.4058374489394845352, 0.000000000000000000 ) ) ;
#62 = CARTESIAN_POINT ( 'NONE',  ( -42.59567179524864144, 2.788089011436084785, 7.561771395982900934 ) ) ;
#63 = CARTESIAN_POINT ( 'NONE',  ( -39.19166803032581470, 8.445668795677185869, 12.28428879822057240 ) ) ;
#64 = DIRECTION ( 'NONE',  ( -0.000000000000000000, -0.000000000000000000, 1.000000000000000000 ) ) ;
#65 = CARTESIAN_POINT ( 'NONE',  ( 11.18258539875624180, 44.54557937887390295, -13.23561593144988002 ) ) ;
#66 = CARTESIAN_POINT ( 'NONE',  ( 20.61491831932047702, 46.51196632872758130, 4.032004952024772493 ) ) ;
#67 = CARTESIAN_POINT ( 'NONE',  ( 41.87788488798636877, 43.67267994100990336, -4.763113553812690526 ) ) ;
#68 = CARTESIAN_POINT ( 'NONE',  ( -52.81020860569181252, 9.274020026345439760, -21.93440356030908234 ) ) ;
#69 = ORIENTED_EDGE ( 'NONE', *, *, #2532, .T. ) ;
#70 = FACE_BOUND ( 'NONE', #1116, .T. ) ;
#71 = CARTESIAN_POINT ( 'NONE',  ( -29.72434396592975503, 21.36478284207542444, -14.64730610283796253 ) ) ;
#72 = VECTOR ( 'NONE', #2281, 999.9999999999998863 ) ;
#73 = ORIENTED_EDGE ( 'NONE', *, *, #962, .T. ) ;
#74 = CARTESIAN_POINT ( 'NONE',  ( 35.54283086998145080, 49.31506876031128428, -16.46973243518483088 ) ) ;
#75 = FACE_OUTER_BOUND ( 'NONE', #1827, .T. ) ;
#76 = VERTEX_POINT ( 'NONE', #2505 ) ;
#77 = CARTESIAN_POINT ( 'NONE',  ( -49.53614337020815128, 11.96073528927696472, -16.03600617084029523 ) ) ;
#78 = ADVANCED_FACE ( 'NONE', ( #496 ), #2167, .F. ) ;
#79 = CARTESIAN_POINT ( 'NONE',  ( -56.38039260226041449, 8.689926056315606218, -20.18575762563244425 ) ) ;
#80 = VECTOR ( 'NONE', #1392, 1000.000000000000114 ) ;
#81 = CARTESIAN_POINT ( 'NONE',  ( -12.59519751404454624, 28.36436430696500821, -14.70000000000000284 ) ) ;
#82 = CARTESIAN_POINT ( 'NONE',  ( -39.11920212859909896, 24.02664904279000169, -4.091823013575938361 ) ) ;
#83 = FILL_AREA_STYLE ('',( #2451 ) ) ;
#84 = CARTESIAN_POINT ( 'NONE',  ( 25.85901851424760167, 45.28651988196493505, 3.002484612139285414 ) ) ;
#85 = CARTESIAN_POINT ( 'NONE',  ( -54.96516861997174175, 7.209617620611784794, -22.15000000000000213 ) ) ;
#86 = DIRECTION ( 'NONE',  ( 0.8942112454728202708, 0.000000000000000000, -0.4476452261221463003 ) ) ;
#87 = ORIENTED_EDGE ( 'NONE', *, *, #3638, .T. ) ;
#88 = CIRCLE ( 'NONE', #2867, 1.600000000000004308 ) ;
#89 = CARTESIAN_POINT ( 'NONE',  ( 37.42613135209272457, 50.67110341626084846, -22.15000000000250679 ) ) ;
#90 = DIRECTION ( 'NONE',  ( -0.9139452746408239792, -0.4058374489394844797, 8.326672684688671588E-17 ) ) ;
#91 = CARTESIAN_POINT ( 'NONE',  ( 29.62951795730057825, 34.85968845142075168, 12.49999999999999822 ) ) ;
#92 = ORIENTED_EDGE ( 'NONE', *, *, #1809, .F. ) ;
#93 = DIRECTION ( 'NONE',  ( 0.4058374489394845352, -0.9139452746408239792, 0.000000000000000000 ) ) ;
#94 = CARTESIAN_POINT ( 'NONE',  ( 39.43229754856036351, 49.18013864998453499, -22.15000000000000213 ) ) ;
#95 = B_SPLINE_CURVE_WITH_KNOTS ( 'NONE', 3,
 ( #1647, #601, #196, #2235, #175, #1438, #308, #3083, #216, #488, #1170, #1462, #1768, #1667, #788, #1342, #768, #2633 ),
 .UNSPECIFIED., .F., .F.,
 ( 4, 2, 2, 2, 2, 2, 2, 2, 4 ),
 ( -2.449490878857052666E-05, 0.001085481826947084713, 0.002195458562682740204, 0.003305435298418395694, 0.004415412034154050751, 0.008855318977096680519, 0.01107527244856799410, 0.01329522592003930942, 0.01773513286298193659 ),
 .UNSPECIFIED. ) ;
#96 = EDGE_LOOP ( 'NONE', ( #2841, #859, #438, #3221, #1292, #1059 ) ) ;
#97 = CARTESIAN_POINT ( 'NONE',  ( -56.37218366424116311, 8.671439541253748828, -19.90226640499234279 ) ) ;
#98 = CARTESIAN_POINT ( 'NONE',  ( 27.08279769338720300, 46.31271288239813089, -9.304010379379686668 ) ) ;
#99 = EDGE_CURVE ( 'NONE', #2444, #1869, #2283, .T. ) ;
#100 = FACE_OUTER_BOUND ( 'NONE', #1482, .T. ) ;
#101 = CARTESIAN_POINT ( 'NONE',  ( 32.48657919172084974, 36.66711884848357528, 8.724344775408496844 ) ) ;
#102 = AXIS2_PLACEMENT_3D ( 'NONE', #555, #1478, #2889 ) ;
#103 = CARTESIAN_POINT ( 'NONE',  ( -45.01531400983282083, 14.33246967195682053, -9.590186682247583860 ) ) ;
#104 = CARTESIAN_POINT ( 'NONE',  ( -45.01897883899859210, 14.28845403351597376, -10.15391391726517867 ) ) ;
#105 = CONICAL_SURFACE ( 'NONE', #3667, 37.50000000000002132, 0.7853981633974430610 ) ;
#106 = ADVANCED_FACE ( 'NONE', ( #895 ), #2884, .F. ) ;
#107 = CARTESIAN_POINT ( 'NONE',  ( 44.01574573538854906, 46.25034295215097302, -6.016938450750068945 ) ) ;
#108 = CARTESIAN_POINT ( 'NONE',  ( 10.57024458922329657, 38.65098013354201356, -14.70000000000000462 ) ) ;
#109 = CARTESIAN_POINT ( 'NONE',  ( -53.10822613664418412, 9.945155021121784955, -16.45322290687309419 ) ) ;
#110 = ORIENTED_EDGE ( 'NONE', *, *, #1895, .F. ) ;
#111 = CARTESIAN_POINT ( 'NONE',  ( 24.00762810578209638, 63.21852708607239890, -3.700000000000003730 ) ) ;
#112 = CARTESIAN_POINT ( 'NONE',  ( -55.61801176033775107, 6.973045640837246317, -22.14999999999999858 ) ) ;
#113 = EDGE_LOOP ( 'NONE', ( #2334, #1688, #1939, #1707, #701, #754, #1846, #2945, #699 ) ) ;
#114 = CARTESIAN_POINT ( 'NONE',  ( 17.34289407815683148, 47.41580538570742220, 7.658499120039593322 ) ) ;
#115 = DIRECTION ( 'NONE',  ( 0.9139452746408239792, 0.4058374489394845352, 0.000000000000000000 ) ) ;
#116 = CARTESIAN_POINT ( 'NONE',  ( 37.79256270740125245, 50.55812473504909832, -2.657347361180717904 ) ) ;
#117 = CARTESIAN_POINT ( 'NONE',  ( -35.77450437646652404, 22.30218152664974696, 6.499999999999999112 ) ) ;
#118 = SURFACE_STYLE_USAGE ( .BOTH. , #1584 ) ;
#119 = B_SPLINE_SURFACE_WITH_KNOTS ( 'NONE', 3, 1, ( 
 ( #628, #2097 ),
 ( #74, #3262 ),
 ( #648, #2980 ),
 ( #3279, #371 ) ),
 .UNSPECIFIED., .F., .F., .F.,
 ( 4, 4 ),
 ( 2, 2 ),
 ( 0.000000000000000000, 1.000000000000000000 ),
 ( 0.000000000000000000, 1.000000000000000000 ),
 .UNSPECIFIED. ) ;
#120 = ORIENTED_EDGE ( 'NONE', *, *, #2981, .T. ) ;
#121 = EDGE_CURVE ( 'NONE', #1543, #2883, #3617, .T. ) ;
#122 = CARTESIAN_POINT ( 'NONE',  ( 44.79015722971459468, 44.50636952703369786, -4.475462788165116557 ) ) ;
#123 = CARTESIAN_POINT ( 'NONE',  ( -41.69739301439771140, 18.03442002686340473, 2.914077916994271433 ) ) ;
#124 = CARTESIAN_POINT ( 'NONE',  ( -28.73008118816385448, 15.63800383155555096, -14.70000000000000284 ) ) ;
#125 = PRODUCT_DEFINITION_FORMATION_WITH_SPECIFIED_SOURCE ( 'ANY', '', #1840, .NOT_KNOWN. ) ;
#126 = ORIENTED_EDGE ( 'NONE', *, *, #3555, .T. ) ;
#127 = DIRECTION ( 'NONE',  ( 0.9139452746408237571, 0.4058374489394851459, 0.000000000000000000 ) ) ;
#128 = FACE_OUTER_BOUND ( 'NONE', #526, .T. ) ;
#129 = ORIENTED_EDGE ( 'NONE', *, *, #3403, .F. ) ;
#130 = CARTESIAN_POINT ( 'NONE',  ( 16.27087976079342369, 48.06188250504191473, 6.560015840981303192 ) ) ;
#131 = CARTESIAN_POINT ( 'NONE',  ( -55.02416508478832213, 9.177465723145695975, -2.161129157338363527 ) ) ;
#132 = CARTESIAN_POINT ( 'NONE',  ( 43.06506237667608872, 40.82574268198214895, -3.027495581422332993 ) ) ;
#133 = VECTOR ( 'NONE', #3495, 999.9999999999998863 ) ;
#134 = ORIENTED_EDGE ( 'NONE', *, *, #1077, .F. ) ;
#135 = AXIS2_PLACEMENT_3D ( 'NONE', #804, #465, #3135 ) ;
#136 = DIRECTION ( 'NONE',  ( 0.4058374489394845908, -0.9139452746408242012, 0.000000000000000000 ) ) ;
#137 = CARTESIAN_POINT ( 'NONE',  ( -52.93463686730905238, 9.554232269044518944, -14.70000000000000284 ) ) ;
#138 = CARTESIAN_POINT ( 'NONE',  ( -11.86434165587271750, 46.42613209619339898, 12.49999999999999822 ) ) ;
#139 = EDGE_CURVE ( 'NONE', #410, #2048, #2324, .T. ) ;
#140 = ORIENTED_EDGE ( 'NONE', *, *, #183, .T. ) ;
#141 = PLANE ( 'NONE',  #3375 ) ;
#142 = DIRECTION ( 'NONE',  ( -0.4058374489394851459, 0.9139452746408238681, 0.000000000000000000 ) ) ;
#143 = EDGE_CURVE ( 'NONE', #3264, #1037, #1745, .T. ) ;
#144 = ORIENTED_EDGE ( 'NONE', *, *, #1354, .F. ) ;
#145 = CARTESIAN_POINT ( 'NONE',  ( -36.78672789518896025, 25.59335337244266029, -9.850336175392865101 ) ) ;
#146 = VERTEX_POINT ( 'NONE', #2039 ) ;
#147 = CARTESIAN_POINT ( 'NONE',  ( 25.54922187382167920, 45.70323595969383490, -12.58309478859340302 ) ) ;
#148 = EDGE_LOOP ( 'NONE', ( #775, #791, #707, #222 ) ) ;
#149 = CARTESIAN_POINT ( 'NONE',  ( -39.49892895573125884, 22.63598995326615793, 5.618979763803789496 ) ) ;
#150 = VECTOR ( 'NONE', #2626, 1000.000000000000114 ) ;
#151 = CARTESIAN_POINT ( 'NONE',  ( -38.42105757422810086, 4.641826683457851210, 12.10000000000029985 ) ) ;
#152 = DIRECTION ( 'NONE',  ( 0.9139452746408239792, 0.4058374489394845352, 0.000000000000000000 ) ) ;
#153 = CARTESIAN_POINT ( 'NONE',  ( -41.98217430879090273, 17.57227173343995474, 2.707332155456404710 ) ) ;
#154 = CARTESIAN_POINT ( 'NONE',  ( 30.89635222598155551, 35.42222627736733642, 10.72390011532683296 ) ) ;
#155 = ORIENTED_EDGE ( 'NONE', *, *, #1941, .T. ) ;
#156 = CARTESIAN_POINT ( 'NONE',  ( -56.37218366424116311, 8.671439541253748828, -19.90226640499234279 ) ) ;
#157 = EDGE_CURVE ( 'NONE', #695, #1650, #341, .T. ) ;
#158 = CARTESIAN_POINT ( 'NONE',  ( -58.87584837259637283, 6.917566229725220950, -21.58283252100687832 ) ) ;
#159 = ORIENTED_EDGE ( 'NONE', *, *, #3576, .F. ) ;
#160 = CARTESIAN_POINT ( 'NONE',  ( -36.44680440992062387, 25.64306583434492026, -10.29121836409530211 ) ) ;
#161 = ORIENTED_EDGE ( 'NONE', *, *, #926, .F. ) ;
#162 = EDGE_CURVE ( 'NONE', #2925, #992, #1098, .T. ) ;
#163 = FACE_OUTER_BOUND ( 'NONE', #3472, .T. ) ;
#164 = CARTESIAN_POINT ( 'NONE',  ( 26.34714716941153512, 46.26175011156445294, -7.633802519293870326 ) ) ;
#165 = EDGE_LOOP ( 'NONE', ( #3164, #3545, #3273, #2919, #2462, #2025, #546, #3674, #2820 ) ) ;
#166 = FACE_OUTER_BOUND ( 'NONE', #1755, .T. ) ;
#167 =( BOUNDED_SURFACE ( )  B_SPLINE_SURFACE ( 3, 2, ( 
 ( #3035, #391, #3265 ),
 ( #77, #1816, #404 ),
 ( #1222, #2135, #1531 ),
 ( #1259, #1276, #2717 ) ),
 .UNSPECIFIED., .F., .F., .F. ) 
 B_SPLINE_SURFACE_WITH_KNOTS ( ( 4, 4 ),
 ( 3, 3 ),
 ( -8.673617379884035472E-18, 0.01225325499469465985 ),
 ( 0.000000000000000000, 0.8389449557211745567 ),
 .UNSPECIFIED. ) 
 GEOMETRIC_REPRESENTATION_ITEM ( )  RATIONAL_B_SPLINE_SURFACE ( (
 ( 1.000000000000000000, 0.7578029909483222637, 0.9219858999659660270),
 ( 1.000000000000000000, 0.7575589863471066110, 0.9219073036222598105),
 ( 1.000000000000000000, 0.7573639270060803508, 0.9218444730406478715),
 ( 1.000000000000000000, 0.7571962196789661093, 0.9217904528186593449) ) ) 
 REPRESENTATION_ITEM ( '' )  SURFACE ( )  );
#168 = CIRCLE ( 'NONE', #1738, 32.16057989992779653 ) ;
#169 = CARTESIAN_POINT ( 'NONE',  ( 42.83796071312337972, 48.90271290582882813, -9.617045578188738730 ) ) ;
#170 = CARTESIAN_POINT ( 'NONE',  ( -43.94386975039314791, 12.03683837943645152, 4.861194910073090014 ) ) ;
#171 = CARTESIAN_POINT ( 'NONE',  ( -56.59300563100632786, 1.776608090262197681, -6.186740534177774364 ) ) ;
#172 = AXIS2_PLACEMENT_3D ( 'NONE', #1369, #1063, #1940 ) ;
#173 = DIRECTION ( 'NONE',  ( 1.000000000000000000, 0.000000000000000000, 0.000000000000000000 ) ) ;
#174 = CYLINDRICAL_SURFACE ( 'NONE', #610, 1.599999999999994538 ) ;
#175 = CARTESIAN_POINT ( 'NONE',  ( -39.39201589357646327, 22.73973645083535189, 7.188978660414213628 ) ) ;
#176 = CARTESIAN_POINT ( 'NONE',  ( 40.11321881683239354, 39.51497638859962791, 0.2929841900304049895 ) ) ;
#177 = ORIENTED_EDGE ( 'NONE', *, *, #1295, .F. ) ;
#178 = CARTESIAN_POINT ( 'NONE',  ( -43.24927836563324490, 15.24629264148401120, -12.83058910337454961 ) ) ;
#179 = EDGE_LOOP ( 'NONE', ( #50, #3281, #1599, #719 ) ) ;
#180 = CARTESIAN_POINT ( 'NONE',  ( 30.43262766728988566, 47.47087242023197007, -14.70000000000000284 ) ) ;
#181 = CARTESIAN_POINT ( 'NONE',  ( 28.36482074255929930, 46.58416848603071969, -11.92317083582782011 ) ) ;
#182 = ORIENTED_EDGE ( 'NONE', *, *, #594, .T. ) ;
#183 = EDGE_CURVE ( 'NONE', #2845, #2345, #3204, .T. ) ;
#184 = CARTESIAN_POINT ( 'NONE',  ( 36.92321115587949976, 49.90251568301179930, -21.32051452933311708 ) ) ;
#185 = VECTOR ( 'NONE', #2041, 1000.000000000000114 ) ;
#186 = EDGE_CURVE ( 'NONE', #2845, #2317, #653, .T. ) ;
#187 = CARTESIAN_POINT ( 'NONE',  ( 24.09661513937299304, 46.21516541052266547, -2.560113271595012563 ) ) ;
#188 = CARTESIAN_POINT ( 'NONE',  ( -12.89957560074914156, 29.04982326294557637, -21.35000000000000497 ) ) ;
#189 = CARTESIAN_POINT ( 'NONE',  ( -40.79959341165601217, 19.45192670794751066, 4.930866752479227344 ) ) ;
#190 = LINE ( 'NONE', #1926, #1088 ) ;
#191 = AXIS2_PLACEMENT_3D ( 'NONE', #1057, #1932, #1648 ) ;
#192 = CIRCLE ( 'NONE', #2500, 1.599999999999997868 ) ;
#193 = CARTESIAN_POINT ( 'NONE',  ( -42.46027391213895896, 16.89276215110485424, -7.002858820766665993 ) ) ;
#194 = CARTESIAN_POINT ( 'NONE',  ( -48.90438642633371558, 10.79520730499286607, 3.627018213461042695 ) ) ;
#195 = CARTESIAN_POINT ( 'NONE',  ( -37.40041988513666382, 25.36986035985430021, -8.959443460944422455 ) ) ;
#196 = CARTESIAN_POINT ( 'NONE',  ( -39.22944199537361243, 23.53548622700172288, 6.432385908002285824 ) ) ;
#197 = FACE_OUTER_BOUND ( 'NONE', #2221, .T. ) ;
#198 = ORIENTED_EDGE ( 'NONE', *, *, #1895, .T. ) ;
#199 = ORIENTED_EDGE ( 'NONE', *, *, #2156, .F. ) ;
#200 = DIRECTION ( 'NONE',  ( 0.000000000000000000, 0.000000000000000000, -1.000000000000000000 ) ) ;
#201 = CARTESIAN_POINT ( 'NONE',  ( -39.11920212853404877, 24.02664904307340521, -4.459276188112616168 ) ) ;
#202 = VERTEX_POINT ( 'NONE', #3425 ) ;
#203 = CARTESIAN_POINT ( 'NONE',  ( 35.99583081599040923, 48.29491361901192903, -22.08157500426673892 ) ) ;
#204 = ADVANCED_FACE ( 'NONE', ( #612 ), #1338, .T. ) ;
#205 = CARTESIAN_POINT ( 'NONE',  ( 14.47362950913029245, 48.20435006306011871, -7.693043215734213902 ) ) ;
#206 = VECTOR ( 'NONE', #562, 1000.000000000000000 ) ;
#207 = CARTESIAN_POINT ( 'NONE',  ( 20.08607022041589119, 46.67248915002238618, 3.123203427107715591 ) ) ;
#208 = CARTESIAN_POINT ( 'NONE',  ( -56.77674560413654348, 2.190390210773371926, -6.643048794924775180 ) ) ;
#209 = CARTESIAN_POINT ( 'NONE',  ( 37.58463936616927725, 48.41298042970246485, -22.15000000000000213 ) ) ;
#210 = EDGE_CURVE ( 'NONE', #1275, #2592, #1692, .T. ) ;
#211 = DIRECTION ( 'NONE',  ( -0.000000000000000000, -0.000000000000000000, 1.000000000000000000 ) ) ;
#212 = FACE_OUTER_BOUND ( 'NONE', #3222, .T. ) ;
#213 = CARTESIAN_POINT ( 'NONE',  ( 12.36085454449485255, 47.06524400980653411, -10.93122798603412171 ) ) ;
#214 = VECTOR ( 'NONE', #732, 1000.000000000000000 ) ;
#215 = CARTESIAN_POINT ( 'NONE',  ( 23.45603583799728042, 46.07298326568721336, -7.001168324461337633 ) ) ;
#216 = CARTESIAN_POINT ( 'NONE',  ( -39.68750288438862839, 20.98597084777989252, 8.514148210339259393 ) ) ;
#217 = CARTESIAN_POINT ( 'NONE',  ( 20.87833658776848367, 46.03168228792490879, -8.454602214424424389 ) ) ;
#218 = EDGE_LOOP ( 'NONE', ( #647, #2362 ) ) ;
#219 = ORIENTED_EDGE ( 'NONE', *, *, #517, .T. ) ;
#220 = DIRECTION ( 'NONE',  ( 1.000000000000000000, 0.000000000000000000, 0.000000000000000000 ) ) ;
#221 = CARTESIAN_POINT ( 'NONE',  ( -41.26491420056011350, 13.22642873712365841, 5.500000000000007994 ) ) ;
#222 = ORIENTED_EDGE ( 'NONE', *, *, #139, .F. ) ;
#223 = DIRECTION ( 'NONE',  ( -0.000000000000000000, -0.000000000000000000, 1.000000000000000000 ) ) ;
#224 = CARTESIAN_POINT ( 'NONE',  ( -53.25073450860539737, 10.26608364289154451, -20.04512421095780539 ) ) ;
#225 = FACE_OUTER_BOUND ( 'NONE', #1177, .T. ) ;
#226 = CARTESIAN_POINT ( 'NONE',  ( -57.45089666499956849, 3.708577302871289394, -8.694056931934291299 ) ) ;
#227 = CARTESIAN_POINT ( 'NONE',  ( 23.70598806329653385, 42.07676142298661404, 5.499999999999998224 ) ) ;
#228 = CARTESIAN_POINT ( 'NONE',  ( -55.38908969891390655, 6.457513531008302721, -11.53280630758153613 ) ) ;
#229 = ADVANCED_FACE ( 'NONE', ( #3732 ), #167, .T. ) ;
#230 = EDGE_CURVE ( 'NONE', #331, #2366, #2699, .T. ) ;
#231 = DIRECTION ( 'NONE',  ( -1.000000000000000000, 0.000000000000000000, 0.000000000000000000 ) ) ;
#232 = CARTESIAN_POINT ( 'NONE',  ( 20.83888155428918054, 43.21076893668076480, -14.69999999999927809 ) ) ;
#233 = CARTESIAN_POINT ( 'NONE',  ( 26.43037915224369527, 46.23045139149832750, -8.448921400680024618 ) ) ;
#234 = DIRECTION ( 'NONE',  ( -0.9139452746408237571, -0.4058374489394851459, 0.000000000000000000 ) ) ;
#235 = LINE ( 'NONE', #2780, #499 ) ;
#236 = VERTEX_POINT ( 'NONE', #3586 ) ;
#237 = CARTESIAN_POINT ( 'NONE',  ( 36.78912310792858165, 50.20448174881173742, -20.58273009589965596 ) ) ;
#238 = CARTESIAN_POINT ( 'NONE',  ( 38.72591530309745878, 50.77091031735542259, -20.87902610300148254 ) ) ;
#239 = CARTESIAN_POINT ( 'NONE',  ( -39.41938678907631299, 16.45308159969258099, -9.958823649718773652 ) ) ;
#240 = ORIENTED_EDGE ( 'NONE', *, *, #946, .F. ) ;
#241 = CARTESIAN_POINT ( 'NONE',  ( 36.95734415278255369, 49.82564822952664940, -21.42914375518111214 ) ) ;
#242 = CARTESIAN_POINT ( 'NONE',  ( 30.00873715353946380, 47.28264381453374909, -10.29223197158037273 ) ) ;
#243 = CARTESIAN_POINT ( 'NONE',  ( 18.71717119705625976, 46.98452720253327186, 11.77350109837846937 ) ) ;
#244 = CARTESIAN_POINT ( 'NONE',  ( -55.60634705016609303, -0.4453454283181025319, -4.254875511754657502 ) ) ;
#245 = CARTESIAN_POINT ( 'NONE',  ( 38.67812489840452628, 50.87853423096019867, -19.90226640499236055 ) ) ;
#246 = CARTESIAN_POINT ( 'NONE',  ( -51.92092408978493268, -1.352789777417740646, -3.097864185164253659 ) ) ;
#247 = CARTESIAN_POINT ( 'NONE',  ( -39.80260176113480952, 13.87576865542682825, -9.999999999999987566 ) ) ;
#248 = CARTESIAN_POINT ( 'NONE',  ( 16.23163465755920143, 41.16492070146787086, -14.70000000000041851 ) ) ;
#249 = CARTESIAN_POINT ( 'NONE',  ( -44.95068048902965785, 13.99691033119675687, -14.70000000000011120 ) ) ;
#250 = VECTOR ( 'NONE', #3542, 1000.000000000000000 ) ;
#251 = ADVANCED_FACE ( 'NONE', ( #2663, #651 ), #1241, .F. ) ;
#252 = CARTESIAN_POINT ( 'NONE',  ( 45.87122029678157276, 42.07181725911097203, -3.097864185165809303 ) ) ;
#253 = ORIENTED_EDGE ( 'NONE', *, *, #1484, .T. ) ;
#254 = ORIENTED_EDGE ( 'NONE', *, *, #1506, .T. ) ;
#255 = EDGE_CURVE ( 'NONE', #2034, #1022, #1439, .T. ) ;
#256 = CARTESIAN_POINT ( 'NONE',  ( 26.89402388920748521, 46.23189724381732901, -10.00000000000000355 ) ) ;
#257 = LINE ( 'NONE', #1406, #1160 ) ;
#258 = AXIS2_PLACEMENT_3D ( 'NONE', #2227, #3753, #3186 ) ;
#259 = ORIENTED_EDGE ( 'NONE', *, *, #1709, .F. ) ;
#260 = CARTESIAN_POINT ( 'NONE',  ( -47.91935073992448224, 32.15467414824330916, 5.500000000000007994 ) ) ;
#261 = DIRECTION ( 'NONE',  ( 0.000000000000000000, 0.000000000000000000, -1.000000000000000000 ) ) ;
#262 = FACE_BOUND ( 'NONE', #2012, .T. ) ;
#263 = CARTESIAN_POINT ( 'NONE',  ( -56.59027124046212975, 1.770450247206086125, -6.180462591630675462 ) ) ;
#264 = CARTESIAN_POINT ( 'NONE',  ( -12.59519751404454624, 28.36436430696500821, -14.70000000000000284 ) ) ;
#265 = CARTESIAN_POINT ( 'NONE',  ( -54.08016247600583171, 8.437892995433442067, -22.04106919000454923 ) ) ;
#266 = CARTESIAN_POINT ( 'NONE',  ( -40.84150300576700943, 18.62455401330528915, -8.452249646789526949 ) ) ;
#267 = CARTESIAN_POINT ( 'NONE',  ( 11.03628331547695574, 43.92481188095397471, -13.55757678511087683 ) ) ;
#268 = CARTESIAN_POINT ( 'NONE',  ( -33.53185168843634045, 24.95672233439094256, -13.02919951372910923 ) ) ;
#269 = CARTESIAN_POINT ( 'NONE',  ( -3.788768861191851745, 33.09547749143940365, -40.50000000000000000 ) ) ;
#270 = ORIENTED_EDGE ( 'NONE', *, *, #1636, .F. ) ;
#271 = VERTEX_POINT ( 'NONE', #1202 ) ;
#272 = CARTESIAN_POINT ( 'NONE',  ( 38.95937947450762806, 50.24514938322812441, -21.67887339977875172 ) ) ;
#273 = CARTESIAN_POINT ( 'NONE',  ( -40.05173380089704693, 16.17228787465334960, -8.617120465655117911 ) ) ;
#274 = VERTEX_POINT ( 'NONE', #954 ) ;
#275 = CARTESIAN_POINT ( 'NONE',  ( 24.72011337364527961, 43.64461995934720306, 8.506524051028065969 ) ) ;
#276 = EDGE_CURVE ( 'NONE', #1860, #3402, #2544, .T. ) ;
#277 = FILL_AREA_STYLE ('',( #3486 ) ) ;
#278 = CYLINDRICAL_SURFACE ( 'NONE', #2564, 1.600000000000004086 ) ;
#279 = CARTESIAN_POINT ( 'NONE',  ( 43.57382951036765917, 47.24553757184499148, -7.148619964649522984 ) ) ;
#280 = CARTESIAN_POINT ( 'NONE',  ( 14.23083723161351699, 48.17183848281220548, -8.021428571428572241 ) ) ;
#281 = CARTESIAN_POINT ( 'NONE',  ( -58.25708403862661555, 5.524109956466786819, -12.23313158664955580 ) ) ;
#282 = DIRECTION ( 'NONE',  ( 0.000000000000000000, 0.000000000000000000, -1.000000000000000000 ) ) ;
#283 = CYLINDRICAL_SURFACE ( 'NONE', #2151, 26.50000000000001421 ) ;
#284 = CIRCLE ( 'NONE', #1253, 16.99999999999999645 ) ;
#285 = CYLINDRICAL_SURFACE ( 'NONE', #3463, 17.00000000000000000 ) ;
#286 = CARTESIAN_POINT ( 'NONE',  ( 28.00169881089735213, 46.39141832926416953, -14.70000000000000284 ) ) ;
#287 = CARTESIAN_POINT ( 'NONE',  ( -30.70356624398418077, 23.21211283749465437, -14.38293797904209725 ) ) ;
#288 = DIRECTION ( 'NONE',  ( -0.000000000000000000, -0.000000000000000000, 1.000000000000000000 ) ) ;
#289 = ORIENTED_EDGE ( 'NONE', *, *, #2907, .T. ) ;
#290 = ORIENTED_EDGE ( 'NONE', *, *, #689, .T. ) ;
#291 = FACE_OUTER_BOUND ( 'NONE', #2519, .T. ) ;
#292 = CARTESIAN_POINT ( 'NONE',  ( 38.11368748873685064, 36.86159679534070932, 3.700306994726752396 ) ) ;
#293 = CIRCLE ( 'NONE', #3511, 17.00000000000000000 ) ;
#294 = B_SPLINE_CURVE_WITH_KNOTS ( 'NONE', 3,
 ( #3011, #2107, #958, #2188 ),
 .UNSPECIFIED., .F., .F.,
 ( 4, 4 ),
 ( 0.000000000000000000, 0.002015935763131633356 ),
 .UNSPECIFIED. ) ;
#295 = CARTESIAN_POINT ( 'NONE',  ( 41.84415858827351542, 51.14075367391374982, -21.91673915299397279 ) ) ;
#296 = ORIENTED_EDGE ( 'NONE', *, *, #3336, .F. ) ;
#297 = CARTESIAN_POINT ( 'NONE',  ( 41.84701070521043675, 52.53942982942999151, -10.65970058851341129 ) ) ;
#298 = SURFACE_SIDE_STYLE ('',( #1137 ) ) ;
#299 = CARTESIAN_POINT ( 'NONE',  ( -42.30908667929803357, 16.70938649777895080, 10.18913680133531585 ) ) ;
#300 = EDGE_CURVE ( 'NONE', #2096, #2070, #293, .T. ) ;
#301 = CARTESIAN_POINT ( 'NONE',  ( -39.11920212859909896, 24.02664904278999813, -3.700000000000003730 ) ) ;
#302 = DIRECTION ( 'NONE',  ( -0.7381062247014651412, 0.000000000000000000, -0.6746845196511849219 ) ) ;
#303 = CARTESIAN_POINT ( 'NONE',  ( 15.58923908450684870, 60.35566691580309140, -10.00000000000000178 ) ) ;
#304 = CARTESIAN_POINT ( 'NONE',  ( 38.91610600159543765, 50.34260117381259647, -16.46826372981919917 ) ) ;
#305 = CARTESIAN_POINT ( 'NONE',  ( -53.25089555549386233, 10.26644632022232706, -20.31676954922405187 ) ) ;
#306 = EDGE_CURVE ( 'NONE', #2698, #3261, #916, .T. ) ;
#307 = ORIENTED_EDGE ( 'NONE', *, *, #1044, .F. ) ;
#308 = CARTESIAN_POINT ( 'NONE',  ( -39.54696548299380510, 21.88362632981241518, 7.884328455221178089 ) ) ;
#309 = VECTOR ( 'NONE', #2250, 999.9999999999998863 ) ;
#310 = DIRECTION ( 'NONE',  ( 1.000000000000000000, 0.000000000000000000, 0.000000000000000000 ) ) ;
#311 = CARTESIAN_POINT ( 'NONE',  ( 10.56141800493476879, 39.26677963124629400, -14.70000000000000462 ) ) ;
#312 = CARTESIAN_POINT ( 'NONE',  ( -29.35331324426663357, 22.13558546406230576, -14.66179662011871443 ) ) ;
#313 = DIRECTION ( 'NONE',  ( -0.9139452746408237571, -0.4058374489394850904, 0.000000000000000000 ) ) ;
#314 = ORIENTED_EDGE ( 'NONE', *, *, #2702, .T. ) ;
#315 = ORIENTED_EDGE ( 'NONE', *, *, #747, .T. ) ;
#316 = ORIENTED_EDGE ( 'NONE', *, *, #3686, .F. ) ;
#317 = DIRECTION ( 'NONE',  ( 0.9139452746408240902, 0.4058374489394843132, 0.000000000000000000 ) ) ;
#318 = CARTESIAN_POINT ( 'NONE',  ( -54.62181346745509103, 9.657690146813102672, -20.31676954922405187 ) ) ;
#319 = CIRCLE ( 'NONE', #3163, 30.03925955636817591 ) ;
#320 = EDGE_LOOP ( 'NONE', ( #2716, #2902, #3200, #1039 ) ) ;
#321 = DIRECTION ( 'NONE',  ( -0.4058374489394851459, 0.9139452746408237571, 0.000000000000000000 ) ) ;
#322 = CARTESIAN_POINT ( 'NONE',  ( 30.43262766728988566, 47.47087242023197007, -14.70000000000000284 ) ) ;
#323 = CARTESIAN_POINT ( 'NONE',  ( -37.21622716714428947, 13.89084809590060665, 14.92236236442980690 ) ) ;
#324 = CARTESIAN_POINT ( 'NONE',  ( 39.66121886373147731, 48.66460822071552883, -11.53280630758322900 ) ) ;
#325 = VECTOR ( 'NONE', #261, 1000.000000000000000 ) ;
#326 = CARTESIAN_POINT ( 'NONE',  ( 18.32533660557163557, 47.13489053182035349, 11.85230686771998165 ) ) ;
#327 = EDGE_CURVE ( 'NONE', #1324, #3610, #1705, .T. ) ;
#328 = CARTESIAN_POINT ( 'NONE',  ( 20.74440137176398480, 46.48764900483236318, 3.854426537248837104 ) ) ;
#329 = DIRECTION ( 'NONE',  ( 0.4058374489394844797, -0.9139452746408239792, -0.000000000000000000 ) ) ;
#330 = CARTESIAN_POINT ( 'NONE',  ( -54.18112651765304832, 8.665263852936213596, -21.93440356030908234 ) ) ;
#331 = VERTEX_POINT ( 'NONE', #3020 ) ;
#332 = CARTESIAN_POINT ( 'NONE',  ( 37.08897268481051412, 49.52922098958308084, -14.70000000000000284 ) ) ;
#333 = EDGE_CURVE ( 'NONE', #2467, #271, #1375, .T. ) ;
#334 = CARTESIAN_POINT ( 'NONE',  ( -52.43897018595189508, 8.437991709163167542, -22.15000000000000213 ) ) ;
#335 = DIRECTION ( 'NONE',  ( 0.4390552265429729650, 0.1949624972389887578, -0.8770519555394857836 ) ) ;
#336 = CARTESIAN_POINT ( 'NONE',  ( -34.89527220713590339, 18.46201492596808436, -14.70000000000028884 ) ) ;
#337 = ORIENTED_EDGE ( 'NONE', *, *, #1099, .F. ) ;
#338 = CARTESIAN_POINT ( 'NONE',  ( 42.93641811536046049, 40.76861819074435545, -2.886758449375626867 ) ) ;
#339 = CARTESIAN_POINT ( 'NONE',  ( 41.58166232677609742, 51.73189482767705272, -21.37222881862727064 ) ) ;
#340 = VERTEX_POINT ( 'NONE', #667 ) ;
#341 = LINE ( 'NONE', #260, #1565 ) ;
#342 = PRESENTATION_STYLE_ASSIGNMENT (( #19 ) ) ;
#343 = CARTESIAN_POINT ( 'NONE',  ( -42.10453814162618613, 17.01326480485844073, 10.35651828149964437 ) ) ;
#344 = CARTESIAN_POINT ( 'NONE',  ( 39.37200489450032137, 49.31591760882067632, -13.13716398707653887 ) ) ;
#345 = CARTESIAN_POINT ( 'NONE',  ( 15.65948216450497377, 48.40946029092496161, 5.886202744740865356 ) ) ;
#346 = CARTESIAN_POINT ( 'NONE',  ( 20.21323710393848216, 46.55191511085035927, 5.060680305324360084 ) ) ;
#347 = CARTESIAN_POINT ( 'NONE',  ( -51.72795773228961025, -1.267103055866477535, -2.886758449385950165 ) ) ;
#348 = CARTESIAN_POINT ( 'NONE',  ( -52.43897018595189508, 8.437991709163167542, -22.15000000000000213 ) ) ;
#349 = EDGE_LOOP ( 'NONE', ( #92, #810, #3720, #3726 ) ) ;
#350 = FACE_OUTER_BOUND ( 'NONE', #3440, .T. ) ;
#351 = FACE_OUTER_BOUND ( 'NONE', #2767, .T. ) ;
#352 = CARTESIAN_POINT ( 'NONE',  ( -32.92472287785052742, 19.33703746287242708, -14.69999999999965112 ) ) ;
#353 = EDGE_CURVE ( 'NONE', #3091, #1191, #2401, .T. ) ;
#354 = EDGE_CURVE ( 'NONE', #3420, #1860, #1536, .T. ) ;
#355 = VERTEX_POINT ( 'NONE', #1293 ) ;
#356 = CARTESIAN_POINT ( 'NONE',  ( -2.569501288236065495, 15.63800383155555096, 12.49999999999999822 ) ) ;
#357 = DIRECTION ( 'NONE',  ( -0.9139452746408239792, -0.4058374489394845352, 0.000000000000000000 ) ) ;
#358 = ORIENTED_EDGE ( 'NONE', *, *, #3448, .T. ) ;
#359 = CARTESIAN_POINT ( 'NONE',  ( 17.59372073167433825, 47.25738343477135572, 7.883978416991054061 ) ) ;
#360 = CARTESIAN_POINT ( 'NONE',  ( -43.86002729268675893, 1.671305997797647436, 5.998764169460590878 ) ) ;
#361 = CARTESIAN_POINT ( 'NONE',  ( 29.01407390828131838, 46.84096354634911563, -13.14809138725784443 ) ) ;
#362 = CARTESIAN_POINT ( 'NONE',  ( 44.33759872866276908, 45.52553053503499569, -5.304032820326935571 ) ) ;
#363 = CARTESIAN_POINT ( 'NONE',  ( 25.28507601706566277, 45.49915254096564610, 2.759429440633369257 ) ) ;
#364 = CARTESIAN_POINT ( 'NONE',  ( 38.76656232263324853, 50.67937329550085224, -18.17021021794828073 ) ) ;
#365 = CARTESIAN_POINT ( 'NONE',  ( -44.00675002448261353, 12.00891639030519187, -9.999999999999987566 ) ) ;
#366 = CARTESIAN_POINT ( 'NONE',  ( 37.47372805800728912, 48.37077646094802219, -22.15000000000000213 ) ) ;
#367 = FACE_OUTER_BOUND ( 'NONE', #3140, .T. ) ;
#368 = DIRECTION ( 'NONE',  ( -1.000000000000000000, 0.000000000000000000, 0.000000000000000000 ) ) ;
#369 = AXIS2_PLACEMENT_3D ( 'NONE', #1210, #3554, #1230 ) ;
#370 = VERTEX_POINT ( 'NONE', #178 ) ;
#371 = CARTESIAN_POINT ( 'NONE',  ( 36.77287504351578917, 50.24107236343083827, -20.04512421095781960 ) ) ;
#372 = ADVANCED_FACE ( 'NONE', ( #1325 ), #718, .F. ) ;
#373 = DIRECTION ( 'NONE',  ( 0.4058374489394845908, -0.9139452746408242012, 0.000000000000000000 ) ) ;
#374 = ORIENTED_EDGE ( 'NONE', *, *, #1704, .F. ) ;
#375 = CARTESIAN_POINT ( 'NONE',  ( 22.74866817864849722, 31.80424673276706216, -12.50000000000000178 ) ) ;
#376 = EDGE_CURVE ( 'NONE', #3688, #975, #1978, .T. ) ;
#377 = CARTESIAN_POINT ( 'NONE',  ( -43.90983232341488218, 15.55468495823903829, -4.811230814443005599 ) ) ;
#378 = AXIS2_PLACEMENT_3D ( 'NONE', #658, #397, #2994 ) ;
#379 = CARTESIAN_POINT ( 'NONE',  ( -43.13153096440031931, 16.34974806988529039, -2.557961263982680311 ) ) ;
#380 = CARTESIAN_POINT ( 'NONE',  ( -46.61294182778701156, -20.69847935521967486, -22.15000000000000213 ) ) ;
#381 = DIRECTION ( 'NONE',  ( 1.000000000000000000, 0.000000000000000000, 0.000000000000000000 ) ) ;
#382 = CARTESIAN_POINT ( 'NONE',  ( -2.569501288236065495, 15.63800383155555096, 12.10000000000029985 ) ) ;
#383 = VECTOR ( 'NONE', #234, 1000.000000000000114 ) ;
#384 = CARTESIAN_POINT ( 'NONE',  ( 43.29961201582164421, 47.86307492333981628, -7.982006062799556823 ) ) ;
#385 = FACE_BOUND ( 'NONE', #666, .T. ) ;
#386 = DIRECTION ( 'NONE',  ( 0.9139452746408240902, 0.4058374489394844797, 0.000000000000000000 ) ) ;
#387 = ORIENTED_EDGE ( 'NONE', *, *, #99, .F. ) ;
#388 = CARTESIAN_POINT ( 'NONE',  ( -53.85116980708383494, 2.994120437080658448, -6.186740534177774364 ) ) ;
#389 = CARTESIAN_POINT ( 'NONE',  ( -59.04902275240907272, 7.307554651277373914, -21.01423600150948445 ) ) ;
#390 = ORIENTED_EDGE ( 'NONE', *, *, #2743, .T. ) ;
#391 = CARTESIAN_POINT ( 'NONE',  ( -54.43903109281529140, 9.783607729247096430, -4.894063127740487573 ) ) ;
#392 = CARTESIAN_POINT ( 'NONE',  ( -49.30397638833825624, 10.65627075997950968, 3.242677848687072206 ) ) ;
#393 = CARTESIAN_POINT ( 'NONE',  ( 44.42245334937585710, 38.22989129355327265, -2.558867447452270127 ) ) ;
#394 = ADVANCED_FACE ( 'NONE', ( #3572 ), #3286, .F. ) ;
#395 = CARTESIAN_POINT ( 'NONE',  ( -41.61207347101182563, 18.27034989923638264, 1.158304558428993714 ) ) ;
#396 = CARTESIAN_POINT ( 'NONE',  ( -16.67235263888314378, 47.39760212532419814, 6.499999999999999112 ) ) ;
#397 = DIRECTION ( 'NONE',  ( 0.4058374489394845352, -0.9139452746408240902, -0.000000000000000000 ) ) ;
#398 = CYLINDRICAL_SURFACE ( 'NONE', #1455, 0.8999999999999980238 ) ;
#399 = CARTESIAN_POINT ( 'NONE',  ( -41.79632245265870694, 16.25372153945802012, -12.91435282529258188 ) ) ;
#400 = ORIENTED_EDGE ( 'NONE', *, *, #2835, .F. ) ;
#401 = CARTESIAN_POINT ( 'NONE',  ( -31.54020779557601628, 7.697268402111540730, -12.50000000000000178 ) ) ;
#402 = CARTESIAN_POINT ( 'NONE',  ( -14.32000667203733713, 32.24863172418845636, -14.70000000000000284 ) ) ;
#403 = ORIENTED_EDGE ( 'NONE', *, *, #1404, .T. ) ;
#404 = CARTESIAN_POINT ( 'NONE',  ( -54.33816407766750700, -2.562654202160857597, -5.752320920836136331 ) ) ;
#405 = CARTESIAN_POINT ( 'NONE',  ( -43.57536855975894241, 2.021454522368477669, 6.380436332114014064 ) ) ;
#406 = CARTESIAN_POINT ( 'NONE',  ( 29.01407390828132193, 46.84096354634912274, -13.14809138725784443 ) ) ;
#407 = CARTESIAN_POINT ( 'NONE',  ( -40.02739527351910453, 21.21259355760374632, 4.749062733622881893 ) ) ;
#408 = B_SPLINE_SURFACE_WITH_KNOTS ( 'NONE', 3, 1, ( 
 ( #3627, #984 ),
 ( #1577, #2147 ),
 ( #1607, #2133 ),
 ( #698, #3599 ),
 ( #715, #1014 ),
 ( #389, #3344 ),
 ( #2764, #2779 ),
 ( #158, #1256 ),
 ( #1239, #1304 ),
 ( #3612, #3297 ),
 ( #1862, #3033 ),
 ( #3311, #952 ),
 ( #418, #1545 ),
 ( #1882, #2715 ),
 ( #2747, #112 ),
 ( #3584, #681 ) ),
 .UNSPECIFIED., .F., .F., .F.,
 ( 4, 2, 2, 2, 2, 2, 2, 4 ),
 ( 2, 2 ),
 ( 0.000000000000000000, 0.1250000000000003053, 0.2500000000000006106, 0.4999999999999982792, 0.6249999999999987788, 0.7499999999999991118, 0.8749999999999995559, 1.000000000000000000 ),
 ( 0.000000000000000000, 1.000000000000000000 ),
 .UNSPECIFIED. ) ;
#409 = EDGE_CURVE ( 'NONE', #2096, #355, #3528, .T. ) ;
#410 = VERTEX_POINT ( 'NONE', #117 ) ;
#411 = AXIS2_PLACEMENT_3D ( 'NONE', #986, #1513, #1851 ) ;
#412 = CARTESIAN_POINT ( 'NONE',  ( 45.54422412291282285, 42.80821211055268094, -3.396244852236411926 ) ) ;
#413 = CARTESIAN_POINT ( 'NONE',  ( -40.80938162489306364, 18.60801331510371881, 7.004163931721048009 ) ) ;
#414 = EDGE_CURVE ( 'NONE', #3039, #1093, #1263, .T. ) ;
#415 = CARTESIAN_POINT ( 'NONE',  ( -54.58303600143654677, 9.570363356437271207, -18.23554638298326935 ) ) ;
#416 = EDGE_LOOP ( 'NONE', ( #2038, #424, #3179, #2056 ) ) ;
#417 = DIRECTION ( 'NONE',  ( -0.9139452746408240902, -0.4058374489394843132, 0.000000000000000000 ) ) ;
#418 = CARTESIAN_POINT ( 'NONE',  ( -58.52886352835029982, 6.136156925090144654, -22.07663646782956590 ) ) ;
#419 = VERTEX_POINT ( 'NONE', #957 ) ;
#420 = CARTESIAN_POINT ( 'NONE',  ( 23.40205103100204553, 32.09438142391054782, -11.79316348048146246 ) ) ;
#421 = ORIENTED_EDGE ( 'NONE', *, *, #2287, .F. ) ;
#422 = CARTESIAN_POINT ( 'NONE',  ( -43.60859104625144766, 15.86797072362108452, -3.700000000000005063 ) ) ;
#423 = DIRECTION ( 'NONE',  ( 0.000000000000000000, 0.000000000000000000, -1.000000000000000000 ) ) ;
#424 = ORIENTED_EDGE ( 'NONE', *, *, #645, .T. ) ;
#425 = DIRECTION ( 'NONE',  ( -0.9139452746408237571, -0.4058374489394851459, 0.000000000000000000 ) ) ;
#426 =( NAMED_UNIT ( * ) PLANE_ANGLE_UNIT ( ) SI_UNIT ( $, .RADIAN. ) );
#427 = CIRCLE ( 'NONE', #780, 14.99999999999999467 ) ;
#428 = ORIENTED_EDGE ( 'NONE', *, *, #2763, .F. ) ;
#429 = ADVANCED_FACE ( 'NONE', ( #1244 ), #1411, .T. ) ;
#430 = CARTESIAN_POINT ( 'NONE',  ( 44.41350539882095205, 45.35458883732665925, -5.145231340635528561 ) ) ;
#431 = CARTESIAN_POINT ( 'NONE',  ( -43.96850302089423934, 13.00734370632447678, 3.929169587615208847 ) ) ;
#432 = CARTESIAN_POINT ( 'NONE',  ( -40.68315171916391648, 17.56854530335203890, -11.94373928841037191 ) ) ;
#433 = AXIS2_PLACEMENT_3D ( 'NONE', #3120, #2839, #3494 ) ;
#434 = ADVANCED_FACE ( 'NONE', ( #100 ), #2123, .T. ) ;
#435 = VERTEX_POINT ( 'NONE', #3319 ) ;
#436 = DIRECTION ( 'NONE',  ( 1.000000000000000000, 0.000000000000000000, 0.000000000000000000 ) ) ;
#437 = CARTESIAN_POINT ( 'NONE',  ( -54.62165242056661896, 9.657327469482325455, -20.04512421095780539 ) ) ;
#438 = ORIENTED_EDGE ( 'NONE', *, *, #3318, .T. ) ;
#439 = CARTESIAN_POINT ( 'NONE',  ( -34.09435403703106715, 25.20902383373227806, -12.63100173613831956 ) ) ;
#440 = ORIENTED_EDGE ( 'NONE', *, *, #1376, .T. ) ;
#441 = CARTESIAN_POINT ( 'NONE',  ( 34.45997072467874744, 48.12275684356308147, 1.158337055252728565 ) ) ;
#442 = EDGE_LOOP ( 'NONE', ( #2400, #2958 ) ) ;
#443 = CARTESIAN_POINT ( 'NONE',  ( 36.80302892420904470, 50.17316587317546350, -20.71584701336661283 ) ) ;
#444 = VECTOR ( 'NONE', #974, 1000.000000000000000 ) ;
#445 = CARTESIAN_POINT ( 'NONE',  ( 45.22662720130119141, 43.52343986123509723, -3.786718006247597579 ) ) ;
#446 = CARTESIAN_POINT ( 'NONE',  ( -43.98820314804821408, 12.29214016282725730, 4.571689799598464887 ) ) ;
#447 = CARTESIAN_POINT ( 'NONE',  ( -53.02504445551049628, 1.133687489592812625, -4.506208927271734943 ) ) ;
#448 = CARTESIAN_POINT ( 'NONE',  ( -36.67450437646652261, 22.30218152664974696, 6.499999999999999112 ) ) ;
#449 = VECTOR ( 'NONE', #423, 1000.000000000000000 ) ;
#450 = ADVANCED_FACE ( 'NONE', ( #2719 ), #2468, .F. ) ;
#451 = EDGE_CURVE ( 'NONE', #1093, #845, #2430, .T. ) ;
#452 = CARTESIAN_POINT ( 'NONE',  ( 41.41175274667396167, 52.11453092559344924, -20.18573529012025602 ) ) ;
#453 = CARTESIAN_POINT ( 'NONE',  ( -39.07468959953008891, 4.351581347053055104, -9.999999999999987566 ) ) ;
#454 = ORIENTED_EDGE ( 'NONE', *, *, #3448, .F. ) ;
#455 = CARTESIAN_POINT ( 'NONE',  ( -32.79014444278531215, 24.58432744158294625, -13.50453551730317514 ) ) ;
#456 = VERTEX_POINT ( 'NONE', #2138 ) ;
#457 = EDGE_CURVE ( 'NONE', #2273, #1058, #615, .T. ) ;
#458 = CARTESIAN_POINT ( 'NONE',  ( 15.71751434984982865, 48.37689597915888129, 5.886796564403907084 ) ) ;
#459 = DIRECTION ( 'NONE',  ( -0.4058374489394845908, 0.9139452746408242012, -0.000000000000000000 ) ) ;
#460 = ORIENTED_EDGE ( 'NONE', *, *, #566, .F. ) ;
#461 = CARTESIAN_POINT ( 'NONE',  ( 35.40195713155455337, 49.63231619002161210, -20.04512421095780184 ) ) ;
#462 = CARTESIAN_POINT ( 'NONE',  ( 19.70263565715168497, 46.76763124757211187, 3.549934050466616142 ) ) ;
#463 = CARTESIAN_POINT ( 'NONE',  ( -58.23845829452521627, 5.482164811057876008, -12.13173307030807635 ) ) ;
#464 = CARTESIAN_POINT ( 'NONE',  ( -41.28513505677069162, 18.70774241801758109, 3.459574919368242796 ) ) ;
#465 = DIRECTION ( 'NONE',  ( 0.000000000000000000, 0.000000000000000000, 1.000000000000000000 ) ) ;
#466 = DIRECTION ( 'NONE',  ( -0.000000000000000000, -0.000000000000000000, 1.000000000000000000 ) ) ;
#467 = LINE ( 'NONE', #2234, #1772 ) ;
#468 = CARTESIAN_POINT ( 'NONE',  ( -37.97013137849079101, 24.99199553081431802, -8.021428571428570464 ) ) ;
#469 = CARTESIAN_POINT ( 'NONE',  ( 15.71751434984982865, 48.37689597915888129, -4.485079275936253218 ) ) ;
#470 = VERTEX_POINT ( 'NONE', #1227 ) ;
#471 = EDGE_LOOP ( 'NONE', ( #2237, #3500, #1654, #296 ) ) ;
#472 = ADVANCED_FACE ( 'NONE', ( #1782 ), #3553, .T. ) ;
#473 = AXIS2_PLACEMENT_3D ( 'NONE', #1974, #811, #220 ) ;
#474 = CARTESIAN_POINT ( 'NONE',  ( 21.40381682490522053, 62.06230454510436800, -14.70000000000000107 ) ) ;
#475 = DIRECTION ( 'NONE',  ( 0.000000000000000000, 0.000000000000000000, -1.000000000000000000 ) ) ;
#476 = ORIENTED_EDGE ( 'NONE', *, *, #121, .F. ) ;
#477 = CARTESIAN_POINT ( 'NONE',  ( 35.69942611555212153, 48.96241652209491235, -21.72209846951174228 ) ) ;
#478 = EDGE_CURVE ( 'NONE', #11, #3264, #2665, .T. ) ;
#479 = AXIS2_PLACEMENT_3D ( 'NONE', #2580, #833, #3167 ) ;
#480 = CARTESIAN_POINT ( 'NONE',  ( 27.93571141972850214, 45.73526644073074010, 7.495538374978170992 ) ) ;
#481 = CARTESIAN_POINT ( 'NONE',  ( 28.82083754317721258, 34.50059386952236906, -10.00000000000000178 ) ) ;
#482 = CARTESIAN_POINT ( 'NONE',  ( 20.79232913017494511, 45.50398644350941879, -10.89222570551757663 ) ) ;
#483 = LINE ( 'NONE', #3642, #2246 ) ;
#484 = CIRCLE ( 'NONE', #972, 1.600000000000004752 ) ;
#485 = LINE ( 'NONE', #1127, #6 ) ;
#486 = CARTESIAN_POINT ( 'NONE',  ( -41.26491420056011350, 13.22642873712365841, 5.500000000000007994 ) ) ;
#487 = DIRECTION ( 'NONE',  ( 0.4390552265429736867, 0.1949624972389879529, 0.8770519555394856726 ) ) ;
#488 = CARTESIAN_POINT ( 'NONE',  ( -39.89655982690199920, 19.44449828560465221, 9.477996482969027525 ) ) ;
#489 = CARTESIAN_POINT ( 'NONE',  ( 20.63093511574571082, 45.94775173744876184, -9.010100263721374958 ) ) ;
#490 = ORIENTED_EDGE ( 'NONE', *, *, #2557, .T. ) ;
#491 = VECTOR ( 'NONE', #2913, 999.9999999999998863 ) ;
#492 = ORIENTED_EDGE ( 'NONE', *, *, #2484, .F. ) ;
#493 = CARTESIAN_POINT ( 'NONE',  ( 38.68011283872249351, 50.87405739259894233, -20.46716776084002376 ) ) ;
#494 = CARTESIAN_POINT ( 'NONE',  ( 0.000000000000000000, 0.000000000000000000, -14.70000000000000284 ) ) ;
#495 = ORIENTED_EDGE ( 'NONE', *, *, #457, .F. ) ;
#496 = FACE_OUTER_BOUND ( 'NONE', #721, .T. ) ;
#497 = CARTESIAN_POINT ( 'NONE',  ( 22.97308934601511865, 44.15846402273033533, -6.073342700146029394 ) ) ;
#498 = EDGE_CURVE ( 'NONE', #1580, #1426, #854, .T. ) ;
#499 = VECTOR ( 'NONE', #1323, 999.9999999999998863 ) ;
#500 = CARTESIAN_POINT ( 'NONE',  ( 24.70808380729353715, 32.67432534929468346, -10.37867965644036694 ) ) ;
#501 = CARTESIAN_POINT ( 'NONE',  ( -56.98515583421665553, 2.659729709792645558, -7.224565223295697614 ) ) ;
#502 = CARTESIAN_POINT ( 'NONE',  ( 20.71581734001548369, 45.55717325444748411, -10.68661018751349268 ) ) ;
#503 = CARTESIAN_POINT ( 'NONE',  ( -54.66721781364416444, 4.831859219996904820, -8.527170596926366031 ) ) ;
#504 = CARTESIAN_POINT ( 'NONE',  ( -40.45561190906066429, 18.74670608240739966, -9.599373541330026072 ) ) ;
#505 = CARTESIAN_POINT ( 'NONE',  ( 11.65624279832029764, 45.89672981938399232, -12.25488669284107779 ) ) ;
#506 = FACE_OUTER_BOUND ( 'NONE', #1578, .T. ) ;
#507 = CARTESIAN_POINT ( 'NONE',  ( -53.80988809791311667, 7.829235535753948483, -22.15000000000000213 ) ) ;
#508 = CARTESIAN_POINT ( 'NONE',  ( -12.89957560074914156, 29.04982326294557637, -21.35000000000000497 ) ) ;
#509 = ORIENTED_EDGE ( 'NONE', *, *, #517, .F. ) ;
#510 = ORIENTED_EDGE ( 'NONE', *, *, #2443, .T. ) ;
#511 = CARTESIAN_POINT ( 'NONE',  ( -41.26491420056012771, 13.22642873712365130, -9.999999999999987566 ) ) ;
#512 = CARTESIAN_POINT ( 'NONE',  ( -39.11236904822140303, 16.58941284419788431, -10.46107186641804887 ) ) ;
#513 = ORIENTED_EDGE ( 'NONE', *, *, #1309, .F. ) ;
#514 = CARTESIAN_POINT ( 'NONE',  ( 37.36674872795164504, 48.90366979242115519, -22.08157500426673892 ) ) ;
#515 = CARTESIAN_POINT ( 'NONE',  ( 22.16943532772792480, 43.80160141218229342, -8.617120465656460837 ) ) ;
#516 = CARTESIAN_POINT ( 'NONE',  ( 31.45350468479712802, 46.39630176571566977, 4.819387986875682373 ) ) ;
#517 = EDGE_CURVE ( 'NONE', #1860, #2070, #2023, .T. ) ;
#518 = DIRECTION ( 'NONE',  ( 0.000000000000000000, 0.000000000000000000, -1.000000000000000000 ) ) ;
#519 = CARTESIAN_POINT ( 'NONE',  ( 22.65395216264701261, 45.09607068133669827, -12.69397787893760210 ) ) ;
#520 = CARTESIAN_POINT ( 'NONE',  ( -54.33484325953263294, 4.083352264971217060, -7.487369703564567658 ) ) ;
#521 = ADVANCED_FACE ( 'NONE', ( #939 ), #2452, .F. ) ;
#522 = CYLINDRICAL_SURFACE ( 'NONE', #3643, 26.16057989992778943 ) ;
#523 = CARTESIAN_POINT ( 'NONE',  ( 16.65880187301005577, 43.58967921156534686, -12.21234137675978992 ) ) ;
#524 = CARTESIAN_POINT ( 'NONE',  ( -37.83551108834696208, 25.10600156531337745, -8.257916789545555858 ) ) ;
#525 = CARTESIAN_POINT ( 'NONE',  ( -41.26491420056012061, 13.22642873712365663, 5.500000000000007994 ) ) ;
#526 = EDGE_LOOP ( 'NONE', ( #906, #314, #1075 ) ) ;
#527 = VERTEX_POINT ( 'NONE', #1749 ) ;
#528 = CARTESIAN_POINT ( 'NONE',  ( -17.57235263888313881, 47.39760212532419814, 6.499999999999999112 ) ) ;
#529 = CARTESIAN_POINT ( 'NONE',  ( -39.69346095200218372, 16.33137895270291651, -9.434880330941014748 ) ) ;
#530 = ORIENTED_EDGE ( 'NONE', *, *, #2318, .F. ) ;
#531 = CARTESIAN_POINT ( 'NONE',  ( 20.61644265606033954, 46.16706646293607719, 6.702914095089907320 ) ) ;
#532 = FACE_OUTER_BOUND ( 'NONE', #2257, .T. ) ;
#533 = CIRCLE ( 'NONE', #1934, 1.600000000000004752 ) ;
#534 = CARTESIAN_POINT ( 'NONE',  ( 34.72839117100477324, 36.41283174857335325, 6.906601717797463458 ) ) ;
#535 = CARTESIAN_POINT ( 'NONE',  ( -57.74797411075862641, 4.377595227321948279, -9.834895970149375444 ) ) ;
#536 = CARTESIAN_POINT ( 'NONE',  ( -54.34036423129239068, 7.560147503199630137, -22.15000000000000213 ) ) ;
#537 = CARTESIAN_POINT ( 'NONE',  ( 19.43590496458289607, 46.83992663393114242, 3.827481141470787662 ) ) ;
#538 = DIRECTION ( 'NONE',  ( 0.000000000000000000, 0.000000000000000000, -1.000000000000000000 ) ) ;
#539 = CARTESIAN_POINT ( 'NONE',  ( 16.20383560011167390, 43.43299406590090683, -12.47950913049247212 ) ) ;
#540 = AXIS2_PLACEMENT_3D ( 'NONE', #1379, #487, #3100 ) ;
#541 = CYLINDRICAL_SURFACE ( 'NONE', #3288, 3.000000000000005773 ) ;
#542 = VECTOR ( 'NONE', #2629, 1000.000000000000114 ) ;
#543 = ADVANCED_FACE ( 'NONE', ( #3220 ), #2054, .T. ) ;
#544 = DIRECTION ( 'NONE',  ( 0.000000000000000000, 0.000000000000000000, -1.000000000000000000 ) ) ;
#545 = EDGE_LOOP ( 'NONE', ( #1708, #1863, #3346, #1727, #2154 ) ) ;
#546 = ORIENTED_EDGE ( 'NONE', *, *, #864, .F. ) ;
#547 = DIRECTION ( 'NONE',  ( 0.000000000000000000, 0.000000000000000000, -1.000000000000000000 ) ) ;
#548 = CARTESIAN_POINT ( 'NONE',  ( -48.01441693410335887, 12.63645799603886921, -9.832766942058684734 ) ) ;
#549 = MECHANICAL_DESIGN_GEOMETRIC_PRESENTATION_REPRESENTATION (  '', ( #1032 ), #2493 ) ;
#550 = ORIENTED_EDGE ( 'NONE', *, *, #1728, .T. ) ;
#551 = CARTESIAN_POINT ( 'NONE',  ( 20.20712425730743789, 46.50654001240308588, 5.500000000000000000 ) ) ;
#552 = CARTESIAN_POINT ( 'NONE',  ( -45.49028648803835750, 13.97176433907641346, -10.08557107842859502 ) ) ;
#553 = CARTESIAN_POINT ( 'NONE',  ( -52.55033717430727336, 8.688789985724918452, -22.15000000000000568 ) ) ;
#554 = DIRECTION ( 'NONE',  ( 1.000000000000000000, 0.000000000000000000, 0.000000000000000000 ) ) ;
#555 = CARTESIAN_POINT ( 'NONE',  ( 17.05155152393216156, 61.00500683410626124, 5.499999999999998224 ) ) ;
#556 = CARTESIAN_POINT ( 'NONE',  ( -59.02373780676013837, 7.250612994819118917, -18.13409024862482966 ) ) ;
#557 = LINE ( 'NONE', #782, #3521 ) ;
#558 = CARTESIAN_POINT ( 'NONE',  ( -53.86532193802819535, 7.954072453492194938, -22.15000000000000568 ) ) ;
#559 = DIRECTION ( 'NONE',  ( 0.4058374489394845908, -0.9139452746408242012, 0.000000000000000000 ) ) ;
#560 = CARTESIAN_POINT ( 'NONE',  ( 13.41456335531174382, 47.93386053607782316, -9.191794534129742900 ) ) ;
#561 = CARTESIAN_POINT ( 'NONE',  ( -28.45254306239571562, 21.32290915329198100, -14.70000000000000462 ) ) ;
#562 = DIRECTION ( 'NONE',  ( -0.9139452746408239792, -0.4058374489394846463, -1.387778780781445676E-16 ) ) ;
#563 = ORIENTED_EDGE ( 'NONE', *, *, #926, .T. ) ;
#564 = ORIENTED_EDGE ( 'NONE', *, *, #2768, .F. ) ;
#565 = ORIENTED_EDGE ( 'NONE', *, *, #1814, .T. ) ;
#566 = EDGE_CURVE ( 'NONE', #2300, #1650, #1347, .T. ) ;
#567 = VECTOR ( 'NONE', #2002, 1000.000000000000000 ) ;
#568 = DIRECTION ( 'NONE',  ( -0.9139452746408237571, -0.4058374489394852014, 0.000000000000000000 ) ) ;
#569 = CARTESIAN_POINT ( 'NONE',  ( 39.26305871097354583, 49.56126423684785465, -22.07649650625658211 ) ) ;
#570 = EDGE_CURVE ( 'NONE', #2806, #2921, #2446, .T. ) ;
#571 = CARTESIAN_POINT ( 'NONE',  ( -46.89637238145373033, 13.13292574048486827, -13.14809138725783555 ) ) ;
#572 = CARTESIAN_POINT ( 'NONE',  ( 25.09736852527766615, 46.25052331314387999, -4.505697400633996708 ) ) ;
#573 = CARTESIAN_POINT ( 'NONE',  ( 45.22108873372552296, 43.53591248123162671, -3.795433087049707943 ) ) ;
#574 = CARTESIAN_POINT ( 'NONE',  ( 10.61914002020525771, 40.89689537502398764, -14.52979772131865666 ) ) ;
#575 = CARTESIAN_POINT ( 'NONE',  ( 41.48557338593470689, 51.94828696609710761, -21.01887132067700747 ) ) ;
#576 = CYLINDRICAL_SURFACE ( 'NONE', #661, 1.600000000000004086 ) ;
#577 = FACE_OUTER_BOUND ( 'NONE', #1915, .T. ) ;
#578 = VERTEX_POINT ( 'NONE', #2590 ) ;
#579 = CARTESIAN_POINT ( 'NONE',  ( 27.84725605255092873, 43.91569169897524461, 4.861194910053415974 ) ) ;
#580 = DIRECTION ( 'NONE',  ( 1.000000000000000000, 0.000000000000000000, 0.000000000000000000 ) ) ;
#581 = CARTESIAN_POINT ( 'NONE',  ( 14.64315819198705526, 40.45955764048751035, -14.70000000000058904 ) ) ;
#582 = DIRECTION ( 'NONE',  ( 1.000000000000000000, 0.000000000000000000, 0.000000000000000000 ) ) ;
#583 = CARTESIAN_POINT ( 'NONE',  ( 43.12938447285910826, 40.85430491229251970, -3.097864185165809747 ) ) ;
#584 = ORIENTED_EDGE ( 'NONE', *, *, #2785, .T. ) ;
#585 = B_SPLINE_CURVE_WITH_KNOTS ( 'NONE', 3,
 ( #1499, #2668, #2106, #3253 ),
 .UNSPECIFIED., .F., .F.,
 ( 4, 4 ),
 ( 0.01053648388524047914, 0.01273136435999312407 ),
 .UNSPECIFIED. ) ;
#586 = VERTEX_POINT ( 'NONE', #3158 ) ;
#587 = CARTESIAN_POINT ( 'NONE',  ( 27.42081175616183586, 44.36497480132015170, 4.231920537793166126 ) ) ;
#588 = CARTESIAN_POINT ( 'NONE',  ( 38.72591530309744456, 50.77091031735541549, -20.87902610300148254 ) ) ;
#589 = EDGE_LOOP ( 'NONE', ( #1691, #3517, #56, #3238, #2689, #2555, #1264, #740, #3122, #3727, #584 ) ) ;
#590 = EDGE_CURVE ( 'NONE', #2168, #953, #3480, .T. ) ;
#591 = DIRECTION ( 'NONE',  ( 0.4058374489394844797, -0.9139452746408239792, -0.000000000000000000 ) ) ;
#592 = CARTESIAN_POINT ( 'NONE',  ( 29.01407390828131838, 46.84096354634911563, -13.14809138725784443 ) ) ;
#593 = CARTESIAN_POINT ( 'NONE',  ( 25.40955597980513048, 46.25120632487075767, -5.314423330998135242 ) ) ;
#594 = EDGE_CURVE ( 'NONE', #3145, #1093, #2031, .T. ) ;
#595 = CARTESIAN_POINT ( 'NONE',  ( 41.50839814655570592, 51.89688564231929746, -18.17021021794828073 ) ) ;
#596 = CARTESIAN_POINT ( 'NONE',  ( 13.41419015859344732, 44.63124449361761492, 16.49280446253901999 ) ) ;
#597 = CARTESIAN_POINT ( 'NONE',  ( 21.03713805789883295, 46.43199709433155675, 3.530012691808396497 ) ) ;
#598 = CARTESIAN_POINT ( 'NONE',  ( 43.12938447285910115, 40.85430491229249839, -3.097864185165814632 ) ) ;
#599 = CARTESIAN_POINT ( 'NONE',  ( -38.42105757422809376, 4.641826683457851210, -12.50000000000000178 ) ) ;
#600 = ORIENTED_EDGE ( 'NONE', *, *, #2443, .F. ) ;
#601 = CARTESIAN_POINT ( 'NONE',  ( -39.17404620352171207, 23.78769096543530281, 6.163898403209968180 ) ) ;
#602 = CARTESIAN_POINT ( 'NONE',  ( 36.75912630414320859, 50.23586740063646516, -20.04617264297662871 ) ) ;
#603 = CARTESIAN_POINT ( 'NONE',  ( -8.049818085922092692, 18.12817723098731904, 0.000000000000000000 ) ) ;
#604 = CARTESIAN_POINT ( 'NONE',  ( -32.89364834526256232, 24.63369477812787522, -13.43415421548793631 ) ) ;
#605 = ORIENTED_EDGE ( 'NONE', *, *, #1044, .T. ) ;
#606 = ORIENTED_EDGE ( 'NONE', *, *, #3176, .T. ) ;
#607 = AXIS2_PLACEMENT_3D ( 'NONE', #1944, #518, #1640 ) ;
#608 = DIRECTION ( 'NONE',  ( 0.000000000000000000, 0.000000000000000000, 1.000000000000000000 ) ) ;
#609 = CARTESIAN_POINT ( 'NONE',  ( 39.20736046847567025, 49.68669658832196490, -22.03201252163746204 ) ) ;
#610 = AXIS2_PLACEMENT_3D ( 'NONE', #2798, #3119, #3645 ) ;
#611 = ORIENTED_EDGE ( 'NONE', *, *, #1120, .F. ) ;
#612 = FACE_OUTER_BOUND ( 'NONE', #1752, .T. ) ;
#613 = CARTESIAN_POINT ( 'NONE',  ( -43.33876191278712753, 2.458119804308258605, 6.736382682932164911 ) ) ;
#614 = CARTESIAN_POINT ( 'NONE',  ( -45.38599769606098988, 13.16163373989210861, 7.464979932089214287 ) ) ;
#615 = LINE ( 'NONE', #1454, #1169 ) ;
#616 = DIRECTION ( 'NONE',  ( 0.4058374489394845908, -0.9139452746408242012, 0.000000000000000000 ) ) ;
#617 = CARTESIAN_POINT ( 'NONE',  ( 22.12839134918988648, 46.22730920868668392, 2.817920773911490873 ) ) ;
#618 = CARTESIAN_POINT ( 'NONE',  ( -14.32000667203733713, 32.24863172418845636, -21.35000000000000497 ) ) ;
#619 = B_SPLINE_CURVE_WITH_KNOTS ( 'NONE', 3,
 ( #1402, #2274, #1469, #237, #2573, #1422, #1111, #2208, #241, #2807, #1023, #1905, #2524, #722, #1959, #1388 ),
 .UNSPECIFIED., .F., .F.,
 ( 4, 2, 2, 2, 2, 2, 2, 4 ),
 ( 0.000000000000000000, 0.1250000000000014155, 0.2500000000000028311, 0.3750000000000042188, 0.5000000000000056621, 0.7500000000000066613, 0.8750000000000033307, 1.000000000000000000 ),
 .UNSPECIFIED. ) ;
#620 = EDGE_CURVE ( 'NONE', #1508, #527, #3551, .T. ) ;
#621 = CARTESIAN_POINT ( 'NONE',  ( 17.70954702976274930, 47.42629034605196381, 5.250062145364839949 ) ) ;
#622 = ORIENTED_EDGE ( 'NONE', *, *, #333, .T. ) ;
#623 = CARTESIAN_POINT ( 'NONE',  ( 41.70280824441729806, 51.45907441826709317, -16.24437067733302342 ) ) ;
#624 = CARTESIAN_POINT ( 'NONE',  ( 19.15718581380138730, 30.20944879321481480, -12.50000000000000178 ) ) ;
#625 = ADVANCED_FACE ( 'NONE', ( #888 ), #3198, .F. ) ;
#626 = CARTESIAN_POINT ( 'NONE',  ( -36.19913798546572536, 20.11810814097439604, -12.21234137676332310 ) ) ;
#627 = ORIENTED_EDGE ( 'NONE', *, *, #1354, .T. ) ;
#628 = CARTESIAN_POINT ( 'NONE',  ( 35.71805477284929964, 48.92046481617386888, -14.70000000000000462 ) ) ;
#629 = DIRECTION ( 'NONE',  ( -0.4058374489394845908, 0.9139452746408240902, -0.000000000000000000 ) ) ;
#630 = ORIENTED_EDGE ( 'NONE', *, *, #820, .T. ) ;
#631 = CARTESIAN_POINT ( 'NONE',  ( 22.79475798986020507, 43.26786394273749181, 11.06969390482506199 ) ) ;
#632 = CYLINDRICAL_SURFACE ( 'NONE', #479, 1.600000000000004086 ) ;
#633 = CARTESIAN_POINT ( 'NONE',  ( -37.85406932594958107, 11.94210966705172972, 14.12514136677920895 ) ) ;
#634 = CARTESIAN_POINT ( 'NONE',  ( 43.81546680084545642, 46.70137078687655929, -6.498971300331097822 ) ) ;
#635 = CARTESIAN_POINT ( 'NONE',  ( 16.06615915047790111, 48.18020892236653197, 5.894534505500755195 ) ) ;
#636 = VECTOR ( 'NONE', #1566, 1000.000000000000000 ) ;
#637 = CARTESIAN_POINT ( 'NONE',  ( -58.65028243417966536, 6.409592103447317335, -14.74723355288511328 ) ) ;
#638 = CARTESIAN_POINT ( 'NONE',  ( -56.77337640964314858, 8.782359002467583053, -22.15000000000000568 ) ) ;
#639 = CARTESIAN_POINT ( 'NONE',  ( -44.83558403970383921, 14.34126219105578137, -11.05943343980636229 ) ) ;
#640 = ORIENTED_EDGE ( 'NONE', *, *, #3134, .T. ) ;
#641 = EDGE_CURVE ( 'NONE', #737, #705, #3211, .T. ) ;
#642 = LINE ( 'NONE', #2313, #250 ) ;
#643 = DIRECTION ( 'NONE',  ( 0.8942112454728202708, 1.836766033387207396E-15, 0.4476452261221460227 ) ) ;
#644 = CARTESIAN_POINT ( 'NONE',  ( -30.92627630266833094, 23.37632594167890332, -14.31594876364516189 ) ) ;
#645 = EDGE_CURVE ( 'NONE', #3631, #146, #1400, .T. ) ;
#646 = CIRCLE ( 'NONE', #1121, 3.000000000000012879 ) ;
#647 = ORIENTED_EDGE ( 'NONE', *, *, #255, .F. ) ;
#648 = CARTESIAN_POINT ( 'NONE',  ( 35.44022427561922939, 49.54613864385553512, -18.25191352495191666 ) ) ;
#649 = CARTESIAN_POINT ( 'NONE',  ( 41.49058445784671534, 51.93700204030586320, -21.00851243511850441 ) ) ;
#650 = VERTEX_POINT ( 'NONE', #3457 ) ;
#651 = FACE_BOUND ( 'NONE', #831, .T. ) ;
#652 = CARTESIAN_POINT ( 'NONE',  ( -55.55990845569955638, 6.842197093336658931, -22.15000000000000213 ) ) ;
#653 = CIRCLE ( 'NONE', #2050, 1.600000000000004752 ) ;
#654 = CARTESIAN_POINT ( 'NONE',  ( -43.60859104625144766, 15.86797072362108807, -3.700000000000009059 ) ) ;
#655 = CARTESIAN_POINT ( 'NONE',  ( -39.67031372929974964, 22.12928685397469053, 5.378316748705610273 ) ) ;
#656 = CARTESIAN_POINT ( 'NONE',  ( -55.57067975230683743, 6.835546551558209671, -22.15000000000000213 ) ) ;
#657 = CARTESIAN_POINT ( 'NONE',  ( 35.40195713155455337, 49.63231619002161210, -20.04512421095780184 ) ) ;
#658 = CARTESIAN_POINT ( 'NONE',  ( 17.05155152393216156, 61.00500683410626124, 5.499999999999998224 ) ) ;
#659 = LINE ( 'NONE', #1541, #2795 ) ;
#660 = FACE_BOUND ( 'NONE', #1616, .T. ) ;
#661 = AXIS2_PLACEMENT_3D ( 'NONE', #2705, #3573, #1245 ) ;
#662 = VERTEX_POINT ( 'NONE', #2009 ) ;
#663 = CARTESIAN_POINT ( 'NONE',  ( -40.37295496711396936, 18.60986015561113405, -10.23375988274541726 ) ) ;
#664 = EDGE_CURVE ( 'NONE', #1750, #650, #2613, .T. ) ;
#665 = DIRECTION ( 'NONE',  ( -0.9139452746408237571, -0.4058374489394850904, 0.000000000000000000 ) ) ;
#666 = EDGE_LOOP ( 'NONE', ( #1288, #1916 ) ) ;
#667 = CARTESIAN_POINT ( 'NONE',  ( -46.18535193004890971, 13.44865441062361100, -14.70000000000000284 ) ) ;
#668 = PLANE ( 'NONE',  #2179 ) ;
#669 = VECTOR ( 'NONE', #3096, 1000.000000000000000 ) ;
#670 = AXIS2_PLACEMENT_3D ( 'NONE', #880, #2667, #2650 ) ;
#671 = CARTESIAN_POINT ( 'NONE',  ( 25.00061065382518066, 45.55265957460844817, -12.83058910337456560 ) ) ;
#672 = CARTESIAN_POINT ( 'NONE',  ( -42.78720467499689306, 16.74071924883614315, -1.717891744976216550 ) ) ;
#673 =( NAMED_UNIT ( * ) PLANE_ANGLE_UNIT ( ) SI_UNIT ( $, .RADIAN. ) );
#674 = CARTESIAN_POINT ( 'NONE',  ( -43.49549721504811828, 15.08393626119875108, -12.72844226926723366 ) ) ;
#675 = AXIS2_PLACEMENT_3D ( 'NONE', #2169, #1550, #2242 ) ;
#676 = CARTESIAN_POINT ( 'NONE',  ( 44.90879835476816595, 44.23918990646328808, -4.284363823479099942 ) ) ;
#677 = CARTESIAN_POINT ( 'NONE',  ( -43.56737536044592929, 14.59135451822585239, 2.927454184397388470 ) ) ;
#678 = CARTESIAN_POINT ( 'NONE',  ( 29.62951795730058180, 34.85968845142074457, 12.10000000000029985 ) ) ;
#679 = ORIENTED_EDGE ( 'NONE', *, *, #1174, .T. ) ;
#680 = DIRECTION ( 'NONE',  ( -0.4058374489394845908, 0.9139452746408240902, -0.000000000000000000 ) ) ;
#681 = CARTESIAN_POINT ( 'NONE',  ( -55.55990845569957770, 6.842197093336648273, -22.15000000000000213 ) ) ;
#682 = AXIS2_PLACEMENT_3D ( 'NONE', #808, #1036, #2554 ) ;
#683 = EDGE_LOOP ( 'NONE', ( #3330, #2781, #2080 ) ) ;
#684 = CARTESIAN_POINT ( 'NONE',  ( 16.61687202891834758, 47.85918543864676877, 6.943778820984306321 ) ) ;
#685 = EDGE_CURVE ( 'NONE', #2070, #355, #1725, .T. ) ;
#686 = CARTESIAN_POINT ( 'NONE',  ( -52.14458334143190399, 9.774009650897314216, 0.5540538505294894112 ) ) ;
#687 = CARTESIAN_POINT ( 'NONE',  ( 34.54722229585956939, 37.04339533057031986, 6.736382682932183563 ) ) ;
#688 = CARTESIAN_POINT ( 'NONE',  ( -40.29806096369447488, 20.59488955276688316, 4.207963510346990788 ) ) ;
#689 = EDGE_CURVE ( 'NONE', #3352, #1473, #792, .T. ) ;
#690 = AXIS2_PLACEMENT_3D ( 'NONE', #3148, #3131, #2829 ) ;
#691 = ORIENTED_EDGE ( 'NONE', *, *, #353, .F. ) ;
#692 = CARTESIAN_POINT ( 'NONE',  ( 25.16830050272183783, 42.72610134128978387, -10.00000000000000178 ) ) ;
#693 = CARTESIAN_POINT ( 'NONE',  ( -53.25073450860539737, 10.26608364289154451, -20.04512421095780539 ) ) ;
#694 = DIRECTION ( 'NONE',  ( -0.4058374489394845908, 0.9139452746408242012, -0.000000000000000000 ) ) ;
#695 = VERTEX_POINT ( 'NONE', #3139 ) ;
#696 = CARTESIAN_POINT ( 'NONE',  ( -59.04310675349537973, 7.294231831350160178, -21.00929925403312737 ) ) ;
#697 = B_SPLINE_CURVE_WITH_KNOTS ( 'NONE', 3,
 ( #3597, #2131, #1273, #401 ),
 .UNSPECIFIED., .F., .F.,
 ( 4, 4 ),
 ( 2.842512265198979386E-07, 0.003016299238708689597 ),
 .UNSPECIFIED. ) ;
#698 = CARTESIAN_POINT ( 'NONE',  ( -59.11202617672268644, 7.449438260313689497, -20.46726709676943301 ) ) ;
#699 = ORIENTED_EDGE ( 'NONE', *, *, #2064, .T. ) ;
#700 = CARTESIAN_POINT ( 'NONE',  ( 18.35399180451848977, 46.75960807231984973, 8.513933870739837317 ) ) ;
#701 = ORIENTED_EDGE ( 'NONE', *, *, #3063, .T. ) ;
#702 = DIRECTION ( 'NONE',  ( -0.000000000000000000, -0.000000000000000000, 1.000000000000000000 ) ) ;
#703 = CARTESIAN_POINT ( 'NONE',  ( 35.02521458185886871, 48.48176316235333161, 0.5540538505308572059 ) ) ;
#704 = EDGE_CURVE ( 'NONE', #2294, #3499, #2326, .T. ) ;
#705 = VERTEX_POINT ( 'NONE', #1015 ) ;
#706 = CARTESIAN_POINT ( 'NONE',  ( -39.25932921026520717, 23.45137342627223020, 5.850757131892261320 ) ) ;
#707 = ORIENTED_EDGE ( 'NONE', *, *, #3658, .T. ) ;
#708 = B_SPLINE_CURVE_WITH_KNOTS ( 'NONE', 3,
 ( #2840, #1668, #2255, #2236 ),
 .UNSPECIFIED., .F., .F.,
 ( 4, 4 ),
 ( 0.000000000000000000, 1.000000000000000000 ),
 .UNSPECIFIED. ) ;
#709 = ADVANCED_FACE ( 'NONE', ( #3687 ), #3669, .F. ) ;
#710 = CARTESIAN_POINT ( 'NONE',  ( 45.87122029678157276, 42.07181725911097203, -3.097864185165809303 ) ) ;
#711 = CARTESIAN_POINT ( 'NONE',  ( -41.28442352035342822, 15.89108311919455652, 8.314747303166381442 ) ) ;
#712 = CARTESIAN_POINT ( 'NONE',  ( -41.26491420056012771, 13.22642873712365130, -9.999999999999987566 ) ) ;
#713 = ORIENTED_EDGE ( 'NONE', *, *, #3152, .T. ) ;
#714 = CARTESIAN_POINT ( 'NONE',  ( -54.21831487619965628, 3.820930535318086019, -7.148619964647012992 ) ) ;
#715 = CARTESIAN_POINT ( 'NONE',  ( -59.10059506327100110, 7.423695411420951018, -20.60889545096665287 ) ) ;
#716 = EDGE_LOOP ( 'NONE', ( #2727, #3141, #1156, #1849 ) ) ;
#717 = CIRCLE ( 'NONE', #2987, 26.50000000000001421 ) ;
#718 = CYLINDRICAL_SURFACE ( 'NONE', #3272, 17.00000000000000000 ) ;
#719 = ORIENTED_EDGE ( 'NONE', *, *, #157, .F. ) ;
#720 = CARTESIAN_POINT ( 'NONE',  ( 26.73601441763688058, 46.12264348408545800, -11.05857105326712997 ) ) ;
#721 = EDGE_LOOP ( 'NONE', ( #2670, #3548, #1281, #605 ) ) ;
#722 = CARTESIAN_POINT ( 'NONE',  ( 37.47454823202494367, 48.66090548465732013, -22.13619651528625454 ) ) ;
#723 = SURFACE_STYLE_FILL_AREA ( #83 ) ;
#724 = VECTOR ( 'NONE', #1028, 1000.000000000000000 ) ;
#725 = EDGE_CURVE ( 'NONE', #737, #705, #1652, .T. ) ;
#726 = EDGE_CURVE ( 'NONE', #1094, #2480, #235, .T. ) ;
#727 = CARTESIAN_POINT ( 'NONE',  ( 42.59480106506549646, 49.45030803759212290, -10.65095492433286672 ) ) ;
#728 = CARTESIAN_POINT ( 'NONE',  ( -40.72815658706538500, 19.28890122833447762, 6.071249836177392112 ) ) ;
#729 = CARTESIAN_POINT ( 'NONE',  ( -55.80606266669690285, 7.396535975965220722, -13.96650276545093128 ) ) ;
#730 = AXIS2_PLACEMENT_3D ( 'NONE', #860, #3668, #2200 ) ;
#731 = VERTEX_POINT ( 'NONE', #2800 ) ;
#732 = DIRECTION ( 'NONE',  ( -0.000000000000000000, -0.000000000000000000, 1.000000000000000000 ) ) ;
#733 = CARTESIAN_POINT ( 'NONE',  ( 41.41996072232701209, 52.09604657777866521, -19.90226640499235700 ) ) ;
#734 = CARTESIAN_POINT ( 'NONE',  ( 15.19558613096506505, 48.30343518016847781, -6.346206560365164506 ) ) ;
#735 = ORIENTED_EDGE ( 'NONE', *, *, #2557, .F. ) ;
#736 = CARTESIAN_POINT ( 'NONE',  ( -30.59231452738683998, 23.13457894350587196, -14.42330871118497626 ) ) ;
#737 = VERTEX_POINT ( 'NONE', #2497 ) ;
#738 = CARTESIAN_POINT ( 'NONE',  ( -44.92296643119657062, 14.30651886585087773, -10.76506162582298920 ) ) ;
#739 = CARTESIAN_POINT ( 'NONE',  ( 38.15636242571694936, 50.90059726002301232, -3.143567695113643978 ) ) ;
#740 = ORIENTED_EDGE ( 'NONE', *, *, #2852, .F. ) ;
#741 = CARTESIAN_POINT ( 'NONE',  ( 36.86515782960065479, 50.03325167932850803, -21.09063285991171099 ) ) ;
#742 = AXIS2_PLACEMENT_3D ( 'NONE', #2638, #2343, #2272 ) ;
#743 = CARTESIAN_POINT ( 'NONE',  ( 21.21832111304354029, 46.44474763741169454, 1.726138622346423457 ) ) ;
#744 = CARTESIAN_POINT ( 'NONE',  ( -55.06786378245732294, -1.658008870988601835, -3.505268278852074815 ) ) ;
#745 = CARTESIAN_POINT ( 'NONE',  ( -41.08202780880529303, 16.97738619001357918, 7.992038768564945883 ) ) ;
#746 = CARTESIAN_POINT ( 'NONE',  ( -56.33193812181364990, 1.188684484364320060, -5.589275444331688547 ) ) ;
#747 = EDGE_CURVE ( 'NONE', #3499, #146, #1685, .T. ) ;
#748 = B_SPLINE_CURVE_WITH_KNOTS ( 'NONE', 3,
 ( #3214, #2818, #1744, #579 ),
 .UNSPECIFIED., .F., .F.,
 ( 4, 4 ),
 ( 0.0001674668535881953374, 0.004301799083152639536 ),
 .UNSPECIFIED. ) ;
#749 = CARTESIAN_POINT ( 'NONE',  ( -53.02504445551049628, 1.133687489592812181, -4.506208927271734943 ) ) ;
#750 = CARTESIAN_POINT ( 'NONE',  ( -43.65099455978935339, 14.57403593880236059, -14.70000000000040075 ) ) ;
#751 = CARTESIAN_POINT ( 'NONE',  ( 41.41996072232701209, 52.09604657777866521, -19.90226640499235700 ) ) ;
#752 = ADVANCED_FACE ( 'NONE', ( #1074 ), #753, .F. ) ;
#753 = CYLINDRICAL_SURFACE ( 'NONE', #1465, 1.599999999999994538 ) ;
#754 = ORIENTED_EDGE ( 'NONE', *, *, #920, .T. ) ;
#755 = ORIENTED_EDGE ( 'NONE', *, *, #3731, .T. ) ;
#756 = CARTESIAN_POINT ( 'NONE',  ( 35.54759041307377032, 49.30435027701203410, -21.32835296017640658 ) ) ;
#757 = CARTESIAN_POINT ( 'NONE',  ( -2.569501288236058389, 15.63800383155555451, -10.37867965644034740 ) ) ;
#758 = VERTEX_POINT ( 'NONE', #1913 ) ;
#759 = CARTESIAN_POINT ( 'NONE',  ( -51.85660199360312816, -1.324227547103334235, -3.027495581421815185 ) ) ;
#760 = AXIS2_PLACEMENT_3D ( 'NONE', #2728, #680, #417 ) ;
#761 = CARTESIAN_POINT ( 'NONE',  ( 21.80310692617368318, 46.08138453613566554, 10.83952504185915089 ) ) ;
#762 = CARTESIAN_POINT ( 'NONE',  ( -56.44557882702711993, 1.444603167591095527, -5.849454086818011156 ) ) ;
#763 = CARTESIAN_POINT ( 'NONE',  ( 23.28682947178485207, 45.15144916282910970, -12.91644315921996977 ) ) ;
#764 = CARTESIAN_POINT ( 'NONE',  ( -28.73008118816385448, 15.63800383155555096, -12.50000000000000178 ) ) ;
#765 = LINE ( 'NONE', #1928, #777 ) ;
#766 = CARTESIAN_POINT ( 'NONE',  ( -56.35875923934853660, 8.641207758239399794, -20.60889545096665287 ) ) ;
#767 = CARTESIAN_POINT ( 'NONE',  ( -37.93948694930678300, 18.57845839082854056, -11.03250072227405809 ) ) ;
#768 = CARTESIAN_POINT ( 'NONE',  ( -39.61446921533403298, 9.628482476532367329, 12.10000000000030695 ) ) ;
#769 = DIRECTION ( 'NONE',  ( 0.9139452746408234241, 0.4058374489394859785, 0.000000000000000000 ) ) ;
#770 = ORIENTED_EDGE ( 'NONE', *, *, #3561, .T. ) ;
#771 = ORIENTED_EDGE ( 'NONE', *, *, #1656, .F. ) ;
#772 = EDGE_CURVE ( 'NONE', #1796, #2632, #708, .T. ) ;
#773 = CARTESIAN_POINT ( 'NONE',  ( 30.28314998260252722, 35.14993378782553890, 5.499999999999998224 ) ) ;
#774 = CARTESIAN_POINT ( 'NONE',  ( -48.56363191546113001, 12.39257905367968071, -7.522403129502261088 ) ) ;
#775 = ORIENTED_EDGE ( 'NONE', *, *, #3384, .F. ) ;
#776 = CARTESIAN_POINT ( 'NONE',  ( -2.569501288236065495, 15.63800383155555096, -21.35000000000000497 ) ) ;
#777 = VECTOR ( 'NONE', #3454, 1000.000000000000114 ) ;
#778 = CARTESIAN_POINT ( 'NONE',  ( -52.43897018595189508, 8.437991709163167542, -22.15000000000000213 ) ) ;
#779 = CARTESIAN_POINT ( 'NONE',  ( 21.05504453280597588, 46.24957462215623138, 11.12183040370760168 ) ) ;
#780 = AXIS2_PLACEMENT_3D ( 'NONE', #1463, #2072, #1440 ) ;
#781 = CARTESIAN_POINT ( 'NONE',  ( -56.22346537758528484, 0.9444040408668844533, -5.364354950620215945 ) ) ;
#782 = CARTESIAN_POINT ( 'NONE',  ( -52.93463686731065110, 9.554232269043801296, -14.70000000000004903 ) ) ;
#783 = CARTESIAN_POINT ( 'NONE',  ( -55.91425949858054878, 0.2480729044820138562, -4.763113553810297773 ) ) ;
#784 = CIRCLE ( 'NONE', #2930, 2.999999999999997780 ) ;
#785 = LINE ( 'NONE', #3117, #3228 ) ;
#786 = CARTESIAN_POINT ( 'NONE',  ( 12.24922033022625101, 46.91935778967442161, -11.13232148521184861 ) ) ;
#787 = CARTESIAN_POINT ( 'NONE',  ( 25.75094310080572413, 46.16932536130241260, -7.694514106853104884 ) ) ;
#788 = CARTESIAN_POINT ( 'NONE',  ( -39.99813496241750244, 13.21662011472075626, 11.59924629583421662 ) ) ;
#789 = DIRECTION ( 'NONE',  ( 0.4058374489394845352, -0.9139452746408240902, -0.000000000000000000 ) ) ;
#790 = ORIENTED_EDGE ( 'NONE', *, *, #920, .F. ) ;
#791 = ORIENTED_EDGE ( 'NONE', *, *, #1784, .T. ) ;
#792 = B_SPLINE_CURVE_WITH_KNOTS ( 'NONE', 3,
 ( #10, #1443, #1152, #176, #2476, #1608, #3628, #2537 ),
 .UNSPECIFIED., .F., .F.,
 ( 4, 2, 2, 4 ),
 ( 8.624832128279131273E-15, 0.003324724961454765884, 0.006649449922900906723, 0.01329889984579319361 ),
 .UNSPECIFIED. ) ;
#793 = CARTESIAN_POINT ( 'NONE',  ( -2.569501288236065495, 15.63800383155555096, -21.35000000000000497 ) ) ;
#794 = DIRECTION ( 'NONE',  ( 0.9139452746408240902, 0.4058374489394844797, 0.000000000000000000 ) ) ;
#795 = ORIENTED_EDGE ( 'NONE', *, *, #3023, .T. ) ;
#796 = ADVANCED_FACE ( 'NONE', ( #197 ), #3121, .F. ) ;
#797 = CARTESIAN_POINT ( 'NONE',  ( 37.07034402751335733, 49.57117269550413852, -21.72209846951174228 ) ) ;
#798 = CARTESIAN_POINT ( 'NONE',  ( 28.72151833680474908, 46.71105422891460535, -13.86407909776498748 ) ) ;
#799 = EDGE_CURVE ( 'NONE', #578, #3203, #2289, .T. ) ;
#800 = AXIS2_PLACEMENT_3D ( 'NONE', #3269, #2989, #1537 ) ;
#801 = CARTESIAN_POINT ( 'NONE',  ( 22.32283807804207143, 46.29837540476270163, 0.1889697190569099849 ) ) ;
#802 = DIRECTION ( 'NONE',  ( 0.9139452746408236461, 0.4058374489394851459, 0.000000000000000000 ) ) ;
#803 = CARTESIAN_POINT ( 'NONE',  ( 25.00061065382518066, 45.55265957460844817, -12.83058910337456560 ) ) ;
#804 = CARTESIAN_POINT ( 'NONE',  ( 15.35737535980886825, 45.40694055502255111, 12.49999999999999822 ) ) ;
#805 = VERTEX_POINT ( 'NONE', #1898 ) ;
#806 = CARTESIAN_POINT ( 'NONE',  ( -41.44562508565422831, 18.04813622219415947, -7.562071048800912187 ) ) ;
#807 = CARTESIAN_POINT ( 'NONE',  ( 18.04427785450719313, 43.83483843935933777, -11.46367599439463270 ) ) ;
#808 = CARTESIAN_POINT ( 'NONE',  ( -2.569501288236065495, 15.63800383155555096, -21.35000000000000497 ) ) ;
#809 = VERTEX_POINT ( 'NONE', #453 ) ;
#810 = ORIENTED_EDGE ( 'NONE', *, *, #3379, .F. ) ;
#811 = DIRECTION ( 'NONE',  ( 0.000000000000000000, 0.000000000000000000, 1.000000000000000000 ) ) ;
#812 = CARTESIAN_POINT ( 'NONE',  ( -40.45372749558666925, 15.99378255265087923, -7.495391079703464854 ) ) ;
#813 = ORIENTED_EDGE ( 'NONE', *, *, #2743, .F. ) ;
#814 = CARTESIAN_POINT ( 'NONE',  ( 21.96929520768815536, 45.28995957376346837, 7.845969395129221979 ) ) ;
#815 = ADVANCED_FACE ( 'NONE', ( #3418 ), #3647, .F. ) ;
#816 = CARTESIAN_POINT ( 'NONE',  ( -35.77450437646652404, 22.30218152664974696, 12.49999999999999822 ) ) ;
#817 = CARTESIAN_POINT ( 'NONE',  ( 17.82953620098262704, 42.23242129209505435, 16.08825074626125939 ) ) ;
#818 = CARTESIAN_POINT ( 'NONE',  ( -55.48014915140955594, -0.7295428909710092169, -4.063150927205976259 ) ) ;
#819 = FACE_OUTER_BOUND ( 'NONE', #1904, .T. ) ;
#820 = EDGE_CURVE ( 'NONE', #731, #1426, #1606, .T. ) ;
#821 = CARTESIAN_POINT ( 'NONE',  ( 18.39003975033440952, 47.17191617885340804, 4.768199937032019164 ) ) ;
#822 = VECTOR ( 'NONE', #1408, 1000.000000000000114 ) ;
#823 = CARTESIAN_POINT ( 'NONE',  ( -44.95667579862099217, 14.40307545657521082, -9.193047310043377607 ) ) ;
#824 = CARTESIAN_POINT ( 'NONE',  ( 11.28072927767615319, 44.85575135101239397, -13.02919951373127638 ) ) ;
#825 = CARTESIAN_POINT ( 'NONE',  ( -37.97013137849086917, 24.99199553081425762, -8.021428571428426579 ) ) ;
#826 = CARTESIAN_POINT ( 'NONE',  ( 0.000000000000000000, 0.000000000000000000, -22.15000000000000213 ) ) ;
#827 = ORIENTED_EDGE ( 'NONE', *, *, #1147, .T. ) ;
#828 = ORIENTED_EDGE ( 'NONE', *, *, #3129, .F. ) ;
#829 = DIRECTION ( 'NONE',  ( -1.000000000000000000, 0.000000000000000000, 0.000000000000000000 ) ) ;
#830 = CARTESIAN_POINT ( 'NONE',  ( -46.97717744213785807, 13.09704424889082297, -13.00045845593592553 ) ) ;
#831 = EDGE_LOOP ( 'NONE', ( #2015, #1632 ) ) ;
#832 = CARTESIAN_POINT ( 'NONE',  ( 20.24642438632224639, 46.45198368961974467, 5.827218825801635305 ) ) ;
#833 = DIRECTION ( 'NONE',  ( 0.4058374489394845352, -0.9139452746408240902, -0.000000000000000000 ) ) ;
#834 = CARTESIAN_POINT ( 'NONE',  ( 22.28025876194279320, 43.85081256417826268, -8.338506838566688728 ) ) ;
#835 = CARTESIAN_POINT ( 'NONE',  ( -38.42105757422810086, 4.641826683457854763, 12.49999999999999822 ) ) ;
#836 = LINE ( 'NONE', #1498, #2993 ) ;
#837 = CARTESIAN_POINT ( 'NONE',  ( 21.55655264111382508, 45.20644313673832926, -11.94325428800695121 ) ) ;
#838 = CARTESIAN_POINT ( 'NONE',  ( -53.16331694176449219, 10.06921942461001862, -21.09685713910379690 ) ) ;
#839 = ADVANCED_FACE ( 'NONE', ( #2495 ), #541, .F. ) ;
#840 = FACE_OUTER_BOUND ( 'NONE', #1933, .T. ) ;
#841 = CARTESIAN_POINT ( 'NONE',  ( 20.33961457607664869, 43.62628943025475081, -10.59523736784292680 ) ) ;
#842 = AXIS2_PLACEMENT_3D ( 'NONE', #3276, #961, #3340 ) ;
#843 = CARTESIAN_POINT ( 'NONE',  ( -28.45254306239571562, 21.32290915329198100, -14.70000000000000462 ) ) ;
#844 = CARTESIAN_POINT ( 'NONE',  ( 42.23223593086861172, 50.26680412986157620, -22.15000000000000213 ) ) ;
#845 = VERTEX_POINT ( 'NONE', #3361 ) ;
#846 = EDGE_CURVE ( 'NONE', #2730, #2556, #467, .T. ) ;
#847 = ORIENTED_EDGE ( 'NONE', *, *, #1687, .T. ) ;
#848 = CARTESIAN_POINT ( 'NONE',  ( 38.69153843988491559, 50.84832695737267727, -20.60878397050812794 ) ) ;
#849 = CARTESIAN_POINT ( 'NONE',  ( -53.80988809791311667, 7.829235535753948483, -22.15000000000000213 ) ) ;
#850 = CIRCLE ( 'NONE', #3711, 26.16057989992778943 ) ;
#851 = ORIENTED_EDGE ( 'NONE', *, *, #1555, .F. ) ;
#852 = DIRECTION ( 'NONE',  ( 0.4058374489394844797, -0.9139452746408239792, -0.000000000000000000 ) ) ;
#853 = CARTESIAN_POINT ( 'NONE',  ( 30.90686473712644755, 47.68145741690000960, -5.632703024272134762 ) ) ;
#854 = LINE ( 'NONE', #3754, #150 ) ;
#855 = FACE_OUTER_BOUND ( 'NONE', #1302, .T. ) ;
#856 = CARTESIAN_POINT ( 'NONE',  ( -59.11401948816367025, 7.453927194435276959, -19.90226640499235700 ) ) ;
#857 = FACE_OUTER_BOUND ( 'NONE', #1888, .T. ) ;
#858 = CARTESIAN_POINT ( 'NONE',  ( -50.40862587842712372, 11.49986864096601202, -14.70000000000000462 ) ) ;
#859 = ORIENTED_EDGE ( 'NONE', *, *, #306, .T. ) ;
#860 = CARTESIAN_POINT ( 'NONE',  ( -16.67235263888314378, 47.39760212532419814, 6.499999999999999112 ) ) ;
#861 = DIRECTION ( 'NONE',  ( 1.000000000000000000, 0.000000000000000000, 0.000000000000000000 ) ) ;
#862 = CARTESIAN_POINT ( 'NONE',  ( 21.57231133919051302, 43.53644847257665162, -14.70000000000078622 ) ) ;
#863 = CARTESIAN_POINT ( 'NONE',  ( -37.31009259452424942, 19.25472722918355473, -11.46367599439580331 ) ) ;
#864 = EDGE_CURVE ( 'NONE', #2319, #1094, #16, .T. ) ;
#865 = DIRECTION ( 'NONE',  ( 0.9139452746408243122, 0.4058374489394840356, 0.000000000000000000 ) ) ;
#866 = ORIENTED_EDGE ( 'NONE', *, *, #1004, .T. ) ;
#867 = VERTEX_POINT ( 'NONE', #1703 ) ;
#868 = CIRCLE ( 'NONE', #1045, 2.999999999999997780 ) ;
#869 = ORIENTED_EDGE ( 'NONE', *, *, #1872, .T. ) ;
#870 = DIRECTION ( 'NONE',  ( -0.9139452746408240902, -0.4058374489394845908, 1.665334536937734811E-16 ) ) ;
#871 = CIRCLE ( 'NONE', #3389, 1.599999999999997868 ) ;
#872 = ADVANCED_FACE ( 'NONE', ( #1951 ), #174, .F. ) ;
#873 = CARTESIAN_POINT ( 'NONE',  ( -54.31915425135652242, 8.976102084640380951, -21.71474644440056068 ) ) ;
#874 = ORIENTED_EDGE ( 'NONE', *, *, #1199, .T. ) ;
#875 = CARTESIAN_POINT ( 'NONE',  ( 20.21735404219215582, 46.48350255348841387, 5.665646974069729502 ) ) ;
#876 = CARTESIAN_POINT ( 'NONE',  ( -42.96826122621369137, 2.622640654343162847, 7.150210555950434532 ) ) ;
#877 = DIRECTION ( 'NONE',  ( -0.9139452746408238681, -0.4058374489394850904, 0.000000000000000000 ) ) ;
#878 = CARTESIAN_POINT ( 'NONE',  ( 43.12492657292342102, 48.25646625652320409, -8.527170596928554502 ) ) ;
#879 = CARTESIAN_POINT ( 'NONE',  ( 25.16830050272183783, 42.72610134128978387, 5.499999999999998224 ) ) ;
#880 = CARTESIAN_POINT ( 'NONE',  ( -2.569501288236065495, 15.63800383155555096, -12.50000000000000178 ) ) ;
#881 = CARTESIAN_POINT ( 'NONE',  ( 41.07363097692299903, 45.48385844005810696, -6.498971300331097822 ) ) ;
#882 = CARTESIAN_POINT ( 'NONE',  ( -52.49440402606695955, 8.562828626901421103, -22.15000000000000568 ) ) ;
#883 = ORIENTED_EDGE ( 'NONE', *, *, #3638, .F. ) ;
#884 = CARTESIAN_POINT ( 'NONE',  ( 45.87122029678157276, 42.07181725911097203, -3.097864185165809303 ) ) ;
#885 = CARTESIAN_POINT ( 'NONE',  ( 35.40195713155455337, 49.63231619002161210, -20.04512421095780184 ) ) ;
#886 = CARTESIAN_POINT ( 'NONE',  ( 12.02270509203862403, 40.30829507276173018, -14.50017933188581587 ) ) ;
#887 = CARTESIAN_POINT ( 'NONE',  ( -34.34727498010229851, 20.88697803322043001, -13.26042230033496416 ) ) ;
#888 = FACE_OUTER_BOUND ( 'NONE', #3625, .T. ) ;
#889 = ORIENTED_EDGE ( 'NONE', *, *, #1854, .T. ) ;
#890 = B_SPLINE_CURVE_WITH_KNOTS ( 'NONE', 3,
 ( #778, #553, #2526, #1715, #2545, #1693, #1351, #3390, #1942, #224 ),
 .UNSPECIFIED., .F., .F.,
 ( 4, 2, 2, 2, 4 ),
 ( 0.000000000000000000, 0.2500000000000000000, 0.5000000000000000000, 0.7500000000000000000, 1.000000000000000000 ),
 .UNSPECIFIED. ) ;
#891 = ORIENTED_EDGE ( 'NONE', *, *, #1403, .T. ) ;
#892 = CARTESIAN_POINT ( 'NONE',  ( -36.67450437646652261, 22.30218152664974696, 12.49999999999999822 ) ) ;
#893 = CARTESIAN_POINT ( 'NONE',  ( 28.79472939801765818, 46.74356360463021076, -13.67412550944221472 ) ) ;
#894 = EDGE_LOOP ( 'NONE', ( #530, #981, #1153, #691, #1726 ) ) ;
#895 = FACE_OUTER_BOUND ( 'NONE', #416, .T. ) ;
#896 = ADVANCED_FACE ( 'NONE', ( #506 ), #1734, .F. ) ;
#897 = EDGE_CURVE ( 'NONE', #662, #1568, #2895, .T. ) ;
#898 =( NAMED_UNIT ( * ) PLANE_ANGLE_UNIT ( ) SI_UNIT ( $, .RADIAN. ) );
#899 = CARTESIAN_POINT ( 'NONE',  ( -46.78098055930190924, 11.96689646151246400, 6.166336356344971570 ) ) ;
#900 = CARTESIAN_POINT ( 'NONE',  ( -2.569501288236065495, 15.63800383155555096, -12.50000000000000178 ) ) ;
#901 = AXIS2_PLACEMENT_3D ( 'NONE', #2431, #3010, #2105 ) ;
#902 = CARTESIAN_POINT ( 'NONE',  ( 12.36388315691022122, 47.06932748873905581, -10.92573607700891714 ) ) ;
#903 = CARTESIAN_POINT ( 'NONE',  ( -40.39840840897139174, 18.66718126525670840, -9.999999999999996447 ) ) ;
#904 = CARTESIAN_POINT ( 'NONE',  ( 18.51386396335747619, 61.65434675240943818, 5.499999999999998224 ) ) ;
#905 = CARTESIAN_POINT ( 'NONE',  ( -54.62165242056663317, 9.657327469482318349, -20.04512421095780539 ) ) ;
#906 = ORIENTED_EDGE ( 'NONE', *, *, #2115, .T. ) ;
#907 = AXIS2_PLACEMENT_3D ( 'NONE', #1010, #3013, #1876 ) ;
#908 = CARTESIAN_POINT ( 'NONE',  ( 41.55603298449280203, 51.78961206478957280, -17.71771163043549535 ) ) ;
#909 = CARTESIAN_POINT ( 'NONE',  ( 33.42865374392756195, 36.54669490421444777, 7.970196636405415092 ) ) ;
#910 = CARTESIAN_POINT ( 'NONE',  ( -33.32137984890391635, 24.85538562967737519, -13.16963693493828735 ) ) ;
#911 = EDGE_LOOP ( 'NONE', ( #2464, #1546, #606, #1365 ) ) ;
#912 = DIRECTION ( 'NONE',  ( 1.000000000000000000, 0.000000000000000000, 0.000000000000000000 ) ) ;
#913 =( BOUNDED_SURFACE ( )  B_SPLINE_SURFACE ( 3, 2, ( 
 ( #2534, #3156, #2894 ),
 ( #1128, #3455, #286 ),
 ( #1683, #3435, #2291 ),
 ( #8, #841, #2610 ),
 ( #560, #1397, #1149 ),
 ( #3099, #2551, #3723 ),
 ( #3475, #1723, #2854 ),
 ( #213, #1645, #1417 ),
 ( #786, #807, #2816 ),
 ( #1441, #3174, #1360 ),
 ( #2270, #3683, #3396 ),
 ( #505, #523, #862 ),
 ( #1107, #539, #232 ),
 ( #824, #2005, #3416 ),
 ( #2314, #1701, #1969 ),
 ( #1070, #2873, #2588 ),
 ( #267, #3743, #1950 ),
 ( #1665, #2837, #1378 ),
 ( #3702, #1090, #248 ),
 ( #30, #3560, #1747 ),
 ( #1771, #929, #581 ),
 ( #2995, #2420, #2692 ),
 ( #1234, #886, #948 ),
 ( #2915, #1215, #2093 ),
 ( #311, #1194, #2073 ),
 ( #108, #2709, #2340 ) ),
 .UNSPECIFIED., .F., .F., .F. ) 
 B_SPLINE_SURFACE_WITH_KNOTS ( ( 4, 2, 2, 2, 2, 2, 2, 2, 2, 2, 2, 2, 4 ),
 ( 3, 3 ),
 ( 0.04473162107085126155, 0.04679125751612317474, 0.04885089396139509488, 0.05297016685193893515, 0.05502980329721085528, 0.05708943974248276848, 0.06120871263302660181, 0.06326834907829852195, 0.06532798552357044208, 0.06944725841411426848, 0.07150689485938618861, 0.07356653130465809487, 0.07768580419520193514 ),
 ( 0.000000000000000000, 1.000000000000000000 ),
 .UNSPECIFIED. ) 
 GEOMETRIC_REPRESENTATION_ITEM ( )  RATIONAL_B_SPLINE_SURFACE ( (
 ( 1.000000000000000000, 0.8875621284095472907, 1.000000000000000000),
 ( 1.000000000000000000, 0.8906592811215713335, 1.000000000000000000),
 ( 1.000000000000000000, 0.8938092165748099394, 1.000000000000000000),
 ( 1.000000000000000000, 0.9002078670135372773, 1.000000000000000000),
 ( 1.000000000000000000, 0.9034690857755265370, 1.000000000000000000),
 ( 1.000000000000000000, 0.9132983453769542015, 1.000000000000000000),
 ( 1.000000000000000000, 0.9198387670500539626, 1.000000000000000000),
 ( 1.000000000000000000, 0.9295407273065936504, 1.000000000000000000),
 ( 1.000000000000000000, 0.9327563119819487492, 1.000000000000000000),
 ( 1.000000000000000000, 0.9391316679302218473, 1.000000000000000000),
 ( 1.000000000000000000, 0.9422924701942467784, 1.000000000000000000),
 ( 1.000000000000000000, 0.9514990832385935571, 1.000000000000000000),
 ( 1.000000000000000000, 0.9573283533083891683, 1.000000000000000000),
 ( 1.000000000000000000, 0.9655053468885314016, 1.000000000000000000),
 ( 1.000000000000000000, 0.9681360686669261417, 1.000000000000000000),
 ( 1.000000000000000000, 0.9731832528147364991, 1.000000000000000000),
 ( 1.000000000000000000, 0.9755874422747979891, 1.000000000000000000),
 ( 1.000000000000000000, 0.9823417584992557572, 1.000000000000000000),
 ( 1.000000000000000000, 0.9862701481334013032, 1.000000000000000000),
 ( 1.000000000000000000, 0.9911778991706704511, 1.000000000000000000),
 ( 1.000000000000000000, 0.9926488646693180096, 1.000000000000000000),
 ( 1.000000000000000000, 0.9952282896653309452, 1.000000000000000000),
 ( 1.000000000000000000, 0.9963357971059388918, 1.000000000000000000),
 ( 1.000000000000000000, 0.9990259895782700461, 1.000000000000000000),
 ( 1.000000000000000000, 0.9999969374880127715, 1.000000000000000000),
 ( 1.000000000000000000, 1.000000000000000000, 1.000000000000000000) ) ) 
 REPRESENTATION_ITEM ( '' )  SURFACE ( )  );
#914 = CARTESIAN_POINT ( 'NONE',  ( 41.70121529843008545, 51.46266173004656963, -21.67887339977875172 ) ) ;
#915 = ORIENTED_EDGE ( 'NONE', *, *, #570, .F. ) ;
#916 = LINE ( 'NONE', #2445, #2975 ) ;
#917 = CARTESIAN_POINT ( 'NONE',  ( -8.049818085922094468, 18.12817723098731548, -14.70000000000000284 ) ) ;
#918 = VECTOR ( 'NONE', #2182, 1000.000000000000000 ) ;
#919 = CARTESIAN_POINT ( 'NONE',  ( -42.67543667854153711, 16.86731665969393745, -1.445284359764449800 ) ) ;
#920 = EDGE_CURVE ( 'NONE', #1324, #11, #319, .T. ) ;
#921 = CARTESIAN_POINT ( 'NONE',  ( -38.71285679001973534, 24.36611752216745330, -6.351550075249235761 ) ) ;
#922 = CARTESIAN_POINT ( 'NONE',  ( 11.05962346421697617, 44.05591341063777833, -13.50448118071853543 ) ) ;
#923 = CARTESIAN_POINT ( 'NONE',  ( 21.73820188227164252, 46.29946013668214277, 3.010466985607888279 ) ) ;
#924 = CARTESIAN_POINT ( 'NONE',  ( -51.01149713681090958, -0.9489586894556936159, -2.102949113505815149 ) ) ;
#925 = CARTESIAN_POINT ( 'NONE',  ( 22.62424198280204379, 46.27190866025345883, -0.2572084359002588250 ) ) ;
#926 = EDGE_CURVE ( 'NONE', #1630, #1525, #2003, .T. ) ;
#927 = ORIENTED_EDGE ( 'NONE', *, *, #3176, .F. ) ;
#928 = CARTESIAN_POINT ( 'NONE',  ( -16.67235263888314378, 47.39760212532419814, 6.499999999999999112 ) ) ;
#929 = CARTESIAN_POINT ( 'NONE',  ( 12.66288061228706141, 40.96273251976207774, -14.29807034925454090 ) ) ;
#930 = CARTESIAN_POINT ( 'NONE',  ( -32.74086677163870718, 21.21820109784075115, -13.95000713635868372 ) ) ;
#931 = VECTOR ( 'NONE', #1175, 999.9999999999998863 ) ;
#932 = ORIENTED_EDGE ( 'NONE', *, *, #772, .T. ) ;
#933 = CARTESIAN_POINT ( 'NONE',  ( -40.36645179558902896, 18.52791498730837816, -10.46409287383537645 ) ) ;
#934 = CARTESIAN_POINT ( 'NONE',  ( 42.00489453489601743, 50.77877658366630698, -22.07649650625658211 ) ) ;
#935 = ORIENTED_EDGE ( 'NONE', *, *, #1510, .F. ) ;
#936 = CARTESIAN_POINT ( 'NONE',  ( 24.05517337842323755, 32.38440043782464528, -11.08603859902974520 ) ) ;
#937 = CARTESIAN_POINT ( 'NONE',  ( -50.11342375069282440, -3.749685476522166994, -1.762995951332312572 ) ) ;
#938 = CARTESIAN_POINT ( 'NONE',  ( -41.19239476533393685, 18.94020380226390543, 2.164644594988554438 ) ) ;
#939 = FACE_OUTER_BOUND ( 'NONE', #3581, .T. ) ;
#940 = B_SPLINE_CURVE_WITH_KNOTS ( 'NONE', 3,
 ( #2018, #572, #593, #1781, #2647, #98, #2371, #2683, #3248, #1243 ),
 .UNSPECIFIED., .F., .F.,
 ( 4, 2, 2, 2, 4 ),
 ( 0.000000000000000000, 0.002592735139166008236, 0.005185470278332016472, 0.007778205417498024708, 0.01037094055666403294 ),
 .UNSPECIFIED. ) ;
#941 = PRODUCT_DEFINITION ( 'UNKNOWN', '', #125, #2931 ) ;
#942 = CIRCLE ( 'NONE', #1112, 1.600000000000004308 ) ;
#943 = CARTESIAN_POINT ( 'NONE',  ( -48.90475843376356835, -0.01346125372265878119, 0.2929841900261787035 ) ) ;
#944 = CARTESIAN_POINT ( 'NONE',  ( 35.39610986807354465, 49.64548421786629007, -20.31912885944514002 ) ) ;
#945 = ORIENTED_EDGE ( 'NONE', *, *, #2173, .F. ) ;
#946 = EDGE_CURVE ( 'NONE', #2366, #274, #2074, .T. ) ;
#947 = CARTESIAN_POINT ( 'NONE',  ( -46.18535193004890971, 13.44865441062361100, -14.70000000000000284 ) ) ;
#948 = CARTESIAN_POINT ( 'NONE',  ( 13.43048239481677797, 39.92106888676529053, -14.69999999999990514 ) ) ;
#949 = CARTESIAN_POINT ( 'NONE',  ( 32.16268533681066089, 35.98454156414252481, 9.347248961336047657 ) ) ;
#950 = ORIENTED_EDGE ( 'NONE', *, *, #3023, .F. ) ;
#951 = CARTESIAN_POINT ( 'NONE',  ( -41.26491420056012771, 13.22642873712365130, -9.999999999999987566 ) ) ;
#952 = CARTESIAN_POINT ( 'NONE',  ( -55.84262947633867924, 7.478884371777679618, -22.03231568273205099 ) ) ;
#953 = VERTEX_POINT ( 'NONE', #124 ) ;
#954 = CARTESIAN_POINT ( 'NONE',  ( -26.60762421478019846, 26.79231448566386220, -14.70000000000000284 ) ) ;
#955 = CARTESIAN_POINT ( 'NONE',  ( -53.93439278870647513, 9.359552794878300830, -1.126079054903825760 ) ) ;
#956 = CLOSED_SHELL ( 'NONE', ( #3503, #709, #2830, #796, #3320, #3477, #2094, #2219, #3708, #752, #2810, #1638, #3532, #394, #1593, #3049, #450, #2312, #896, #1571, #2150, #3616, #2040, #2414, #2438, #1006, #229, #2260, #1760, #204, #3359, #434, #543, #1459, #372, #472, #1204, #625, #2720, #2963, #429, #3681, #1834, #3237, #872, #3066, #34, #2737, #1332, #1810, #3620, #839, #251, #1681, #3598, #2263, #1680, #3003, #2607, #2724, #2507, #2936, #1265, #2460, #2553, #2680, #28, #106, #1142, #2008, #1115, #968, #987, #3452, #78, #815, #2373, #1072, #1789, #3339, #1733, #521, #1532 ) ) ;
#957 = CARTESIAN_POINT ( 'NONE',  ( -51.92092408978491136, -1.352789777417733097, -3.097864185164253215 ) ) ;
#958 = CARTESIAN_POINT ( 'NONE',  ( 37.39889296141844710, 50.47786665372748161, -19.99739207309211153 ) ) ;
#959 = CARTESIAN_POINT ( 'NONE',  ( 43.33306672102432344, 47.78773498166014377, -7.876121048240698030 ) ) ;
#960 = CARTESIAN_POINT ( 'NONE',  ( -43.20665015223786298, 15.42584555515259659, 2.616754322885700645 ) ) ;
#961 = DIRECTION ( 'NONE',  ( 0.7444334620662311774, 0.03387422295043996529, -0.6668368297984065274 ) ) ;
#962 = EDGE_CURVE ( 'NONE', #2317, #2845, #484, .T. ) ;
#963 = B_SPLINE_CURVE_WITH_KNOTS ( 'NONE', 3,
 ( #657, #944, #2416, #1247, #756, #1519, #1822, #1804, #1040, #1841 ),
 .UNSPECIFIED., .F., .F.,
 ( 4, 2, 2, 2, 4 ),
 ( 0.000000000000000000, 0.2500000000000000000, 0.5000000000000000000, 0.7500000000000000000, 1.000000000000000000 ),
 .UNSPECIFIED. ) ;
#964 = AXIS2_PLACEMENT_3D ( 'NONE', #2870, #2530, #2584 ) ;
#965 = ORIENTED_EDGE ( 'NONE', *, *, #2785, .F. ) ;
#966 = CARTESIAN_POINT ( 'NONE',  ( -55.67830366814512644, 7.108822919113581662, -13.13716398707476429 ) ) ;
#967 = CARTESIAN_POINT ( 'NONE',  ( 38.67812489840454049, 50.87853423096021288, -19.90226640499235700 ) ) ;
#968 = ADVANCED_FACE ( 'NONE', ( #1859 ), #980, .F. ) ;
#969 = ORIENTED_EDGE ( 'NONE', *, *, #1570, .F. ) ;
#970 = CARTESIAN_POINT ( 'NONE',  ( 24.32592761431886075, 41.77995688947736141, 11.59920218782808732 ) ) ;
#971 = CARTESIAN_POINT ( 'NONE',  ( -45.43192860366914232, 14.02319256617734489, -9.922320202761504504 ) ) ;
#972 = AXIS2_PLACEMENT_3D ( 'NONE', #712, #694, #386 ) ;
#973 = CARTESIAN_POINT ( 'NONE',  ( 36.06441812594332674, 49.18749528429948725, -0.5908381657499651718 ) ) ;
#974 = DIRECTION ( 'NONE',  ( 1.522024630730407282E-16, 6.758551201016279815E-17, 1.000000000000000000 ) ) ;
#975 = VERTEX_POINT ( 'NONE', #91 ) ;
#976 = AXIS2_PLACEMENT_3D ( 'NONE', #757, #3547, #2299 ) ;
#977 = CARTESIAN_POINT ( 'NONE',  ( 44.90001986446020510, 44.25895905235268657, -4.298204152594743199 ) ) ;
#978 = CARTESIAN_POINT ( 'NONE',  ( -40.75599111621346538, 18.99421416988494826, 6.575397103421043887 ) ) ;
#979 = CARTESIAN_POINT ( 'NONE',  ( -41.47981353796888726, 16.53717737042097369, -12.78015396216577493 ) ) ;
#980 = B_SPLINE_SURFACE_WITH_KNOTS ( 'NONE', 3, 1, ( 
 ( #3029, #1524 ),
 ( #2740, #415 ),
 ( #109, #1269 ),
 ( #2693, #2978 ) ),
 .UNSPECIFIED., .F., .F., .F.,
 ( 4, 4 ),
 ( 2, 2 ),
 ( 0.000000000000000000, 1.000000000000000000 ),
 ( 0.000000000000000000, 1.000000000000000000 ),
 .UNSPECIFIED. ) ;
#981 = ORIENTED_EDGE ( 'NONE', *, *, #1004, .F. ) ;
#982 = DIRECTION ( 'NONE',  ( -1.000000000000000000, 0.000000000000000000, 0.000000000000000000 ) ) ;
#983 = EDGE_CURVE ( 'NONE', #1967, #2300, #2710, .T. ) ;
#984 = CARTESIAN_POINT ( 'NONE',  ( -56.37218366424119864, 8.671439541253732841, -19.90226640499235700 ) ) ;
#985 = ORIENTED_EDGE ( 'NONE', *, *, #1766, .F. ) ;
#986 = CARTESIAN_POINT ( 'NONE',  ( 25.16830050272185204, 42.72610134128979098, -10.00000000000000178 ) ) ;
#987 = ADVANCED_FACE ( 'NONE', ( #1235 ), #3562, .F. ) ;
#988 = CARTESIAN_POINT ( 'NONE',  ( -56.30718692848660822, 8.525066998095821802, -21.01423600150948445 ) ) ;
#989 = DIRECTION ( 'NONE',  ( 0.4058374489394845908, -0.9139452746408242012, 0.000000000000000000 ) ) ;
#990 = ORIENTED_EDGE ( 'NONE', *, *, #864, .T. ) ;
#991 = CARTESIAN_POINT ( 'NONE',  ( -43.60859104625144766, 15.86797072362109162, -3.700000000000003730 ) ) ;
#992 = VERTEX_POINT ( 'NONE', #1542 ) ;
#993 = CARTESIAN_POINT ( 'NONE',  ( 43.96036955114814049, 46.37505002895352391, -6.147597259161584837 ) ) ;
#994 = CARTESIAN_POINT ( 'NONE',  ( -40.91327657938250439, 19.30800530306800056, 4.380153671574702479 ) ) ;
#995 = FACE_BOUND ( 'NONE', #1349, .T. ) ;
#996 = VERTEX_POINT ( 'NONE', #1574 ) ;
#997 = CARTESIAN_POINT ( 'NONE',  ( -11.98644134063532007, 26.99344639500377241, -12.50000000000000178 ) ) ;
#998 = CARTESIAN_POINT ( 'NONE',  ( -38.42105757422810086, 4.641826683457851210, 12.10000000000029985 ) ) ;
#999 = ORIENTED_EDGE ( 'NONE', *, *, #3427, .F. ) ;
#1000 = CARTESIAN_POINT ( 'NONE',  ( -28.65889619171492697, 21.51452177848709013, -14.70000000000000462 ) ) ;
#1001 = VERTEX_POINT ( 'NONE', #2114 ) ;
#1002 = CARTESIAN_POINT ( 'NONE',  ( 41.61984784465837350, 51.64590110354090058, -21.47740918924558784 ) ) ;
#1003 = ORIENTED_EDGE ( 'NONE', *, *, #3556, .T. ) ;
#1004 = EDGE_CURVE ( 'NONE', #3292, #1473, #1526, .T. ) ;
#1005 = CARTESIAN_POINT ( 'NONE',  ( 36.77287504351578917, 50.24107236343083827, -20.04512421095780184 ) ) ;
#1006 = ADVANCED_FACE ( 'NONE', ( #1844, #660, #995, #1826 ), #3047, .F. ) ;
#1007 = EDGE_CURVE ( 'NONE', #3402, #370, #3512, .T. ) ;
#1008 = B_SPLINE_CURVE_WITH_KNOTS ( 'NONE', 3,
 ( #1033, #3064, #2198, #1560, #3310, #3611, #696, #1861, #1619, #3696, #2811, #3639, #1923, #2791 ),
 .UNSPECIFIED., .F., .F.,
 ( 4, 2, 2, 2, 2, 2, 4 ),
 ( 0.000000000000000000, 0.1250000000000000000, 0.2500000000000000000, 0.3750000000000000000, 0.5000000000000000000, 0.7500000000000000000, 1.000000000000000000 ),
 .UNSPECIFIED. ) ;
#1009 = FACE_OUTER_BOUND ( 'NONE', #471, .T. ) ;
#1010 = CARTESIAN_POINT ( 'NONE',  ( -8.049818085922092692, 18.12817723098731904, 0.000000000000000000 ) ) ;
#1011 = DIRECTION ( 'NONE',  ( 0.000000000000000000, 0.000000000000000000, -1.000000000000000000 ) ) ;
#1012 = EDGE_LOOP ( 'NONE', ( #2842, #1297, #2591 ) ) ;
#1013 = DIRECTION ( 'NONE',  ( 0.000000000000000000, 0.000000000000000000, -1.000000000000000000 ) ) ;
#1014 = CARTESIAN_POINT ( 'NONE',  ( -56.35875923934852239, 8.641207758239406900, -20.60889545096665287 ) ) ;
#1015 = CARTESIAN_POINT ( 'NONE',  ( -41.98303871750992045, 12.90754550629307928, 8.395273849439936598 ) ) ;
#1016 = ORIENTED_EDGE ( 'NONE', *, *, #1662, .F. ) ;
#1017 = CIRCLE ( 'NONE', #3334, 26.50000000000001421 ) ;
#1018 = CARTESIAN_POINT ( 'NONE',  ( -37.97013137849079101, 24.99199553081431802, -8.021428571428570464 ) ) ;
#1019 = EDGE_LOOP ( 'NONE', ( #2760, #1954, #1596, #1767 ) ) ;
#1020 = DIRECTION ( 'NONE',  ( 0.4058374489394845908, -0.9139452746408242012, 0.000000000000000000 ) ) ;
#1021 = CARTESIAN_POINT ( 'NONE',  ( 25.28602074093464935, 45.62639952036396807, -12.72849325869702852 ) ) ;
#1022 = VERTEX_POINT ( 'NONE', #3308 ) ;
#1023 = CARTESIAN_POINT ( 'NONE',  ( 37.16283520119444006, 49.36288272287415424, -21.88076410036287456 ) ) ;
#1024 = VECTOR ( 'NONE', #1150, 1000.000000000000114 ) ;
#1025 = VECTOR ( 'NONE', #1490, 1000.000000000000114 ) ;
#1026 = EDGE_CURVE ( 'NONE', #1001, #1580, #784, .T. ) ;
#1027 = FACE_OUTER_BOUND ( 'NONE', #894, .T. ) ;
#1028 = DIRECTION ( 'NONE',  ( 0.9139452746408239792, 0.4058374489394846463, 1.387778780781445676E-16 ) ) ;
#1029 = CARTESIAN_POINT ( 'NONE',  ( -42.37233932247939094, 16.93176010275899657, 2.536440310547719790 ) ) ;
#1030 = EDGE_CURVE ( 'NONE', #3610, #2765, #483, .T. ) ;
#1031 = CARTESIAN_POINT ( 'NONE',  ( -56.19638148182677639, 0.8834111516890509330, -5.304032820324579234 ) ) ;
#1032 = STYLED_ITEM ( 'NONE', ( #342 ), #2175 ) ;
#1033 = CARTESIAN_POINT ( 'NONE',  ( -59.11401948816367025, 7.453927194435276959, -19.90226640499235700 ) ) ;
#1034 = CARTESIAN_POINT ( 'NONE',  ( 26.70539765390552844, 46.25130522593608617, -8.999542721765999786 ) ) ;
#1035 = PLANE ( 'NONE',  #1643 ) ;
#1036 = DIRECTION ( 'NONE',  ( 0.000000000000000000, 0.000000000000000000, -1.000000000000000000 ) ) ;
#1037 = VERTEX_POINT ( 'NONE', #764 ) ;
#1038 = CARTESIAN_POINT ( 'NONE',  ( 15.82522085149909508, 48.31656187119174461, 6.025083415491368832 ) ) ;
#1039 = ORIENTED_EDGE ( 'NONE', *, *, #1877, .T. ) ;
#1040 = CARTESIAN_POINT ( 'NONE',  ( 36.10199021873622627, 48.05584281676898684, -22.14999999999999858 ) ) ;
#1041 = CARTESIAN_POINT ( 'NONE',  ( 26.55543209648741509, 46.04635078288191607, -11.47798250214073867 ) ) ;
#1042 = ORIENTED_EDGE ( 'NONE', *, *, #3153, .F. ) ;
#1043 = CARTESIAN_POINT ( 'NONE',  ( 36.95734415278256790, 49.82564822952665651, -21.42914375518111214 ) ) ;
#1044 = EDGE_CURVE ( 'NONE', #2921, #2632, #1357, .T. ) ;
#1045 = AXIS2_PLACEMENT_3D ( 'NONE', #879, #616, #1412 ) ;
#1046 = CARTESIAN_POINT ( 'NONE',  ( 19.89441375641351684, 46.58390110382327975, 11.47924284889025337 ) ) ;
#1047 = CIRCLE ( 'NONE', #3187, 15.00000000000000000 ) ;
#1048 = CARTESIAN_POINT ( 'NONE',  ( -55.59627094477539799, -0.4680368012622735385, -4.239205745857073104 ) ) ;
#1049 = CARTESIAN_POINT ( 'NONE',  ( -2.569501288236065495, 15.63800383155555096, -14.70000000000000462 ) ) ;
#1050 = CARTESIAN_POINT ( 'NONE',  ( 35.40195713155455337, 49.63231619002161210, -20.04512421095780184 ) ) ;
#1051 = EDGE_CURVE ( 'NONE', #867, #731, #2707, .T. ) ;
#1052 = CARTESIAN_POINT ( 'NONE',  ( -41.02442889690814098, 18.47209933550457350, -8.122779539318393915 ) ) ;
#1053 = CARTESIAN_POINT ( 'NONE',  ( -46.27049108318898618, 13.44235420829024008, -11.92317083583254700 ) ) ;
#1054 = CARTESIAN_POINT ( 'NONE',  ( 22.85188490747882994, 46.07679224921511008, -7.091193862050142016 ) ) ;
#1055 = B_SPLINE_CURVE_WITH_KNOTS ( 'NONE', 3,
 ( #437, #2425, #2118, #2407 ),
 .UNSPECIFIED., .F., .F.,
 ( 4, 4 ),
 ( 0.000000000000000000, 1.000000000000000000 ),
 .UNSPECIFIED. ) ;
#1056 = CARTESIAN_POINT ( 'NONE',  ( 15.35737535980886825, 45.40694055502255111, 6.499999999999999112 ) ) ;
#1057 = CARTESIAN_POINT ( 'NONE',  ( 35.50864716765073581, 49.39205040233699151, -17.36375776142100591 ) ) ;
#1058 = VERTEX_POINT ( 'NONE', #2851 ) ;
#1059 = ORIENTED_EDGE ( 'NONE', *, *, #210, .F. ) ;
#1060 = LINE ( 'NONE', #2276, #2771 ) ;
#1061 = CARTESIAN_POINT ( 'NONE',  ( -38.78015039677290332, 24.30979154414049503, -6.109301298667793922 ) ) ;
#1062 = ORIENTED_EDGE ( 'NONE', *, *, #230, .T. ) ;
#1063 = DIRECTION ( 'NONE',  ( 0.4058374489394845908, -0.9139452746408242012, 0.000000000000000000 ) ) ;
#1064 = DIRECTION ( 'NONE',  ( -1.000000000000000000, 0.000000000000000000, 0.000000000000000000 ) ) ;
#1065 = CARTESIAN_POINT ( 'NONE',  ( 27.30635501639070739, 45.68399235659306612, 7.919727168623826863 ) ) ;
#1066 = CARTESIAN_POINT ( 'NONE',  ( -57.17322363584328571, 3.083258093035496472, -7.789507326925318331 ) ) ;
#1067 = DIRECTION ( 'NONE',  ( 0.000000000000000000, 0.000000000000000000, -1.000000000000000000 ) ) ;
#1068 = CARTESIAN_POINT ( 'NONE',  ( -55.76688027943298920, -0.08382485722564861352, -4.506208927271734943 ) ) ;
#1069 = LINE ( 'NONE', #3415, #3097 ) ;
#1070 = CARTESIAN_POINT ( 'NONE',  ( 11.09238564726607734, 44.16569556614730629, -13.43415421548857580 ) ) ;
#1071 = DIRECTION ( 'NONE',  ( -0.4058374489394845908, 0.9139452746408240902, -0.000000000000000000 ) ) ;
#1072 = ADVANCED_FACE ( 'NONE', ( #3680 ), #1865, .F. ) ;
#1073 = CARTESIAN_POINT ( 'NONE',  ( -59.11401948816367025, 7.453927194435276959, -19.90226640499235700 ) ) ;
#1074 = FACE_OUTER_BOUND ( 'NONE', #911, .T. ) ;
#1075 = ORIENTED_EDGE ( 'NONE', *, *, #3044, .T. ) ;
#1076 = ORIENTED_EDGE ( 'NONE', *, *, #2484, .T. ) ;
#1077 = EDGE_CURVE ( 'NONE', #2467, #2883, #1909, .T. ) ;
#1078 = LINE ( 'NONE', #3748, #1423 ) ;
#1079 = DIRECTION ( 'NONE',  ( -0.4058374489394845908, 0.9139452746408242012, -0.000000000000000000 ) ) ;
#1080 = ORIENTED_EDGE ( 'NONE', *, *, #1980, .F. ) ;
#1081 = CARTESIAN_POINT ( 'NONE',  ( 15.35737535980886825, 45.40694055502255111, 6.499999999999999112 ) ) ;
#1082 = CARTESIAN_POINT ( 'NONE',  ( 29.09487896895870662, 46.87684503794017843, -13.00045845593447069 ) ) ;
#1083 = CARTESIAN_POINT ( 'NONE',  ( 26.00420099191566692, 45.64380915547445028, 8.738348278999314545 ) ) ;
#1084 = AXIS2_PLACEMENT_3D ( 'NONE', #2812, #2229, #3697 ) ;
#1085 = LINE ( 'NONE', #1924, #2741 ) ;
#1086 = CARTESIAN_POINT ( 'NONE',  ( 16.25737535980886861, 45.40694055502255111, 12.49999999999999822 ) ) ;
#1087 = CARTESIAN_POINT ( 'NONE',  ( -56.37218366424118443, 8.671439541253738170, -19.90226640499233923 ) ) ;
#1088 = VECTOR ( 'NONE', #26, 1000.000000000000000 ) ;
#1089 = DIRECTION ( 'NONE',  ( 0.000000000000000000, 0.000000000000000000, -1.000000000000000000 ) ) ;
#1090 = CARTESIAN_POINT ( 'NONE',  ( 13.52363506595335529, 41.76195565646690966, -13.95000713641005419 ) ) ;
#1091 = CARTESIAN_POINT ( 'NONE',  ( -37.69476601904235480, 25.20398263062570976, -8.492938848722749512 ) ) ;
#1092 = CARTESIAN_POINT ( 'NONE',  ( 14.23083723161351699, 48.17183848281220548, -8.021428571428572241 ) ) ;
#1093 = VERTEX_POINT ( 'NONE', #3079 ) ;
#1094 = VERTEX_POINT ( 'NONE', #2267 ) ;
#1095 = EDGE_CURVE ( 'NONE', #2538, #1131, #3401, .T. ) ;
#1096 = CARTESIAN_POINT ( 'NONE',  ( 0.000000000000000000, 0.000000000000000000, -14.70000000000000284 ) ) ;
#1097 = ORIENTED_EDGE ( 'NONE', *, *, #1358, .F. ) ;
#1098 = LINE ( 'NONE', #1756, #1261 ) ;
#1099 = EDGE_CURVE ( 'NONE', #2444, #1131, #190, .T. ) ;
#1100 = CARTESIAN_POINT ( 'NONE',  ( 21.23007057504885253, 43.38447644263603564, -10.46107186641825670 ) ) ;
#1101 = AXIS2_PLACEMENT_3D ( 'NONE', #900, #64, #554 ) ;
#1102 = CARTESIAN_POINT ( 'NONE',  ( 26.41060488417883434, 38.30268971685592305, 12.81836498012289915 ) ) ;
#1103 = CARTESIAN_POINT ( 'NONE',  ( -58.00484467457359017, 4.956067319058417908, -10.94088840142549834 ) ) ;
#1104 = CARTESIAN_POINT ( 'NONE',  ( -45.02286246191938801, 14.29719994601419053, -10.00000000000073541 ) ) ;
#1105 = CARTESIAN_POINT ( 'NONE',  ( -56.13420256105028017, 8.135506484106070246, -16.46826372981869113 ) ) ;
#1106 = CARTESIAN_POINT ( 'NONE',  ( -44.08951249545214779, 15.21619007182615313, -7.572850518424892208 ) ) ;
#1107 = CARTESIAN_POINT ( 'NONE',  ( 11.49392273124476915, 45.50145301922538010, -12.58379776379282333 ) ) ;
#1108 = CARTESIAN_POINT ( 'NONE',  ( -44.62953102873104427, 14.13951676651877776, -14.69999999999980389 ) ) ;
#1109 = CARTESIAN_POINT ( 'NONE',  ( -43.31114847485807218, 12.31779829626933598, 6.053099962121363475 ) ) ;
#1110 = ORIENTED_EDGE ( 'NONE', *, *, #2634, .T. ) ;
#1111 = CARTESIAN_POINT ( 'NONE',  ( 36.86515782960064058, 50.03325167932850093, -21.09063285991171099 ) ) ;
#1112 = AXIS2_PLACEMENT_3D ( 'NONE', #1868, #989, #1598 ) ;
#1113 = CARTESIAN_POINT ( 'NONE',  ( 25.21479923361663467, 46.24948136277412658, -4.811230814441649350 ) ) ;
#1114 = CARTESIAN_POINT ( 'NONE',  ( -48.78916321092575004, 12.29243186965560675, -3.700000000000003730 ) ) ;
#1115 = ADVANCED_FACE ( 'NONE', ( #577 ), #1287, .F. ) ;
#1116 = EDGE_LOOP ( 'NONE', ( #513, #1196 ) ) ;
#1117 = CARTESIAN_POINT ( 'NONE',  ( 23.58069601499697043, 44.30216606239223154, 8.394847018296490049 ) ) ;
#1118 = CARTESIAN_POINT ( 'NONE',  ( -40.10101621589085141, 20.85955310870155799, 11.77184256055983269 ) ) ;
#1119 = CARTESIAN_POINT ( 'NONE',  ( 29.58336412513187952, 47.09375689812134169, -11.66107907484050621 ) ) ;
#1120 = EDGE_CURVE ( 'NONE', #1793, #3688, #1168, .T. ) ;
#1121 = AXIS2_PLACEMENT_3D ( 'NONE', #951, #2347, #317 ) ;
#1122 = CARTESIAN_POINT ( 'NONE',  ( -36.67450437646652261, 22.30218152664974696, 12.49999999999999822 ) ) ;
#1123 = CARTESIAN_POINT ( 'NONE',  ( 24.67206820800240052, 45.68518701000406423, 2.589396137900717765 ) ) ;
#1124 = DIRECTION ( 'NONE',  ( -1.000000000000000000, 0.000000000000000000, 0.000000000000000000 ) ) ;
#1125 = CARTESIAN_POINT ( 'NONE',  ( -54.62181346745509813, 9.657690146813099119, -20.31676954922405187 ) ) ;
#1126 = EDGE_CURVE ( 'NONE', #992, #3700, #2329, .T. ) ;
#1127 = CARTESIAN_POINT ( 'NONE',  ( -11.98644134063532007, 26.99344639500377241, -14.70000000000000284 ) ) ;
#1128 = CARTESIAN_POINT ( 'NONE',  ( 14.05598926100230983, 48.14842511927577817, -8.257916789548529479 ) ) ;
#1129 = CARTESIAN_POINT ( 'NONE',  ( -30.09352682763339715, 20.59423022303953132, -14.69999999999989271 ) ) ;
#1130 = CARTESIAN_POINT ( 'NONE',  ( -41.98303871750992045, 12.90754550629307928, 8.395273849439936598 ) ) ;
#1131 = VERTEX_POINT ( 'NONE', #1765 ) ;
#1132 = ORIENTED_EDGE ( 'NONE', *, *, #1784, .F. ) ;
#1133 = CARTESIAN_POINT ( 'NONE',  ( 35.02981865438734133, 36.92609218234889568, 6.380436332118434528 ) ) ;
#1134 = FACE_OUTER_BOUND ( 'NONE', #1582, .T. ) ;
#1135 = ORIENTED_EDGE ( 'NONE', *, *, #2762, .F. ) ;
#1136 = CARTESIAN_POINT ( 'NONE',  ( 25.29803464008077896, 43.33395950408496589, 8.484481323098295391 ) ) ;
#1137 = SURFACE_STYLE_FILL_AREA ( #277 ) ;
#1138 = DIRECTION ( 'NONE',  ( 0.9139452746408244233, 0.4058374489394835916, 0.000000000000000000 ) ) ;
#1139 = CARTESIAN_POINT ( 'NONE',  ( 42.56469147514314955, 49.51811478512058073, -10.75473727836335591 ) ) ;
#1140 = CONICAL_SURFACE ( 'NONE', #369, 37.50000000000002132, 0.7853981633974430610 ) ;
#1141 = DIRECTION ( 'NONE',  ( 1.000000000000000000, 0.000000000000000000, 0.000000000000000000 ) ) ;
#1142 = ADVANCED_FACE ( 'NONE', ( #3493 ), #283, .T. ) ;
#1143 = CARTESIAN_POINT ( 'NONE',  ( 41.69774683834442897, 51.47047269651597645, -21.69186128036152539 ) ) ;
#1144 = CARTESIAN_POINT ( 'NONE',  ( 1.015350563102163761, 32.76689279739209582, -40.50000000000000000 ) ) ;
#1145 = CARTESIAN_POINT ( 'NONE',  ( 16.22834789249760945, 48.10026981163580473, 5.852055885360725185 ) ) ;
#1146 = CARTESIAN_POINT ( 'NONE',  ( -54.40564901194935743, 7.523243293357524841, -22.15000000000000213 ) ) ;
#1147 = EDGE_CURVE ( 'NONE', #1191, #3292, #1960, .T. ) ;
#1148 = FACE_OUTER_BOUND ( 'NONE', #1990, .T. ) ;
#1149 = CARTESIAN_POINT ( 'NONE',  ( 26.74723255556120449, 45.83437252031638565, -14.70000000000006324 ) ) ;
#1150 = DIRECTION ( 'NONE',  ( -0.9139452746408237571, -0.4058374489394851459, 0.000000000000000000 ) ) ;
#1151 = AXIS2_PLACEMENT_3D ( 'NONE', #2232, #1949, #3742 ) ;
#1152 = CARTESIAN_POINT ( 'NONE',  ( 41.51308833085145977, 40.13658852247814224, -1.309129516910125579 ) ) ;
#1153 = ORIENTED_EDGE ( 'NONE', *, *, #1147, .F. ) ;
#1154 = APPLICATION_CONTEXT ( 'automotive_design' ) ;
#1155 = ORIENTED_EDGE ( 'NONE', *, *, #2878, .F. ) ;
#1156 = ORIENTED_EDGE ( 'NONE', *, *, #2762, .T. ) ;
#1157 = DIRECTION ( 'NONE',  ( 0.000000000000000000, 0.000000000000000000, -1.000000000000000000 ) ) ;
#1158 = CARTESIAN_POINT ( 'NONE',  ( 33.17062470372675165, 47.36200902218803321, 2.510283953247891997 ) ) ;
#1159 = CARTESIAN_POINT ( 'NONE',  ( -54.02693185740376691, 8.318017728957435963, -22.08209200522897220 ) ) ;
#1160 = VECTOR ( 'NONE', #2576, 1000.000000000000000 ) ;
#1161 = ORIENTED_EDGE ( 'NONE', *, *, #704, .T. ) ;
#1162 = CARTESIAN_POINT ( 'NONE',  ( 20.80505678661488389, 46.03998762531134759, 6.941967723017275382 ) ) ;
#1163 = CARTESIAN_POINT ( 'NONE',  ( -40.24545903196644048, 20.71021966865191999, 4.315760646189735539 ) ) ;
#1164 = CARTESIAN_POINT ( 'NONE',  ( 38.67812489840454049, 50.87853423096021288, -19.90226640499236055 ) ) ;
#1165 = DIRECTION ( 'NONE',  ( -1.000000000000000000, 0.000000000000000000, 0.000000000000000000 ) ) ;
#1166 = LINE ( 'NONE', #2000, #2307 ) ;
#1167 = CARTESIAN_POINT ( 'NONE',  ( -56.09058968498123932, 9.131026011447406887, -22.14999999999878710 ) ) ;
#1168 = LINE ( 'NONE', #599, #567 ) ;
#1169 = VECTOR ( 'NONE', #2601, 1000.000000000000227 ) ;
#1170 = CARTESIAN_POINT ( 'NONE',  ( -40.01205059692088639, 18.13023703416425292, 10.09684640590304028 ) ) ;
#1171 = DIRECTION ( 'NONE',  ( -0.000000000000000000, -0.000000000000000000, 1.000000000000000000 ) ) ;
#1172 = DIRECTION ( 'NONE',  ( 1.000000000000000000, 0.000000000000000000, 0.000000000000000000 ) ) ;
#1173 = CARTESIAN_POINT ( 'NONE',  ( -36.05935886183871730, 17.94510218360058218, -14.69999999999985896 ) ) ;
#1174 = EDGE_CURVE ( 'NONE', #2432, #2096, #1047, .T. ) ;
#1175 = DIRECTION ( 'NONE',  ( -0.9139452746408240902, -0.4058374489394845908, 0.000000000000000000 ) ) ;
#1176 = ORIENTED_EDGE ( 'NONE', *, *, #1551, .T. ) ;
#1177 = EDGE_LOOP ( 'NONE', ( #2577, #2165, #3199, #630 ) ) ;
#1178 = ORIENTED_EDGE ( 'NONE', *, *, #1589, .F. ) ;
#1179 = DIRECTION ( 'NONE',  ( -0.000000000000000000, 0.000000000000000000, 1.000000000000000000 ) ) ;
#1180 = VECTOR ( 'NONE', #3632, 1000.000000000000000 ) ;
#1181 = CARTESIAN_POINT ( 'NONE',  ( 41.46775112701990906, 51.98842266417386782, -20.87902610300148254 ) ) ;
#1182 = ORIENTED_EDGE ( 'NONE', *, *, #1488, .F. ) ;
#1183 = DIRECTION ( 'NONE',  ( -0.4058374489394845908, 0.9139452746408242012, -0.000000000000000000 ) ) ;
#1184 = CARTESIAN_POINT ( 'NONE',  ( -43.83185718439165157, 15.64249688576305530, -4.505697400634002037 ) ) ;
#1185 = DIRECTION ( 'NONE',  ( -0.9139452746408237571, -0.4058374489394851459, 0.000000000000000000 ) ) ;
#1186 = CARTESIAN_POINT ( 'NONE',  ( 45.53812187395930522, 42.82195436529537602, -3.401813092057355714 ) ) ;
#1187 = CARTESIAN_POINT ( 'NONE',  ( 13.89403816904781053, 48.12673873804884295, -8.476961511281860595 ) ) ;
#1188 = CARTESIAN_POINT ( 'NONE',  ( 41.54194885097232515, 51.82132951056583181, -21.26295709812965740 ) ) ;
#1189 = CARTESIAN_POINT ( 'NONE',  ( -48.21163078970911187, 0.2943221143384535110, 1.101145421326458873 ) ) ;
#1190 = CARTESIAN_POINT ( 'NONE',  ( -53.91980219528097251, 8.076761904176228413, -22.13619748345076843 ) ) ;
#1191 = VERTEX_POINT ( 'NONE', #458 ) ;
#1192 = FACE_OUTER_BOUND ( 'NONE', #3178, .T. ) ;
#1193 = CARTESIAN_POINT ( 'NONE',  ( -28.41291555254669632, 19.69926962730589892, -14.70000000000000284 ) ) ;
#1194 = CARTESIAN_POINT ( 'NONE',  ( 10.97823960641363605, 39.14210676668719913, -14.70000000002405471 ) ) ;
#1195 = CARTESIAN_POINT ( 'NONE',  ( -35.71215178533812207, 25.62210789178687875, -11.13232148521206355 ) ) ;
#1196 = ORIENTED_EDGE ( 'NONE', *, *, #2907, .F. ) ;
#1197 = DIRECTION ( 'NONE',  ( -1.000000000000000000, 0.000000000000000000, 0.000000000000000000 ) ) ;
#1198 = B_SPLINE_CURVE_WITH_KNOTS ( 'NONE', 3,
 ( #849, #1795, #1511, #1159, #39, #1220, #1200, #873, #2697, #1813, #2364, #3524, #1730, #318, #1777, #2966 ),
 .UNSPECIFIED., .F., .F.,
 ( 4, 2, 2, 2, 2, 2, 2, 4 ),
 ( 0.000000000000000000, 0.1249999999999998890, 0.2499999999999997780, 0.3749999999999996669, 0.4999999999999995559, 0.7499999999999993339, 0.8749999999999996669, 1.000000000000000000 ),
 .UNSPECIFIED. ) ;
#1199 = EDGE_CURVE ( 'NONE', #2168, #1686, #3271, .T. ) ;
#1200 = CARTESIAN_POINT ( 'NONE',  ( -54.22892572110779952, 8.772907581338394323, -21.86914278315575544 ) ) ;
#1201 = VERTEX_POINT ( 'NONE', #2205 ) ;
#1202 = CARTESIAN_POINT ( 'NONE',  ( 27.84725605255092873, 43.91569169897524461, 4.861194910053415974 ) ) ;
#1203 = B_SPLINE_CURVE_WITH_KNOTS ( 'NONE', 3,
 ( #3491, #2045, #346, #3209, #2067, #66, #328, #597, #1413, #2933, #923, #617, #3234, #1479, #1785, #2955, #2583, #1209, #3738, #1123, #2285, #363, #2686, #84, #2395, #1517, #1229, #1509, #587, #57, #3201, #1794 ),
 .UNSPECIFIED., .F., .F.,
 ( 4, 2, 2, 2, 2, 2, 2, 2, 2, 2, 2, 2, 2, 2, 2, 4 ),
 ( 0.007876765057259232927, 0.008531777136682214963, 0.009186789216105196998, 0.009841801295528175564, 0.01049681337495115586, 0.01115182545437413617, 0.01180683753379711473, 0.01246184961322009503, 0.01311686169264307533, 0.01377187377206605390, 0.01442688585148903246, 0.01508189793091201450, 0.01573691001033499307, 0.01704693416918096061, 0.01770194624860394264, 0.01835695832802692121 ),
 .UNSPECIFIED. ) ;
#1204 = ADVANCED_FACE ( 'NONE', ( #2706 ), #105, .T. ) ;
#1205 = CARTESIAN_POINT ( 'NONE',  ( -44.04171424822501280, 15.41136600070310081, -5.314423330998139683 ) ) ;
#1206 = CARTESIAN_POINT ( 'NONE',  ( -40.89654361191594489, 19.44860459339787795, 2.860126918769688498 ) ) ;
#1207 = CARTESIAN_POINT ( 'NONE',  ( -8.049818085922094468, 18.12817723098731548, -12.50000000000000178 ) ) ;
#1208 = CARTESIAN_POINT ( 'NONE',  ( 12.99117032996046284, 47.69723590509597955, -9.850308740921985162 ) ) ;
#1209 = CARTESIAN_POINT ( 'NONE',  ( 24.03726055654549398, 45.84579531883365888, 2.503799103822201833 ) ) ;
#1210 = CARTESIAN_POINT ( 'NONE',  ( -2.569501288236065495, 15.63800383155555096, 12.10000000000029985 ) ) ;
#1211 = CARTESIAN_POINT ( 'NONE',  ( -53.10364595982789382, 9.934840470384276756, -21.33246844851510460 ) ) ;
#1212 = VERTEX_POINT ( 'NONE', #180 ) ;
#1213 = AXIS2_PLACEMENT_3D ( 'NONE', #1464, #3275, #1172 ) ;
#1214 = CARTESIAN_POINT ( 'NONE',  ( -26.60762421478019846, 26.79231448566386220, -21.35000000000000497 ) ) ;
#1215 = CARTESIAN_POINT ( 'NONE',  ( 11.39204100239999562, 39.62251582473087552, -14.64730610270032862 ) ) ;
#1216 = CARTESIAN_POINT ( 'NONE',  ( -36.77648430019785053, 19.71137930612926681, -11.82903066402169223 ) ) ;
#1217 = ORIENTED_EDGE ( 'NONE', *, *, #376, .T. ) ;
#1218 = CIRCLE ( 'NONE', #607, 26.16057989992778943 ) ;
#1219 = CARTESIAN_POINT ( 'NONE',  ( -16.67235263888314378, 47.39760212532419814, 6.499999999999999112 ) ) ;
#1220 = CARTESIAN_POINT ( 'NONE',  ( -54.18112651765304122, 8.665263852936217148, -21.93440356030908234 ) ) ;
#1221 = ORIENTED_EDGE ( 'NONE', *, *, #3108, .T. ) ;
#1222 = CARTESIAN_POINT ( 'NONE',  ( -52.17587641800000853, 10.78856168575556218, -18.92396247116322172 ) ) ;
#1223 = CARTESIAN_POINT ( 'NONE',  ( -55.84262947633869345, 7.478884371777672513, -22.03231568273205099 ) ) ;
#1224 = COLOUR_RGB ( '',1.000000000000000000, 1.000000000000000000, 1.000000000000000000 ) ;
#1225 = CARTESIAN_POINT ( 'NONE',  ( -44.93033646006386306, 13.58783123389303427, 7.885364033289082641 ) ) ;
#1226 = EDGE_CURVE ( 'NONE', #3203, #867, #2712, .T. ) ;
#1227 = CARTESIAN_POINT ( 'NONE',  ( -42.22019336085499219, 2.954820230664176428, 7.970196636405506574 ) ) ;
#1228 =( LENGTH_UNIT ( ) NAMED_UNIT ( * ) SI_UNIT ( .MILLI., .METRE. ) );
#1229 = CARTESIAN_POINT ( 'NONE',  ( 26.88007477703913040, 44.77662771004430908, 3.666338674333592174 ) ) ;
#1230 = DIRECTION ( 'NONE',  ( -1.000000000000000000, 0.000000000000000000, 0.000000000000000000 ) ) ;
#1231 = CARTESIAN_POINT ( 'NONE',  ( -45.00518288678931356, 14.28640051817719758, -10.30714511075682083 ) ) ;
#1232 = EDGE_LOOP ( 'NONE', ( #600, #2498, #219, #1016, #40, #3458, #2171, #969, #3016, #240 ) ) ;
#1233 = CARTESIAN_POINT ( 'NONE',  ( -39.31976202578383806, 8.176882218670860070, 12.10000000000029985 ) ) ;
#1234 = CARTESIAN_POINT ( 'NONE',  ( 10.61346154902436467, 40.73688254694776845, -14.54656637013892961 ) ) ;
#1235 = FACE_OUTER_BOUND ( 'NONE', #545, .T. ) ;
#1236 = VECTOR ( 'NONE', #1420, 1000.000000000000000 ) ;
#1237 = ORIENTED_EDGE ( 'NONE', *, *, #1077, .T. ) ;
#1238 = CARTESIAN_POINT ( 'NONE',  ( -40.39840840897139174, 18.66718126525670840, -9.999999999999996447 ) ) ;
#1239 = CARTESIAN_POINT ( 'NONE',  ( -58.83255615437055752, 6.820072224724940568, -21.67929094319404015 ) ) ;
#1240 = ORIENTED_EDGE ( 'NONE', *, *, #2634, .F. ) ;
#1241 = PLANE ( 'NONE',  #3624 ) ;
#1242 = CARTESIAN_POINT ( 'NONE',  ( -55.61801176033776528, 6.973045640837240100, -22.14999999999999858 ) ) ;
#1243 = CARTESIAN_POINT ( 'NONE',  ( 29.01407390828131838, 46.84096354634911563, -13.14809138725784443 ) ) ;
#1244 = FACE_OUTER_BOUND ( 'NONE', #1232, .T. ) ;
#1245 = DIRECTION ( 'NONE',  ( 0.9139452746408244233, 0.4058374489394835916, 0.000000000000000000 ) ) ;
#1246 = EDGE_CURVE ( 'NONE', #370, #2592, #1597, .T. ) ;
#1247 = CARTESIAN_POINT ( 'NONE',  ( 35.48967025516182616, 49.43478637838314427, -21.09963170831048984 ) ) ;
#1248 = B_SPLINE_CURVE_WITH_KNOTS ( 'NONE', 3,
 ( #2157, #2124, #2990, #151 ),
 .UNSPECIFIED., .F., .F.,
 ( 4, 4 ),
 ( 0.01270697174935495402, 0.01856655259915389669 ),
 .UNSPECIFIED. ) ;
#1249 = CYLINDRICAL_SURFACE ( 'NONE', #1527, 32.16057989992779653 ) ;
#1250 = CARTESIAN_POINT ( 'NONE',  ( 33.80413217832082751, 36.71342612343964618, 7.561771395984088429 ) ) ;
#1251 = EDGE_CURVE ( 'NONE', #2921, #996, #963, .T. ) ;
#1252 = CARTESIAN_POINT ( 'NONE',  ( 33.42865374392756195, 36.54669490421444777, 7.970196636405415092 ) ) ;
#1253 = AXIS2_PLACEMENT_3D ( 'NONE', #111, #3050, #436 ) ;
#1254 = ORIENTED_EDGE ( 'NONE', *, *, #2240, .T. ) ;
#1255 = CARTESIAN_POINT ( 'NONE',  ( 16.25737535980886861, 45.40694055502255111, 6.499999999999999112 ) ) ;
#1256 = CARTESIAN_POINT ( 'NONE',  ( -56.13401254867389412, 8.135078576543676832, -21.58283252100687832 ) ) ;
#1257 = B_SPLINE_CURVE_WITH_KNOTS ( 'NONE', 3,
 ( #3101, #1362, #5, #2939, #51, #332 ),
 .UNSPECIFIED., .F., .F.,
 ( 4, 2, 4 ),
 ( 0.000000000000000000, 0.003479336199949167006, 0.006958672399898334013 ),
 .UNSPECIFIED. ) ;
#1258 = ORIENTED_EDGE ( 'NONE', *, *, #2579, .T. ) ;
#1259 = CARTESIAN_POINT ( 'NONE',  ( -54.81558827967998582, 9.616397489928283804, -21.81194195411924852 ) ) ;
#1260 = CARTESIAN_POINT ( 'NONE',  ( -53.25073450860539737, 10.26608364289154451, -20.04512421095780539 ) ) ;
#1261 = VECTOR ( 'NONE', #2578, 1000.000000000000227 ) ;
#1262 = CARTESIAN_POINT ( 'NONE',  ( 26.01555926662632956, 45.85176471447335445, -12.20237496054372528 ) ) ;
#1263 = LINE ( 'NONE', #380, #3062 ) ;
#1264 = ORIENTED_EDGE ( 'NONE', *, *, #2935, .F. ) ;
#1265 = ADVANCED_FACE ( 'NONE', ( #163 ), #3366, .T. ) ;
#1266 = AXIS2_PLACEMENT_3D ( 'NONE', #2843, #1729, #1424 ) ;
#1267 = CARTESIAN_POINT ( 'NONE',  ( 41.85348203691222579, 51.11975728274013875, -14.97930908618976709 ) ) ;
#1268 = CARTESIAN_POINT ( 'NONE',  ( -41.07785745441214686, 19.04826119185104361, 3.883682599836652649 ) ) ;
#1269 = CARTESIAN_POINT ( 'NONE',  ( -54.47914404860541993, 9.336398847712558791, -16.45322290687309419 ) ) ;
#1270 = EDGE_CURVE ( 'NONE', #2034, #17, #3574, .T. ) ;
#1271 = AXIS2_PLACEMENT_3D ( 'NONE', #2113, #335, #643 ) ;
#1272 = ORIENTED_EDGE ( 'NONE', *, *, #1315, .F. ) ;
#1273 = CARTESIAN_POINT ( 'NONE',  ( -32.19359064792956104, 7.407133710968052398, -11.79316348048145713 ) ) ;
#1274 = FACE_OUTER_BOUND ( 'NONE', #3501, .T. ) ;
#1275 = VERTEX_POINT ( 'NONE', #365 ) ;
#1276 = CARTESIAN_POINT ( 'NONE',  ( -62.37231307849218354, 6.260833431792600656, -13.54289147318230668 ) ) ;
#1277 = CIRCLE ( 'NONE', #1151, 0.8999999999999980238 ) ;
#1278 = CARTESIAN_POINT ( 'NONE',  ( -46.57356599949687848, 13.27626793195932819, -12.54557389799686895 ) ) ;
#1279 = VECTOR ( 'NONE', #3413, 1000.000000000000114 ) ;
#1280 = CARTESIAN_POINT ( 'NONE',  ( 42.93641811536046049, 40.76861819074435545, -2.886758449375626867 ) ) ;
#1281 = ORIENTED_EDGE ( 'NONE', *, *, #1251, .F. ) ;
#1282 = DIRECTION ( 'NONE',  ( 0.000000000000000000, 0.000000000000000000, -1.000000000000000000 ) ) ;
#1283 = ORIENTED_EDGE ( 'NONE', *, *, #2088, .F. ) ;
#1284 = CARTESIAN_POINT ( 'NONE',  ( 42.45120455753171740, 49.77368713890176366, -11.31340739650049443 ) ) ;
#1285 = CARTESIAN_POINT ( 'NONE',  ( -41.01813609975382491, 19.14542802700747259, 4.040327166776330081 ) ) ;
#1286 = CARTESIAN_POINT ( 'NONE',  ( -40.76517467975170916, 17.42383314488934687, -12.09144763734930095 ) ) ;
#1287 = B_SPLINE_SURFACE_WITH_KNOTS ( 'NONE', 3, 1, ( 
 ( #348, #2652 ),
 ( #882, #558 ),
 ( #1415, #1190 ),
 ( #2357, #3172 ),
 ( #1983, #265 ),
 ( #68, #330 ),
 ( #48, #2288 ),
 ( #4, #3451 ),
 ( #2047, #1720 ),
 ( #1211, #2892 ),
 ( #838, #3471 ),
 ( #3740, #3516 ),
 ( #2585, #2937 ),
 ( #305, #1125 ),
 ( #3212, #1742 ),
 ( #2333, #905 ) ),
 .UNSPECIFIED., .F., .F., .F.,
 ( 4, 2, 2, 2, 2, 2, 2, 4 ),
 ( 2, 2 ),
 ( 0.000000000000000000, 0.1249999999999998890, 0.2499999999999997780, 0.3749999999999996669, 0.4999999999999995559, 0.7499999999999993339, 0.8749999999999996669, 1.000000000000000000 ),
 ( 0.000000000000000000, 1.000000000000000000 ),
 .UNSPECIFIED. ) ;
#1288 = ORIENTED_EDGE ( 'NONE', *, *, #1484, .F. ) ;
#1289 = CARTESIAN_POINT ( 'NONE',  ( -52.57105565284123827, 0.1113054447034400041, -3.795433087047755283 ) ) ;
#1290 = EDGE_CURVE ( 'NONE', #2539, #2632, #294, .T. ) ;
#1291 = CARTESIAN_POINT ( 'NONE',  ( -12.59519751404454624, 28.36436430696500821, -14.70000000000000284 ) ) ;
#1292 = ORIENTED_EDGE ( 'NONE', *, *, #1246, .T. ) ;
#1293 = CARTESIAN_POINT ( 'NONE',  ( -39.11920212859910606, 24.02664904278999813, 5.886796564403907084 ) ) ;
#1294 = ORIENTED_EDGE ( 'NONE', *, *, #2600, .T. ) ;
#1295 = EDGE_CURVE ( 'NONE', #3499, #3043, #2397, .T. ) ;
#1296 = DIRECTION ( 'NONE',  ( -0.9139452746408345263, -0.4058374489394608320, -6.347426508402231409E-13 ) ) ;
#1297 = ORIENTED_EDGE ( 'NONE', *, *, #3736, .T. ) ;
#1298 = CARTESIAN_POINT ( 'NONE',  ( -39.18556505439171644, 23.73750281911101823, 5.886796564403917742 ) ) ;
#1299 = CARTESIAN_POINT ( 'NONE',  ( 43.46027686576277205, 47.50125794270231694, -7.478038941398907902 ) ) ;
#1300 = CARTESIAN_POINT ( 'NONE',  ( -41.52180171356912552, 18.31935259118429826, 3.099341845437946663 ) ) ;
#1301 = DIRECTION ( 'NONE',  ( 0.4058374489394845908, -0.9139452746408242012, 0.000000000000000000 ) ) ;
#1302 = EDGE_LOOP ( 'NONE', ( #1176, #2162, #289, #3591 ) ) ;
#1303 = CARTESIAN_POINT ( 'NONE',  ( -54.86648541509718058, 5.280609534224679713, -9.251964094928148086 ) ) ;
#1304 = CARTESIAN_POINT ( 'NONE',  ( -56.09072033044807881, 8.037584571543396450, -21.67929094319404015 ) ) ;
#1305 = CARTESIAN_POINT ( 'NONE',  ( 17.05155152393216156, 61.00500683410626124, -10.00000000000000178 ) ) ;
#1306 = ORIENTED_EDGE ( 'NONE', *, *, #414, .F. ) ;
#1307 = CARTESIAN_POINT ( 'NONE',  ( -31.46976778691226784, 23.76546586117566306, -14.13464131343350871 ) ) ;
#1308 = ORIENTED_EDGE ( 'NONE', *, *, #2658, .F. ) ;
#1309 = EDGE_CURVE ( 'NONE', #1387, #3689, #871, .T. ) ;
#1310 = B_SPLINE_CURVE_WITH_KNOTS ( 'NONE', 3,
 ( #693, #1557, #2757, #137 ),
 .UNSPECIFIED., .F., .F.,
 ( 4, 4 ),
 ( 0.000000000000000000, 1.000000000000000000 ),
 .UNSPECIFIED. ) ;
#1311 = CARTESIAN_POINT ( 'NONE',  ( 18.51386396335747619, 61.65434675240943818, -10.00000000000000178 ) ) ;
#1312 = CARTESIAN_POINT ( 'NONE',  ( 26.89402388920748521, 46.23189724381732901, -10.00000000000000355 ) ) ;
#1313 = ORIENTED_EDGE ( 'NONE', *, *, #2676, .F. ) ;
#1314 = CYLINDRICAL_SURFACE ( 'NONE', #2478, 1.600000000000004086 ) ;
#1315 = EDGE_CURVE ( 'NONE', #410, #2323, #3219, .T. ) ;
#1316 = VECTOR ( 'NONE', #1995, 1000.000000000000000 ) ;
#1317 = FACE_OUTER_BOUND ( 'NONE', #3566, .T. ) ;
#1318 = CARTESIAN_POINT ( 'NONE',  ( 14.45737535980886967, 45.40694055502255111, 6.499999999999999112 ) ) ;
#1319 = CARTESIAN_POINT ( 'NONE',  ( -59.11401948816367025, 7.453927194435276959, -19.90226640499233923 ) ) ;
#1320 = CARTESIAN_POINT ( 'NONE',  ( 9.742716804823105647, 39.10413443779200549, -21.35000000000000497 ) ) ;
#1321 = CARTESIAN_POINT ( 'NONE',  ( 26.86301775568112404, 46.24993956957789010, -9.591145654360980544 ) ) ;
#1322 = CARTESIAN_POINT ( 'NONE',  ( -11.98644134063532007, 26.99344639500377241, -12.50000000000000178 ) ) ;
#1323 = DIRECTION ( 'NONE',  ( -0.9139452746408238681, -0.4058374489394850904, 0.000000000000000000 ) ) ;
#1324 = VERTEX_POINT ( 'NONE', #1671 ) ;
#1325 = FACE_OUTER_BOUND ( 'NONE', #2477, .T. ) ;
#1326 = ORIENTED_EDGE ( 'NONE', *, *, #689, .F. ) ;
#1327 = CARTESIAN_POINT ( 'NONE',  ( -44.95739360067487667, 14.29533139907257677, -10.61220453984696377 ) ) ;
#1328 = CARTESIAN_POINT ( 'NONE',  ( 40.59997837335419035, 37.09064985242768131, 1.378275077092882661 ) ) ;
#1329 = ORIENTED_EDGE ( 'NONE', *, *, #3129, .T. ) ;
#1330 = CYLINDRICAL_SURFACE ( 'NONE', #3143, 26.50000000000001421 ) ;
#1331 = VECTOR ( 'NONE', #2004, 1000.000000000000000 ) ;
#1332 = ADVANCED_FACE ( 'NONE', ( #2013 ), #2540, .F. ) ;
#1333 = CARTESIAN_POINT ( 'NONE',  ( 27.24383440937577561, 38.00933478044830593, 12.33274034039272671 ) ) ;
#1334 = DIRECTION ( 'NONE',  ( -0.000000000000000000, -0.000000000000000000, 1.000000000000000000 ) ) ;
#1335 = CARTESIAN_POINT ( 'NONE',  ( 43.12938447285910115, 40.85430491229249839, -3.097864185165814632 ) ) ;
#1336 = CARTESIAN_POINT ( 'NONE',  ( -56.71851340964430221, 2.059251403531072722, -6.498971300328695300 ) ) ;
#1337 = AXIS2_PLACEMENT_3D ( 'NONE', #3729, #1993, #2882 ) ;
#1338 =( BOUNDED_SURFACE ( )  B_SPLINE_SURFACE ( 3, 2, ( 
 ( #1732, #3506, #1779 ),
 ( #1977, #2904, #2261 ),
 ( #1493, #297, #1450 ),
 ( #3713, #2280, #3444 ) ),
 .UNSPECIFIED., .F., .F., .T. ) 
 B_SPLINE_SURFACE_WITH_KNOTS ( ( 4, 4 ),
 ( 3, 3 ),
 ( -1.128697829644309536E-14, 0.01225325499469474659 ),
 ( 0.1610550442787542780, 1.000000000000000000 ),
 .UNSPECIFIED. ) 
 GEOMETRIC_REPRESENTATION_ITEM ( )  RATIONAL_B_SPLINE_SURFACE ( (
 ( 0.9219858999659937826, 0.7578029909483017246, 1.000000000000000000),
 ( 0.9219073036222880102, 0.7575589863470867380, 1.000000000000000000),
 ( 0.9218444730406758492, 0.7573639270060600337, 1.000000000000000000),
 ( 0.9217904528186873225, 0.7571962196789453481, 1.000000000000000000) ) ) 
 REPRESENTATION_ITEM ( '' )  SURFACE ( )  );
#1339 = CARTESIAN_POINT ( 'NONE',  ( -44.53394264926008361, 14.80334066506389057, -8.121703108372139823 ) ) ;
#1340 = CARTESIAN_POINT ( 'NONE',  ( -56.37019035280022194, 8.666950607132138273, -20.46726709676943301 ) ) ;
#1341 = CARTESIAN_POINT ( 'NONE',  ( -36.76723580742337560, 25.59738190695001236, -9.876453364955748881 ) ) ;
#1342 = CARTESIAN_POINT ( 'NONE',  ( -39.81791172382388311, 11.06976661104300597, 11.97218708821574928 ) ) ;
#1343 = CARTESIAN_POINT ( 'NONE',  ( 20.52963501270427926, 45.78024631603268091, -9.802551187565585522 ) ) ;
#1344 = ORIENTED_EDGE ( 'NONE', *, *, #1830, .T. ) ;
#1345 = ORIENTED_EDGE ( 'NONE', *, *, #2959, .T. ) ;
#1346 = DIRECTION ( 'NONE',  ( 0.000000000000000000, 0.000000000000000000, -1.000000000000000000 ) ) ;
#1347 = CIRCLE ( 'NONE', #3009, 1.600000000000004308 ) ;
#1348 = CARTESIAN_POINT ( 'NONE',  ( -54.62165242056661896, 9.657327469482325455, -20.04512421095780539 ) ) ;
#1349 = EDGE_LOOP ( 'NONE', ( #3052, #1283 ) ) ;
#1350 = CARTESIAN_POINT ( 'NONE',  ( 36.10363032006372208, 48.05214931124810107, -22.13619651528625454 ) ) ;
#1351 = CARTESIAN_POINT ( 'NONE',  ( -53.16251226071861424, 10.06740728420432163, -21.10198997930354992 ) ) ;
#1352 = COLOUR_RGB ( '',0.7921568627450980005, 0.8196078431372548767, 0.9333333333333333481 ) ;
#1353 = CARTESIAN_POINT ( 'NONE',  ( 23.04189303996805194, 46.24214919976352434, -0.8876107563533638389 ) ) ;
#1354 = EDGE_CURVE ( 'NONE', #2556, #2366, #3181, .T. ) ;
#1355 = CARTESIAN_POINT ( 'NONE',  ( -57.08707515070501870, 2.889251844683315085, -7.525781568613110650 ) ) ;
#1356 = LINE ( 'NONE', #264, #309 ) ;
#1357 = LINE ( 'NONE', #1050, #669 ) ;
#1358 = EDGE_CURVE ( 'NONE', #3750, #1899, #1451, .T. ) ;
#1359 = DIRECTION ( 'NONE',  ( 0.000000000000000000, 0.000000000000000000, -1.000000000000000000 ) ) ;
#1360 = CARTESIAN_POINT ( 'NONE',  ( 23.01828778176525958, 44.17853439058940523, -14.70000000000089635 ) ) ;
#1361 = CARTESIAN_POINT ( 'NONE',  ( 26.77088908352714114, 46.25380667588202499, -9.192133821990331910 ) ) ;
#1362 = CARTESIAN_POINT ( 'NONE',  ( 31.50771207085399084, 47.94826370813933636, -14.70000000000000462 ) ) ;
#1363 = CARTESIAN_POINT ( 'NONE',  ( 21.11567195044483469, 46.06544924179149803, -8.122579736165192799 ) ) ;
#1364 = ORIENTED_EDGE ( 'NONE', *, *, #2511, .F. ) ;
#1365 = ORIENTED_EDGE ( 'NONE', *, *, #1270, .F. ) ;
#1366 = CARTESIAN_POINT ( 'NONE',  ( -12.89957560074914156, 29.04982326294557637, -14.70000000000000284 ) ) ;
#1367 = CARTESIAN_POINT ( 'NONE',  ( -55.21749844714168631, 9.351526502400620444, -19.99736135604785048 ) ) ;
#1368 = ORIENTED_EDGE ( 'NONE', *, *, #1854, .F. ) ;
#1369 = CARTESIAN_POINT ( 'NONE',  ( 28.82083754317721258, 34.50059386952236906, -10.00000000000000178 ) ) ;
#1370 = CARTESIAN_POINT ( 'NONE',  ( 14.68835465869678103, 48.23354743271353584, -7.353751536247504106 ) ) ;
#1371 = CARTESIAN_POINT ( 'NONE',  ( 29.15845292675736999, 45.88982535366059068, 6.625788995061453690 ) ) ;
#1372 = CARTESIAN_POINT ( 'NONE',  ( -56.42865000896616579, 1.406479496864121659, -5.811130207173860640 ) ) ;
#1373 = CARTESIAN_POINT ( 'NONE',  ( -41.59520851708429490, 14.39219603223651056, 8.504208412120199512 ) ) ;
#1374 = CARTESIAN_POINT ( 'NONE',  ( -59.02558206393495510, 7.254766258975900328, -18.17021021794818481 ) ) ;
#1375 = CIRCLE ( 'NONE', #2422, 2.999999999999997780 ) ;
#1376 = EDGE_CURVE ( 'NONE', #331, #2207, #2917, .T. ) ;
#1377 = DIRECTION ( 'NONE',  ( -0.4058374489394844242, 0.9139452746408240902, -1.671245580026886793E-16 ) ) ;
#1378 = CARTESIAN_POINT ( 'NONE',  ( 17.01297373397805401, 41.51187436087005977, -14.70000000000105267 ) ) ;
#1379 = CARTESIAN_POINT ( 'NONE',  ( 21.40381682490522053, 62.06230454510436800, -14.70000000000000107 ) ) ;
#1380 = EDGE_CURVE ( 'NONE', #650, #2539, #2565, .T. ) ;
#1381 = DIRECTION ( 'NONE',  ( 0.9139452746408238681, 0.4058374489394846463, 0.000000000000000000 ) ) ;
#1382 = ORIENTED_EDGE ( 'NONE', *, *, #3556, .F. ) ;
#1383 = VERTEX_POINT ( 'NONE', #528 ) ;
#1384 = CARTESIAN_POINT ( 'NONE',  ( 38.74874863392425794, 50.71948969348741798, -21.00851243511850441 ) ) ;
#1385 = AXIS2_PLACEMENT_3D ( 'NONE', #3171, #282, #1124 ) ;
#1386 = CARTESIAN_POINT ( 'NONE',  ( -37.97013137849078390, 24.99199553081432512, -8.021428571428568688 ) ) ;
#1387 = VERTEX_POINT ( 'NONE', #773 ) ;
#1388 = CARTESIAN_POINT ( 'NONE',  ( 37.58463936616927725, 48.41298042970246485, -22.15000000000000213 ) ) ;
#1389 = DIRECTION ( 'NONE',  ( -1.000000000000000000, 0.000000000000000000, -0.000000000000000000 ) ) ;
#1390 = CARTESIAN_POINT ( 'NONE',  ( 33.34258688065578724, 36.54815157989559538, 8.046488446083563062 ) ) ;
#1391 = AXIS2_PLACEMENT_3D ( 'NONE', #3701, #1089, #29 ) ;
#1392 = DIRECTION ( 'NONE',  ( -0.9139452746408237571, -0.4058374489394852014, 0.000000000000000000 ) ) ;
#1393 = CARTESIAN_POINT ( 'NONE',  ( 23.50172977826709797, 45.18653637669999767, -12.96177712873505783 ) ) ;
#1394 = CARTESIAN_POINT ( 'NONE',  ( -57.40905363756665736, 3.614346873178443609, -8.527170596926366031 ) ) ;
#1395 =( BOUNDED_SURFACE ( )  B_SPLINE_SURFACE ( 3, 2, ( 
 ( #1661, #1965, #2001 ),
 ( #536, #1678, #2850 ),
 ( #85, #1167, #1458 ),
 ( #656, #638, #2973 ) ),
 .UNSPECIFIED., .F., .F., .F. ) 
 B_SPLINE_SURFACE_WITH_KNOTS ( ( 4, 4 ),
 ( 3, 3 ),
 ( 0.01404564588314043821, 0.01616604369002683922 ),
 ( 0.000000000000000000, 1.000000000000000000 ),
 .UNSPECIFIED. ) 
 GEOMETRIC_REPRESENTATION_ITEM ( )  RATIONAL_B_SPLINE_SURFACE ( (
 ( 1.000000000000000000, 0.6885087968632083166, 1.000000000000000000),
 ( 1.000000000000000000, 0.6785575509210773903, 1.000000000000000000),
 ( 1.000000000000000000, 0.6683785560588404451, 1.000000000000000000),
 ( 1.000000000000000000, 0.6580742773906655962, 1.000000000000000000) ) ) 
 REPRESENTATION_ITEM ( '' )  SURFACE ( )  );
#1396 = CARTESIAN_POINT ( 'NONE',  ( -43.70199999552199444, 15.58963897601909032, -7.274514525189328396 ) ) ;
#1397 = CARTESIAN_POINT ( 'NONE',  ( 20.11142675598269491, 43.67670072988656216, -10.65124612575836593 ) ) ;
#1398 = AXIS2_PLACEMENT_3D ( 'NONE', #1291, #142, #665 ) ;
#1399 = CARTESIAN_POINT ( 'NONE',  ( -41.26491420056012061, 13.22642873712365663, 5.500000000000007994 ) ) ;
#1400 = LINE ( 'NONE', #269, #1236 ) ;
#1401 = ORIENTED_EDGE ( 'NONE', *, *, #1704, .T. ) ;
#1402 = CARTESIAN_POINT ( 'NONE',  ( 36.77287504351578917, 50.24107236343083827, -20.04512421095780184 ) ) ;
#1403 = EDGE_CURVE ( 'NONE', #2698, #1275, #1927, .T. ) ;
#1404 = EDGE_CURVE ( 'NONE', #3610, #2639, #1757, .T. ) ;
#1405 = CARTESIAN_POINT ( 'NONE',  ( -2.569501288236065495, 15.63800383155555096, -12.50000000000000178 ) ) ;
#1406 = CARTESIAN_POINT ( 'NONE',  ( 45.87122029678157986, 42.07181725911096493, -22.15000000000000213 ) ) ;
#1407 = VERTEX_POINT ( 'NONE', #2899 ) ;
#1408 = DIRECTION ( 'NONE',  ( -0.4058374489394845352, 0.9139452746408239792, -0.000000000000000000 ) ) ;
#1409 = CARTESIAN_POINT ( 'NONE',  ( -39.28306147208344612, 23.29168652462038125, 12.10623070838989257 ) ) ;
#1410 = CARTESIAN_POINT ( 'NONE',  ( -39.11920212859909896, 24.02664904278999813, -3.700000000000003730 ) ) ;
#1411 = TOROIDAL_SURFACE ( 'NONE', #1845, 26.50000000000001421, 11.00000000000000000 ) ;
#1412 = DIRECTION ( 'NONE',  ( 0.9139452746408239792, 0.4058374489394845352, 0.000000000000000000 ) ) ;
#1413 = CARTESIAN_POINT ( 'NONE',  ( 21.20266544301203737, 46.40018343517341748, 3.381673965493491529 ) ) ;
#1414 = CARTESIAN_POINT ( 'NONE',  ( 24.15707193867191549, 45.32945334644936253, -13.00512516959079079 ) ) ;
#1415 = CARTESIAN_POINT ( 'NONE',  ( -52.54888428331973671, 8.685518077585454577, -22.13619748345076843 ) ) ;
#1416 = CARTESIAN_POINT ( 'NONE',  ( -40.55196859289281974, 18.76489728346373909, -9.203221493611822623 ) ) ;
#1417 = CARTESIAN_POINT ( 'NONE',  ( 24.07497936521562920, 44.64775834572385804, -14.70000000000097451 ) ) ;
#1418 = CARTESIAN_POINT ( 'NONE',  ( -41.60920654459717127, 15.48069201805864559, -14.70000000000042384 ) ) ;
#1419 =( BOUNDED_SURFACE ( )  B_SPLINE_SURFACE ( 3, 2, ( 
 ( #2247, #2581, #2282 ),
 ( #1961, #2847, #853 ),
 ( #3465, #497, #3695 ),
 ( #3130, #2828, #3446 ),
 ( #3426, #1657, #242 ),
 ( #3735, #834, #2866 ),
 ( #2563, #515, #1119 ),
 ( #1370, #1675, #1082 ),
 ( #205, #3409, #798 ),
 ( #3715, #1100, #2262 ) ),
 .UNSPECIFIED., .F., .F., .F. ) 
 B_SPLINE_SURFACE_WITH_KNOTS ( ( 4, 2, 2, 2, 4 ),
 ( 3, 3 ),
 ( 0.1213943583778173546, 0.1271262654635425815, 0.1285592422349738917, 0.1299922190064052019, 0.1328581725492678223 ),
 ( 0.000000000000000000, 1.000000000000000000 ),
 .UNSPECIFIED. ) 
 GEOMETRIC_REPRESENTATION_ITEM ( )  RATIONAL_B_SPLINE_SURFACE ( (
 ( 1.000000000000000000, 0.8944271909999187420, 1.000000000000000000),
 ( 1.000000000000000000, 0.8944225122559509300, 1.000000000000000000),
 ( 1.000000000000000000, 0.8938570179380598280, 1.000000000000000000),
 ( 1.000000000000000000, 0.8924326617850245613, 1.000000000000000000),
 ( 1.000000000000000000, 0.8921114901316790080, 1.000000000000000000),
 ( 1.000000000000000000, 0.8913936881908183230, 1.000000000000000000),
 ( 1.000000000000000000, 0.8909958416247412138, 1.000000000000000000),
 ( 1.000000000000000000, 0.8897019739022249407, 1.000000000000000000),
 ( 1.000000000000000000, 0.8887022215978277462, 1.000000000000000000),
 ( 1.000000000000000000, 0.8875621284095476238, 1.000000000000000000) ) ) 
 REPRESENTATION_ITEM ( '' )  SURFACE ( )  );
#1420 = DIRECTION ( 'NONE',  ( 0.000000000000000000, 0.000000000000000000, -1.000000000000000000 ) ) ;
#1421 = ORIENTED_EDGE ( 'NONE', *, *, #2240, .F. ) ;
#1422 = CARTESIAN_POINT ( 'NONE',  ( 36.84112244131378588, 50.08737933464057335, -20.96969808612704966 ) ) ;
#1423 = VECTOR ( 'NONE', #3709, 1000.000000000000114 ) ;
#1424 = DIRECTION ( 'NONE',  ( 0.9139452746408240902, 0.4058374489394843132, 0.000000000000000000 ) ) ;
#1425 = CARTESIAN_POINT ( 'NONE',  ( -47.46566259830103007, 12.88013238871410060, -11.66107907483951323 ) ) ;
#1426 = VERTEX_POINT ( 'NONE', #256 ) ;
#1427 = EDGE_CURVE ( 'NONE', #3043, #3631, #1078, .T. ) ;
#1428 = CARTESIAN_POINT ( 'NONE',  ( 23.02844301011890238, 44.63446654611452402, 8.264623677791963274 ) ) ;
#1429 = CARTESIAN_POINT ( 'NONE',  ( -39.94860480471869124, 21.25383707362169261, 11.85136158788227689 ) ) ;
#1430 = CARTESIAN_POINT ( 'NONE',  ( -49.38166317934982175, 31.50533422994013222, -9.999999999999987566 ) ) ;
#1431 = EDGE_CURVE ( 'NONE', #1686, #3145, #1060, .T. ) ;
#1432 = CARTESIAN_POINT ( 'NONE',  ( 42.40305468765394892, 49.88212056753398116, -11.53280630758322900 ) ) ;
#1433 = UNCERTAINTY_MEASURE_WITH_UNIT (LENGTH_MEASURE( 1.000000000000000082E-05 ), #3508, 'distance_accuracy_value', 'NONE');
#1434 = CARTESIAN_POINT ( 'NONE',  ( 12.24891029971072065, 46.91940681339835351, -11.13277483204487162 ) ) ;
#1435 = CARTESIAN_POINT ( 'NONE',  ( 14.23083723161351699, 48.17183848281220548, -8.021428571428572241 ) ) ;
#1436 = CARTESIAN_POINT ( 'NONE',  ( 39.49040010694614011, 49.04929178304312387, -22.15000000000000213 ) ) ;
#1437 = DIRECTION ( 'NONE',  ( 1.000000000000000000, 0.000000000000000000, 0.000000000000000000 ) ) ;
#1438 = CARTESIAN_POINT ( 'NONE',  ( -39.49629001829425334, 22.17592874255743141, 7.658873665790255636 ) ) ;
#1439 = CIRCLE ( 'NONE', #411, 1.599999999999997868 ) ;
#1440 = DIRECTION ( 'NONE',  ( -0.7381062247016301203, 0.000000000000000000, 0.6746845196510043996 ) ) ;
#1441 = CARTESIAN_POINT ( 'NONE',  ( 12.03726053906738080, 46.60355107649303363, -11.52311681044848513 ) ) ;
#1442 = CARTESIAN_POINT ( 'NONE',  ( -38.72118002744268495, 16.76312035016283630, -14.69999999999968132 ) ) ;
#1443 = CARTESIAN_POINT ( 'NONE',  ( 42.21995751988302459, 40.45047382433413929, -2.102949113505411471 ) ) ;
#1444 = ORIENTED_EDGE ( 'NONE', *, *, #1290, .F. ) ;
#1445 = ORIENTED_EDGE ( 'NONE', *, *, #1099, .T. ) ;
#1446 = CARTESIAN_POINT ( 'NONE',  ( -46.61294182778701156, -20.69847935521967486, 8.243721701783195093E-15 ) ) ;
#1447 = CARTESIAN_POINT ( 'NONE',  ( 25.61093548105812445, 46.25312932116899844, -5.818812750508079112 ) ) ;
#1448 = CARTESIAN_POINT ( 'NONE',  ( 39.37522419111168404, 49.30866775809028013, -22.13507550033143190 ) ) ;
#1449 = ORIENTED_EDGE ( 'NONE', *, *, #3658, .F. ) ;
#1450 = CARTESIAN_POINT ( 'NONE',  ( 34.29357794481755661, 49.18532760107396484, -18.92396247117857300 ) ) ;
#1451 = CIRCLE ( 'NONE', #3583, 26.16057989992778943 ) ;
#1452 = CARTESIAN_POINT ( 'NONE',  ( -39.09143786052883485, 24.14923842121704922, 12.09952003084685757 ) ) ;
#1453 = CARTESIAN_POINT ( 'NONE',  ( -42.72703483572418293, 16.12151430735891466, 9.839781648376661138 ) ) ;
#1454 = CARTESIAN_POINT ( 'NONE',  ( -53.25073450860539737, 10.26608364289154451, -20.04512421095780539 ) ) ;
#1455 = AXIS2_PLACEMENT_3D ( 'NONE', #3046, #3338, #3290 ) ;
#1456 = CARTESIAN_POINT ( 'NONE',  ( 10.57024458922330190, 38.65098013354201356, -14.70000000000000284 ) ) ;
#1457 = CARTESIAN_POINT ( 'NONE',  ( -58.55614409373808371, 6.197592713953077315, -14.06185708931540823 ) ) ;
#1458 = CARTESIAN_POINT ( 'NONE',  ( -55.96327928490300252, 8.931330255415707242, -19.93649434523638320 ) ) ;
#1459 = ADVANCED_FACE ( 'NONE', ( #3385 ), #2108, .T. ) ;
#1460 = CARTESIAN_POINT ( 'NONE',  ( 21.28769259003333048, 46.43363537227543247, 1.634404498565188213 ) ) ;
#1461 = ORIENTED_EDGE ( 'NONE', *, *, #1403, .F. ) ;
#1462 = CARTESIAN_POINT ( 'NONE',  ( -40.07347426318818862, 16.06042821701494461, 10.84878277572464356 ) ) ;
#1463 = CARTESIAN_POINT ( 'NONE',  ( -40.80881064736144026, -0.5762533791274868644, -13.14809138725783200 ) ) ;
#1464 = CARTESIAN_POINT ( 'NONE',  ( -2.569501288236065495, 15.63800383155555096, -40.50000000000000000 ) ) ;
#1465 = AXIS2_PLACEMENT_3D ( 'NONE', #1305, #789, #769 ) ;
#1466 = CARTESIAN_POINT ( 'NONE',  ( -36.44730651140151423, 17.77283400870220476, -14.69999999999885354 ) ) ;
#1467 = CARTESIAN_POINT ( 'NONE',  ( -37.61237716010474941, 5.000921265356239154, 5.500000000000007994 ) ) ;
#1468 = ORIENTED_EDGE ( 'NONE', *, *, #3230, .T. ) ;
#1469 = CARTESIAN_POINT ( 'NONE',  ( 36.77272311741108979, 50.24141450077139126, -20.31630700975724224 ) ) ;
#1470 = CARTESIAN_POINT ( 'NONE',  ( -53.80988809791311667, 7.829235535753948483, -22.15000000000000213 ) ) ;
#1471 = CARTESIAN_POINT ( 'NONE',  ( 41.42194866264495090, 52.09156973941738755, -20.46716776084002376 ) ) ;
#1472 = AXIS2_PLACEMENT_3D ( 'NONE', #1096, #2844, #1975 ) ;
#1473 = VERTEX_POINT ( 'NONE', #687 ) ;
#1474 = CARTESIAN_POINT ( 'NONE',  ( 23.86420551278571267, 44.13428001681764101, 8.441664357574971689 ) ) ;
#1475 = CARTESIAN_POINT ( 'NONE',  ( -39.52946027112830762, 22.54365512965078722, 5.578182537950919340 ) ) ;
#1476 = CARTESIAN_POINT ( 'NONE',  ( -40.42554872526802257, 20.08707505709652352, 11.58342430709913451 ) ) ;
#1477 = CARTESIAN_POINT ( 'NONE',  ( 40.18382314754803986, 47.48770422393229751, -9.251964094930123395 ) ) ;
#1478 = DIRECTION ( 'NONE',  ( 0.4058374489394845352, -0.9139452746408240902, -0.000000000000000000 ) ) ;
#1479 = CARTESIAN_POINT ( 'NONE',  ( 22.74896320036189579, 46.11204072239343787, 2.613204910376513812 ) ) ;
#1480 = CARTESIAN_POINT ( 'NONE',  ( 40.71546530311224643, 46.29044695467961645, -7.487369703567149593 ) ) ;
#1481 = CARTESIAN_POINT ( 'NONE',  ( -54.30555477927188690, 8.945476095634573355, -14.70000000000004903 ) ) ;
#1482 = EDGE_LOOP ( 'NONE', ( #2204, #2259 ) ) ;
#1483 = PLANE ( 'NONE',  #1891 ) ;
#1484 = EDGE_CURVE ( 'NONE', #2345, #809, #942, .T. ) ;
#1485 = CARTESIAN_POINT ( 'NONE',  ( -0.7399887099005016955, 21.37410736319722560, 12.49999999999999822 ) ) ;
#1486 = DIRECTION ( 'NONE',  ( -0.4058374489394845908, 0.9139452746408239792, 0.000000000000000000 ) ) ;
#1487 = CARTESIAN_POINT ( 'NONE',  ( -33.29736268308028713, 21.13465101653461176, -13.73733957258706972 ) ) ;
#1488 = EDGE_CURVE ( 'NONE', #758, #2639, #2770, .T. ) ;
#1489 = ORIENTED_EDGE ( 'NONE', *, *, #230, .F. ) ;
#1490 = DIRECTION ( 'NONE',  ( 0.4058374489394844797, -0.9139452746408239792, -0.000000000000000000 ) ) ;
#1491 = FACE_OUTER_BOUND ( 'NONE', #1019, .T. ) ;
#1492 = ORIENTED_EDGE ( 'NONE', *, *, #1051, .T. ) ;
#1493 = CARTESIAN_POINT ( 'NONE',  ( 48.29234769434422248, 43.00130375501645119, -8.638784344063546783 ) ) ;
#1494 = CARTESIAN_POINT ( 'NONE',  ( -39.60108920433155788, 22.32959991120905840, 5.479595468751321974 ) ) ;
#1495 = CARTESIAN_POINT ( 'NONE',  ( -42.02228299541099688, 17.71199556031416478, 0.1510666963711921051 ) ) ;
#1496 = CARTESIAN_POINT ( 'NONE',  ( -38.58895156642564217, 24.47000313342885036, -6.710208282434199312 ) ) ;
#1497 = DIRECTION ( 'NONE',  ( 0.000000000000000000, 0.000000000000000000, 1.000000000000000000 ) ) ;
#1498 = CARTESIAN_POINT ( 'NONE',  ( -17.68013668945612693, 24.46516066551942359, -40.50000000000000000 ) ) ;
#1499 = CARTESIAN_POINT ( 'NONE',  ( -48.31492614047530054, 12.50301686659624778, -14.70000000000000284 ) ) ;
#1500 = CARTESIAN_POINT ( 'NONE',  ( -49.37752923540413974, 12.03116790446818385, -14.70000000000000462 ) ) ;
#1501 = ORIENTED_EDGE ( 'NONE', *, *, #2156, .T. ) ;
#1502 = CARTESIAN_POINT ( 'NONE',  ( 25.16830050272185204, 42.72610134128979098, 5.499999999999998224 ) ) ;
#1503 = DIRECTION ( 'NONE',  ( 0.000000000000000000, 0.000000000000000000, -1.000000000000000000 ) ) ;
#1504 = B_SPLINE_CURVE_WITH_KNOTS ( 'NONE', 3,
 ( #170, #446, #2739, #431, #1603, #2510, #3323, #2775, #1858, #2723, #677, #1908, #960, #3641, #3307, #1029, #3593, #2196, #153, #123, #1300, #464, #3356, #1268, #1285, #994, #2793, #189, #1621, #2435, #3028, #728, #2455, #978, #2142, #413, #2128, #1573, #2160, #745, #3608, #711, #2471, #3622, #1373, #3660, #3718, #1698 ),
 .UNSPECIFIED., .F., .F.,
 ( 4, 2, 2, 2, 2, 2, 2, 2, 2, 2, 2, 2, 2, 2, 2, 2, 2, 2, 2, 2, 2, 2, 2, 4 ),
 ( 4.906538933386797396E-18, 0.001153341583503931156, 0.001730012375255893155, 0.002306683167007854939, 0.002883353958759816722, 0.003460024750511779372, 0.004613366334015709010, 0.005766707917519633443, 0.006343378709271590456, 0.006920049501023547468, 0.008073391084527469300, 0.008650061876279431516, 0.009226732668031391998, 0.009803403459783352480, 0.01038007425153531470, 0.01095674504328727518, 0.01153341583503923566, 0.01211008662679119788, 0.01268675741854315836, 0.01384009900204707239, 0.01499344058555098815, 0.01614678216905490044, 0.01730012375255881793, 0.01845346533606273196 ),
 .UNSPECIFIED. ) ;
#1505 = CARTESIAN_POINT ( 'NONE',  ( -30.65599139143545315, 21.35681757677370385, -14.50017933181681506 ) ) ;
#1506 = EDGE_CURVE ( 'NONE', #1426, #2319, #2940, .T. ) ;
#1507 = VECTOR ( 'NONE', #2427, 1000.000000000000000 ) ;
#1508 = VERTEX_POINT ( 'NONE', #3072 ) ;
#1509 = CARTESIAN_POINT ( 'NONE',  ( 27.29272474927177683, 44.47174252351916124, 4.084453179310067128 ) ) ;
#1510 = EDGE_CURVE ( 'NONE', #3750, #1508, #2718, .T. ) ;
#1511 = CARTESIAN_POINT ( 'NONE',  ( -53.91980219528096541, 8.076761904176231965, -22.13619748345076843 ) ) ;
#1512 = ORIENTED_EDGE ( 'NONE', *, *, #3088, .F. ) ;
#1513 = DIRECTION ( 'NONE',  ( -0.4058374489394845908, 0.9139452746408242012, -0.000000000000000000 ) ) ;
#1514 = CARTESIAN_POINT ( 'NONE',  ( -49.41590278864251218, -3.368414499481017010, -0.9726661340584789039 ) ) ;
#1515 = CARTESIAN_POINT ( 'NONE',  ( -38.34694139636418697, 10.56331589232223322, 13.46672863675834542 ) ) ;
#1516 = CARTESIAN_POINT ( 'NONE',  ( 44.61972071190882616, 44.89019228782834858, -4.763113553812690526 ) ) ;
#1517 = CARTESIAN_POINT ( 'NONE',  ( 26.56806723576717033, 44.95968325308425051, 3.418782261176001036 ) ) ;
#1518 = CARTESIAN_POINT ( 'NONE',  ( 40.18382314754805407, 47.48770422393230461, -9.251964094930123395 ) ) ;
#1519 = CARTESIAN_POINT ( 'NONE',  ( 35.70059531838941780, 48.95978347920782170, -21.72523769307288433 ) ) ;
#1520 = ORIENTED_EDGE ( 'NONE', *, *, #1980, .T. ) ;
#1521 = AXIS2_PLACEMENT_3D ( 'NONE', #603, #1486, #2656 ) ;
#1522 = CARTESIAN_POINT ( 'NONE',  ( 36.71999737160491861, 50.33799283926325074, -22.15000000000000924 ) ) ;
#1523 = CARTESIAN_POINT ( 'NONE',  ( 25.00061065382518066, 45.55265957460844817, -12.83058910337456560 ) ) ;
#1524 = CARTESIAN_POINT ( 'NONE',  ( -54.62165242056663317, 9.657327469482318349, -20.04512421095780539 ) ) ;
#1525 = VERTEX_POINT ( 'NONE', #1581 ) ;
#1526 = CIRCLE ( 'NONE', #842, 15.00000000000000355 ) ;
#1527 = AXIS2_PLACEMENT_3D ( 'NONE', #2176, #2419, #3012 ) ;
#1528 = PLANE ( 'NONE',  #1805 ) ;
#1529 = DIRECTION ( 'NONE',  ( 0.9139452746408243122, 0.4058374489394840356, 0.000000000000000000 ) ) ;
#1530 = ORIENTED_EDGE ( 'NONE', *, *, #3, .F. ) ;
#1531 = CARTESIAN_POINT ( 'NONE',  ( -56.97586606413039334, -3.743052292906986267, -8.638784344068573873 ) ) ;
#1532 = ADVANCED_FACE ( 'NONE', ( #2751 ), #3005, .F. ) ;
#1533 = CARTESIAN_POINT ( 'NONE',  ( -47.43274594668032051, -2.000286172467117929, 1.378275077091858369 ) ) ;
#1534 = CIRCLE ( 'NONE', #1948, 1.600000000000004752 ) ;
#1535 = CARTESIAN_POINT ( 'NONE',  ( -40.51674389028023171, 20.15727862314447449, 3.725675635205383252 ) ) ;
#1536 = B_SPLINE_CURVE_WITH_KNOTS ( 'NONE', 3,
 ( #3069, #1000, #2479, #2166, #3650, #3348, #736, #1307, #2185, #455, #2766, #439, #1900, #1611, #3329, #1595, #2783, #160, #145, #3630, #3614, #1018 ),
 .UNSPECIFIED., .F., .F.,
 ( 4, 2, 2, 2, 2, 2, 2, 2, 2, 2, 4 ),
 ( -5.443579803056765656E-05, 0.0007903545291625187642, 0.001635144856355605185, 0.003324725510741785833, 0.005014306165127957807, 0.006703886819514131082, 0.008393467473900304357, 0.009238257801093397933, 0.01008304812828649151, 0.01177262878267267693, 0.01346220943705886408 ),
 .UNSPECIFIED. ) ;
#1537 = DIRECTION ( 'NONE',  ( -1.000000000000000000, 0.000000000000000000, -0.000000000000000000 ) ) ;
#1538 = CARTESIAN_POINT ( 'NONE',  ( -45.02286246191938801, 14.29719994601419053, -10.00000000000073541 ) ) ;
#1539 = CARTESIAN_POINT ( 'NONE',  ( -44.65821669702478403, 14.42392726420337112, -11.47782047487108059 ) ) ;
#1540 = CARTESIAN_POINT ( 'NONE',  ( 43.31966740869060573, 47.81791021123258645, -7.918417065796483634 ) ) ;
#1541 = CARTESIAN_POINT ( 'NONE',  ( -52.43897018595189508, 8.437991709163167542, -22.15000000000000213 ) ) ;
#1542 = CARTESIAN_POINT ( 'NONE',  ( -54.30555477927188690, 8.945476095634573355, -14.70000000000004903 ) ) ;
#1543 = VERTEX_POINT ( 'NONE', #2189 ) ;
#1544 = CARTESIAN_POINT ( 'NONE',  ( -53.97667758572180929, 3.276763750349533488, -6.498971300328695300 ) ) ;
#1545 = CARTESIAN_POINT ( 'NONE',  ( -55.78702770442782111, 7.353669271908599647, -22.07663646782956590 ) ) ;
#1546 = ORIENTED_EDGE ( 'NONE', *, *, #3277, .T. ) ;
#1547 =( GEOMETRIC_REPRESENTATION_CONTEXT ( 3 ) GLOBAL_UNCERTAINTY_ASSIGNED_CONTEXT ( ( #3535 ) ) GLOBAL_UNIT_ASSIGNED_CONTEXT ( ( #1871, #426, #2685 ) ) REPRESENTATION_CONTEXT ( 'NONE', 'WORKASPACE' ) );
#1548 = CARTESIAN_POINT ( 'NONE',  ( 23.82317422401823848, 42.28723454831034445, 11.44427197157449783 ) ) ;
#1549 = DIRECTION ( 'NONE',  ( 0.4058374489394845908, -0.9139452746408240902, 0.000000000000000000 ) ) ;
#1550 = DIRECTION ( 'NONE',  ( 0.000000000000000000, 0.000000000000000000, -1.000000000000000000 ) ) ;
#1551 = EDGE_CURVE ( 'NONE', #586, #2523, #3260, .T. ) ;
#1552 = CARTESIAN_POINT ( 'NONE',  ( 0.000000000000000000, 0.000000000000000000, -14.70000000000000284 ) ) ;
#1553 = CARTESIAN_POINT ( 'NONE',  ( 29.58972011871527741, 37.29108155150049697, 10.83714456756914579 ) ) ;
#1554 = DIRECTION ( 'NONE',  ( 0.000000000000000000, 0.000000000000000000, 1.000000000000000000 ) ) ;
#1555 = EDGE_CURVE ( 'NONE', #2483, #3352, #2063, .T. ) ;
#1556 = CARTESIAN_POINT ( 'NONE',  ( 42.72328472621096296, 49.16096304175778897, -10.09497070647021211 ) ) ;
#1557 = CARTESIAN_POINT ( 'NONE',  ( -53.21169639128929418, 10.17816986621987851, -18.21578547031234052 ) ) ;
#1558 = CARTESIAN_POINT ( 'NONE',  ( -41.97040722831451376, 16.11435013756522494, -12.96128721609838941 ) ) ;
#1559 = ORIENTED_EDGE ( 'NONE', *, *, #645, .F. ) ;
#1560 = CARTESIAN_POINT ( 'NONE',  ( -59.11200533233657239, 7.449391318790142158, -20.46826772854732823 ) ) ;
#1561 = FACE_BOUND ( 'NONE', #3382, .T. ) ;
#1562 = ORIENTED_EDGE ( 'NONE', *, *, #1872, .F. ) ;
#1563 = CARTESIAN_POINT ( 'NONE',  ( 26.73058595998716669, 39.08899183890068230, 12.10000000000030518 ) ) ;
#1564 = CARTESIAN_POINT ( 'NONE',  ( -50.07024711092727642, 10.39889536306815110, 2.510283953249184297 ) ) ;
#1565 = VECTOR ( 'NONE', #852, 1000.000000000000114 ) ;
#1566 = DIRECTION ( 'NONE',  ( 0.000000000000000000, 0.000000000000000000, -1.000000000000000000 ) ) ;
#1567 = CARTESIAN_POINT ( 'NONE',  ( -39.11920212859910606, 24.02664904278999813, 5.886796564403907084 ) ) ;
#1568 = VERTEX_POINT ( 'NONE', #3618 ) ;
#1569 = AXIS2_PLACEMENT_3D ( 'NONE', #793, #1346, #829 ) ;
#1570 = EDGE_CURVE ( 'NONE', #805, #3043, #3734, .T. ) ;
#1571 = ADVANCED_FACE ( 'NONE', ( #3673 ), #3656, .F. ) ;
#1572 = CARTESIAN_POINT ( 'NONE',  ( -58.30174427962204931, 5.624684746518195944, -22.15000000000000213 ) ) ;
#1573 = CARTESIAN_POINT ( 'NONE',  ( -40.90404901862888920, 18.00529341266661731, 7.483182319635880653 ) ) ;
#1574 = CARTESIAN_POINT ( 'NONE',  ( 36.21372145420805566, 47.80422425629323868, -22.15000000000000213 ) ) ;
#1575 = ORIENTED_EDGE ( 'NONE', *, *, #354, .F. ) ;
#1576 = CARTESIAN_POINT ( 'NONE',  ( -55.38908969891390655, 6.457513531008301833, -11.53280630758153613 ) ) ;
#1577 = CARTESIAN_POINT ( 'NONE',  ( -59.12127422096995133, 7.470264840910273207, -20.04435110445157164 ) ) ;
#1578 = EDGE_LOOP ( 'NONE', ( #1866, #2358, #1575, #490, #3070 ) ) ;
#1579 = CARTESIAN_POINT ( 'NONE',  ( -2.569501288236065495, 15.63800383155555096, 12.49999999999999822 ) ) ;
#1580 = VERTEX_POINT ( 'NONE', #3710 ) ;
#1581 = CARTESIAN_POINT ( 'NONE',  ( 33.42865374392756195, 36.54669490421444777, 7.970196636405415092 ) ) ;
#1582 = EDGE_LOOP ( 'NONE', ( #790, #2190, #403, #770 ) ) ;
#1583 = CARTESIAN_POINT ( 'NONE',  ( -41.99712303705881311, 17.73242924729461478, 0.2121449694276822395 ) ) ;
#1584 = SURFACE_SIDE_STYLE ('',( #723 ) ) ;
#1585 = VECTOR ( 'NONE', #3362, 1000.000000000000227 ) ;
#1586 = CARTESIAN_POINT ( 'NONE',  ( 43.63622714897777399, 47.10501819120423050, -6.967845394920214375 ) ) ;
#1587 = DIRECTION ( 'NONE',  ( 0.000000000000000000, 0.000000000000000000, -1.000000000000000000 ) ) ;
#1588 = CARTESIAN_POINT ( 'NONE',  ( -43.24927836563324490, 15.24629264148401120, -12.83058910337454961 ) ) ;
#1589 = EDGE_CURVE ( 'NONE', #1058, #3034, #3249, .T. ) ;
#1590 = ORIENTED_EDGE ( 'NONE', *, *, #1877, .F. ) ;
#1591 = CARTESIAN_POINT ( 'NONE',  ( -54.33484325953263294, 4.083352264971216172, -7.487369703564567658 ) ) ;
#1592 = CARTESIAN_POINT ( 'NONE',  ( 41.41270607285495231, 52.11238403658509100, -20.04434947234183539 ) ) ;
#1593 = ADVANCED_FACE ( 'NONE', ( #2805 ), #3106, .T. ) ;
#1594 = ORIENTED_EDGE ( 'NONE', *, *, #2852, .T. ) ;
#1595 = CARTESIAN_POINT ( 'NONE',  ( -35.71193953403437860, 25.62236668315923893, -11.13281885103612012 ) ) ;
#1596 = ORIENTED_EDGE ( 'NONE', *, *, #3256, .F. ) ;
#1597 = B_SPLINE_CURVE_WITH_KNOTS ( 'NONE', 3,
 ( #3539, #674, #1918, #2089, #3652, #2125, #1539, #3254, #639, #738, #1327, #1231, #104, #2502 ),
 .UNSPECIFIED., .F., .F.,
 ( 4, 2, 2, 2, 2, 2, 4 ),
 ( 8.498374721940738929E-18, 0.0009231202803780957792, 0.001846240560756183102, 0.002307800700945228552, 0.002769360841134274002, 0.003230920981323319018, 0.003692481121512364468 ),
 .UNSPECIFIED. ) ;
#1598 = DIRECTION ( 'NONE',  ( 0.9139452746408243122, 0.4058374489394840356, 0.000000000000000000 ) ) ;
#1599 = ORIENTED_EDGE ( 'NONE', *, *, #566, .T. ) ;
#1600 = CARTESIAN_POINT ( 'NONE',  ( 36.84112244131380010, 50.08737933464058045, -20.96969808612704966 ) ) ;
#1601 = AXIS2_PLACEMENT_3D ( 'NONE', #1002, #1296, #3589 ) ;
#1602 = CARTESIAN_POINT ( 'NONE',  ( 44.88164664821567129, 44.30033550543885212, -4.327353368390013166 ) ) ;
#1603 = CARTESIAN_POINT ( 'NONE',  ( -43.95035879818144764, 13.15908926438263826, 3.808369564979014577 ) ) ;
#1604 = CARTESIAN_POINT ( 'NONE',  ( 20.55113464646561994, 45.73182917578596118, -9.999999999999998224 ) ) ;
#1605 = CYLINDRICAL_SURFACE ( 'NONE', #760, 3.000000000000012879 ) ;
#1606 = B_SPLINE_CURVE_WITH_KNOTS ( 'NONE', 3,
 ( #1629, #1343, #2517, #3102, #489, #2819, #217, #1363, #1970, #2271, #2217, #3397, #1684, #2254, #1054, #2515, #215, #2817, #3436, #3082, #3378, #3417, #787, #3684, #3138, #233, #2535, #1034, #1361, #1321, #2855, #2838 ),
 .UNSPECIFIED., .F., .F.,
 ( 4, 2, 2, 2, 2, 2, 2, 2, 2, 2, 2, 2, 2, 2, 2, 4 ),
 ( 0.0007268965861916356925, 0.001337848481434070549, 0.001948800376676505406, 0.002559752271918940697, 0.003170704167161374903, 0.003781656062403809977, 0.004392607957646245051, 0.005003559852888680125, 0.005614511748131114331, 0.006836415538615984479, 0.007447367433858418685, 0.008058319329100852024, 0.008669271224343286231, 0.009280223119585718702, 0.009891175014828151174, 0.01050212691007058365 ),
 .UNSPECIFIED. ) ;
#1607 = CARTESIAN_POINT ( 'NONE',  ( -59.12222842618287899, 7.472413709497157441, -20.18575762563244425 ) ) ;
#1608 = CARTESIAN_POINT ( 'NONE',  ( 37.34498094767393894, 38.28574021215738554, 3.530088410306435165 ) ) ;
#1609 = AXIS2_PLACEMENT_3D ( 'NONE', #892, #1776, #1812 ) ;
#1610 = ORIENTED_EDGE ( 'NONE', *, *, #2318, .T. ) ;
#1611 = CARTESIAN_POINT ( 'NONE',  ( -35.12033550696947515, 25.52320896584589249, -11.73414706193026014 ) ) ;
#1612 = EDGE_LOOP ( 'NONE', ( #3126, #3613, #1182, #2859, #611, #3364, #3107, #2614, #2202, #2752, #1901, #1811, #2033, #2801, #1135 ) ) ;
#1613 = EDGE_CURVE ( 'NONE', #1037, #953, #2595, .T. ) ;
#1614 = DIRECTION ( 'NONE',  ( -0.5243398662736724614, -0.5295246425432132975, -0.6668368297984068604 ) ) ;
#1615 = DIRECTION ( 'NONE',  ( 0.9139452746408236461, 0.4058374489394851459, 0.000000000000000000 ) ) ;
#1616 = EDGE_LOOP ( 'NONE', ( #1815, #400 ) ) ;
#1617 = CARTESIAN_POINT ( 'NONE',  ( 35.41820519596736005, 49.59572557540251836, -20.58273009589965596 ) ) ;
#1618 = VECTOR ( 'NONE', #591, 1000.000000000000114 ) ;
#1619 = CARTESIAN_POINT ( 'NONE',  ( -58.95251247399922079, 7.090213661338081508, -21.37166310463828722 ) ) ;
#1620 = CARTESIAN_POINT ( 'NONE',  ( -2.569501288236065495, 15.63800383155555096, -14.70000000000000284 ) ) ;
#1621 = CARTESIAN_POINT ( 'NONE',  ( -40.77333425385825194, 19.46902048166947807, 5.125797028190300253 ) ) ;
#1622 = CARTESIAN_POINT ( 'NONE',  ( -53.59010229789115698, 2.406196831182781715, -5.589275444331688547 ) ) ;
#1623 = AXIS2_PLACEMENT_3D ( 'NONE', #511, #2880, #3161 ) ;
#1624 = B_SPLINE_CURVE_WITH_KNOTS ( 'NONE', 3,
 ( #1538, #2415, #103, #823, #1625, #2796, #2872, #1339, #2215, #2587, #1106, #3155, #1396, #2853, #2550, #3663, #3434, #193, #1985, #1644, #806, #2513, #1052, #266, #2290, #2569, #1416, #504, #2252, #2269 ),
 .UNSPECIFIED., .F., .F.,
 ( 4, 2, 2, 2, 2, 2, 2, 2, 2, 2, 2, 2, 2, 2, 4 ),
 ( 0.003692481121512364468, 0.004302669209352888609, 0.004912857297193413617, 0.005523045385033937757, 0.006133233472874461897, 0.006743421560714989507, 0.007353609648555517117, 0.007963797736396044727, 0.008573985824236574071, 0.009794361999917634495, 0.01101473817559869665, 0.01162492626343923641, 0.01223511435127977443, 0.01284530243912031591, 0.01345549052696085393 ),
 .UNSPECIFIED. ) ;
#1625 = CARTESIAN_POINT ( 'NONE',  ( -44.91103140613390110, 14.44989323258828406, -9.000259467976341909 ) ) ;
#1626 = CARTESIAN_POINT ( 'NONE',  ( -48.07544622895124320, -2.493698402188408547, 0.5980847401393326601 ) ) ;
#1627 = CARTESIAN_POINT ( 'NONE',  ( -39.11236904822145277, 16.58941284419774220, -10.46107186641804176 ) ) ;
#1628 = LINE ( 'NONE', #3398, #491 ) ;
#1629 = CARTESIAN_POINT ( 'NONE',  ( 20.55113464646561994, 45.73182917578596118, -9.999999999999998224 ) ) ;
#1630 = VERTEX_POINT ( 'NONE', #1672 ) ;
#1631 = VECTOR ( 'NONE', #538, 1000.000000000000000 ) ;
#1632 = ORIENTED_EDGE ( 'NONE', *, *, #2959, .F. ) ;
#1633 = CARTESIAN_POINT ( 'NONE',  ( 22.29943871615840578, 46.30121885725068864, 0.2226472766703102013 ) ) ;
#1634 = CARTESIAN_POINT ( 'NONE',  ( -47.61688543945627572, 12.81298187786984499, -11.20588666978563808 ) ) ;
#1635 = ORIENTED_EDGE ( 'NONE', *, *, #3205, .F. ) ;
#1636 = EDGE_CURVE ( 'NONE', #1967, #695, #1534, .T. ) ;
#1637 = CARTESIAN_POINT ( 'NONE',  ( 37.31357477666735178, 49.02341744418973946, -22.04034254983878682 ) ) ;
#1638 = ADVANCED_FACE ( 'NONE', ( #1957 ), #2559, .T. ) ;
#1639 = CARTESIAN_POINT ( 'NONE',  ( 19.42309391149937170, 41.41131886177989685, 15.72329419238843684 ) ) ;
#1640 = DIRECTION ( 'NONE',  ( -1.000000000000000000, 0.000000000000000000, 0.000000000000000000 ) ) ;
#1641 = CARTESIAN_POINT ( 'NONE',  ( 22.26045943511228486, 45.10193338474457647, -12.48499532189300254 ) ) ;
#1642 = CARTESIAN_POINT ( 'NONE',  ( -52.25402251260738495, -0.6026526712329414170, -3.401813092055597565 ) ) ;
#1643 = AXIS2_PLACEMENT_3D ( 'NONE', #1322, #2311, #2026 ) ;
#1644 = CARTESIAN_POINT ( 'NONE',  ( -41.68512422647530258, 17.77506418776023267, -7.353860969671860204 ) ) ;
#1645 = CARTESIAN_POINT ( 'NONE',  ( 18.27506836971204507, 43.84703053835043107, -11.35027873683337774 ) ) ;
#1646 = CARTESIAN_POINT ( 'NONE',  ( -45.57729560300322191, 13.71866185573757591, -14.69999999999989626 ) ) ;
#1647 = CARTESIAN_POINT ( 'NONE',  ( -39.11920212859910606, 24.02664904278999813, 5.886796564403907084 ) ) ;
#1648 = DIRECTION ( 'NONE',  ( -0.4058374489394998563, 0.9139452746408172068, 0.000000000000000000 ) ) ;
#1649 = EDGE_LOOP ( 'NONE', ( #2055, #2449 ) ) ;
#1650 = VERTEX_POINT ( 'NONE', #2861 ) ;
#1651 = CARTESIAN_POINT ( 'NONE',  ( 32.09481326105211707, 46.76290633400506636, 3.627018213467129382 ) ) ;
#1652 = CIRCLE ( 'NONE', #2144, 3.000000000000005773 ) ;
#1653 = CARTESIAN_POINT ( 'NONE',  ( -28.73008118816385448, 15.63800383155555096, -12.50000000000000178 ) ) ;
#1654 = ORIENTED_EDGE ( 'NONE', *, *, #1030, .T. ) ;
#1655 = CARTESIAN_POINT ( 'NONE',  ( -49.38166317934980754, 31.50533422994013222, 5.500000000000007994 ) ) ;
#1656 = EDGE_CURVE ( 'NONE', #3481, #1750, #257, .T. ) ;
#1657 = CARTESIAN_POINT ( 'NONE',  ( 22.48107308102308011, 43.93998417348853280, -7.777966232609654362 ) ) ;
#1658 = VECTOR ( 'NONE', #2306, 1000.000000000000000 ) ;
#1659 = CARTESIAN_POINT ( 'NONE',  ( 17.70674422405669546, 47.42775612599689339, 5.250685953361992730 ) ) ;
#1660 = CARTESIAN_POINT ( 'NONE',  ( -56.40322101319671333, 1.349213439768868650, -5.753874410500198877 ) ) ;
#1661 = CARTESIAN_POINT ( 'NONE',  ( -53.70414801636980684, 7.883239189709525974, -22.15000000000000213 ) ) ;
#1662 = EDGE_CURVE ( 'NONE', #578, #2070, #3596, .T. ) ;
#1663 = CARTESIAN_POINT ( 'NONE',  ( -54.86648541509718058, 5.280609534224680601, -9.251964094928148086 ) ) ;
#1664 = CARTESIAN_POINT ( 'NONE',  ( 24.70808380729353004, 32.67432534929470478, 12.49999999999999822 ) ) ;
#1665 = CARTESIAN_POINT ( 'NONE',  ( 10.88365928563786689, 43.18675636157625775, -13.89808374072828201 ) ) ;
#1666 = CARTESIAN_POINT ( 'NONE',  ( -38.91229023811614240, 17.00312142722388131, -10.50891412698024396 ) ) ;
#1667 = CARTESIAN_POINT ( 'NONE',  ( -40.03730476132800931, 13.92967471338644536, 11.44433963704015689 ) ) ;
#1668 = CARTESIAN_POINT ( 'NONE',  ( 36.91374878194268661, 49.92382493372051044, -16.46973243518483088 ) ) ;
#1669 = ORIENTED_EDGE ( 'NONE', *, *, #2790, .F. ) ;
#1670 = ORIENTED_EDGE ( 'NONE', *, *, #1709, .T. ) ;
#1671 = CARTESIAN_POINT ( 'NONE',  ( 22.74866817864849722, 31.80424673276706216, -12.50000000000000178 ) ) ;
#1672 = CARTESIAN_POINT ( 'NONE',  ( 29.62951795730058180, 34.85968845142074457, 12.10000000000029985 ) ) ;
#1673 = ORIENTED_EDGE ( 'NONE', *, *, #2115, .F. ) ;
#1674 = CARTESIAN_POINT ( 'NONE',  ( 36.78912310792859586, 50.20448174881174452, -20.58273009589965596 ) ) ;
#1675 = CARTESIAN_POINT ( 'NONE',  ( 21.81116247882305359, 43.64251033412772784, -9.434880330938606008 ) ) ;
#1676 = CARTESIAN_POINT ( 'NONE',  ( 28.86136216797778431, 37.49924268957050089, 11.32010774958280663 ) ) ;
#1677 = CARTESIAN_POINT ( 'NONE',  ( -54.66275991370910248, -2.570302124232364704, -3.097864185164251438 ) ) ;
#1678 = CARTESIAN_POINT ( 'NONE',  ( -55.38268381805044527, 9.459453190897823660, -22.14999999999121627 ) ) ;
#1679 = CARTESIAN_POINT ( 'NONE',  ( -57.60832123901966639, 4.063097187406218502, -9.251964094928148086 ) ) ;
#1680 = ADVANCED_FACE ( 'NONE', ( #1134 ), #3293, .F. ) ;
#1681 = ADVANCED_FACE ( 'NONE', ( #75 ), #3182, .F. ) ;
#1682 = CARTESIAN_POINT ( 'NONE',  ( 15.35737535980886825, 45.40694055502255111, 6.499999999999999112 ) ) ;
#1683 = CARTESIAN_POINT ( 'NONE',  ( 13.88892180870310433, 48.10972201762645994, -8.492938848723163403 ) ) ;
#1684 = CARTESIAN_POINT ( 'NONE',  ( 22.26698423275245631, 46.08532485173848414, -7.284157836533209363 ) ) ;
#1685 = LINE ( 'NONE', #508, #2646 ) ;
#1686 = VERTEX_POINT ( 'NONE', #2620 ) ;
#1687 = EDGE_CURVE ( 'NONE', #1094, #2134, #2617, .T. ) ;
#1688 = ORIENTED_EDGE ( 'NONE', *, *, #3576, .T. ) ;
#1689 = CARTESIAN_POINT ( 'NONE',  ( 35.48045793607991527, 36.90245278118575101, 5.998764169462551088 ) ) ;
#1690 = CARTESIAN_POINT ( 'NONE',  ( -46.18535193004887418, 13.44865441062362343, -14.69999999999998863 ) ) ;
#1691 = ORIENTED_EDGE ( 'NONE', *, *, #2856, .F. ) ;
#1692 = LINE ( 'NONE', #3146, #822 ) ;
#1693 = CARTESIAN_POINT ( 'NONE',  ( -53.10489880159082787, 9.937661867995913667, -21.32933242598355150 ) ) ;
#1694 = B_SPLINE_CURVE_WITH_KNOTS ( 'NONE', 3,
 ( #2359, #3518, #908, #623, #1790, #2470, #1267, #3322, #3621, #2454, #2127, #2774, #1284, #727, #2756, #1875, #1556, #3027, #3045, #169, #2141, #3607, #2112, #384, #1540, #959, #2722, #1299, #1586, #1892, #993, #107, #3306, #2708, #2159, #3059, #430, #1824, #122, #3592, #1602, #977, #676, #445, #412, #710 ),
 .UNSPECIFIED., .F., .F.,
 ( 4, 1, 1, 1, 1, 1, 2, 2, 1, 1, 1, 1, 1, 2, 2, 1, 1, 1, 1, 2, 2, 1, 1, 1, 1, 2, 2, 1, 1, 1, 1, 2, 2, 4 ),
 ( 0.000000000000000000, 0.1250000000000142109, 0.1875000000000213163, 0.2187500000000249800, 0.2343750000000269229, 0.2421875000000277278, 0.2460937500000281164, 0.2500000000000285327, 0.3750000000000370814, 0.4375000000000414113, 0.4687500000000435763, 0.4843750000000446865, 0.4921875000000450195, 0.4960937500000454081, 0.5000000000000457412, 0.5625000000000507372, 0.5937500000000530687, 0.6093750000000541789, 0.6171875000000547340, 0.6210937500000548450, 0.6250000000000549560, 0.6875000000000555112, 0.7187500000000559552, 0.7343750000000561773, 0.7421875000000562883, 0.7460937500000561773, 0.7500000000000560663, 0.8125000000000480727, 0.8437500000000440759, 0.8593750000000421885, 0.8671875000000411893, 0.8710937500000403011, 0.8750000000000394129, 1.000000000000000000 ),
 .UNSPECIFIED. ) ;
#1695 = CYLINDRICAL_SURFACE ( 'NONE', #690, 2.999999999999997780 ) ;
#1696 = AXIS2_PLACEMENT_3D ( 'NONE', #481, #3113, #802 ) ;
#1697 = CARTESIAN_POINT ( 'NONE',  ( -58.14349772949903183, 5.268313773136906519, -11.62944261341746710 ) ) ;
#1698 = CARTESIAN_POINT ( 'NONE',  ( -41.98303871750992045, 12.90754550629307928, 8.395273849439936598 ) ) ;
#1699 = CARTESIAN_POINT ( 'NONE',  ( -53.37386129526727530, 9.664341632194631160, -14.70000000000000462 ) ) ;
#1700 = CARTESIAN_POINT ( 'NONE',  ( 37.58463936616927725, 48.41298042970246485, -22.15000000000000213 ) ) ;
#1701 = CARTESIAN_POINT ( 'NONE',  ( 15.29770680670562655, 42.99648322821426660, -13.00529005118371906 ) ) ;
#1702 = PRESENTATION_LAYER_ASSIGNMENT (  '', '', ( #1032 ) ) ;
#1703 = CARTESIAN_POINT ( 'NONE',  ( 20.71581734001548369, 45.55717325444748411, -10.68661018751349268 ) ) ;
#1704 = EDGE_CURVE ( 'NONE', #1650, #2300, #88, .T. ) ;
#1705 = B_SPLINE_CURVE_WITH_KNOTS ( 'NONE', 3,
 ( #375, #420, #936, #3282 ),
 .UNSPECIFIED., .F., .F.,
 ( 4, 4 ),
 ( 2.844613339509715782E-07, 0.003016299448816111076 ),
 .UNSPECIFIED. ) ;
#1706 = DIRECTION ( 'NONE',  ( 1.000000000000000000, 0.000000000000000000, 0.000000000000000000 ) ) ;
#1707 = ORIENTED_EDGE ( 'NONE', *, *, #1358, .T. ) ;
#1708 = ORIENTED_EDGE ( 'NONE', *, *, #1431, .T. ) ;
#1709 = EDGE_CURVE ( 'NONE', #3424, #1058, #1198, .T. ) ;
#1710 = CARTESIAN_POINT ( 'NONE',  ( 39.26305871097356004, 49.56126423684786175, -22.07649650625658211 ) ) ;
#1711 = DIRECTION ( 'NONE',  ( -1.000000000000000000, 0.000000000000000000, -0.000000000000000000 ) ) ;
#1712 = ORIENTED_EDGE ( 'NONE', *, *, #590, .F. ) ;
#1713 = CARTESIAN_POINT ( 'NONE',  ( -35.77450437646652404, 22.30218152664974696, 6.499999999999999112 ) ) ;
#1714 = LINE ( 'NONE', #3185, #185 ) ;
#1715 = CARTESIAN_POINT ( 'NONE',  ( -52.86192441910884554, 9.390483954009432921, -21.87984858901830165 ) ) ;
#1716 = CARTESIAN_POINT ( 'NONE',  ( 41.98608171987106630, 50.82114301249063715, -13.96650276545250158 ) ) ;
#1717 = CYLINDRICAL_SURFACE ( 'NONE', #102, 1.599999999999994538 ) ;
#1718 = CARTESIAN_POINT ( 'NONE',  ( 41.78996152675882314, 51.26280536825692735, -21.85734657767020295 ) ) ;
#1719 = PLANE ( 'NONE',  #3588 ) ;
#1720 = CARTESIAN_POINT ( 'NONE',  ( -54.36148836181271804, 9.071438432502459293, -21.62526650690073637 ) ) ;
#1721 = AXIS2_PLACEMENT_3D ( 'NONE', #1783, #2582, #1165 ) ;
#1722 = CARTESIAN_POINT ( 'NONE',  ( 38.20915838308085455, 50.74893009474918415, -19.93663851234373041 ) ) ;
#1723 = CARTESIAN_POINT ( 'NONE',  ( 18.96801873276112360, 43.84823938575736690, -11.03250072227291234 ) ) ;
#1724 = CARTESIAN_POINT ( 'NONE',  ( -30.02890156310460412, 22.68963899532694484, -14.54656637013937193 ) ) ;
#1725 = LINE ( 'NONE', #2896, #3358 ) ;
#1726 = ORIENTED_EDGE ( 'NONE', *, *, #3731, .F. ) ;
#1727 = ORIENTED_EDGE ( 'NONE', *, *, #2465, .T. ) ;
#1728 = EDGE_CURVE ( 'NONE', #996, #3525, #2014, .T. ) ;
#1729 = DIRECTION ( 'NONE',  ( 0.4058374489394845908, -0.9139452746408242012, 0.000000000000000000 ) ) ;
#1730 = CARTESIAN_POINT ( 'NONE',  ( -54.60522988126830768, 9.620343937704959103, -20.58494765305766450 ) ) ;
#1731 = ORIENTED_EDGE ( 'NONE', *, *, #3507, .F. ) ;
#1732 = CARTESIAN_POINT ( 'NONE',  ( 43.00183205681242526, 40.67261405360772386, -2.865932803001669971 ) ) ;
#1733 = ADVANCED_FACE ( 'NONE', ( #1491 ), #2726, .F. ) ;
#1734 =( BOUNDED_SURFACE ( )  B_SPLINE_SURFACE ( 3, 2, ( 
 ( #2552, #1627, #825 ),
 ( #2570, #3703, #524 ),
 ( #1646, #1666, #1091 ),
 ( #249, #3724, #195 ),
 ( #1108, #1987, #3157 ),
 ( #750, #1911, #1341 ),
 ( #3666, #767, #3259 ),
 ( #31, #2874, #2943 ),
 ( #1418, #863, #1195 ),
 ( #2030, #2095, #3218 ),
 ( #2007, #1216, #2361 ),
 ( #2341, #626, #3520 ),
 ( #1442, #2916, #1748 ),
 ( #3175, #2315, #268 ),
 ( #3497, #2637, #910 ),
 ( #1466, #887, #604 ),
 ( #1173, #1773, #2053 ),
 ( #336, #1487, #3744 ),
 ( #2673, #930, #2075 ),
 ( #352, #2589, #644 ),
 ( #3241, #1792, #287 ),
 ( #2657, #54, #9 ),
 ( #2962, #1505, #1724 ),
 ( #1129, #71, #312 ),
 ( #2292, #2382, #3544 ),
 ( #3456, #843, #561 ) ),
 .UNSPECIFIED., .F., .F., .F. ) 
 B_SPLINE_SURFACE_WITH_KNOTS ( ( 4, 2, 2, 2, 2, 2, 2, 2, 2, 2, 2, 2, 4 ),
 ( 3, 3 ),
 ( 0.04473162107085099093, 0.04679125751612292494, 0.04885089396139485896, 0.05297016685193873392, 0.05502980329721067487, 0.05708943974248260889, 0.06120871263302647691, 0.06326834907829842480, 0.06532798552357035882, 0.06944725841411422684, 0.07150689485938616086, 0.07356653130465809487, 0.07768580419520196290 ),
 ( 0.000000000000000000, 1.000000000000000000 ),
 .UNSPECIFIED. ) 
 GEOMETRIC_REPRESENTATION_ITEM ( )  RATIONAL_B_SPLINE_SURFACE ( (
 ( 1.000000000000000000, 0.8875621284095458474, 1.000000000000000000),
 ( 1.000000000000000000, 0.8906592811215412464, 1.000000000000000000),
 ( 1.000000000000000000, 0.8938092165748473539, 1.000000000000000000),
 ( 1.000000000000000000, 0.9002078670134981975, 1.000000000000000000),
 ( 1.000000000000000000, 0.9034690857755641735, 1.000000000000000000),
 ( 1.000000000000000000, 0.9132983453768765969, 1.000000000000000000),
 ( 1.000000000000000000, 0.9198387670499766910, 1.000000000000000000),
 ( 1.000000000000000000, 0.9295407273066308429, 1.000000000000000000),
 ( 1.000000000000000000, 0.9327563119819478610, 1.000000000000000000),
 ( 1.000000000000000000, 0.9391316679302209591, 1.000000000000000000),
 ( 1.000000000000000000, 0.9422924701942461123, 1.000000000000000000),
 ( 1.000000000000000000, 0.9514990832385928909, 1.000000000000000000),
 ( 1.000000000000000000, 0.9573283533083883912, 1.000000000000000000),
 ( 1.000000000000000000, 0.9655053468885306245, 1.000000000000000000),
 ( 1.000000000000000000, 0.9681360686669256976, 1.000000000000000000),
 ( 1.000000000000000000, 0.9731832528147361661, 1.000000000000000000),
 ( 1.000000000000000000, 0.9755874422747595753, 1.000000000000000000),
 ( 1.000000000000000000, 0.9823417584993320295, 1.000000000000000000),
 ( 1.000000000000000000, 0.9862701481334772424, 1.000000000000000000),
 ( 1.000000000000000000, 0.9911778991706321484, 1.000000000000000000),
 ( 1.000000000000000000, 0.9926488646693180096, 1.000000000000000000),
 ( 1.000000000000000000, 0.9952282896653309452, 1.000000000000000000),
 ( 1.000000000000000000, 0.9963357971059390028, 1.000000000000000000),
 ( 1.000000000000000000, 0.9990259895782701571, 1.000000000000000000),
 ( 1.000000000000000000, 0.9999969374880127715, 1.000000000000000000),
 ( 1.000000000000000000, 1.000000000000000000, 1.000000000000000000) ) ) 
 REPRESENTATION_ITEM ( '' )  SURFACE ( )  );
#1735 = CARTESIAN_POINT ( 'NONE',  ( -39.10441531830770145, 24.09166027811834709, 5.886200472901893299 ) ) ;
#1736 = CARTESIAN_POINT ( 'NONE',  ( -41.80970652846134072, 18.00508263899607897, 0.6709491434395679077 ) ) ;
#1737 = CARTESIAN_POINT ( 'NONE',  ( -38.98839216390451412, 24.13570186266206363, -5.249583721362014010 ) ) ;
#1738 = AXIS2_PLACEMENT_3D ( 'NONE', #356, #1157, #1197 ) ;
#1739 = CARTESIAN_POINT ( 'NONE',  ( 10.56979991489528814, 39.77921217297082990, -14.66772136468452814 ) ) ;
#1740 = CARTESIAN_POINT ( 'NONE',  ( -58.60756195844489014, 6.313385661606565336, -14.42951676045437992 ) ) ;
#1741 = CARTESIAN_POINT ( 'NONE',  ( 41.59576290474031168, 44.30801818821655047, -5.304032820326935571 ) ) ;
#1742 = CARTESIAN_POINT ( 'NONE',  ( -54.62456338554492419, 9.663882957876772650, -20.18153296664788243 ) ) ;
#1743 = ORIENTED_EDGE ( 'NONE', *, *, #1376, .F. ) ;
#1744 = CARTESIAN_POINT ( 'NONE',  ( 27.21453477702317514, 43.63473178214560733, 6.053099962112270305 ) ) ;
#1745 = CIRCLE ( 'NONE', #1922, 26.16057989992778943 ) ;
#1746 = DIRECTION ( 'NONE',  ( -0.4058374489394845908, 0.9139452746408242012, -0.000000000000000000 ) ) ;
#1747 = CARTESIAN_POINT ( 'NONE',  ( 15.04242440467066189, 40.63685182395981599, -14.69999999999979323 ) ) ;
#1748 = CARTESIAN_POINT ( 'NONE',  ( -34.15381606612524479, 25.23157212218834644, -12.58379776379707060 ) ) ;
#1749 = CARTESIAN_POINT ( 'NONE',  ( 19.15718581380139440, 30.20944879321481480, -14.70000000000000284 ) ) ;
#1750 = VERTEX_POINT ( 'NONE', #2461 ) ;
#1751 = EDGE_LOOP ( 'NONE', ( #1368, #1254, #2949, #2898 ) ) ;
#1752 = EDGE_LOOP ( 'NONE', ( #1240, #2296, #3654, #2964, #3606, #2862, #851 ) ) ;
#1753 = DIRECTION ( 'NONE',  ( 1.000000000000000000, 0.000000000000000000, 0.000000000000000000 ) ) ;
#1754 = CARTESIAN_POINT ( 'NONE',  ( 41.43337426380737298, 52.06583930419112960, -20.60878397050812794 ) ) ;
#1755 = EDGE_LOOP ( 'NONE', ( #2504, #3505, #2158, #1401 ) ) ;
#1756 = CARTESIAN_POINT ( 'NONE',  ( -52.93463686731065110, 9.554232269043801296, -14.70000000000004903 ) ) ;
#1757 = CIRCLE ( 'NONE', #2101, 32.16057989992781785 ) ;
#1758 = CARTESIAN_POINT ( 'NONE',  ( -26.60762421478019846, 26.79231448566386220, -21.35000000000000497 ) ) ;
#1759 = CARTESIAN_POINT ( 'NONE',  ( -44.03350300531606365, 14.51502129880026359, 8.699214510865738603 ) ) ;
#1760 = ADVANCED_FACE ( 'NONE', ( #128 ), #3065, .T. ) ;
#1761 = DIRECTION ( 'NONE',  ( 0.9139452746408240902, 0.4058374489394845908, 0.000000000000000000 ) ) ;
#1762 = CARTESIAN_POINT ( 'NONE',  ( 1.015350563102163761, 32.76689279739209582, -12.50000000000000355 ) ) ;
#1763 = CARTESIAN_POINT ( 'NONE',  ( -58.65393138758452096, 6.417809540577569472, -14.77490663812002758 ) ) ;
#1764 = LINE ( 'NONE', #1144, #2370 ) ;
#1765 = CARTESIAN_POINT ( 'NONE',  ( 14.45737535980886967, 45.40694055502255111, 12.49999999999999822 ) ) ;
#1766 = EDGE_CURVE ( 'NONE', #1058, #992, #1055, .T. ) ;
#1767 = ORIENTED_EDGE ( 'NONE', *, *, #664, .T. ) ;
#1768 = CARTESIAN_POINT ( 'NONE',  ( -40.07512402362267778, 15.34999566313661568, 11.06983587311141726 ) ) ;
#1769 = AXIS2_PLACEMENT_3D ( 'NONE', #1620, #3355, #2792 ) ;
#1770 = CARTESIAN_POINT ( 'NONE',  ( -41.13428656729413291, 4.515593258821247069, 9.479993024765278165 ) ) ;
#1771 = CARTESIAN_POINT ( 'NONE',  ( 10.67830133052749630, 41.58773338587562307, -14.38293797904221272 ) ) ;
#1772 = VECTOR ( 'NONE', #2199, 1000.000000000000000 ) ;
#1773 = CARTESIAN_POINT ( 'NONE',  ( -34.08880484406783040, 20.95603195612411795, -13.38461246862509846 ) ) ;
#1774 = ORIENTED_EDGE ( 'NONE', *, *, #1270, .T. ) ;
#1775 = ORIENTED_EDGE ( 'NONE', *, *, #409, .F. ) ;
#1776 = DIRECTION ( 'NONE',  ( 0.000000000000000000, 0.000000000000000000, 1.000000000000000000 ) ) ;
#1777 = CARTESIAN_POINT ( 'NONE',  ( -54.62456338554491708, 9.663882957876776203, -20.18153296664788243 ) ) ;
#1778 = ORIENTED_EDGE ( 'NONE', *, *, #3063, .F. ) ;
#1779 = CARTESIAN_POINT ( 'NONE',  ( 29.01407390828131838, 46.84096354634911563, -13.14809138725784265 ) ) ;
#1780 =( NAMED_UNIT ( * ) SI_UNIT ( $, .STERADIAN. ) SOLID_ANGLE_UNIT ( ) );
#1781 = CARTESIAN_POINT ( 'NONE',  ( 26.05313510543799538, 46.25613457099342440, -6.923041732767916123 ) ) ;
#1782 = FACE_OUTER_BOUND ( 'NONE', #33, .T. ) ;
#1783 = CARTESIAN_POINT ( 'NONE',  ( -2.569501288236065495, 15.63800383155555096, -12.50000000000000178 ) ) ;
#1784 = EDGE_CURVE ( 'NONE', #2323, #3522, #3280, .T. ) ;
#1785 = CARTESIAN_POINT ( 'NONE',  ( 22.96047548130977134, 46.07191170883315579, 2.567870184558469937 ) ) ;
#1786 = CARTESIAN_POINT ( 'NONE',  ( -38.52307837663764900, 14.44394108394210896, -9.999999999999987566 ) ) ;
#1787 = DIRECTION ( 'NONE',  ( -0.000000000000000000, -0.000000000000000000, 1.000000000000000000 ) ) ;
#1788 = ORIENTED_EDGE ( 'NONE', *, *, #306, .F. ) ;
#1789 = ADVANCED_FACE ( 'NONE', ( #3000 ), #408, .F. ) ;
#1790 = CARTESIAN_POINT ( 'NONE',  ( 41.78636521840741835, 51.27090424880252328, -15.51872271178585194 ) ) ;
#1791 = DIRECTION ( 'NONE',  ( -0.000000000000000000, -0.000000000000000000, 1.000000000000000000 ) ) ;
#1792 = CARTESIAN_POINT ( 'NONE',  ( -31.57076692900276882, 21.32077892193570889, -14.29807034922990105 ) ) ;
#1793 = VERTEX_POINT ( 'NONE', #998 ) ;
#1794 = CARTESIAN_POINT ( 'NONE',  ( 27.84725605255092873, 43.91569169897524461, 4.861194910053415974 ) ) ;
#1795 = CARTESIAN_POINT ( 'NONE',  ( -53.86532193802818824, 7.954072453492198491, -22.15000000000000568 ) ) ;
#1796 = VERTEX_POINT ( 'NONE', #1848 ) ;
#1797 = CARTESIAN_POINT ( 'NONE',  ( 22.26664893727503625, 43.74302023847857157, 10.84862869419611009 ) ) ;
#1798 = CARTESIAN_POINT ( 'NONE',  ( -39.32644920799455690, 23.19349325650574656, 5.815134633557730304 ) ) ;
#1799 = CARTESIAN_POINT ( 'NONE',  ( -42.15471477812604206, 2.986532526429284129, 8.049142725590343161 ) ) ;
#1800 = CARTESIAN_POINT ( 'NONE',  ( 41.07363097692298481, 45.48385844005809986, -6.498971300331097822 ) ) ;
#1801 = DIRECTION ( 'NONE',  ( 0.4058374489394845908, -0.9139452746408240902, 0.000000000000000000 ) ) ;
#1802 = CARTESIAN_POINT ( 'NONE',  ( 42.23223593086861172, 50.26680412986157620, -22.15000000000000213 ) ) ;
#1803 = LINE ( 'NONE', #904, #1992 ) ;
#1804 = CARTESIAN_POINT ( 'NONE',  ( 35.99488651384969273, 48.29704018589634984, -22.09571657778227660 ) ) ;
#1805 = AXIS2_PLACEMENT_3D ( 'NONE', #2696, #1179, #1753 ) ;
#1806 = CARTESIAN_POINT ( 'NONE',  ( 38.13641197290740337, 48.62468101762576111, -22.15000000000000213 ) ) ;
#1807 = DIRECTION ( 'NONE',  ( 0.000000000000000000, 0.000000000000000000, 1.000000000000000000 ) ) ;
#1808 = CARTESIAN_POINT ( 'NONE',  ( -2.569501288236065495, 15.63800383155555096, -14.70000000000000284 ) ) ;
#1809 = EDGE_CURVE ( 'NONE', #805, #274, #3018, .T. ) ;
#1810 = ADVANCED_FACE ( 'NONE', ( #1274, #1561 ), #2164, .F. ) ;
#1811 = ORIENTED_EDGE ( 'NONE', *, *, #594, .F. ) ;
#1812 = DIRECTION ( 'NONE',  ( 1.000000000000000000, 0.000000000000000000, 0.000000000000000000 ) ) ;
#1813 = CARTESIAN_POINT ( 'NONE',  ( -54.47456387178912252, 9.326084296975054144, -21.33246844851510460 ) ) ;
#1814 = EDGE_CURVE ( 'NONE', #3193, #2539, #2536, .T. ) ;
#1815 = ORIENTED_EDGE ( 'NONE', *, *, #2393, .F. ) ;
#1816 = CARTESIAN_POINT ( 'NONE',  ( -57.08532362205635735, 8.608521387665655666, -7.776864449427530523 ) ) ;
#1817 = LINE ( 'NONE', #2410, #2923 ) ;
#1818 = CARTESIAN_POINT ( 'NONE',  ( -38.18068511666664477, 11.01505077475286498, 13.69271204349416848 ) ) ;
#1819 = DIRECTION ( 'NONE',  ( -0.4058374489394851459, 0.9139452746408237571, 0.000000000000000000 ) ) ;
#1820 = CARTESIAN_POINT ( 'NONE',  ( 31.52868750824162092, 36.84030788815958601, 9.453868909480656058 ) ) ;
#1821 = DIRECTION ( 'NONE',  ( -0.000000000000000000, -0.000000000000000000, 1.000000000000000000 ) ) ;
#1822 = CARTESIAN_POINT ( 'NONE',  ( 35.78993416524732396, 48.75859254145433397, -21.87858288891134961 ) ) ;
#1823 = VECTOR ( 'NONE', #1503, 1000.000000000000000 ) ;
#1824 = CARTESIAN_POINT ( 'NONE',  ( 44.66324577345504565, 44.79217392002269094, -4.690180450726396444 ) ) ;
#1825 = DIRECTION ( 'NONE',  ( 1.000000000000000000, 0.000000000000000000, 0.000000000000000000 ) ) ;
#1826 = FACE_OUTER_BOUND ( 'NONE', #2938, .T. ) ;
#1827 = EDGE_LOOP ( 'NONE', ( #134, #622, #1920 ) ) ;
#1828 = AXIS2_PLACEMENT_3D ( 'NONE', #2183, #3084, #3399 ) ;
#1829 = CARTESIAN_POINT ( 'NONE',  ( 25.16830050272183783, 42.72610134128978387, 5.499999999999998224 ) ) ;
#1830 = EDGE_CURVE ( 'NONE', #3750, #3671, #2799, .T. ) ;
#1831 = CARTESIAN_POINT ( 'NONE',  ( -37.57450437646652119, 22.30218152664974696, 6.499999999999999112 ) ) ;
#1832 = ORIENTED_EDGE ( 'NONE', *, *, #1126, .F. ) ;
#1833 = CARTESIAN_POINT ( 'NONE',  ( 27.60978425612367460, 37.89695088733516570, 12.10000000000029985 ) ) ;
#1834 = ADVANCED_FACE ( 'NONE', ( #1952 ), #1035, .T. ) ;
#1835 = CARTESIAN_POINT ( 'NONE',  ( 25.16830050272183783, 42.72610134128978387, -10.00000000000000178 ) ) ;
#1836 = VECTOR ( 'NONE', #2608, 1000.000000000000000 ) ;
#1837 = CARTESIAN_POINT ( 'NONE',  ( 11.74812942619273137, 37.53278383560563469, -12.50000000000000178 ) ) ;
#1838 = CARTESIAN_POINT ( 'NONE',  ( -39.93780191907594457, 21.42803098830554731, 4.919670682272387907 ) ) ;
#1839 = CARTESIAN_POINT ( 'NONE',  ( 27.60978425612367460, 37.89695088733516570, 12.10000000000029985 ) ) ;
#1840 = PRODUCT ( 'Lid', 'Lid', '', ( #2469 ) ) ;
#1841 = CARTESIAN_POINT ( 'NONE',  ( 36.21372145420805566, 47.80422425629323868, -22.15000000000000213 ) ) ;
#1842 = DIRECTION ( 'NONE',  ( 0.9139452746408240902, 0.4058374489394845908, 0.000000000000000000 ) ) ;
#1843 = PLANE ( 'NONE',  #907 ) ;
#1844 = FACE_BOUND ( 'NONE', #3387, .T. ) ;
#1845 = AXIS2_PLACEMENT_3D ( 'NONE', #2155, #1282, #2450 ) ;
#1846 = ORIENTED_EDGE ( 'NONE', *, *, #478, .T. ) ;
#1847 = CARTESIAN_POINT ( 'NONE',  ( -53.17242367465805586, 1.465585251300474789, -4.763113553810297773 ) ) ;
#1848 = CARTESIAN_POINT ( 'NONE',  ( 37.08897268481051412, 49.52922098958308084, -14.70000000000000284 ) ) ;
#1849 = ORIENTED_EDGE ( 'NONE', *, *, #590, .T. ) ;
#1850 = CIRCLE ( 'NONE', #3487, 17.50000000000000000 ) ;
#1851 = DIRECTION ( 'NONE',  ( 0.9139452746408236461, 0.4058374489394851459, 0.000000000000000000 ) ) ;
#1852 = CARTESIAN_POINT ( 'NONE',  ( -53.36499559763959155, 9.476359253755827439, -0.5908381657492564054 ) ) ;
#1853 = CARTESIAN_POINT ( 'NONE',  ( 26.89023732372059072, 46.21157288906420746, -10.30686996727286164 ) ) ;
#1854 = EDGE_CURVE ( 'NONE', #1383, #236, #2506, .T. ) ;
#1855 = CARTESIAN_POINT ( 'NONE',  ( -12.89957560074914156, 29.04982326294557637, -21.35000000000000497 ) ) ;
#1856 = ORIENTED_EDGE ( 'NONE', *, *, #2239, .F. ) ;
#1857 = CARTESIAN_POINT ( 'NONE',  ( -56.37218366424116311, 8.671439541253748828, -19.90226640499234279 ) ) ;
#1858 = CARTESIAN_POINT ( 'NONE',  ( -43.73804828540073686, 14.09874361781153063, 3.179029725595606148 ) ) ;
#1859 = FACE_OUTER_BOUND ( 'NONE', #2897, .T. ) ;
#1860 = VERTEX_POINT ( 'NONE', #468 ) ;
#1861 = CARTESIAN_POINT ( 'NONE',  ( -58.98588879640121263, 7.165377085078076469, -21.25715251441831199 ) ) ;
#1862 = CARTESIAN_POINT ( 'NONE',  ( -58.68969166326800035, 6.498341623228315100, -21.91692808353571564 ) ) ;
#1863 = ORIENTED_EDGE ( 'NONE', *, *, #2194, .T. ) ;
#1864 = DIRECTION ( 'NONE',  ( -0.4058374489394845352, 0.9139452746408239792, -0.000000000000000000 ) ) ;
#1865 = B_SPLINE_SURFACE_WITH_KNOTS ( 'NONE', 3, 1, ( 
 ( #2548, #246 ),
 ( #2776, #1642 ),
 ( #3061, #3699 ),
 ( #1068, #447 ),
 ( #783, #3357 ),
 ( #1031, #1894 ),
 ( #746, #1622 ),
 ( #171, #1966 ),
 ( #1336, #2197 ),
 ( #2231, #1946 ),
 ( #3115, #520 ),
 ( #1394, #503 ),
 ( #1679, #1663 ),
 ( #2512, #2568 ),
 ( #2833, #228 ),
 ( #2814, #2492 ),
 ( #2251, #729 ),
 ( #3719, #1105 ),
 ( #1374, #3661 ),
 ( #1319, #1087 ) ),
 .UNSPECIFIED., .F., .F., .F.,
 ( 4, 2, 2, 2, 2, 2, 2, 2, 2, 4 ),
 ( 2, 2 ),
 ( 0.000000000000000000, 0.1250000000000002220, 0.1875000000000003331, 0.2500000000000004441, 0.3125000000000005551, 0.3750000000000006661, 0.5000000000000005551, 0.6250000000000004441, 0.7500000000000003331, 1.000000000000000000 ),
 ( 0.000000000000000000, 1.000000000000000000 ),
 .UNSPECIFIED. ) ;
#1866 = ORIENTED_EDGE ( 'NONE', *, *, #1007, .F. ) ;
#1867 = CARTESIAN_POINT ( 'NONE',  ( -43.76806440236964590, 15.70692046342671588, -4.275489282271001557 ) ) ;
#1868 = CARTESIAN_POINT ( 'NONE',  ( -37.61237716010476362, 5.000921265356233825, -9.999999999999987566 ) ) ;
#1869 = VERTEX_POINT ( 'NONE', #2049 ) ;
#1870 = CARTESIAN_POINT ( 'NONE',  ( -39.75967589773426880, 21.88509966432222953, 5.233758971840778429 ) ) ;
#1871 =( LENGTH_UNIT ( ) NAMED_UNIT ( * ) SI_UNIT ( .MILLI., .METRE. ) );
#1872 = EDGE_CURVE ( 'NONE', #3213, #3424, #2386, .T. ) ;
#1873 = ORIENTED_EDGE ( 'NONE', *, *, #2398, .F. ) ;
#1874 = PRESENTATION_LAYER_ASSIGNMENT (  '', '', ( #3665 ) ) ;
#1875 = CARTESIAN_POINT ( 'NONE',  ( 42.70694627898824081, 49.19775719831782368, -10.16385972408563632 ) ) ;
#1876 = DIRECTION ( 'NONE',  ( -0.9139452746408239792, -0.4058374489394845908, 0.000000000000000000 ) ) ;
#1877 = EDGE_CURVE ( 'NONE', #76, #3034, #3473, .T. ) ;
#1878 = DIRECTION ( 'NONE',  ( 0.4058374489394894757, -0.9139452746408218697, 0.000000000000000000 ) ) ;
#1879 = AXIS2_PLACEMENT_3D ( 'NONE', #1049, #1067, #2813 ) ;
#1880 = ORIENTED_EDGE ( 'NONE', *, *, #3379, .T. ) ;
#1881 = CARTESIAN_POINT ( 'NONE',  ( -56.28374624001246218, 8.472278605794359763, -18.17021021794818481 ) ) ;
#1882 = CARTESIAN_POINT ( 'NONE',  ( -58.41687393669333517, 5.883956546905958263, -22.13507565770812491 ) ) ;
#1883 = ORIENTED_EDGE ( 'NONE', *, *, #2628, .T. ) ;
#1884 = CARTESIAN_POINT ( 'NONE',  ( 15.77020307436315782, 48.34746555357263986, 5.955007691441527307 ) ) ;
#1885 = CIRCLE ( 'NONE', #1084, 1.599999999999997868 ) ;
#1886 = ORIENTED_EDGE ( 'NONE', *, *, #1570, .T. ) ;
#1887 = CARTESIAN_POINT ( 'NONE',  ( -33.49962342422105621, 6.827189785583904325, -12.50000000000000178 ) ) ;
#1888 = EDGE_LOOP ( 'NONE', ( #337, #110, #1003, #3305 ) ) ;
#1889 = CARTESIAN_POINT ( 'NONE',  ( -51.79227987455450233, -1.295665306639499192, -2.957127002700945084 ) ) ;
#1890 = CARTESIAN_POINT ( 'NONE',  ( 11.74812942619272782, 37.53278383560562759, -12.50000000000000178 ) ) ;
#1891 = AXIS2_PLACEMENT_3D ( 'NONE', #2654, #2887, #1389 ) ;
#1892 = CARTESIAN_POINT ( 'NONE',  ( 43.85077642599189574, 46.62185356847793827, -6.414099916740265250 ) ) ;
#1893 = DIRECTION ( 'NONE',  ( -1.000000000000000000, 0.000000000000000000, 0.000000000000000000 ) ) ;
#1894 = CARTESIAN_POINT ( 'NONE',  ( -53.45454565790428347, 2.100923498507512477, -5.304032820324579234 ) ) ;
#1895 = EDGE_CURVE ( 'NONE', #1869, #2444, #22, .T. ) ;
#1896 = LINE ( 'NONE', #2424, #42 ) ;
#1897 = CARTESIAN_POINT ( 'NONE',  ( 38.67087024893248071, 50.89487168976663867, -20.04434947234183539 ) ) ;
#1898 = CARTESIAN_POINT ( 'NONE',  ( 5.275707425622200297, 40.95010963561703932, -14.70000000000000284 ) ) ;
#1899 = VERTEX_POINT ( 'NONE', #2218 ) ;
#1900 = CARTESIAN_POINT ( 'NONE',  ( -34.51128129191275207, 25.36247651905448208, -12.29380358345207114 ) ) ;
#1901 = ORIENTED_EDGE ( 'NONE', *, *, #451, .F. ) ;
#1902 = CARTESIAN_POINT ( 'NONE',  ( -8.049818085922090916, 18.12817723098731193, -14.70000000000000284 ) ) ;
#1903 = CARTESIAN_POINT ( 'NONE',  ( 26.82003746180137682, 46.16400323794121618, -10.76529401008732378 ) ) ;
#1904 = EDGE_LOOP ( 'NONE', ( #198, #3459 ) ) ;
#1905 = CARTESIAN_POINT ( 'NONE',  ( 37.31357477666733757, 49.02341744418973235, -22.04034254983878682 ) ) ;
#1906 = CARTESIAN_POINT ( 'NONE',  ( 18.52481337176013554, 47.12109418415488449, 4.674482779606390359 ) ) ;
#1907 = CARTESIAN_POINT ( 'NONE',  ( -56.34363630898815956, 1.215028782846323097, -5.621887711142937505 ) ) ;
#1908 = CARTESIAN_POINT ( 'NONE',  ( -43.36417454165676588, 15.09254873890954585, 2.718236881720794695 ) ) ;
#1909 = LINE ( 'NONE', #2213, #1279 ) ;
#1910 = CARTESIAN_POINT ( 'NONE',  ( -2.569501288236065495, 15.63800383155555096, -12.50000000000000178 ) ) ;
#1911 = CARTESIAN_POINT ( 'NONE',  ( -38.21138178719894540, 18.20695720823076158, -10.85346938525981741 ) ) ;
#1912 = DIRECTION ( 'NONE',  ( 0.000000000000000000, 0.000000000000000000, 1.000000000000000000 ) ) ;
#1913 = CARTESIAN_POINT ( 'NONE',  ( -33.49962342422106332, 6.827189785583909654, 12.49999999999999822 ) ) ;
#1914 = CIRCLE ( 'NONE', #2594, 37.50000000000000711 ) ;
#1915 = EDGE_LOOP ( 'NONE', ( #1670, #495, #3648, #3484 ) ) ;
#1916 = ORIENTED_EDGE ( 'NONE', *, *, #1962, .F. ) ;
#1917 = EDGE_CURVE ( 'NONE', #1543, #271, #748, .T. ) ;
#1918 = CARTESIAN_POINT ( 'NONE',  ( -43.72712929364048051, 14.94132571708415469, -12.58453555237096744 ) ) ;
#1919 = CARTESIAN_POINT ( 'NONE',  ( -41.02062837602960599, 15.74205018584234317, -4.899323521369687739 ) ) ;
#1920 = ORIENTED_EDGE ( 'NONE', *, *, #3295, .F. ) ;
#1921 = CARTESIAN_POINT ( 'NONE',  ( 35.94265686470611598, 48.41466127078051329, -22.04034254983878682 ) ) ;
#1922 = AXIS2_PLACEMENT_3D ( 'NONE', #2301, #2016, #41 ) ;
#1923 = CARTESIAN_POINT ( 'NONE',  ( -58.41726554025838425, 5.884838437497225350, -22.15000000000000568 ) ) ;
#1924 = CARTESIAN_POINT ( 'NONE',  ( -15.77235263888314343, 47.39760212532419814, 6.499999999999999112 ) ) ;
#1925 = CARTESIAN_POINT ( 'NONE',  ( 21.71916177519280211, 45.17016046035953281, -12.09125134530267864 ) ) ;
#1926 = CARTESIAN_POINT ( 'NONE',  ( 14.45737535980886967, 45.40694055502255111, 6.499999999999999112 ) ) ;
#1927 = CIRCLE ( 'NONE', #1266, 3.000000000000012879 ) ;
#1928 = CARTESIAN_POINT ( 'NONE',  ( -14.32000667203733713, 32.24863172418845636, -21.35000000000000497 ) ) ;
#1929 = FACE_OUTER_BOUND ( 'NONE', #2184, .T. ) ;
#1930 = DIRECTION ( 'NONE',  ( -0.9139452746408238681, -0.4058374489394846463, 0.000000000000000000 ) ) ;
#1931 = CARTESIAN_POINT ( 'NONE',  ( -39.31976202578383806, 8.176882218670860070, 12.10000000000029985 ) ) ;
#1932 = DIRECTION ( 'NONE',  ( 0.9139452746408173178, 0.4058374489394999118, 2.606491395500544889E-15 ) ) ;
#1933 = EDGE_LOOP ( 'NONE', ( #1530, #1444, #2423, #2596 ) ) ;
#1934 = AXIS2_PLACEMENT_3D ( 'NONE', #486, #3118, #2233 ) ;
#1935 = ORIENTED_EDGE ( 'NONE', *, *, #962, .F. ) ;
#1936 = EDGE_CURVE ( 'NONE', #3688, #758, #1628, .T. ) ;
#1937 = CARTESIAN_POINT ( 'NONE',  ( 39.43229754856037772, 49.18013864998454210, -22.15000000000000213 ) ) ;
#1938 = CARTESIAN_POINT ( 'NONE',  ( -38.15706387023050183, 24.83368780388303065, -7.693043215736759421 ) ) ;
#1939 = ORIENTED_EDGE ( 'NONE', *, *, #1830, .F. ) ;
#1940 = DIRECTION ( 'NONE',  ( 0.9139452746408236461, 0.4058374489394851459, 0.000000000000000000 ) ) ;
#1941 = EDGE_CURVE ( 'NONE', #355, #1976, #95, .T. ) ;
#1942 = CARTESIAN_POINT ( 'NONE',  ( -53.25660106231306656, 10.27929511229603676, -20.32003280568761028 ) ) ;
#1943 = CARTESIAN_POINT ( 'NONE',  ( 29.64191611244012847, 37.28353175912673123, 10.79557143702294475 ) ) ;
#1944 = CARTESIAN_POINT ( 'NONE',  ( -2.569501288236065495, 15.63800383155555096, -14.70000000000000284 ) ) ;
#1945 = LINE ( 'NONE', #3412, #2619 ) ;
#1946 = CARTESIAN_POINT ( 'NONE',  ( -54.21831487619965628, 3.820930535318086907, -7.148619964647012992 ) ) ;
#1947 = ORIENTED_EDGE ( 'NONE', *, *, #2488, .T. ) ;
#1948 = AXIS2_PLACEMENT_3D ( 'NONE', #221, #1079, #794 ) ;
#1949 = DIRECTION ( 'NONE',  ( 0.000000000000000000, 0.000000000000000000, 1.000000000000000000 ) ) ;
#1950 = CARTESIAN_POINT ( 'NONE',  ( 18.17706038865896190, 42.02878710323130207, -14.69999999999948237 ) ) ;
#1951 = FACE_OUTER_BOUND ( 'NONE', #2344, .T. ) ;
#1952 = FACE_OUTER_BOUND ( 'NONE', #1955, .T. ) ;
#1953 = CARTESIAN_POINT ( 'NONE',  ( -16.67235263888314378, 47.39760212532419814, 6.499999999999999112 ) ) ;
#1954 = ORIENTED_EDGE ( 'NONE', *, *, #1814, .F. ) ;
#1955 = EDGE_LOOP ( 'NONE', ( #1635, #2744, #37, #2748 ) ) ;
#1956 = CARTESIAN_POINT ( 'NONE',  ( 39.37522419111169825, 49.30866775809028724, -22.13507550033143190 ) ) ;
#1957 = FACE_OUTER_BOUND ( 'NONE', #3332, .T. ) ;
#1958 = ORIENTED_EDGE ( 'NONE', *, *, #3300, .T. ) ;
#1959 = CARTESIAN_POINT ( 'NONE',  ( 37.52920631734556878, 48.53781556545386167, -22.15000000000000924 ) ) ;
#1960 = B_SPLINE_CURVE_WITH_KNOTS ( 'NONE', 3,
 ( #3236, #3431, #1145, #2310, #2024, #2912, #621, #2957, #821, #3151, #537, #2871, #3192, #1460, #2631, #1633, #925, #2786, #3071, #3557 ),
 .UNSPECIFIED., .F., .F.,
 ( 4, 2, 2, 2, 2, 2, 2, 2, 2, 4 ),
 ( 0.000000000000000000, 0.0008797332542448247934, 0.001759466508489649587, 0.002639199762734474163, 0.003518933016979299173, 0.005278399525468956133, 0.007037866033958613959, 0.008797332542448271786, 0.01055679905093792788, 0.01407573206791725047 ),
 .UNSPECIFIED. ) ;
#1961 = CARTESIAN_POINT ( 'NONE',  ( 15.71751434961576877, 48.37689597928962826, -4.459276188112418993 ) ) ;
#1962 = EDGE_CURVE ( 'NONE', #809, #2345, #2998, .T. ) ;
#1963 = CARTESIAN_POINT ( 'NONE',  ( 25.33472322735962479, 45.65427939859543471, 9.131345617626726252 ) ) ;
#1964 = CARTESIAN_POINT ( 'NONE',  ( -57.77718211424106443, 4.443371603637683798, -9.955074043243403281 ) ) ;
#1965 = CARTESIAN_POINT ( 'NONE',  ( -54.65802857590765740, 9.761573744093158922, -22.15000000000000568 ) ) ;
#1966 = CARTESIAN_POINT ( 'NONE',  ( -53.85116980708383494, 2.994120437080659336, -6.186740534177774364 ) ) ;
#1967 = VERTEX_POINT ( 'NONE', #27 ) ;
#1968 = FACE_OUTER_BOUND ( 'NONE', #2678, .T. ) ;
#1969 = CARTESIAN_POINT ( 'NONE',  ( 19.33403227298574478, 42.54254053142695113, -14.69999999999932427 ) ) ;
#1970 = CARTESIAN_POINT ( 'NONE',  ( 21.25514934874665940, 46.07591059829352531, -7.969297853621423400 ) ) ;
#1971 = CARTESIAN_POINT ( 'NONE',  ( 14.66582852436970441, 48.23048107976796217, -7.390227436427537988 ) ) ;
#1972 = VERTEX_POINT ( 'NONE', #2516 ) ;
#1973 = EDGE_LOOP ( 'NONE', ( #1132, #1272, #3692, #3747 ) ) ;
#1974 = CARTESIAN_POINT ( 'NONE',  ( -36.67450437646652261, 22.30218152664974696, 6.499999999999999112 ) ) ;
#1975 = DIRECTION ( 'NONE',  ( -1.000000000000000000, 0.000000000000000000, -0.000000000000000000 ) ) ;
#1976 = VERTEX_POINT ( 'NONE', #1931 ) ;
#1977 = CARTESIAN_POINT ( 'NONE',  ( 45.64787551782961117, 41.83615212117290838, -5.752320920827449058 ) ) ;
#1978 = CIRCLE ( 'NONE', #2457, 37.50000000000002132 ) ;
#1979 = CARTESIAN_POINT ( 'NONE',  ( 17.08997029916596588, 47.68800956563541149, 5.579354653944391451 ) ) ;
#1980 = EDGE_CURVE ( 'NONE', #2997, #3481, #2335, .T. ) ;
#1981 = CARTESIAN_POINT ( 'NONE',  ( -57.78326217477780347, 4.457063890073066581, -9.980276279245046567 ) ) ;
#1982 = CARTESIAN_POINT ( 'NONE',  ( -36.67450437646652261, 22.30218152664974696, 6.499999999999999112 ) ) ;
#1983 = CARTESIAN_POINT ( 'NONE',  ( -52.70924456404459590, 9.046649168842670008, -22.04106919000454923 ) ) ;
#1984 = EDGE_CURVE ( 'NONE', #1212, #1796, #1257, .T. ) ;
#1985 = CARTESIAN_POINT ( 'NONE',  ( -42.18876826219061371, 17.20137851231360315, -7.076257509165703397 ) ) ;
#1986 = FACE_OUTER_BOUND ( 'NONE', #2076, .T. ) ;
#1987 = CARTESIAN_POINT ( 'NONE',  ( -38.57899523247428419, 17.61521565209142537, -10.65124612575834639 ) ) ;
#1988 = CARTESIAN_POINT ( 'NONE',  ( 35.54636112930145231, 49.30711862206702989, -16.43407739999296524 ) ) ;
#1989 = EDGE_LOOP ( 'NONE', ( #3712, #3312, #3383, #2350 ) ) ;
#1990 = EDGE_LOOP ( 'NONE', ( #3439, #2145, #2713 ) ) ;
#1991 = CARTESIAN_POINT ( 'NONE',  ( 38.67812489840452628, 50.87853423096019867, -19.90226640499236055 ) ) ;
#1992 = VECTOR ( 'NONE', #329, 1000.000000000000114 ) ;
#1993 = DIRECTION ( 'NONE',  ( -0.000000000000000000, -0.000000000000000000, 1.000000000000000000 ) ) ;
#1994 = ORIENTED_EDGE ( 'NONE', *, *, #1226, .T. ) ;
#1995 = DIRECTION ( 'NONE',  ( -0.000000000000000000, -0.000000000000000000, 1.000000000000000000 ) ) ;
#1996 = CARTESIAN_POINT ( 'NONE',  ( -27.94872543072891702, 9.292066341663780094, -14.70000000000000284 ) ) ;
#1997 = CARTESIAN_POINT ( 'NONE',  ( 26.63061294214716312, 43.37544125959296082, -10.00000000000000178 ) ) ;
#1998 = CARTESIAN_POINT ( 'NONE',  ( 27.35852510375189794, 33.85125395121919212, 5.499999999999998224 ) ) ;
#1999 = AXIS2_PLACEMENT_3D ( 'NONE', #1682, #466, #3682 ) ;
#2000 = CARTESIAN_POINT ( 'NONE',  ( -58.30174427962204931, 5.624684746518195944, -22.15000000000000213 ) ) ;
#2001 = CARTESIAN_POINT ( 'NONE',  ( -54.60851142150124105, 9.664067005721854287, -20.04617745343209378 ) ) ;
#2002 = DIRECTION ( 'NONE',  ( -0.000000000000000000, -0.000000000000000000, 1.000000000000000000 ) ) ;
#2003 = B_SPLINE_CURVE_WITH_KNOTS ( 'NONE', 3,
 ( #678, #154, #949, #1252 ),
 .UNSPECIFIED., .F., .F.,
 ( 4, 4 ),
 ( 2.838738158946499982E-07, 0.005859864638565007514 ),
 .UNSPECIFIED. ) ;
#2004 = DIRECTION ( 'NONE',  ( -0.000000000000000000, -0.000000000000000000, 1.000000000000000000 ) ) ;
#2005 = CARTESIAN_POINT ( 'NONE',  ( 15.52337310527502723, 43.11544111528328926, -12.87486597965694912 ) ) ;
#2006 = AXIS2_PLACEMENT_3D ( 'NONE', #3327, #2729, #2442 ) ;
#2007 = CARTESIAN_POINT ( 'NONE',  ( -40.53979512450029432, 15.95556421734821839, -14.70000000000015739 ) ) ;
#2008 = ADVANCED_FACE ( 'NONE', ( #1192 ), #1483, .T. ) ;
#2009 = CARTESIAN_POINT ( 'NONE',  ( -17.68013668945612693, 24.46516066551942359, -12.50000000000000355 ) ) ;
#2010 = EDGE_LOOP ( 'NONE', ( #985, #3595, #1731, #3706, #120, #2788, #1832 ) ) ;
#2011 = ORIENTED_EDGE ( 'NONE', *, *, #3336, .T. ) ;
#2012 = EDGE_LOOP ( 'NONE', ( #2920, #2967, #2501 ) ) ;
#2013 = FACE_OUTER_BOUND ( 'NONE', #3068, .T. ) ;
#2014 = LINE ( 'NONE', #3224, #3649 ) ;
#2015 = ORIENTED_EDGE ( 'NONE', *, *, #1551, .F. ) ;
#2016 = DIRECTION ( 'NONE',  ( 0.000000000000000000, 0.000000000000000000, -1.000000000000000000 ) ) ;
#2017 = CARTESIAN_POINT ( 'NONE',  ( -46.89637238145373033, 13.13292574048486827, -13.14809138725783555 ) ) ;
#2018 = CARTESIAN_POINT ( 'NONE',  ( 24.78038560090257292, 46.23609952539264611, -3.700000000000003730 ) ) ;
#2019 = CARTESIAN_POINT ( 'NONE',  ( 41.59576290474029747, 44.30801818821654336, -5.304032820326935571 ) ) ;
#2020 = CARTESIAN_POINT ( 'NONE',  ( 10.85994239481946977, 43.04855624386452462, -13.95231913421407022 ) ) ;
#2021 = CARTESIAN_POINT ( 'NONE',  ( -55.55990845569955638, 6.842197093336658931, -22.15000000000000213 ) ) ;
#2022 = FACE_OUTER_BOUND ( 'NONE', #2560, .T. ) ;
#2023 = B_SPLINE_CURVE_WITH_KNOTS ( 'NONE', 3,
 ( #3510, #2888, #2953, #1496, #921, #2372, #1737, #2908, #82, #301 ),
 .UNSPECIFIED., .F., .F.,
 ( 4, 2, 2, 2, 4 ),
 ( 0.06668148479368082859, 0.06783866790303225147, 0.06899585101238366047, 0.07015303412173506947, 0.07131021723108649235 ),
 .UNSPECIFIED. ) ;
#2024 = CARTESIAN_POINT ( 'NONE',  ( 16.98365409314454411, 47.73515851544341615, 5.627284495805120912 ) ) ;
#2025 = ORIENTED_EDGE ( 'NONE', *, *, #1687, .F. ) ;
#2026 = DIRECTION ( 'NONE',  ( 0.9139452746408237571, 0.4058374489394851459, 0.000000000000000000 ) ) ;
#2027 = AXIS2_PLACEMENT_3D ( 'NONE', #3447, #1801, #3251 ) ;
#2028 = CARTESIAN_POINT ( 'NONE',  ( 20.20712425730743789, 46.50654001240308588, 5.500000000000000000 ) ) ;
#2029 = LINE ( 'NONE', #3240, #1823 ) ;
#2030 = CARTESIAN_POINT ( 'NONE',  ( -40.90058625493809785, 15.79535489624409372, -14.69999999999958185 ) ) ;
#2031 = LINE ( 'NONE', #32, #931 ) ;
#2032 = EDGE_LOOP ( 'NONE', ( #932, #307, #915, #3619 ) ) ;
#2033 = ORIENTED_EDGE ( 'NONE', *, *, #1431, .F. ) ;
#2034 = VERTEX_POINT ( 'NONE', #1997 ) ;
#2035 = DIRECTION ( 'NONE',  ( -0.000000000000000000, -0.000000000000000000, 1.000000000000000000 ) ) ;
#2036 = EDGE_CURVE ( 'NONE', #2876, #2273, #890, .T. ) ;
#2037 = CARTESIAN_POINT ( 'NONE',  ( 41.65803336254065670, 51.55990737940474844, -21.58258955986390148 ) ) ;
#2038 = ORIENTED_EDGE ( 'NONE', *, *, #1427, .T. ) ;
#2039 = CARTESIAN_POINT ( 'NONE',  ( -3.788768861191851745, 33.09547749143940365, -21.35000000000000497 ) ) ;
#2040 = ADVANCED_FACE ( 'NONE', ( #3110 ), #1419, .F. ) ;
#2041 = DIRECTION ( 'NONE',  ( -0.4058374489394843687, 0.9139452746408240902, 0.000000000000000000 ) ) ;
#2042 = CARTESIAN_POINT ( 'NONE',  ( -38.85007910133524689, 9.255661974868679920, 12.77124631240570807 ) ) ;
#2043 = CARTESIAN_POINT ( 'NONE',  ( 43.94097457948338814, 46.41872747360777396, -6.186740534180149353 ) ) ;
#2044 = CARTESIAN_POINT ( 'NONE',  ( 35.10163564237019784, 33.13178442673525836, -13.14809138724559645 ) ) ;
#2045 = CARTESIAN_POINT ( 'NONE',  ( 20.19351332414759526, 46.53719181173162411, 5.279603391703467707 ) ) ;
#2046 = CARTESIAN_POINT ( 'NONE',  ( 41.46020626475350213, 44.61329152089168559, -5.589275444334039555 ) ) ;
#2047 = CARTESIAN_POINT ( 'NONE',  ( -52.99057044985148224, 9.680194605911685457, -21.62526650690073637 ) ) ;
#2048 = VERTEX_POINT ( 'NONE', #816 ) ;
#2049 = CARTESIAN_POINT ( 'NONE',  ( 16.25737535980886861, 45.40694055502255111, 6.499999999999999112 ) ) ;
#2050 = AXIS2_PLACEMENT_3D ( 'NONE', #3184, #1183, #2351 ) ;
#2051 = CARTESIAN_POINT ( 'NONE',  ( 38.95028322163599910, 50.95631942909588474, -19.88224448138241129 ) ) ;
#2052 = CARTESIAN_POINT ( 'NONE',  ( -42.72722663998544590, 12.57708881882047258, -9.999999999999987566 ) ) ;
#2053 = CARTESIAN_POINT ( 'NONE',  ( -32.67733268827706183, 24.51377831567151588, -13.55757678511063524 ) ) ;
#2054 = PLANE ( 'NONE',  #2090 ) ;
#2055 = ORIENTED_EDGE ( 'NONE', *, *, #641, .T. ) ;
#2056 = ORIENTED_EDGE ( 'NONE', *, *, #1295, .T. ) ;
#2057 = DIRECTION ( 'NONE',  ( 1.000000000000000000, 0.000000000000000000, 0.000000000000000000 ) ) ;
#2058 = CARTESIAN_POINT ( 'NONE',  ( 42.11706001503415564, 50.52618010490873246, -22.13507550033143190 ) ) ;
#2059 = ORIENTED_EDGE ( 'NONE', *, *, #3318, .F. ) ;
#2060 = EDGE_CURVE ( 'NONE', #975, #1630, #3168, .T. ) ;
#2061 = CARTESIAN_POINT ( 'NONE',  ( -47.91935073992449645, 32.15467414824330916, -9.999999999999987566 ) ) ;
#2062 = FACE_BOUND ( 'NONE', #3479, .T. ) ;
#2063 = B_SPLINE_CURVE_WITH_KNOTS ( 'NONE', 3,
 ( #2787, #132, #2429, #1280 ),
 .UNSPECIFIED., .F., .F.,
 ( 4, 4 ),
 ( 0.01355388498470739070, 0.01385245467680430546 ),
 .UNSPECIFIED. ) ;
#2064 = EDGE_CURVE ( 'NONE', #1037, #1568, #850, .T. ) ;
#2065 = CARTESIAN_POINT ( 'NONE',  ( 41.41996072232701209, 52.09604657777866521, -19.90226640499236055 ) ) ;
#2066 = CARTESIAN_POINT ( 'NONE',  ( 12.02977618795230264, 46.59187042385642741, -11.53703843314777622 ) ) ;
#2067 = CARTESIAN_POINT ( 'NONE',  ( 20.39993158980838217, 46.54675246549906831, 4.420981497112009606 ) ) ;
#2068 = PLANE ( 'NONE',  #2298 ) ;
#2069 = CARTESIAN_POINT ( 'NONE',  ( -2.569501288236065495, 15.63800383155555096, -21.35000000000000497 ) ) ;
#2070 = VERTEX_POINT ( 'NONE', #1410 ) ;
#2071 = AXIS2_PLACEMENT_3D ( 'NONE', #1502, #1746, #2893 ) ;
#2072 = DIRECTION ( 'NONE',  ( -0.6463027959179772353, -0.2869907916979924645, -0.7070565617184844109 ) ) ;
#2073 = CARTESIAN_POINT ( 'NONE',  ( 11.39499481811282067, 39.01721051755601621, -14.70000000000000462 ) ) ;
#2074 = CIRCLE ( 'NONE', #3232, 26.50000000000001421 ) ;
#2075 = CARTESIAN_POINT ( 'NONE',  ( -31.59028522698315555, 23.84711575121217919, -14.08729076397871616 ) ) ;
#2076 = EDGE_LOOP ( 'NONE', ( #2825, #990, #3031, #2110, #1994 ) ) ;
#2077 = AXIS2_PLACEMENT_3D ( 'NONE', #494, #475, #1711 ) ;
#2078 = FACE_OUTER_BOUND ( 'NONE', #2032, .T. ) ;
#2079 = CARTESIAN_POINT ( 'NONE',  ( 29.01407390828131838, 46.84096354634911563, -13.14809138725784443 ) ) ;
#2080 = ORIENTED_EDGE ( 'NONE', *, *, #3662, .F. ) ;
#2081 = DIRECTION ( 'NONE',  ( 0.9139452746408239792, 0.4058374489394845352, 0.000000000000000000 ) ) ;
#2082 = FACE_OUTER_BOUND ( 'NONE', #179, .T. ) ;
#2083 = CARTESIAN_POINT ( 'NONE',  ( -39.89355348841895221, 6.921599009067596953, 11.27755086098584414 ) ) ;
#2084 = CARTESIAN_POINT ( 'NONE',  ( 42.11384071842279297, 50.53342995563912865, -13.13716398707653887 ) ) ;
#2085 = CARTESIAN_POINT ( 'NONE',  ( 16.47502445243485880, 47.97176552403144001, 5.814741186130311767 ) ) ;
#2086 = CARTESIAN_POINT ( 'NONE',  ( 42.00339335391338125, 50.78215724079746707, -22.09140509696123189 ) ) ;
#2087 = DIRECTION ( 'NONE',  ( -0.4058374489394851459, 0.9139452746408237571, 0.000000000000000000 ) ) ;
#2088 = EDGE_CURVE ( 'NONE', #1131, #2538, #3541, .T. ) ;
#2089 = CARTESIAN_POINT ( 'NONE',  ( -44.15687664426683767, 14.68920322782654608, -12.21260670499416712 ) ) ;
#2090 = AXIS2_PLACEMENT_3D ( 'NONE', #2571, #2918, #313 ) ;
#2091 = ORIENTED_EDGE ( 'NONE', *, *, #620, .T. ) ;
#2092 = CARTESIAN_POINT ( 'NONE',  ( -40.17609092436586593, 6.244929236808294704, 10.87640409471926617 ) ) ;
#2093 = CARTESIAN_POINT ( 'NONE',  ( 12.21122835445141597, 39.37965906378969549, -14.70000000000021245 ) ) ;
#2094 = ADVANCED_FACE ( 'NONE', ( #532 ), #278, .F. ) ;
#2095 = CARTESIAN_POINT ( 'NONE',  ( -36.96143920993306864, 19.56451169064734685, -11.70302481599304123 ) ) ;
#2096 = VERTEX_POINT ( 'NONE', #2303 ) ;
#2097 = CARTESIAN_POINT ( 'NONE',  ( 37.08897268481053544, 49.52922098958309505, -14.70000000000000462 ) ) ;
#2098 = CARTESIAN_POINT ( 'NONE',  ( 39.10232276435104382, 49.92324132709529749, -21.91673915299397279 ) ) ;
#2099 = ORIENTED_EDGE ( 'NONE', *, *, #3300, .F. ) ;
#2100 = CARTESIAN_POINT ( 'NONE',  ( 20.69021513749941832, 45.08525859027008664, 10.09675291899050542 ) ) ;
#2101 = AXIS2_PLACEMENT_3D ( 'NONE', #2593, #2822, #2558 ) ;
#2102 = CARTESIAN_POINT ( 'NONE',  ( -46.89637238145410691, 13.13292574048471195, -13.14809138725854787 ) ) ;
#2103 = CARTESIAN_POINT ( 'NONE',  ( -40.07358145289561691, 21.09404334475657095, 4.667763598053781493 ) ) ;
#2104 = CARTESIAN_POINT ( 'NONE',  ( 40.38309074900094942, 47.03895390970475177, -8.527170596928554502 ) ) ;
#2105 = DIRECTION ( 'NONE',  ( 1.000000000000000000, 0.000000000000000000, 0.000000000000000000 ) ) ;
#2106 = CARTESIAN_POINT ( 'NONE',  ( -47.36922484399061517, 12.92295557876360235, -13.66539293457140047 ) ) ;
#2107 = CARTESIAN_POINT ( 'NONE',  ( 38.03461351020821013, 50.69075824197203417, -19.94971948457784094 ) ) ;
#2108 =( BOUNDED_SURFACE ( )  B_SPLINE_SURFACE ( 3, 2, ( 
 ( #3728, #3105, #2258 ),
 ( #1133, #1651, #3422 ),
 ( #1689, #2860, #1113 ),
 ( #2297, #1158, #1447 ),
 ( #2618, #2321, #14 ),
 ( #292, #441, #164 ),
 ( #3603, #703, #2503 ),
 ( #1328, #973, #2137 ),
 ( #3302, #2153, #3351 ),
 ( #3022, #3653, #181 ),
 ( #3331, #116, #2448 ),
 ( #393, #739, #406 ) ),
 .UNSPECIFIED., .F., .F., .F. ) 
 B_SPLINE_SURFACE_WITH_KNOTS ( ( 4, 2, 2, 2, 2, 4 ),
 ( 3, 3 ),
 ( 0.000000000000000000, 0.001703284384590785221, 0.003406568769181570443, 0.006813137538363140885, 0.01021970630754471046, 0.01362627507672628177 ),
 ( 0.03281269426714464310, 1.000000000000000000 ),
 .UNSPECIFIED. ) 
 GEOMETRIC_REPRESENTATION_ITEM ( )  RATIONAL_B_SPLINE_SURFACE ( (
 ( 0.9880077706812470106, 0.8172623494261355148, 1.000000000000000000),
 ( 0.9875903662310088205, 0.8109019383175569695, 1.000000000000000000),
 ( 0.9871899360550107083, 0.8048001812850816838, 1.000000000000000000),
 ( 0.9864314008192659466, 0.7932416175540876191, 1.000000000000000000),
 ( 0.9860732490217110069, 0.7877840986646151844, 1.000000000000000000),
 ( 0.9850635694400841080, 0.7723985961300369185, 1.000000000000000000),
 ( 0.9844769064730919395, 0.7634590228932914835, 1.000000000000000000),
 ( 0.9834529334544579449, 0.7478557168938326782, 1.000000000000000000),
 ( 0.9830149911050369838, 0.7411823491743845249, 1.000000000000000000),
 ( 0.9822602758610061713, 0.7296819944963091054, 1.000000000000000000),
 ( 0.9819435383870622758, 0.7248555472779690811, 1.000000000000000000),
 ( 0.9816761054448739365, 0.7207804027620835496, 1.000000000000000000) ) ) 
 REPRESENTATION_ITEM ( '' )  SURFACE ( )  );
#2109 = CIRCLE ( 'NONE', #1609, 0.8999999999999980238 ) ;
#2110 = ORIENTED_EDGE ( 'NONE', *, *, #3714, .F. ) ;
#2111 = EDGE_CURVE ( 'NONE', #3292, #2134, #940, .T. ) ;
#2112 = CARTESIAN_POINT ( 'NONE',  ( 43.25312112854854973, 47.96777232582995509, -8.131395183825782524 ) ) ;
#2113 = CARTESIAN_POINT ( 'NONE',  ( -53.08458856202013720, 28.98572407951762742, -14.69999999999998863 ) ) ;
#2114 = CARTESIAN_POINT ( 'NONE',  ( 22.42646467879936623, 41.50858899447133155, -10.00000000000000178 ) ) ;
#2115 = EDGE_CURVE ( 'NONE', #340, #3700, #2906, .T. ) ;
#2116 = EDGE_LOOP ( 'NONE', ( #1326, #316, #2979, #866 ) ) ;
#2117 = LINE ( 'NONE', #2965, #1025 ) ;
#2118 = CARTESIAN_POINT ( 'NONE',  ( -54.47914404860541993, 9.336398847712558791, -16.45322290687309419 ) ) ;
#2119 = ORIENTED_EDGE ( 'NONE', *, *, #2393, .T. ) ;
#2120 = DIRECTION ( 'NONE',  ( 0.000000000000000000, 0.000000000000000000, 1.000000000000000000 ) ) ;
#2121 = FACE_BOUND ( 'NONE', #218, .T. ) ;
#2122 = CARTESIAN_POINT ( 'NONE',  ( -39.83071876548889634, 21.69915175607571101, 5.111642546427890288 ) ) ;
#2123 = PLANE ( 'NONE',  #3721 ) ;
#2124 = CARTESIAN_POINT ( 'NONE',  ( -40.95422494364301969, 3.516973575218831805, 9.347248972317025562 ) ) ;
#2125 = CARTESIAN_POINT ( 'NONE',  ( -44.58603211955237100, 14.46000211072876951, -11.61223899016813021 ) ) ;
#2126 = VECTOR ( 'NONE', #2815, 1000.000000000000114 ) ;
#2127 = CARTESIAN_POINT ( 'NONE',  ( 41.99046378705806148, 50.81127460430410991, -13.93303337685375176 ) ) ;
#2128 = CARTESIAN_POINT ( 'NONE',  ( -40.83169168087614764, 18.46164813879261501, 7.133174176726033267 ) ) ;
#2129 = CARTESIAN_POINT ( 'NONE',  ( -40.54721266691539938, 17.84859377455269680, -11.62176360192709801 ) ) ;
#2130 = ORIENTED_EDGE ( 'NONE', *, *, #1174, .F. ) ;
#2131 = CARTESIAN_POINT ( 'NONE',  ( -32.84671299535075661, 7.117114697053952277, -11.08603859902974165 ) ) ;
#2132 = EDGE_CURVE ( 'NONE', #202, #3019, #3571, .T. ) ;
#2133 = CARTESIAN_POINT ( 'NONE',  ( -56.38039260226040028, 8.689926056315613323, -20.18575762563244425 ) ) ;
#2134 = VERTEX_POINT ( 'NONE', #361 ) ;
#2135 = CARTESIAN_POINT ( 'NONE',  ( -59.72930917839696718, 7.434459457502277324, -10.65970058853621083 ) ) ;
#2136 = CARTESIAN_POINT ( 'NONE',  ( -44.17818424614263506, 15.26326690850887147, -5.818812750507038167 ) ) ;
#2137 = CARTESIAN_POINT ( 'NONE',  ( 27.37160626115202433, 46.35160618473677374, -9.922320202760996466 ) ) ;
#2138 = CARTESIAN_POINT ( 'NONE',  ( -51.72795773228961025, -1.267103055866477535, -2.886758449385950165 ) ) ;
#2139 = APPLICATION_PROTOCOL_DEFINITION ( 'draft international standard', 'automotive_design', 1998, #2527 ) ;
#2140 = ORIENTED_EDGE ( 'NONE', *, *, #3205, .T. ) ;
#2141 = CARTESIAN_POINT ( 'NONE',  ( 42.98271662870201482, 48.57672281948887871, -9.056144161183665275 ) ) ;
#2142 = CARTESIAN_POINT ( 'NONE',  ( -40.77162727270742693, 18.87382332480982683, 6.725457827654434340 ) ) ;
#2143 = CARTESIAN_POINT ( 'NONE',  ( -42.88647439740591238, 15.48082607037912162, -12.95431233217331801 ) ) ;
#2144 = AXIS2_PLACEMENT_3D ( 'NONE', #525, #3363, #1381 ) ;
#2145 = ORIENTED_EDGE ( 'NONE', *, *, #409, .T. ) ;
#2146 = CARTESIAN_POINT ( 'NONE',  ( -55.80606266669690285, 7.396535975965219833, -13.96650276545093128 ) ) ;
#2147 = CARTESIAN_POINT ( 'NONE',  ( -56.37943839704747262, 8.687777187728729089, -20.04435110445157164 ) ) ;
#2148 = ORIENTED_EDGE ( 'NONE', *, *, #2488, .F. ) ;
#2149 = CARTESIAN_POINT ( 'NONE',  ( 15.93476673692565804, 48.25465637287120302, 6.161537602436965244 ) ) ;
#2150 = ADVANCED_FACE ( 'NONE', ( #3206, #2062 ), #3015, .T. ) ;
#2151 = AXIS2_PLACEMENT_3D ( 'NONE', #2069, #1787, #1437 ) ;
#2152 = CARTESIAN_POINT ( 'NONE',  ( -50.43588391111276792, 10.28097218183947881, 2.163295858001544225 ) ) ;
#2153 = CARTESIAN_POINT ( 'NONE',  ( 36.53290140655062146, 49.53155970534283625, -1.126079054905178456 ) ) ;
#2154 = ORIENTED_EDGE ( 'NONE', *, *, #2511, .T. ) ;
#2155 = CARTESIAN_POINT ( 'NONE',  ( -2.569501288236065495, 15.63800383155555096, -3.700000000000003730 ) ) ;
#2156 = EDGE_CURVE ( 'NONE', #2180, #2096, #2295, .T. ) ;
#2157 = CARTESIAN_POINT ( 'NONE',  ( -42.22019336085499219, 2.954820230664176428, 7.970196636405506574 ) ) ;
#2158 = ORIENTED_EDGE ( 'NONE', *, *, #157, .T. ) ;
#2159 = CARTESIAN_POINT ( 'NONE',  ( 44.06307505139127301, 46.14375740952596772, -5.907309278752255643 ) ) ;
#2160 = CARTESIAN_POINT ( 'NONE',  ( -40.95983947418790194, 17.67468883878856190, 7.672781928912440819 ) ) ;
#2161 = CARTESIAN_POINT ( 'NONE',  ( -43.07118759409443953, 15.36372545825643421, -12.90447218966001408 ) ) ;
#2162 = ORIENTED_EDGE ( 'NONE', *, *, #2790, .T. ) ;
#2163 = CARTESIAN_POINT ( 'NONE',  ( -53.59010229789115698, 2.406196831182780826, -5.589275444331688547 ) ) ;
#2164 = PLANE ( 'NONE',  #2006 ) ;
#2165 = ORIENTED_EDGE ( 'NONE', *, *, #3026, .T. ) ;
#2166 = CARTESIAN_POINT ( 'NONE',  ( -29.29124589492075970, 22.07590295492350307, -14.65854409011135928 ) ) ;
#2167 = B_SPLINE_SURFACE_WITH_KNOTS ( 'NONE', 3, 1, ( 
 ( #461, #1005 ),
 ( #3074, #3058 ),
 ( #3655, #3127 ),
 ( #1617, #1674 ),
 ( #3636, #443 ),
 ( #3353, #1600 ),
 ( #2826, #741 ),
 ( #2789, #184 ),
 ( #2245, #1043 ),
 ( #477, #797 ),
 ( #2543, #3693 ),
 ( #1921, #1637 ),
 ( #203, #514 ),
 ( #1350, #3675 ),
 ( #2226, #3407 ),
 ( #2846, #3388 ) ),
 .UNSPECIFIED., .F., .F., .F.,
 ( 4, 2, 2, 2, 2, 2, 2, 4 ),
 ( 2, 2 ),
 ( 0.000000000000000000, 0.1250000000000014155, 0.2500000000000028311, 0.3750000000000042188, 0.5000000000000056621, 0.7500000000000066613, 0.8750000000000033307, 1.000000000000000000 ),
 ( 0.000000000000000000, 1.000000000000000000 ),
 .UNSPECIFIED. ) ;
#2168 = VERTEX_POINT ( 'NONE', #1996 ) ;
#2169 = CARTESIAN_POINT ( 'NONE',  ( -2.569501288236065495, 15.63800383155555096, -14.70000000000000284 ) ) ;
#2170 = EDGE_CURVE ( 'NONE', #2134, #1212, #3116, .T. ) ;
#2171 = ORIENTED_EDGE ( 'NONE', *, *, #2342, .F. ) ;
#2172 = DIRECTION ( 'NONE',  ( 0.4058374489394845352, -0.9139452746408240902, -0.000000000000000000 ) ) ;
#2173 = EDGE_CURVE ( 'NONE', #470, #2432, #49, .T. ) ;
#2174 = B_SPLINE_CURVE_WITH_KNOTS ( 'NONE', 3,
 ( #803, #2266, #3373, #1414, #3150, #1393, #763, #2832, #519, #1641, #2286, #1925, #837, #3114, #2567, #3095, #482, #502 ),
 .UNSPECIFIED., .F., .F.,
 ( 4, 2, 2, 2, 2, 2, 2, 2, 4 ),
 ( 2.221529986854170653E-17, 0.0006670538688931142764, 0.001334107737786206218, 0.002001161606679298377, 0.002668215475572390319, 0.003335269344465482261, 0.004002323213358575070, 0.004669377082251667012, 0.005336430951144758954 ),
 .UNSPECIFIED. ) ;
#2175 = MANIFOLD_SOLID_BREP ( 'Boss-Extrude6', #956 ) ;
#2176 = CARTESIAN_POINT ( 'NONE',  ( -2.569501288236065495, 15.63800383155555096, -12.50000000000000178 ) ) ;
#2177 = FACE_OUTER_BOUND ( 'NONE', #1973, .T. ) ;
#2178 = CARTESIAN_POINT ( 'NONE',  ( -40.39113382945063790, 18.33545088145861968, -10.89226228272397101 ) ) ;
#2179 = AXIS2_PLACEMENT_3D ( 'NONE', #1835, #1549, #115 ) ;
#2180 = VERTEX_POINT ( 'NONE', #2017 ) ;
#2181 = CARTESIAN_POINT ( 'NONE',  ( 45.87122029678157986, 42.07181725911096493, -22.15000000000000213 ) ) ;
#2182 = DIRECTION ( 'NONE',  ( -0.000000000000000000, -0.000000000000000000, 1.000000000000000000 ) ) ;
#2183 = CARTESIAN_POINT ( 'NONE',  ( 25.16830050272183783, 42.72610134128978387, -10.00000000000000178 ) ) ;
#2184 = EDGE_LOOP ( 'NONE', ( #1313, #679, #199, #2659 ) ) ;
#2185 = CARTESIAN_POINT ( 'NONE',  ( -31.90894273798024727, 24.05691391951836522, -13.95236750546395754 ) ) ;
#2186 = VECTOR ( 'NONE', #1842, 999.9999999999998863 ) ;
#2187 = ORIENTED_EDGE ( 'NONE', *, *, #2418, .F. ) ;
#2188 = CARTESIAN_POINT ( 'NONE',  ( 36.77287504351578917, 50.24107236343083827, -20.04512421095780184 ) ) ;
#2189 = CARTESIAN_POINT ( 'NONE',  ( 25.88642501967153819, 43.04498457212032037, 8.395273849439943703 ) ) ;
#2190 = ORIENTED_EDGE ( 'NONE', *, *, #327, .T. ) ;
#2191 = DIRECTION ( 'NONE',  ( 1.000000000000000000, 0.000000000000000000, 0.000000000000000000 ) ) ;
#2192 = VECTOR ( 'NONE', #3051, 1000.000000000000114 ) ;
#2193 = CARTESIAN_POINT ( 'NONE',  ( 34.04301738570696756, 36.46624880232205612, 7.479366328319241752 ) ) ;
#2194 = EDGE_CURVE ( 'NONE', #3145, #2876, #1714, .T. ) ;
#2195 = CARTESIAN_POINT ( 'NONE',  ( -55.34373415968400423, -1.036749230365058061, -3.867104125818110028 ) ) ;
#2196 = CARTESIAN_POINT ( 'NONE',  ( -42.08011406360394346, 17.41308141257265163, 2.651271402342804784 ) ) ;
#2197 = CARTESIAN_POINT ( 'NONE',  ( -53.97667758572180929, 3.276763750349534376, -6.498971300328695300 ) ) ;
#2198 = CARTESIAN_POINT ( 'NONE',  ( -59.12224927056898593, 7.472460651020725209, -20.18475699385455258 ) ) ;
#2199 = DIRECTION ( 'NONE',  ( -0.000000000000000000, -0.000000000000000000, 1.000000000000000000 ) ) ;
#2200 = DIRECTION ( 'NONE',  ( 1.000000000000000000, 0.000000000000000000, 0.000000000000000000 ) ) ;
#2201 = DIRECTION ( 'NONE',  ( -0.000000000000000000, -0.000000000000000000, 1.000000000000000000 ) ) ;
#2202 = ORIENTED_EDGE ( 'NONE', *, *, #55, .T. ) ;
#2203 = DIRECTION ( 'NONE',  ( 1.000000000000000000, 0.000000000000000000, 0.000000000000000000 ) ) ;
#2204 = ORIENTED_EDGE ( 'NONE', *, *, #1809, .T. ) ;
#2205 = CARTESIAN_POINT ( 'NONE',  ( -17.57235263888313881, 47.39760212532419814, 12.49999999999999822 ) ) ;
#2206 = CARTESIAN_POINT ( 'NONE',  ( 26.48017258880357616, 46.01696792393011748, -11.61240815994696618 ) ) ;
#2207 = VERTEX_POINT ( 'NONE', #1758 ) ;
#2208 = CARTESIAN_POINT ( 'NONE',  ( 36.92321115587948555, 49.90251568301179219, -21.32051452933311708 ) ) ;
#2209 = VECTOR ( 'NONE', #2804, 1000.000000000000000 ) ;
#2210 = CARTESIAN_POINT ( 'NONE',  ( 23.25571660958111053, 45.83013894388486165, 10.21329279767615539 ) ) ;
#2211 = LINE ( 'NONE', #3132, #724 ) ;
#2212 = FACE_OUTER_BOUND ( 'NONE', #442, .T. ) ;
#2213 = CARTESIAN_POINT ( 'NONE',  ( 22.42646467879936623, 41.50858899447133155, 5.499999999999998224 ) ) ;
#2214 = EDGE_CURVE ( 'NONE', #527, #1407, #3529, .T. ) ;
#2215 = CARTESIAN_POINT ( 'NONE',  ( -44.43170084564312816, 14.89717877701535365, -7.968273518637056796 ) ) ;
#2216 = CARTESIAN_POINT ( 'NONE',  ( -44.67827699340812586, 14.72290664699053941, -7.633802519288835242 ) ) ;
#2217 = CARTESIAN_POINT ( 'NONE',  ( 21.72866550522401141, 46.08919394236172451, -7.576653934832633830 ) ) ;
#2218 = CARTESIAN_POINT ( 'NONE',  ( 19.15718581380139440, 30.20944879321481480, -12.50000000000000178 ) ) ;
#2219 = ADVANCED_FACE ( 'NONE', ( #2082 ), #632, .F. ) ;
#2220 = DIRECTION ( 'NONE',  ( -0.9139452746408237571, -0.4058374489394852014, 0.000000000000000000 ) ) ;
#2221 = EDGE_LOOP ( 'NONE', ( #3328, #3365, #254, #1294, #1492, #129 ) ) ;
#2222 = ORIENTED_EDGE ( 'NONE', *, *, #1030, .F. ) ;
#2223 = DIRECTION ( 'NONE',  ( 2.794185464660629060E-15, -5.588370929321258119E-15, -1.000000000000000000 ) ) ;
#2224 = CARTESIAN_POINT ( 'NONE',  ( -38.53861165855538928, 24.51237793595168313, -6.827566779407906239 ) ) ;
#2225 = ORIENTED_EDGE ( 'NONE', *, *, #2418, .T. ) ;
#2226 = CARTESIAN_POINT ( 'NONE',  ( 36.15828840538434719, 47.92905939204464261, -22.15000000000000924 ) ) ;
#2227 = CARTESIAN_POINT ( 'NONE',  ( 15.35737535980886825, 45.40694055502255111, 12.49999999999999822 ) ) ;
#2228 = CARTESIAN_POINT ( 'NONE',  ( 31.90264256724115910, 36.77575872720198902, 9.165913501416468989 ) ) ;
#2229 = DIRECTION ( 'NONE',  ( -0.4058374489394845908, 0.9139452746408242012, -0.000000000000000000 ) ) ;
#2230 = PLANE ( 'NONE',  #964 ) ;
#2231 = CARTESIAN_POINT ( 'NONE',  ( -56.96015070012214920, 2.603418188499625252, -7.148619964647012992 ) ) ;
#2232 = CARTESIAN_POINT ( 'NONE',  ( -16.67235263888314378, 47.39760212532419814, 12.49999999999999822 ) ) ;
#2233 = DIRECTION ( 'NONE',  ( 0.9139452746408240902, 0.4058374489394844797, 0.000000000000000000 ) ) ;
#2234 = CARTESIAN_POINT ( 'NONE',  ( -14.70228578538975484, 28.24932970735573079, -40.50000000000000000 ) ) ;
#2235 = CARTESIAN_POINT ( 'NONE',  ( -39.33832091307073853, 23.01197048686361413, 6.944093192186243435 ) ) ;
#2236 = CARTESIAN_POINT ( 'NONE',  ( 36.77287504351578917, 50.24107236343083827, -20.04512421095780184 ) ) ;
#2237 = ORIENTED_EDGE ( 'NONE', *, *, #1488, .T. ) ;
#2238 = ORIENTED_EDGE ( 'NONE', *, *, #2132, .T. ) ;
#2239 = EDGE_CURVE ( 'NONE', #3034, #3213, #3534, .T. ) ;
#2240 = EDGE_CURVE ( 'NONE', #1383, #1201, #1817, .T. ) ;
#2241 = CARTESIAN_POINT ( 'NONE',  ( 38.83982650285364002, 50.51438248085860749, -21.37222881862727064 ) ) ;
#2242 = DIRECTION ( 'NONE',  ( -1.000000000000000000, 0.000000000000000000, 0.000000000000000000 ) ) ;
#2243 = ORIENTED_EDGE ( 'NONE', *, *, #2064, .F. ) ;
#2244 = CIRCLE ( 'NONE', #1769, 26.50000000000001421 ) ;
#2245 = CARTESIAN_POINT ( 'NONE',  ( 35.58642624082133210, 49.21689205611743034, -21.42914375518111214 ) ) ;
#2246 = VECTOR ( 'NONE', #211, 1000.000000000000000 ) ;
#2247 = CARTESIAN_POINT ( 'NONE',  ( 15.71751434984983220, 48.37689597915888839, -3.700000000000003730 ) ) ;
#2248 = CARTESIAN_POINT ( 'NONE',  ( 23.39747783230785316, 46.22588327748628956, -1.440688216501266883 ) ) ;
#2249 = CARTESIAN_POINT ( 'NONE',  ( -57.18074705630316146, 3.100200823669141403, -7.812937346176081377 ) ) ;
#2250 = DIRECTION ( 'NONE',  ( -0.9139452746408238681, -0.4058374489394850904, 0.000000000000000000 ) ) ;
#2251 = CARTESIAN_POINT ( 'NONE',  ( -58.54789849061939577, 6.179023629146759511, -13.96650276545093128 ) ) ;
#2252 = CARTESIAN_POINT ( 'NONE',  ( -40.41991559557479263, 18.71561541449150923, -9.802481823607637423 ) ) ;
#2253 = CARTESIAN_POINT ( 'NONE',  ( -39.07468959953007470, 4.351581347053060433, 5.500000000000007994 ) ) ;
#2254 = CARTESIAN_POINT ( 'NONE',  ( 22.65307497307067308, 46.07971256849101849, -7.144086140717419653 ) ) ;
#2255 = CARTESIAN_POINT ( 'NONE',  ( 36.81114218758046519, 50.15489481726476129, -18.25191352495191666 ) ) ;
#2256 = ORIENTED_EDGE ( 'NONE', *, *, #3555, .F. ) ;
#2257 = EDGE_LOOP ( 'NONE', ( #2453, #1958, #2755, #2944 ) ) ;
#2258 = CARTESIAN_POINT ( 'NONE',  ( 24.78038560090257647, 46.23609952539263901, -3.700000000000001954 ) ) ;
#2259 = ORIENTED_EDGE ( 'NONE', *, *, #3111, .T. ) ;
#2260 = ADVANCED_FACE ( 'NONE', ( #1929 ), #2625, .T. ) ;
#2261 = CARTESIAN_POINT ( 'NONE',  ( 31.65384489699867743, 48.01315399754056301, -16.03600617085045599 ) ) ;
#2262 = CARTESIAN_POINT ( 'NONE',  ( 28.30305345687629526, 46.52523487621028409, -14.70000000000034213 ) ) ;
#2263 = ADVANCED_FACE ( 'NONE', ( #3266, #2121 ), #668, .F. ) ;
#2264 = CARTESIAN_POINT ( 'NONE',  ( 23.96107699877317998, 45.74792902796092164, 9.867984464064031513 ) ) ;
#2265 = LINE ( 'NONE', #188, #80 ) ;
#2266 = CARTESIAN_POINT ( 'NONE',  ( 24.79429537641063419, 45.49935495065784608, -12.90439144417772432 ) ) ;
#2267 = CARTESIAN_POINT ( 'NONE',  ( 28.30305345687648355, 46.52523487621036935, -14.70000000000000284 ) ) ;
#2268 = ORIENTED_EDGE ( 'NONE', *, *, #685, .T. ) ;
#2269 = CARTESIAN_POINT ( 'NONE',  ( -40.39840840897139174, 18.66718126525670840, -9.999999999999996447 ) ) ;
#2270 = CARTESIAN_POINT ( 'NONE',  ( 11.93695011387439031, 46.43341696863691226, -11.71283833075043468 ) ) ;
#2271 = CARTESIAN_POINT ( 'NONE',  ( 21.56008191853919698, 46.08768650404164902, -7.697769746444361516 ) ) ;
#2272 = DIRECTION ( 'NONE',  ( -1.000000000000000000, 0.000000000000000000, 0.000000000000000000 ) ) ;
#2273 = VERTEX_POINT ( 'NONE', #1260 ) ;
#2274 = CARTESIAN_POINT ( 'NONE',  ( 36.76996412396497504, 50.24762774952264976, -20.18153083790098989 ) ) ;
#2275 = ORIENTED_EDGE ( 'NONE', *, *, #2879, .T. ) ;
#2276 = CARTESIAN_POINT ( 'NONE',  ( -48.72211562854374733, 0.06764129387429697327, -14.70000000000000284 ) ) ;
#2277 = CIRCLE ( 'NONE', #3570, 0.8999999999999980238 ) ;
#2278 = CARTESIAN_POINT ( 'NONE',  ( -39.11920212859909896, 24.02664904278999813, -3.700000000000003730 ) ) ;
#2279 = ORIENTED_EDGE ( 'NONE', *, *, #353, .T. ) ;
#2280 = CARTESIAN_POINT ( 'NONE',  ( 44.49001460532068819, 53.71305585504176605, -13.54289147318144160 ) ) ;
#2281 = DIRECTION ( 'NONE',  ( 0.9139452746408240902, 0.4058374489394845908, 0.000000000000000000 ) ) ;
#2282 = CARTESIAN_POINT ( 'NONE',  ( 30.90686473775334875, 47.68145741717838604, -3.700000000000003730 ) ) ;
#2283 = CIRCLE ( 'NONE', #3086, 0.8999999999999998002 ) ;
#2284 = DIRECTION ( 'NONE',  ( 0.6463027959182888749, 0.2869907916973066797, -0.7070565617184778606 ) ) ;
#2285 = CARTESIAN_POINT ( 'NONE',  ( 24.88158961979300088, 45.62573513924428426, 2.637810364171478295 ) ) ;
#2286 = CARTESIAN_POINT ( 'NONE',  ( 22.07050137113110466, 45.11779558079111752, -12.36200067376728562 ) ) ;
#2287 = EDGE_CURVE ( 'NONE', #695, #1967, #533, .T. ) ;
#2288 = CARTESIAN_POINT ( 'NONE',  ( -54.22892572110780662, 8.772907581338390770, -21.86914278315575544 ) ) ;
#2289 = B_SPLINE_CURVE_WITH_KNOTS ( 'NONE', 3,
 ( #3067, #469, #3705, #734, #3381, #1971, #2857, #1092 ),
 .UNSPECIFIED., .F., .F.,
 ( 4, 2, 2, 4 ),
 ( 0.000000000000000000, 0.002312687040596441475, 0.003469030560894662864, 0.004625374081192884686 ),
 .UNSPECIFIED. ) ;
#2290 = CARTESIAN_POINT ( 'NONE',  ( -40.75915407603670104, 18.68151992783696613, -8.628620830730319824 ) ) ;
#2291 = CARTESIAN_POINT ( 'NONE',  ( 27.69499712983380846, 46.25522743109777224, -14.69999999999992646 ) ) ;
#2292 = CARTESIAN_POINT ( 'NONE',  ( -29.27729329127479829, 20.95667876927430484, -14.70000000000000462 ) ) ;
#2293 = CARTESIAN_POINT ( 'NONE',  ( 35.71805477284929253, 48.92046481617386888, -14.70000000000000284 ) ) ;
#2294 = VERTEX_POINT ( 'NONE', #3137 ) ;
#2295 = B_SPLINE_CURVE_WITH_KNOTS ( 'NONE', 3,
 ( #571, #2598, #3445, #552, #3247, #3752, #2623, #1205, #1184, #3227 ),
 .UNSPECIFIED., .F., .F.,
 ( 4, 2, 2, 2, 4 ),
 ( 0.000000000000000000, 0.002592735139166006935, 0.005185470278332013870, 0.007778205417498017769, 0.01037094055666402254 ),
 .UNSPECIFIED. ) ;
#2296 = ORIENTED_EDGE ( 'NONE', *, *, #1290, .T. ) ;
#2297 = CARTESIAN_POINT ( 'NONE',  ( 36.37104132046157901, 36.86942858179286731, 5.234315287597785193 ) ) ;
#2298 = AXIS2_PLACEMENT_3D ( 'NONE', #618, #2087, #3470 ) ;
#2299 = DIRECTION ( 'NONE',  ( 1.000000000000000000, 0.000000000000000000, 0.000000000000000000 ) ) ;
#2300 = VERTEX_POINT ( 'NONE', #2253 ) ;
#2301 = CARTESIAN_POINT ( 'NONE',  ( -2.569501288236065495, 15.63800383155555096, -12.50000000000000178 ) ) ;
#2302 = CARTESIAN_POINT ( 'NONE',  ( -42.22019336085499219, 2.954820230664176428, 7.970196636405506574 ) ) ;
#2303 = CARTESIAN_POINT ( 'NONE',  ( -43.60859104625144766, 15.86797072362109162, -3.700000000000003730 ) ) ;
#2304 = CARTESIAN_POINT ( 'NONE',  ( 44.20204208867595952, 45.83080386771013082, -5.589275444334039555 ) ) ;
#2305 = VECTOR ( 'NONE', #3594, 1000.000000000000114 ) ;
#2306 = DIRECTION ( 'NONE',  ( 0.000000000000000000, 0.000000000000000000, -1.000000000000000000 ) ) ;
#2307 = VECTOR ( 'NONE', #3190, 1000.000000000000227 ) ;
#2308 = CARTESIAN_POINT ( 'NONE',  ( -27.94872543072891702, 9.292066341663780094, -12.50000000000000178 ) ) ;
#2309 = CARTESIAN_POINT ( 'NONE',  ( -14.70228578538975484, 28.24932970735573079, -21.35000000000000497 ) ) ;
#2310 = CARTESIAN_POINT ( 'NONE',  ( 16.73206848434299587, 47.85151254688037881, 5.722832274371084438 ) ) ;
#2311 = DIRECTION ( 'NONE',  ( 0.4058374489394851459, -0.9139452746408237571, 0.000000000000000000 ) ) ;
#2312 = ADVANCED_FACE ( 'NONE', ( #1986 ), #913, .F. ) ;
#2313 = CARTESIAN_POINT ( 'NONE',  ( 35.71805477284929964, 48.92046481617386888, -14.70000000000000462 ) ) ;
#2314 = CARTESIAN_POINT ( 'NONE',  ( 11.21476280722261443, 44.63166219970783999, -13.16963693493768872 ) ) ;
#2315 = CARTESIAN_POINT ( 'NONE',  ( -35.08592625916737973, 20.64237897843486280, -12.87486597965395063 ) ) ;
#2316 = DIRECTION ( 'NONE',  ( 0.4058374489394845908, -0.9139452746408242012, 0.000000000000000000 ) ) ;
#2317 = VERTEX_POINT ( 'NONE', #2052 ) ;
#2318 = EDGE_CURVE ( 'NONE', #1473, #1525, #2487, .T. ) ;
#2319 = VERTEX_POINT ( 'NONE', #1523 ) ;
#2320 = LINE ( 'NONE', #3564, #3080 ) ;
#2321 = CARTESIAN_POINT ( 'NONE',  ( 33.50329632470209873, 47.55416973336356534, 2.163295858004943728 ) ) ;
#2322 = CARTESIAN_POINT ( 'NONE',  ( 39.05270759098609545, 50.03497461678030334, -21.84619567024299869 ) ) ;
#2323 = VERTEX_POINT ( 'NONE', #2360 ) ;
#2324 = LINE ( 'NONE', #1713, #1316 ) ;
#2325 = CARTESIAN_POINT ( 'NONE',  ( -35.08362100471977385, 21.96521367193666308, 16.50113781888542874 ) ) ;
#2326 = CIRCLE ( 'NONE', #682, 26.50000000000001421 ) ;
#2327 = CARTESIAN_POINT ( 'NONE',  ( -40.60942947011906057, 19.97679498456796665, 3.518539648793939545 ) ) ;
#2328 = CARTESIAN_POINT ( 'NONE',  ( 44.76709993105625074, 44.55829452612098152, -4.506208927274176546 ) ) ;
#2329 = B_SPLINE_CURVE_WITH_KNOTS ( 'NONE', 3,
 ( #1481, #1699, #2606, #858, #1500, #2669 ),
 .UNSPECIFIED., .F., .F.,
 ( 4, 2, 4 ),
 ( 0.000000000000000000, 0.003479560511698694732, 0.006959121023397389465 ),
 .UNSPECIFIED. ) ;
#2330 = CARTESIAN_POINT ( 'NONE',  ( 17.29075931205003513, 42.51631396689399622, 16.18595637156150246 ) ) ;
#2331 = CARTESIAN_POINT ( 'NONE',  ( 24.78038560090257292, 46.23609952539264611, -3.700000000000003730 ) ) ;
#2332 = CARTESIAN_POINT ( 'NONE',  ( 40.38309074900096363, 47.03895390970475887, -8.527170596928554502 ) ) ;
#2333 = CARTESIAN_POINT ( 'NONE',  ( -53.25073450860539737, 10.26608364289154451, -20.04512421095780539 ) ) ;
#2334 = ORIENTED_EDGE ( 'NONE', *, *, #897, .F. ) ;
#2335 = LINE ( 'NONE', #884, #1836 ) ;
#2336 = AXIS2_PLACEMENT_3D ( 'NONE', #1122, #1497, #1141 ) ;
#2337 = B_SPLINE_CURVE_WITH_KNOTS ( 'NONE', 3,
 ( #1802, #2972, #2086, #1718, #1143, #1188, #575, #2604, #3170, #1 ),
 .UNSPECIFIED., .F., .F.,
 ( 4, 2, 2, 2, 4 ),
 ( 0.000000000000000000, 0.2500000000000000000, 0.5000000000000000000, 0.7500000000000000000, 1.000000000000000000 ),
 .UNSPECIFIED. ) ;
#2338 = AXIS2_PLACEMENT_3D ( 'NONE', #474, #2377, #86 ) ;
#2339 = LINE ( 'NONE', #2914, #2437 ) ;
#2340 = CARTESIAN_POINT ( 'NONE',  ( 10.57024458922329835, 38.65098013354201356, -14.70000000000000462 ) ) ;
#2341 = CARTESIAN_POINT ( 'NONE',  ( -39.45460981237352627, 16.43744081425226966, -14.69999999999968665 ) ) ;
#2342 = EDGE_CURVE ( 'NONE', #3043, #2480, #717, .T. ) ;
#2343 = DIRECTION ( 'NONE',  ( 0.000000000000000000, 0.000000000000000000, -1.000000000000000000 ) ) ;
#2344 = EDGE_LOOP ( 'NONE', ( #3314, #1221, #1774, #3400 ) ) ;
#2345 = VERTEX_POINT ( 'NONE', #2403 ) ;
#2346 = EDGE_LOOP ( 'NONE', ( #454, #563, #755 ) ) ;
#2347 = DIRECTION ( 'NONE',  ( 0.4058374489394845908, -0.9139452746408242012, 0.000000000000000000 ) ) ;
#2348 = EDGE_CURVE ( 'NONE', #2876, #3424, #659, .T. ) ;
#2349 = CARTESIAN_POINT ( 'NONE',  ( -37.61237716010474941, 5.000921265356239154, 5.500000000000007994 ) ) ;
#2350 = ORIENTED_EDGE ( 'NONE', *, *, #414, .T. ) ;
#2351 = DIRECTION ( 'NONE',  ( 0.9139452746408240902, 0.4058374489394844797, 0.000000000000000000 ) ) ;
#2352 = CARTESIAN_POINT ( 'NONE',  ( -42.94118773319866023, 15.83678501584614473, 9.657107528728998247 ) ) ;
#2353 = CARTESIAN_POINT ( 'NONE',  ( 42.79628605003684072, 41.60444201847691659, -3.401813092057356158 ) ) ;
#2354 = CARTESIAN_POINT ( 'NONE',  ( 12.72634520259019908, 47.47841428168636924, -10.29118492615850222 ) ) ;
#2355 = CYLINDRICAL_SURFACE ( 'NONE', #670, 26.16057989992778943 ) ;
#2356 = CARTESIAN_POINT ( 'NONE',  ( -43.33876191278712753, 2.458119804308258605, 6.736382682932164911 ) ) ;
#2357 = CARTESIAN_POINT ( 'NONE',  ( -52.65601394544253822, 8.926773902366660352, -22.08209200522897220 ) ) ;
#2358 = ORIENTED_EDGE ( 'NONE', *, *, #276, .F. ) ;
#2359 = CARTESIAN_POINT ( 'NONE',  ( 41.41996072232701209, 52.09604657777866521, -19.90226640499235700 ) ) ;
#2360 = CARTESIAN_POINT ( 'NONE',  ( -37.57450437646652119, 22.30218152664974696, 6.499999999999999112 ) ) ;
#2361 = CARTESIAN_POINT ( 'NONE',  ( -35.14226215015894184, 25.52789020083091742, -11.71283833075204228 ) ) ;
#2362 = ORIENTED_EDGE ( 'NONE', *, *, #3108, .F. ) ;
#2363 = DIRECTION ( 'NONE',  ( 1.000000000000000000, 0.000000000000000000, 0.000000000000000000 ) ) ;
#2364 = CARTESIAN_POINT ( 'NONE',  ( -54.53423485372572088, 9.460463251200794232, -21.09685713910379690 ) ) ;
#2365 = B_SPLINE_CURVE_WITH_KNOTS ( 'NONE', 3,
 ( #2356, #2651, #47, #1189, #943, #3235, #924, #347 ),
 .UNSPECIFIED., .F., .F.,
 ( 4, 2, 2, 4 ),
 ( 1.788112030672749005E-18, 0.006649449922896609813, 0.009974174884344920791, 0.01329889984579323003 ),
 .UNSPECIFIED. ) ;
#2366 = VERTEX_POINT ( 'NONE', #3258 ) ;
#2367 = DIRECTION ( 'NONE',  ( 0.4058374489394845908, -0.9139452746408242012, 0.000000000000000000 ) ) ;
#2368 = EDGE_CURVE ( 'NONE', #370, #340, #3041, .T. ) ;
#2369 = CARTESIAN_POINT ( 'NONE',  ( 29.95977758025305349, 47.26090331335161920, -14.18269585316403791 ) ) ;
#2370 = VECTOR ( 'NONE', #1821, 1000.000000000000000 ) ;
#2371 = CARTESIAN_POINT ( 'NONE',  ( 27.44889140596445642, 46.36041025212477251, -10.08557107842859502 ) ) ;
#2372 = CARTESIAN_POINT ( 'NONE',  ( -38.91182916212268594, 24.19959799024025671, -5.622820053212416624 ) ) ;
#2373 = ADVANCED_FACE ( 'NONE', ( #351 ), #3543, .F. ) ;
#2374 = CARTESIAN_POINT ( 'NONE',  ( 10.66122764508343224, 41.45336922502632859, -14.42327378386188741 ) ) ;
#2375 = CARTESIAN_POINT ( 'NONE',  ( -58.63263287789282430, 6.369845331408429345, -14.61456409176642524 ) ) ;
#2376 = CARTESIAN_POINT ( 'NONE',  ( 38.67812489840452628, 50.87853423096019867, -19.90226640499236055 ) ) ;
#2377 = DIRECTION ( 'NONE',  ( 0.4390552265429736867, 0.1949624972389879529, 0.8770519555394856726 ) ) ;
#2378 = ORIENTED_EDGE ( 'NONE', *, *, #3180, .F. ) ;
#2379 = CIRCLE ( 'NONE', #2071, 1.599999999999997868 ) ;
#2380 = CARTESIAN_POINT ( 'NONE',  ( 37.47393414225064845, 50.50670820738791633, -19.99165714552390938 ) ) ;
#2381 = FACE_BOUND ( 'NONE', #2383, .T. ) ;
#2382 = CARTESIAN_POINT ( 'NONE',  ( -29.09047194902019129, 21.34959322001649795, -14.70000000001323315 ) ) ;
#2383 = EDGE_LOOP ( 'NONE', ( #2572, #927 ) ) ;
#2384 = VECTOR ( 'NONE', #1185, 1000.000000000000114 ) ;
#2385 = CARTESIAN_POINT ( 'NONE',  ( 5.275707425622200297, 40.95010963561703932, -21.35000000000000497 ) ) ;
#2386 = B_SPLINE_CURVE_WITH_KNOTS ( 'NONE', 3,
 ( #2496, #3194, #1146, #507 ),
 .UNSPECIFIED., .F., .F.,
 ( 4, 4 ),
 ( 0.000000000000000000, 0.002010036731878964318 ),
 .UNSPECIFIED. ) ;
#2387 = DIRECTION ( 'NONE',  ( 0.4058374489394843687, -0.9139452746408239792, 0.000000000000000000 ) ) ;
#2388 = ORIENTED_EDGE ( 'NONE', *, *, #3026, .F. ) ;
#2389 = CARTESIAN_POINT ( 'NONE',  ( -53.08458856202013720, 28.98572407951762742, -14.69999999999998863 ) ) ;
#2390 = B_SPLINE_CURVE_WITH_KNOTS ( 'NONE', 3,
 ( #2434, #2738, #3559, #947 ),
 .UNSPECIFIED., .F., .F.,
 ( 4, 4 ),
 ( 0.009683290353203890394, 0.01139732531143765326 ),
 .UNSPECIFIED. ) ;
#2391 = CARTESIAN_POINT ( 'NONE',  ( -56.37943839704748683, 8.687777187728721984, -20.04435110445157164 ) ) ;
#2392 = CARTESIAN_POINT ( 'NONE',  ( -41.12791813584824041, 18.62651437631040707, 11.11640202176862502 ) ) ;
#2393 = EDGE_CURVE ( 'NONE', #3558, #1201, #3154, .T. ) ;
#2394 = CARTESIAN_POINT ( 'NONE',  ( 42.92565897147050435, 48.70521657075074984, -9.251964094930123395 ) ) ;
#2395 = CARTESIAN_POINT ( 'NONE',  ( 26.04309463121208523, 45.20833941615470764, 3.099501631598848839 ) ) ;
#2396 = CYLINDRICAL_SURFACE ( 'NONE', #3284, 0.8999999999999998002 ) ;
#2397 = LINE ( 'NONE', #2992, #1180 ) ;
#2398 = EDGE_CURVE ( 'NONE', #1568, #3019, #2029, .T. ) ;
#2399 = VECTOR ( 'NONE', #1761, 999.9999999999998863 ) ;
#2400 = ORIENTED_EDGE ( 'NONE', *, *, #1315, .T. ) ;
#2401 = B_SPLINE_CURVE_WITH_KNOTS ( 'NONE', 3,
 ( #1833, #1563, #2731, #970, #1548, #631, #1797, #2100, #3313, #700, #2968, #359, #114, #3299, #684, #130, #3601, #2149, #1038, #1884, #2463 ),
 .UNSPECIFIED., .F., .F.,
 ( 4, 2, 2, 2, 2, 2, 2, 2, 1, 2, 4 ),
 ( 0.000000000000000000, 0.004371693204961362399, 0.006557539807442044032, 0.008743386409922724797, 0.01311507961488408806, 0.01420800291612443235, 0.01530092621736477664, 0.01639384951860511919, 0.01694031116922529306, 0.01721354199453538694, 0.01748677281984548082 ),
 .UNSPECIFIED. ) ;
#2402 = CARTESIAN_POINT ( 'NONE',  ( 38.81719485114882673, 48.85396155868867396, -22.15000000000000213 ) ) ;
#2403 = CARTESIAN_POINT ( 'NONE',  ( -36.15006472067945253, 5.650261183659412545, -9.999999999999987566 ) ) ;
#2404 = DIRECTION ( 'NONE',  ( -0.9139452746408218697, -0.4058374489394894757, 2.572546899127075458E-13 ) ) ;
#2405 = ORIENTED_EDGE ( 'NONE', *, *, #376, .F. ) ;
#2406 = DIRECTION ( 'NONE',  ( -0.4058374489394845908, 0.9139452746408240902, -0.000000000000000000 ) ) ;
#2407 = CARTESIAN_POINT ( 'NONE',  ( -54.30555477927188690, 8.945476095634573355, -14.70000000000004903 ) ) ;
#2408 = ORIENTED_EDGE ( 'NONE', *, *, #1766, .T. ) ;
#2409 = DIRECTION ( 'NONE',  ( 0.4058374489394845908, -0.9139452746408240902, 0.000000000000000000 ) ) ;
#2410 = CARTESIAN_POINT ( 'NONE',  ( -17.57235263888313881, 47.39760212532419814, 6.499999999999999112 ) ) ;
#2411 = CARTESIAN_POINT ( 'NONE',  ( -43.59205027979970737, 15.01494670091034500, 9.093177711580333167 ) ) ;
#2412 = DIRECTION ( 'NONE',  ( 0.000000000000000000, 0.000000000000000000, -1.000000000000000000 ) ) ;
#2413 = PRESENTATION_STYLE_ASSIGNMENT (( #118 ) ) ;
#2414 = ADVANCED_FACE ( 'NONE', ( #3217, #3578, #385 ), #3196, .F. ) ;
#2415 = CARTESIAN_POINT ( 'NONE',  ( -45.02799665839262389, 14.30876214811753755, -9.796523939808089665 ) ) ;
#2416 = CARTESIAN_POINT ( 'NONE',  ( 35.41264528643853993, 49.60824648261446868, -20.58591339118314778 ) ) ;
#2417 = AXIS2_PLACEMENT_3D ( 'NONE', #448, #2778, #173 ) ;
#2418 = EDGE_CURVE ( 'NONE', #527, #1899, #53, .T. ) ;
#2419 = DIRECTION ( 'NONE',  ( -0.000000000000000000, -0.000000000000000000, 1.000000000000000000 ) ) ;
#2420 = CARTESIAN_POINT ( 'NONE',  ( 12.23583442030832913, 40.53232113171561224, -14.43937872858272620 ) ) ;
#2421 = DIRECTION ( 'NONE',  ( 0.000000000000000000, 0.000000000000000000, -1.000000000000000000 ) ) ;
#2422 = AXIS2_PLACEMENT_3D ( 'NONE', #3002, #2367, #2081 ) ;
#2423 = ORIENTED_EDGE ( 'NONE', *, *, #1380, .F. ) ;
#2424 = CARTESIAN_POINT ( 'NONE',  ( -8.049818085922094468, 18.12817723098731548, -22.15000000000000213 ) ) ;
#2425 = CARTESIAN_POINT ( 'NONE',  ( -54.58303600143654677, 9.570363356437271207, -18.23554638298326935 ) ) ;
#2426 = ORIENTED_EDGE ( 'NONE', *, *, #664, .F. ) ;
#2427 = DIRECTION ( 'NONE',  ( -0.000000000000000000, -0.000000000000000000, 1.000000000000000000 ) ) ;
#2428 = CARTESIAN_POINT ( 'NONE',  ( -55.94785583934553586, 7.715853970046762988, -21.91692808353571564 ) ) ;
#2429 = CARTESIAN_POINT ( 'NONE',  ( 43.00074025762722840, 40.79718044151821488, -2.957127002701203544 ) ) ;
#2430 = LINE ( 'NONE', #2703, #444 ) ;
#2431 = CARTESIAN_POINT ( 'NONE',  ( 0.000000000000000000, 0.000000000000000000, 0.000000000000000000 ) ) ;
#2432 = VERTEX_POINT ( 'NONE', #2672 ) ;
#2433 = B_SPLINE_CURVE_WITH_KNOTS ( 'NONE', 3,
 ( #2494, #3582, #1289, #749, #1847, #2999, #2163, #388, #1544, #714, #1591, #2761, #1303, #2441, #1576, #966, #2146, #2746, #1881, #156 ),
 .UNSPECIFIED., .F., .F.,
 ( 4, 2, 2, 2, 2, 2, 2, 2, 2, 4 ),
 ( 0.000000000000000000, 0.1250000000000002220, 0.1875000000000003331, 0.2500000000000004441, 0.3125000000000005551, 0.3750000000000006661, 0.5000000000000005551, 0.6250000000000004441, 0.7500000000000003331, 1.000000000000000000 ),
 .UNSPECIFIED. ) ;
#2434 = CARTESIAN_POINT ( 'NONE',  ( -46.89637238145373033, 13.13292574048486827, -13.14809138725783555 ) ) ;
#2435 = CARTESIAN_POINT ( 'NONE',  ( -40.73906576001199653, 19.44942687261465153, 5.509029696161500844 ) ) ;
#2436 = CARTESIAN_POINT ( 'NONE',  ( -50.84397561877512572, 30.85599431163695527, 5.500000000000007994 ) ) ;
#2437 = VECTOR ( 'NONE', #2960, 1000.000000000000227 ) ;
#2438 = ADVANCED_FACE ( 'NONE', ( #70, #2381, #367 ), #1843, .F. ) ;
#2439 = ORIENTED_EDGE ( 'NONE', *, *, #1613, .T. ) ;
#2440 = AXIS2_PLACEMENT_3D ( 'NONE', #3324, #2404, #1878 ) ;
#2441 = CARTESIAN_POINT ( 'NONE',  ( -55.22745291142468460, 6.093507748594831241, -10.75473727836162396 ) ) ;
#2442 = DIRECTION ( 'NONE',  ( 0.9139452746408239792, 0.4058374489394845352, 0.000000000000000000 ) ) ;
#2443 = EDGE_CURVE ( 'NONE', #3420, #2366, #1017, .T. ) ;
#2444 = VERTEX_POINT ( 'NONE', #1318 ) ;
#2445 = CARTESIAN_POINT ( 'NONE',  ( -38.52307837663764900, 14.44394108394210896, -9.999999999999987566 ) ) ;
#2446 = B_SPLINE_CURVE_WITH_KNOTS ( 'NONE', 3,
 ( #2293, #1988, #3478, #3437 ),
 .UNSPECIFIED., .F., .F.,
 ( 4, 4 ),
 ( 0.000000000000000000, 1.000000000000000000 ),
 .UNSPECIFIED. ) ;
#2447 = CARTESIAN_POINT ( 'NONE',  ( -56.03866089888989421, 9.073292026810976907, -3.143567695114275473 ) ) ;
#2448 = CARTESIAN_POINT ( 'NONE',  ( 28.69126752630673138, 46.69762135486677579, -12.54557389800970313 ) ) ;
#2449 = ORIENTED_EDGE ( 'NONE', *, *, #725, .F. ) ;
#2450 = DIRECTION ( 'NONE',  ( -1.000000000000000000, 0.000000000000000000, 0.000000000000000000 ) ) ;
#2451 = FILL_AREA_STYLE_COLOUR ( '', #1352 ) ;
#2452 = B_SPLINE_SURFACE_WITH_KNOTS ( 'NONE', 3, 1, ( 
 ( #2065, #1164 ),
 ( #595, #3207 ),
 ( #3466, #3533 ),
 ( #1716, #2929 ),
 ( #2084, #344 ),
 ( #1432, #324 ),
 ( #1139, #3250 ),
 ( #2394, #1477 ),
 ( #878, #2104 ),
 ( #21, #2648 ),
 ( #279, #3188 ),
 ( #634, #1800 ),
 ( #2043, #2970 ),
 ( #2304, #3489 ),
 ( #362, #2019 ),
 ( #1516, #2684 ),
 ( #2328, #3231 ),
 ( #573, #44 ),
 ( #1186, #2353 ),
 ( #252, #583 ) ),
 .UNSPECIFIED., .F., .F., .F.,
 ( 4, 2, 2, 2, 2, 2, 2, 2, 2, 4 ),
 ( 2, 2 ),
 ( 0.000000000000000000, 0.2500000000000003331, 0.3750000000000005551, 0.5000000000000007772, 0.6250000000000009992, 0.6875000000000008882, 0.7500000000000006661, 0.8125000000000004441, 0.8750000000000003331, 1.000000000000000000 ),
 ( 0.000000000000000000, 1.000000000000000000 ),
 .UNSPECIFIED. ) ;
#2453 = ORIENTED_EDGE ( 'NONE', *, *, #186, .T. ) ;
#2454 = CARTESIAN_POINT ( 'NONE',  ( 41.87314669158356395, 51.07547251241795294, -14.82752901534727918 ) ) ;
#2455 = CARTESIAN_POINT ( 'NONE',  ( -40.73412707805027111, 19.20263813414581477, 6.247477664298369149 ) ) ;
#2456 = CARTESIAN_POINT ( 'NONE',  ( -41.07732121137955517, 16.97687470568083867, -12.48488239062203142 ) ) ;
#2457 = AXIS2_PLACEMENT_3D ( 'NONE', #1579, #2749, #3590 ) ;
#2458 = EDGE_LOOP ( 'NONE', ( #1308, #965, #935, #1344 ) ) ;
#2459 = DIRECTION ( 'NONE',  ( 0.4058374489394851459, -0.9139452746408237571, 0.000000000000000000 ) ) ;
#2460 = ADVANCED_FACE ( 'NONE', ( #2177 ), #398, .F. ) ;
#2461 = CARTESIAN_POINT ( 'NONE',  ( 42.23223593086861172, 50.26680412986157620, -22.15000000000000213 ) ) ;
#2462 = ORIENTED_EDGE ( 'NONE', *, *, #2111, .T. ) ;
#2463 = CARTESIAN_POINT ( 'NONE',  ( 15.71751434984982865, 48.37689597915888129, 5.886796564403907084 ) ) ;
#2464 = ORIENTED_EDGE ( 'NONE', *, *, #255, .T. ) ;
#2465 = EDGE_CURVE ( 'NONE', #2273, #2925, #1310, .T. ) ;
#2466 = CARTESIAN_POINT ( 'NONE',  ( 25.16830050272185204, 42.72610134128979098, 5.499999999999998224 ) ) ;
#2467 = VERTEX_POINT ( 'NONE', #3060 ) ;
#2468 = PLANE ( 'NONE',  #800 ) ;
#2469 = PRODUCT_CONTEXT ( 'NONE', #2527, 'mechanical' ) ;
#2470 = CARTESIAN_POINT ( 'NONE',  ( 41.83068604140945723, 51.17109382751942803, -15.15865435676329653 ) ) ;
#2471 = CARTESIAN_POINT ( 'NONE',  ( -41.35682446776641541, 15.52113966287758551, 8.386915987603730471 ) ) ;
#2472 = CARTESIAN_POINT ( 'NONE',  ( -40.41631218567282957, 18.22556262207162447, -11.08425244668453935 ) ) ;
#2473 = EDGE_LOOP ( 'NONE', ( #3349, #492 ) ) ;
#2474 = DIRECTION ( 'NONE',  ( -0.9139452746408240902, -0.4058374489394845908, 0.000000000000000000 ) ) ;
#2475 = CARTESIAN_POINT ( 'NONE',  ( 38.68011283872248640, 50.87405739259893522, -20.46716776084002376 ) ) ;
#2476 = CARTESIAN_POINT ( 'NONE',  ( 39.42009117277841312, 39.20719302053873179, 1.101145421330172125 ) ) ;
#2477 = EDGE_LOOP ( 'NONE', ( #883, #827, #2518 ) ) ;
#2478 = AXIS2_PLACEMENT_3D ( 'NONE', #1655, #2172, #3333 ) ;
#2479 = CARTESIAN_POINT ( 'NONE',  ( -28.86869427269581934, 21.70465748034891362, -14.69191839357654494 ) ) ;
#2480 = VERTEX_POINT ( 'NONE', #2491 ) ;
#2481 = DIRECTION ( 'NONE',  ( 1.000000000000000000, 0.000000000000000000, -0.000000000000000000 ) ) ;
#2482 = CARTESIAN_POINT ( 'NONE',  ( 26.89789681683828704, 46.22317541709471556, -10.15349004656140330 ) ) ;
#2483 = VERTEX_POINT ( 'NONE', #1335 ) ;
#2484 = EDGE_CURVE ( 'NONE', #737, #705, #1504, .T. ) ;
#2485 = CARTESIAN_POINT ( 'NONE',  ( -31.54020779557601628, 7.697268402111540730, -12.50000000000000178 ) ) ;
#2486 = EDGE_CURVE ( 'NONE', #2821, #650, #3008, .T. ) ;
#2487 = B_SPLINE_CURVE_WITH_KNOTS ( 'NONE', 3,
 ( #3496, #2942, #1250, #909 ),
 .UNSPECIFIED., .F., .F.,
 ( 4, 4 ),
 ( 1.494784152325346290E-17, 0.001737873352893895985 ),
 .UNSPECIFIED. ) ;
#2488 = EDGE_CURVE ( 'NONE', #2730, #146, #3453, .T. ) ;
#2489 = CARTESIAN_POINT ( 'NONE',  ( 24.78038560090298859, 46.23609952539266033, -3.700000000000692957 ) ) ;
#2490 = CARTESIAN_POINT ( 'NONE',  ( -48.72211562854372602, 0.06764129387425533990, -22.15000000000000213 ) ) ;
#2491 = CARTESIAN_POINT ( 'NONE',  ( 10.57024458922330190, 38.65098013354201356, -14.70000000000000284 ) ) ;
#2492 = CARTESIAN_POINT ( 'NONE',  ( -55.67830366814512644, 7.108822919113582550, -13.13716398707476429 ) ) ;
#2493 =( GEOMETRIC_REPRESENTATION_CONTEXT ( 3 ) GLOBAL_UNCERTAINTY_ASSIGNED_CONTEXT ( ( #1433 ) ) GLOBAL_UNIT_ASSIGNED_CONTEXT ( ( #3508, #898, #1780 ) ) REPRESENTATION_CONTEXT ( 'NONE', 'WORKASPACE' ) );
#2494 = CARTESIAN_POINT ( 'NONE',  ( -51.92092408978491136, -1.352789777417733097, -3.097864185164253215 ) ) ;
#2495 = FACE_OUTER_BOUND ( 'NONE', #2473, .T. ) ;
#2496 = CARTESIAN_POINT ( 'NONE',  ( -55.55990845569955638, 6.842197093336658931, -22.15000000000000213 ) ) ;
#2497 = CARTESIAN_POINT ( 'NONE',  ( -43.94386975039314791, 12.03683837943645152, 4.861194910073090014 ) ) ;
#2498 = ORIENTED_EDGE ( 'NONE', *, *, #354, .T. ) ;
#2499 = CARTESIAN_POINT ( 'NONE',  ( 24.00762810578209994, 63.21852708607239890, -12.50000000000000178 ) ) ;
#2500 = AXIS2_PLACEMENT_3D ( 'NONE', #52, #559, #7 ) ;
#2501 = ORIENTED_EDGE ( 'NONE', *, *, #3295, .T. ) ;
#2502 = CARTESIAN_POINT ( 'NONE',  ( -45.02286246191938801, 14.29719994601419053, -10.00000000000073541 ) ) ;
#2503 = CARTESIAN_POINT ( 'NONE',  ( 26.69232037974227012, 46.27665898681426881, -8.433252907769615447 ) ) ;
#2504 = ORIENTED_EDGE ( 'NONE', *, *, #983, .F. ) ;
#2505 = CARTESIAN_POINT ( 'NONE',  ( -59.11401948816367025, 7.453927194435276959, -19.90226640499235700 ) ) ;
#2506 = CIRCLE ( 'NONE', #730, 0.8999999999999980238 ) ;
#2507 = ADVANCED_FACE ( 'NONE', ( #819 ), #2230, .T. ) ;
#2508 = CARTESIAN_POINT ( 'NONE',  ( 23.79635525135677909, 39.34397511503600953, 14.15653576780093204 ) ) ;
#2509 = CARTESIAN_POINT ( 'NONE',  ( 45.87122029678157276, 42.07181725911097203, -3.097864185165809303 ) ) ;
#2510 = CARTESIAN_POINT ( 'NONE',  ( -43.89902572470794695, 13.46649001037782689, 3.580571960649787666 ) ) ;
#2511 = EDGE_CURVE ( 'NONE', #2925, #1686, #557, .T. ) ;
#2512 = CARTESIAN_POINT ( 'NONE',  ( -57.96928873534717042, 4.875995401776370031, -10.75473727836162396 ) ) ;
#2513 = CARTESIAN_POINT ( 'NONE',  ( -41.12626786970681536, 18.37516181845134966, -7.968604199354396123 ) ) ;
#2514 = CARTESIAN_POINT ( 'NONE',  ( -43.28973912871754948, 2.376747207462396982, 6.762452321616442497 ) ) ;
#2515 = CARTESIAN_POINT ( 'NONE',  ( 23.25269233145830228, 46.07344637410579224, -7.019952779830748391 ) ) ;
#2516 = CARTESIAN_POINT ( 'NONE',  ( 27.35852510375189794, 33.85125395121919212, -10.00000000000000178 ) ) ;
#2517 = CARTESIAN_POINT ( 'NONE',  ( 20.53055458379305875, 45.82740593543525875, -9.600134800488349995 ) ) ;
#2518 = ORIENTED_EDGE ( 'NONE', *, *, #3526, .F. ) ;
#2519 = EDGE_LOOP ( 'NONE', ( #126, #3057, #640, #3245, #2426, #771 ) ) ;
#2520 = CARTESIAN_POINT ( 'NONE',  ( 38.67087024893249492, 50.89487168976664577, -20.04434947234183539 ) ) ;
#2521 = CARTESIAN_POINT ( 'NONE',  ( -38.32271620342667973, 24.69397853162378098, -7.353751536247211895 ) ) ;
#2522 = CIRCLE ( 'NONE', #2711, 15.00000000000000355 ) ;
#2523 = VERTEX_POINT ( 'NONE', #227 ) ;
#2524 = CARTESIAN_POINT ( 'NONE',  ( 37.36674872795163083, 48.90366979242114809, -22.08157500426673892 ) ) ;
#2525 = VECTOR ( 'NONE', #2974, 1000.000000000000114 ) ;
#2526 = CARTESIAN_POINT ( 'NONE',  ( -52.65752875062777605, 8.930185241178584477, -22.09562416129532636 ) ) ;
#2527 = APPLICATION_CONTEXT ( 'automotive_design' ) ;
#2528 = CARTESIAN_POINT ( 'NONE',  ( 29.75214385644894932, 45.99416218465699302, 6.179153287202681533 ) ) ;
#2529 = LINE ( 'NONE', #2509, #3530 ) ;
#2530 = DIRECTION ( 'NONE',  ( 0.000000000000000000, 0.000000000000000000, 1.000000000000000000 ) ) ;
#2531 = CARTESIAN_POINT ( 'NONE',  ( 20.63272054451738313, 45.61493760086397486, -10.46329832126112791 ) ) ;
#2532 = EDGE_CURVE ( 'NONE', #202, #2556, #3637, .T. ) ;
#2533 = CYLINDRICAL_SURFACE ( 'NONE', #1999, 0.8999999999999998002 ) ;
#2534 = CARTESIAN_POINT ( 'NONE',  ( 14.23083723161356140, 48.17183848281221259, -8.021428571428526055 ) ) ;
#2535 = CARTESIAN_POINT ( 'NONE',  ( 26.53562751244055562, 46.23968686146426421, -8.628138322331887267 ) ) ;
#2536 = LINE ( 'NONE', #751, #3347 ) ;
#2537 = CARTESIAN_POINT ( 'NONE',  ( 34.54722229585956939, 37.04339533057031986, 6.736382682932183563 ) ) ;
#2538 = VERTEX_POINT ( 'NONE', #1086 ) ;
#2539 = VERTEX_POINT ( 'NONE', #245 ) ;
#2540 = CYLINDRICAL_SURFACE ( 'NONE', #1623, 3.000000000000012879 ) ;
#2541 = CARTESIAN_POINT ( 'NONE',  ( -40.85538781917762918, 15.81542526410366101, -6.073342700144300998 ) ) ;
#2542 = EDGE_LOOP ( 'NONE', ( #847, #3317, #1258 ) ) ;
#2543 = CARTESIAN_POINT ( 'NONE',  ( 35.79191728923321847, 48.75412654946493518, -21.88076410036287456 ) ) ;
#2544 = CIRCLE ( 'NONE', #3575, 17.00000000000000355 ) ;
#2545 = CARTESIAN_POINT ( 'NONE',  ( -52.95162577142974669, 9.592491253475859736, -21.72600188222750006 ) ) ;
#2546 = CARTESIAN_POINT ( 'NONE',  ( 19.50069070384372338, 46.70925654839378893, 11.58735936913735287 ) ) ;
#2547 = CARTESIAN_POINT ( 'NONE',  ( -57.70674104466294096, 4.284738429568122342, -9.667810681412920104 ) ) ;
#2548 = CARTESIAN_POINT ( 'NONE',  ( -54.66275991370741849, -2.570302124236202079, -3.097864185164253215 ) ) ;
#2549 = AXIS2_PLACEMENT_3D ( 'NONE', #2636, #1807, #1825 ) ;
#2550 = CARTESIAN_POINT ( 'NONE',  ( -43.29303940411958251, 16.00096495373468386, -7.083342611210232675 ) ) ;
#2551 = CARTESIAN_POINT ( 'NONE',  ( 19.42593861568964186, 43.80081246965956154, -10.85346938525982452 ) ) ;
#2552 = CARTESIAN_POINT ( 'NONE',  ( -46.18535193004908734, 13.44865441062353284, -14.70000000000000284 ) ) ;
#2553 = ADVANCED_FACE ( 'NONE', ( #2212 ), #1719, .T. ) ;
#2554 = DIRECTION ( 'NONE',  ( -1.000000000000000000, 0.000000000000000000, 0.000000000000000000 ) ) ;
#2555 = ORIENTED_EDGE ( 'NONE', *, *, #1984, .T. ) ;
#2556 = VERTEX_POINT ( 'NONE', #3450 ) ;
#2557 = EDGE_CURVE ( 'NONE', #3420, #340, #1945, .T. ) ;
#2558 = DIRECTION ( 'NONE',  ( 1.000000000000000000, 0.000000000000000000, 0.000000000000000000 ) ) ;
#2559 = PLANE ( 'NONE',  #1472 ) ;
#2560 = EDGE_LOOP ( 'NONE', ( #2099, #73, #140, #253 ) ) ;
#2561 = AXIS2_PLACEMENT_3D ( 'NONE', #692, #136, #152 ) ;
#2562 = CARTESIAN_POINT ( 'NONE',  ( -51.92092408978491136, -1.352789777417733097, -3.097864185164253215 ) ) ;
#2563 = CARTESIAN_POINT ( 'NONE',  ( 14.96784853157233286, 48.27192449510220484, -6.827566779407862718 ) ) ;
#2564 = AXIS2_PLACEMENT_3D ( 'NONE', #1430, #2599, #1138 ) ;
#2565 = B_SPLINE_CURVE_WITH_KNOTS ( 'NONE', 3,
 ( #2574, #1937, #1956, #1710, #3460, #3404, #3142, #272, #3441, #2241, #3690, #1384, #238, #848, #493, #3124, #2520, #1991 ),
 .UNSPECIFIED., .F., .F.,
 ( 4, 2, 2, 2, 2, 2, 2, 2, 4 ),
 ( 0.000000000000000000, 0.1250000000000000000, 0.2500000000000000000, 0.3750000000000000000, 0.5000000000000000000, 0.6250000000000000000, 0.7500000000000000000, 0.8750000000000000000, 1.000000000000000000 ),
 .UNSPECIFIED. ) ;
#2566 = CARTESIAN_POINT ( 'NONE',  ( -55.97911742283632464, 0.3941328443704592566, -4.875051982341950030 ) ) ;
#2567 = CARTESIAN_POINT ( 'NONE',  ( 21.12255461458429195, 45.34399965643336117, -11.44783762356887102 ) ) ;
#2568 = CARTESIAN_POINT ( 'NONE',  ( -55.22745291142468460, 6.093507748594832130, -10.75473727836162396 ) ) ;
#2569 = CARTESIAN_POINT ( 'NONE',  ( -40.61327785636841270, 18.75240954110416425, -9.006597008789990255 ) ) ;
#2570 = CARTESIAN_POINT ( 'NONE',  ( -45.88399728407225098, 13.58247095756871659, -14.70000000000000284 ) ) ;
#2571 = CARTESIAN_POINT ( 'NONE',  ( -12.59519751404454624, 28.36436430696500821, -14.70000000000000284 ) ) ;
#2572 = ORIENTED_EDGE ( 'NONE', *, *, #58, .F. ) ;
#2573 = CARTESIAN_POINT ( 'NONE',  ( 36.80302892420903049, 50.17316587317545640, -20.71584701336661283 ) ) ;
#2574 = CARTESIAN_POINT ( 'NONE',  ( 39.49040010694614011, 49.04929178304312387, -22.15000000000000213 ) ) ;
#2575 = AXIS2_PLACEMENT_3D ( 'NONE', #3745, #544, #3177 ) ;
#2576 = DIRECTION ( 'NONE',  ( -0.4058374489394843132, 0.9139452746408240902, 0.000000000000000000 ) ) ;
#2577 = ORIENTED_EDGE ( 'NONE', *, *, #498, .F. ) ;
#2578 = DIRECTION ( 'NONE',  ( -0.9139452746408239792, -0.4058374489394844797, 8.326672684688671588E-17 ) ) ;
#2579 = EDGE_CURVE ( 'NONE', #1212, #1094, #1356, .T. ) ;
#2580 = CARTESIAN_POINT ( 'NONE',  ( -49.38166317934980754, 31.50533422994013222, 5.500000000000007994 ) ) ;
#2581 = CARTESIAN_POINT ( 'NONE',  ( 23.13832990330647377, 44.23183910119283269, -3.700000000000003286 ) ) ;
#2582 = DIRECTION ( 'NONE',  ( 0.000000000000000000, 0.000000000000000000, -1.000000000000000000 ) ) ;
#2583 = CARTESIAN_POINT ( 'NONE',  ( 23.60823617858849488, 45.94135199222910160, 2.497235812366187524 ) ) ;
#2584 = DIRECTION ( 'NONE',  ( 1.000000000000000000, 0.000000000000000000, -0.000000000000000000 ) ) ;
#2585 = CARTESIAN_POINT ( 'NONE',  ( -53.23431196930707898, 10.22910011111418171, -20.58494765305766450 ) ) ;
#2586 = AXIS2_PLACEMENT_3D ( 'NONE', #2466, #459, #1615 ) ;
#2587 = CARTESIAN_POINT ( 'NONE',  ( -44.20899338834629333, 15.10406110325570062, -7.693575810121051184 ) ) ;
#2588 = CARTESIAN_POINT ( 'NONE',  ( 18.56500803822680368, 42.20105527813143453, -14.70000000000068141 ) ) ;
#2589 = CARTESIAN_POINT ( 'NONE',  ( -31.86770427764162150, 21.30048579149467614, -14.21751472024370244 ) ) ;
#2590 = CARTESIAN_POINT ( 'NONE',  ( 15.71751434984982865, 48.37689597915888129, -3.700000000000003730 ) ) ;
#2591 = ORIENTED_EDGE ( 'NONE', *, *, #2879, .F. ) ;
#2592 = VERTEX_POINT ( 'NONE', #1104 ) ;
#2593 = CARTESIAN_POINT ( 'NONE',  ( -2.569501288236058389, 15.63800383155555451, -10.37867965644034740 ) ) ;
#2594 = AXIS2_PLACEMENT_3D ( 'NONE', #2947, #2660, #912 ) ;
#2595 = LINE ( 'NONE', #1653, #2695 ) ;
#2596 = ORIENTED_EDGE ( 'NONE', *, *, #2486, .F. ) ;
#2597 = CARTESIAN_POINT ( 'NONE',  ( 21.47110740991247724, 45.60591685954634755, 7.540743203214061552 ) ) ;
#2598 = CARTESIAN_POINT ( 'NONE',  ( -46.49148534286900514, 13.31271585200162555, -12.39237050999450140 ) ) ;
#2599 = DIRECTION ( 'NONE',  ( 0.4058374489394845352, -0.9139452746408240902, -0.000000000000000000 ) ) ;
#2600 = EDGE_CURVE ( 'NONE', #2319, #867, #2174, .T. ) ;
#2601 = DIRECTION ( 'NONE',  ( -0.9139452746408239792, -0.4058374489394844797, 8.326672684688671588E-17 ) ) ;
#2602 = CIRCLE ( 'NONE', #172, 1.599999999999997868 ) ;
#2603 = CARTESIAN_POINT ( 'NONE',  ( 15.71751434984982865, 48.37689597915888129, -12.50000000000000178 ) ) ;
#2604 = CARTESIAN_POINT ( 'NONE',  ( 41.41555200489177224, 52.10597500226752743, -20.46893875283259945 ) ) ;
#2605 = CARTESIAN_POINT ( 'NONE',  ( -33.49962342422105621, 6.827189785583907877, -10.37867965644035984 ) ) ;
#2606 = CARTESIAN_POINT ( 'NONE',  ( -52.40676449272664428, 10.31640377359674865, -14.70000000000000639 ) ) ;
#2607 = ADVANCED_FACE ( 'NONE', ( #3430 ), #1395, .T. ) ;
#2608 = DIRECTION ( 'NONE',  ( 3.642055657877754479E-16, -3.642055657877754479E-16, -1.000000000000000000 ) ) ;
#2609 = CARTESIAN_POINT ( 'NONE',  ( 39.50258876531002272, 49.05283169110628450, -22.15000000000000213 ) ) ;
#2610 = CARTESIAN_POINT ( 'NONE',  ( 27.06838201585406978, 45.97697895563580062, -14.70000000000007923 ) ) ;
#2611 = CARTESIAN_POINT ( 'NONE',  ( -11.98644134063532007, 26.99344639500377241, -12.50000000000000178 ) ) ;
#2612 = ADVANCED_BREP_SHAPE_REPRESENTATION ( 'Lid', ( #2175, #901 ), #1547 ) ;
#2613 = LINE ( 'NONE', #844, #206 ) ;
#2614 = ORIENTED_EDGE ( 'NONE', *, *, #2676, .T. ) ;
#2615 = ORIENTED_EDGE ( 'NONE', *, *, #3088, .T. ) ;
#2616 = LINE ( 'NONE', #2385, #3267 ) ;
#2617 = B_SPLINE_CURVE_WITH_KNOTS ( 'NONE', 3,
 ( #2948, #15, #893, #2079 ),
 .UNSPECIFIED., .F., .F.,
 ( 4, 4 ),
 ( 1.097135458930219133E-17, 0.001734576387422860546 ),
 .UNSPECIFIED. ) ;
#2618 = CARTESIAN_POINT ( 'NONE',  ( 36.81095354838683420, 36.86001522982147094, 4.851589857240222514 ) ) ;
#2619 = VECTOR ( 'NONE', #2891, 999.9999999999998863 ) ;
#2620 = CARTESIAN_POINT ( 'NONE',  ( -48.72211562854295153, 0.06764129387464359877, -14.70000000000000284 ) ) ;
#2621 = ORIENTED_EDGE ( 'NONE', *, *, #946, .T. ) ;
#2622 = CARTESIAN_POINT ( 'NONE',  ( 25.88642501967153819, 43.04498457212032037, 8.395273849439943703 ) ) ;
#2623 = CARTESIAN_POINT ( 'NONE',  ( -44.47694911950426899, 14.93724683278987619, -6.923041732767920564 ) ) ;
#2624 = CARTESIAN_POINT ( 'NONE',  ( -36.28812691441984128, 17.15673369271705084, 15.85241076678864758 ) ) ;
#2625 =( BOUNDED_SURFACE ( )  B_SPLINE_SURFACE ( 3, 2, ( 
 ( #422, #3550, #2514 ),
 ( #1867, #194, #405 ),
 ( #377, #392, #360 ),
 ( #2136, #1564, #3569 ),
 ( #3587, #2152, #3283 ),
 ( #2216, #2732, #3004 ),
 ( #3377, #686, #3602 ),
 ( #971, #1852, #1533 ),
 ( #3664, #955, #1626 ),
 ( #1053, #131, #1514 ),
 ( #1278, #2681, #937 ),
 ( #2102, #2447, #2797 ) ),
 .UNSPECIFIED., .F., .F., .F. ) 
 B_SPLINE_SURFACE_WITH_KNOTS ( ( 4, 2, 2, 2, 2, 4 ),
 ( 3, 3 ),
 ( -4.336808689942017736E-19, 0.001703284384590947201, 0.003406568769181894836, 0.006813137538363789672, 0.01021970630754568538, 0.01362627507672757934 ),
 ( 0.000000000000000000, 0.9671873057328508327 ),
 .UNSPECIFIED. ) 
 GEOMETRIC_REPRESENTATION_ITEM ( )  RATIONAL_B_SPLINE_SURFACE ( (
 ( 1.000000000000000000, 0.8172623494261360699, 0.9880077706812453453),
 ( 1.000000000000000000, 0.8109019383175574136, 0.9875903662310070441),
 ( 1.000000000000000000, 0.8048001812850811287, 0.9871899360550089320),
 ( 1.000000000000000000, 0.7932416175540860648, 0.9864314008192638372),
 ( 1.000000000000000000, 0.7877840986646443833, 0.9860732490217110069),
 ( 1.000000000000000000, 0.7723985961299728586, 0.9850635694400777798),
 ( 1.000000000000000000, 0.7634590228932276457, 0.9844769064730853891),
 ( 1.000000000000000000, 0.7478557168938894106, 0.9834529334544592771),
 ( 1.000000000000000000, 0.7411823491744424786, 0.9830149911050385381),
 ( 1.000000000000000000, 0.7296819944962438242, 0.9822602758609993989),
 ( 1.000000000000000000, 0.7248555472780121578, 0.9819435383870626088),
 ( 1.000000000000000000, 0.7207804027620798859, 0.9816761054448712720) ) ) 
 REPRESENTATION_ITEM ( '' )  SURFACE ( )  );
#2626 = DIRECTION ( 'NONE',  ( -0.4058374489394845352, 0.9139452746408239792, -0.000000000000000000 ) ) ;
#2627 = PLANE ( 'NONE',  #2027 ) ;
#2628 = EDGE_CURVE ( 'NONE', #586, #1387, #1803, .T. ) ;
#2629 = DIRECTION ( 'NONE',  ( 0.4058374489394844797, -0.9139452746408239792, -0.000000000000000000 ) ) ;
#2630 = CARTESIAN_POINT ( 'NONE',  ( 39.37200489450033558, 49.31591760882068343, -13.13716398707653887 ) ) ;
#2631 = CARTESIAN_POINT ( 'NONE',  ( 21.63132312034572635, 46.38206655198233364, 1.168182940422378913 ) ) ;
#2632 = VERTEX_POINT ( 'NONE', #2956 ) ;
#2633 = CARTESIAN_POINT ( 'NONE',  ( -39.31976202578383806, 8.176882218670860070, 12.10000000000029985 ) ) ;
#2634 = EDGE_CURVE ( 'NONE', #2539, #2483, #2865, .T. ) ;
#2635 = CARTESIAN_POINT ( 'NONE',  ( 45.87122029678157276, 42.07181725911097203, -3.097864185165809303 ) ) ;
#2636 = CARTESIAN_POINT ( 'NONE',  ( -16.67235263888314378, 47.39760212532419814, 12.49999999999999822 ) ) ;
#2637 = CARTESIAN_POINT ( 'NONE',  ( -34.84635015487771881, 20.73001200567342295, -13.00529005118971959 ) ) ;
#2638 = CARTESIAN_POINT ( 'NONE',  ( -2.569501288236065495, 15.63800383155555096, -14.70000000000000284 ) ) ;
#2639 = VERTEX_POINT ( 'NONE', #2605 ) ;
#2640 = ORIENTED_EDGE ( 'NONE', *, *, #3408, .F. ) ;
#2641 = CARTESIAN_POINT ( 'NONE',  ( -40.37927891438120298, 18.42789243799943577, -10.68661018751348557 ) ) ;
#2642 = CARTESIAN_POINT ( 'NONE',  ( 39.49040010694614011, 49.04929178304311677, -22.15000000000000213 ) ) ;
#2643 = ORIENTED_EDGE ( 'NONE', *, *, #1120, .T. ) ;
#2644 = CARTESIAN_POINT ( 'NONE',  ( 22.75801720217918600, 44.79987305001281328, 8.181162324184780843 ) ) ;
#2645 = CARTESIAN_POINT ( 'NONE',  ( -39.20690337959435823, 23.63694315561088288, 5.894535295582927326 ) ) ;
#2646 = VECTOR ( 'NONE', #2220, 1000.000000000000114 ) ;
#2647 = CARTESIAN_POINT ( 'NONE',  ( 26.38486813331348202, 46.26072596203243137, -7.722759081410941917 ) ) ;
#2648 = CARTESIAN_POINT ( 'NONE',  ( 40.71546530311223933, 46.29044695467960935, -7.487369703567149593 ) ) ;
#2649 = CARTESIAN_POINT ( 'NONE',  ( 13.57850677376775828, 48.02368264526627684, -8.937546650316566144 ) ) ;
#2650 = DIRECTION ( 'NONE',  ( -1.000000000000000000, 0.000000000000000000, 0.000000000000000000 ) ) ;
#2651 = CARTESIAN_POINT ( 'NONE',  ( -44.75646910089502484, 1.828586850279917631, 5.152885616723252404 ) ) ;
#2652 = CARTESIAN_POINT ( 'NONE',  ( -53.80988809791313088, 7.829235535753941377, -22.15000000000000213 ) ) ;
#2653 = ORIENTED_EDGE ( 'NONE', *, *, #3432, .T. ) ;
#2654 = CARTESIAN_POINT ( 'NONE',  ( 0.000000000000000000, 0.000000000000000000, -21.35000000000000497 ) ) ;
#2655 = CARTESIAN_POINT ( 'NONE',  ( -42.22019336085499219, 2.954820230664176428, 7.970196636405506574 ) ) ;
#2656 = DIRECTION ( 'NONE',  ( -0.9139452746408239792, -0.4058374489394845908, 0.000000000000000000 ) ) ;
#2657 = CARTESIAN_POINT ( 'NONE',  ( -31.71959499221282286, 19.87217456607042365, -14.69999999999981988 ) ) ;
#2658 = EDGE_CURVE ( 'NONE', #435, #3671, #1764, .T. ) ;
#2659 = ORIENTED_EDGE ( 'NONE', *, *, #2981, .F. ) ;
#2660 = DIRECTION ( 'NONE',  ( -0.000000000000000000, -0.000000000000000000, 1.000000000000000000 ) ) ;
#2661 = CARTESIAN_POINT ( 'NONE',  ( 41.79454341490855995, 51.25248696359875566, -21.84619567024299869 ) ) ;
#2662 = ORIENTED_EDGE ( 'NONE', *, *, #846, .T. ) ;
#2663 = FACE_OUTER_BOUND ( 'NONE', #683, .T. ) ;
#2664 = CARTESIAN_POINT ( 'NONE',  ( -36.44252379953369569, 16.58604848319663816, 15.71824426451716761 ) ) ;
#2665 = LINE ( 'NONE', #1207, #2399 ) ;
#2666 = CARTESIAN_POINT ( 'NONE',  ( 11.63655464953395402, 45.85447426618839728, -12.29374985533980080 ) ) ;
#2667 = DIRECTION ( 'NONE',  ( 0.000000000000000000, 0.000000000000000000, -1.000000000000000000 ) ) ;
#2668 = CARTESIAN_POINT ( 'NONE',  ( -47.84207605342979974, 12.71298597348043558, -14.18269585316877190 ) ) ;
#2669 = CARTESIAN_POINT ( 'NONE',  ( -48.31492614047530054, 12.50301686659624778, -14.70000000000000284 ) ) ;
#2670 = ORIENTED_EDGE ( 'NONE', *, *, #3, .T. ) ;
#2671 = CARTESIAN_POINT ( 'NONE',  ( 38.86491256012071460, 51.25054426395342233, -22.14999999999999858 ) ) ;
#2672 = CARTESIAN_POINT ( 'NONE',  ( -43.33876191278712753, 2.458119804308258605, 6.736382682932164911 ) ) ;
#2673 = CARTESIAN_POINT ( 'NONE',  ( -34.11393313071677369, 18.80896858536955918, -14.70000000000071338 ) ) ;
#2674 = ORIENTED_EDGE ( 'NONE', *, *, #2532, .F. ) ;
#2675 = DIRECTION ( 'NONE',  ( 0.000000000000000000, 0.000000000000000000, 1.000000000000000000 ) ) ;
#2676 = EDGE_CURVE ( 'NONE', #2432, #456, #2365, .T. ) ;
#2677 = CARTESIAN_POINT ( 'NONE',  ( 42.17413337248283511, 50.39765099680298732, -22.15000000000000213 ) ) ;
#2678 = EDGE_LOOP ( 'NONE', ( #2243, #2439, #2750, #1873 ) ) ;
#2679 = DIRECTION ( 'NONE',  ( 0.8942112454728204929, 0.000000000000000000, 0.4476452261221456896 ) ) ;
#2680 = ADVANCED_FACE ( 'NONE', ( #3515 ), #2068, .T. ) ;
#2681 = CARTESIAN_POINT ( 'NONE',  ( -55.54064457049347681, 9.113508964265674805, -2.657347361181118028 ) ) ;
#2682 = VECTOR ( 'NONE', #1791, 1000.000000000000000 ) ;
#2683 = CARTESIAN_POINT ( 'NONE',  ( 28.21220775585383933, 46.53463682063058116, -11.62969681968787761 ) ) ;
#2684 = CARTESIAN_POINT ( 'NONE',  ( 41.87788488798635456, 43.67267994100989625, -4.763113553812690526 ) ) ;
#2685 =( NAMED_UNIT ( * ) SI_UNIT ( $, .STERADIAN. ) SOLID_ANGLE_UNIT ( ) );
#2686 = CARTESIAN_POINT ( 'NONE',  ( 25.48053000450059358, 45.43167322059055380, 2.832783384215938227 ) ) ;
#2687 = FACE_OUTER_BOUND ( 'NONE', #1012, .T. ) ;
#2688 = DIRECTION ( 'NONE',  ( 0.000000000000000000, 0.7831235737295630939, -0.6218661176403146307 ) ) ;
#2689 = ORIENTED_EDGE ( 'NONE', *, *, #2579, .F. ) ;
#2690 = AXIS2_PLACEMENT_3D ( 'NONE', #928, #3257, #580 ) ;
#2691 = DIRECTION ( 'NONE',  ( -0.000000000000000000, -0.000000000000000000, 1.000000000000000000 ) ) ;
#2692 = CARTESIAN_POINT ( 'NONE',  ( 13.83729651903329660, 40.10171472076335419, -14.69999999999941309 ) ) ;
#2693 = CARTESIAN_POINT ( 'NONE',  ( -52.93463686731065110, 9.554232269043801296, -14.70000000000004903 ) ) ;
#2694 = ORIENTED_EDGE ( 'NONE', *, *, #2885, .T. ) ;
#2695 = VECTOR ( 'NONE', #3749, 1000.000000000000000 ) ;
#2696 = CARTESIAN_POINT ( 'NONE',  ( 0.000000000000000000, 0.000000000000000000, -22.15000000000000213 ) ) ;
#2697 = CARTESIAN_POINT ( 'NONE',  ( -54.36148836181271093, 9.071438432502462845, -21.62526650690073637 ) ) ;
#2698 = VERTEX_POINT ( 'NONE', #1786 ) ;
#2699 = LINE ( 'NONE', #3567, #1507 ) ;
#2700 = CARTESIAN_POINT ( 'NONE',  ( -56.24864739637092015, 8.393236067025693359, -21.26716052623753583 ) ) ;
#2701 = CARTESIAN_POINT ( 'NONE',  ( -41.50778929411421103, 17.95432737602211759, 10.83162988534794557 ) ) ;
#2702 = EDGE_CURVE ( 'NONE', #3700, #2180, #585, .T. ) ;
#2703 = CARTESIAN_POINT ( 'NONE',  ( -54.66275991370910248, -2.570302124232364704, 8.243721701783195093E-15 ) ) ;
#2704 = APPLICATION_PROTOCOL_DEFINITION ( 'draft international standard', 'automotive_design', 1998, #1154 ) ;
#2705 = CARTESIAN_POINT ( 'NONE',  ( -49.38166317934982175, 31.50533422994013222, -9.999999999999987566 ) ) ;
#2706 = FACE_OUTER_BOUND ( 'NONE', #2346, .T. ) ;
#2707 = B_SPLINE_CURVE_WITH_KNOTS ( 'NONE', 3,
 ( #2794, #2531, #3394, #1604 ),
 .UNSPECIFIED., .F., .F.,
 ( 4, 4 ),
 ( 1.734723475976807094E-18, 0.0007268965861916356925 ),
 .UNSPECIFIED. ) ;
#2708 = CARTESIAN_POINT ( 'NONE',  ( 44.05553476147117919, 46.16073813015665195, -5.924660083942391964 ) ) ;
#2709 = CARTESIAN_POINT ( 'NONE',  ( 10.57024458922329835, 38.65098013354201356, -14.70000000000000462 ) ) ;
#2710 = LINE ( 'NONE', #2436, #2305 ) ;
#2711 = AXIS2_PLACEMENT_3D ( 'NONE', #2044, #2284, #302 ) ;
#2712 = CIRCLE ( 'NONE', #2338, 17.00000000000000000 ) ;
#2713 = ORIENTED_EDGE ( 'NONE', *, *, #685, .F. ) ;
#2714 = CARTESIAN_POINT ( 'NONE',  ( 39.93057601161623182, 39.43387384100430637, -22.15000000000000213 ) ) ;
#2715 = CARTESIAN_POINT ( 'NONE',  ( -55.67503811277085646, 7.101468893724413256, -22.13507565770812491 ) ) ;
#2716 = ORIENTED_EDGE ( 'NONE', *, *, #2239, .T. ) ;
#2717 = CARTESIAN_POINT ( 'NONE',  ( -59.61373385106535494, -4.922233139737198115, -11.52537855073029505 ) ) ;
#2718 = LINE ( 'NONE', #1837, #449 ) ;
#2719 = FACE_OUTER_BOUND ( 'NONE', #113, .T. ) ;
#2720 = ADVANCED_FACE ( 'NONE', ( #2687 ), #1140, .T. ) ;
#2721 = ORIENTED_EDGE ( 'NONE', *, *, #327, .F. ) ;
#2722 = CARTESIAN_POINT ( 'NONE',  ( 43.33939915544124943, 47.77347434965711415, -7.856215692601512757 ) ) ;
#2723 = CARTESIAN_POINT ( 'NONE',  ( -43.62924671335757409, 14.42467738986659498, 3.006680312863764915 ) ) ;
#2724 = ADVANCED_FACE ( 'NONE', ( #857 ), #2396, .F. ) ;
#2725 = CARTESIAN_POINT ( 'NONE',  ( -42.51168050628247386, 15.72658639560126481, -13.00565837971893579 ) ) ;
#2726 = B_SPLINE_SURFACE_WITH_KNOTS ( 'NONE', 3, 1, ( 
 ( #3504, #2642 ),
 ( #2677, #94 ),
 ( #2058, #1448 ),
 ( #934, #569 ),
 ( #2901, #609 ),
 ( #295, #2098 ),
 ( #2661, #2322 ),
 ( #914, #3483 ),
 ( #2037, #3202 ),
 ( #339, #59 ),
 ( #3244, #3263 ),
 ( #649, #2983 ),
 ( #1181, #588 ),
 ( #1754, #2924 ),
 ( #1471, #2475 ),
 ( #452, #3565 ),
 ( #1592, #1897 ),
 ( #733, #967 ) ),
 .UNSPECIFIED., .F., .F., .F.,
 ( 4, 2, 2, 2, 2, 2, 2, 2, 4 ),
 ( 2, 2 ),
 ( 0.000000000000000000, 0.1250000000000000000, 0.2500000000000000000, 0.3750000000000000000, 0.5000000000000000000, 0.6250000000000000000, 0.7500000000000000000, 0.8750000000000000000, 1.000000000000000000 ),
 ( 0.000000000000000000, 1.000000000000000000 ),
 .UNSPECIFIED. ) ;
#2727 = ORIENTED_EDGE ( 'NONE', *, *, #1613, .F. ) ;
#2728 = CARTESIAN_POINT ( 'NONE',  ( -41.26491420056012771, 13.22642873712365130, -9.999999999999987566 ) ) ;
#2729 = DIRECTION ( 'NONE',  ( 0.4058374489394845908, -0.9139452746408240902, 0.000000000000000000 ) ) ;
#2730 = VERTEX_POINT ( 'NONE', #2309 ) ;
#2731 = CARTESIAN_POINT ( 'NONE',  ( 25.79779615841548335, 40.20647260177177174, 11.97218923696537374 ) ) ;
#2732 = CARTESIAN_POINT ( 'NONE',  ( -51.49921499379333767, 9.952575747522237393, 1.158337055258787940 ) ) ;
#2733 = CARTESIAN_POINT ( 'NONE',  ( 26.68315981279707927, 46.09913007930016704, -11.20113369297486727 ) ) ;
#2734 = VECTOR ( 'NONE', #568, 1000.000000000000114 ) ;
#2735 = DIRECTION ( 'NONE',  ( 0.4058374489394844797, -0.9139452746408239792, -1.848892746611746966E-32 ) ) ;
#2736 = ORIENTED_EDGE ( 'NONE', *, *, #3662, .T. ) ;
#2737 = ADVANCED_FACE ( 'NONE', ( #2022 ), #576, .F. ) ;
#2738 = CARTESIAN_POINT ( 'NONE',  ( -46.67702787119008434, 13.23032568220377314, -13.67412550944220229 ) ) ;
#2739 = CARTESIAN_POINT ( 'NONE',  ( -43.99887907161836154, 12.56792805874843033, 4.303820500635785251 ) ) ;
#2740 = CARTESIAN_POINT ( 'NONE',  ( -53.21211808947531097, 10.17911952984649737, -18.23554638298326935 ) ) ;
#2741 = VECTOR ( 'NONE', #1334, 1000.000000000000000 ) ;
#2742 =( BOUNDED_SURFACE ( )  B_SPLINE_SURFACE ( 3, 2, ( 
 ( #2609, #2671, #2051 ),
 ( #2402, #3216, #1722 ),
 ( #1806, #89, #2380 ),
 ( #366, #1522, #602 ) ),
 .UNSPECIFIED., .F., .F., .F. ) 
 B_SPLINE_SURFACE_WITH_KNOTS ( ( 4, 4 ),
 ( 3, 3 ),
 ( 0.01141163600842317119, 0.01353109873721945224 ),
 ( 0.000000000000000000, 1.000000000000000000 ),
 .UNSPECIFIED. ) 
 GEOMETRIC_REPRESENTATION_ITEM ( )  RATIONAL_B_SPLINE_SURFACE ( (
 ( 1.000000000000000000, 0.6580737955165835151, 1.000000000000000000),
 ( 1.000000000000000000, 0.6684059617566883160, 1.000000000000000000),
 ( 1.000000000000000000, 0.6786113329480665257, 1.000000000000000000),
 ( 1.000000000000000000, 0.6885079235158844124, 1.000000000000000000) ) ) 
 REPRESENTATION_ITEM ( '' )  SURFACE ( )  );
#2743 = EDGE_CURVE ( 'NONE', #2592, #3261, #1624, .T. ) ;
#2744 = ORIENTED_EDGE ( 'NONE', *, *, #897, .T. ) ;
#2745 = AXIS2_PLACEMENT_3D ( 'NONE', #138, #2421, #3579 ) ;
#2746 = CARTESIAN_POINT ( 'NONE',  ( -56.13420256105028017, 8.135506484106070246, -16.46826372981869113 ) ) ;
#2747 = CARTESIAN_POINT ( 'NONE',  ( -58.35984758426022978, 5.755533294018791324, -22.14999999999999858 ) ) ;
#2748 = ORIENTED_EDGE ( 'NONE', *, *, #2132, .F. ) ;
#2749 = DIRECTION ( 'NONE',  ( 0.000000000000000000, 0.000000000000000000, -1.000000000000000000 ) ) ;
#2750 = ORIENTED_EDGE ( 'NONE', *, *, #3153, .T. ) ;
#2751 = FACE_OUTER_BOUND ( 'NONE', #3104, .T. ) ;
#2752 = ORIENTED_EDGE ( 'NONE', *, *, #2885, .F. ) ;
#2753 = CARTESIAN_POINT ( 'NONE',  ( -41.04269027019216765, 19.19044619900051174, 2.519055417130639629 ) ) ;
#2754 = CARTESIAN_POINT ( 'NONE',  ( 33.42865374392756195, 36.54669490421444777, 7.970196636405415092 ) ) ;
#2755 = ORIENTED_EDGE ( 'NONE', *, *, #1962, .T. ) ;
#2756 = CARTESIAN_POINT ( 'NONE',  ( 42.66914093784518514, 49.28289476505610622, -10.32529677617961283 ) ) ;
#2757 = CARTESIAN_POINT ( 'NONE',  ( -53.10633051085729761, 9.940886074937484551, -16.43407739999308603 ) ) ;
#2758 = CARTESIAN_POINT ( 'NONE',  ( 25.16830050272183783, 42.72610134128978387, -10.00000000000000178 ) ) ;
#2759 = AXIS2_PLACEMENT_3D ( 'NONE', #1855, #1819, #425 ) ;
#2760 = ORIENTED_EDGE ( 'NONE', *, *, #1380, .T. ) ;
#2761 = CARTESIAN_POINT ( 'NONE',  ( -54.66721781364416444, 4.831859219996903931, -8.527170596926366031 ) ) ;
#2762 = EDGE_CURVE ( 'NONE', #3264, #2168, #3395, .T. ) ;
#2763 = EDGE_CURVE ( 'NONE', #2294, #2207, #765, .T. ) ;
#2764 = CARTESIAN_POINT ( 'NONE',  ( -58.99048322029338465, 7.175723720207245471, -21.26716052623753583 ) ) ;
#2765 = VERTEX_POINT ( 'NONE', #1664 ) ;
#2766 = CARTESIAN_POINT ( 'NONE',  ( -33.23585659754008503, 24.82148573847150175, -13.23567173081812420 ) ) ;
#2767 = EDGE_LOOP ( 'NONE', ( #2140, #69, #3048, #1947, #1559, #3183, #60, #159 ) ) ;
#2768 = EDGE_CURVE ( 'NONE', #3525, #1407, #1069, .T. ) ;
#2769 = DIRECTION ( 'NONE',  ( -1.000000000000000000, 0.000000000000000000, 0.000000000000000000 ) ) ;
#2770 = LINE ( 'NONE', #1887, #636 ) ;
#2771 = VECTOR ( 'NONE', #2223, 1000.000000000000000 ) ;
#2772 = ORIENTED_EDGE ( 'NONE', *, *, #186, .F. ) ;
#2773 = DIRECTION ( 'NONE',  ( 0.000000000000000000, 0.000000000000000000, 1.000000000000000000 ) ) ;
#2774 = CARTESIAN_POINT ( 'NONE',  ( 42.18434449456668034, 50.37465556647165954, -12.68285704428033256 ) ) ;
#2775 = CARTESIAN_POINT ( 'NONE',  ( -43.78543195470410865, 13.93841226606698669, 3.272583129822345338 ) ) ;
#2776 = CARTESIAN_POINT ( 'NONE',  ( -54.99585833652987787, -1.820165018051402628, -3.401813092055597121 ) ) ;
#2777 = AXIS2_PLACEMENT_3D ( 'NONE', #1446, #870, #93 ) ;
#2778 = DIRECTION ( 'NONE',  ( -0.000000000000000000, -0.000000000000000000, 1.000000000000000000 ) ) ;
#2779 = CARTESIAN_POINT ( 'NONE',  ( -56.24864739637090594, 8.393236067025700464, -21.26716052623753583 ) ) ;
#2780 = CARTESIAN_POINT ( 'NONE',  ( -12.59519751404454624, 28.36436430696500821, -14.70000000000000284 ) ) ;
#2781 = ORIENTED_EDGE ( 'NONE', *, *, #333, .F. ) ;
#2782 = AXIS2_PLACEMENT_3D ( 'NONE', #3751, #321, #18 ) ;
#2783 = CARTESIAN_POINT ( 'NONE',  ( -35.90025827617790100, 25.63761443821992358, -10.92577757036649544 ) ) ;
#2784 = ORIENTED_EDGE ( 'NONE', *, *, #1251, .T. ) ;
#2785 = EDGE_CURVE ( 'NONE', #1508, #435, #485, .T. ) ;
#2786 = CARTESIAN_POINT ( 'NONE',  ( 23.57876165629636489, 46.21198109605005300, -1.712284547715187566 ) ) ;
#2787 = CARTESIAN_POINT ( 'NONE',  ( 43.12938447285910115, 40.85430491229249839, -3.097864185165814632 ) ) ;
#2788 = ORIENTED_EDGE ( 'NONE', *, *, #2702, .F. ) ;
#2789 = CARTESIAN_POINT ( 'NONE',  ( 35.55229324391826395, 49.29375950960257313, -21.32051452933311708 ) ) ;
#2790 = EDGE_CURVE ( 'NONE', #2523, #3689, #3722, .T. ) ;
#2791 = CARTESIAN_POINT ( 'NONE',  ( -58.30174427962204931, 5.624684746518195944, -22.15000000000000213 ) ) ;
#2792 = DIRECTION ( 'NONE',  ( -1.000000000000000000, 0.000000000000000000, 0.000000000000000000 ) ) ;
#2793 = CARTESIAN_POINT ( 'NONE',  ( -40.86979950466176348, 19.37080685899022114, 4.557849611553139724 ) ) ;
#2794 = CARTESIAN_POINT ( 'NONE',  ( 20.71581734001548369, 45.55717325444748411, -10.68661018751349268 ) ) ;
#2795 = VECTOR ( 'NONE', #90, 1000.000000000000227 ) ;
#2796 = CARTESIAN_POINT ( 'NONE',  ( -44.78777000480506132, 14.56880190623270899, -8.626601513217158512 ) ) ;
#2797 = CARTESIAN_POINT ( 'NONE',  ( -50.84118623819919947, -4.071933049382050029, -2.558867447453200938 ) ) ;
#2798 = CARTESIAN_POINT ( 'NONE',  ( 17.05155152393216156, 61.00500683410626124, -10.00000000000000178 ) ) ;
#2799 = LINE ( 'NONE', #3685, #383 ) ;
#2800 = CARTESIAN_POINT ( 'NONE',  ( 20.55113464646561994, 45.73182917578596118, -9.999999999999998224 ) ) ;
#2801 = ORIENTED_EDGE ( 'NONE', *, *, #1199, .F. ) ;
#2802 = CIRCLE ( 'NONE', #2561, 2.999999999999997780 ) ;
#2803 = ORIENTED_EDGE ( 'NONE', *, *, #2768, .T. ) ;
#2804 = DIRECTION ( 'NONE',  ( -0.9139452746408240902, -0.4058374489394844242, 0.000000000000000000 ) ) ;
#2805 = FACE_OUTER_BOUND ( 'NONE', #589, .T. ) ;
#2806 = VERTEX_POINT ( 'NONE', #2836 ) ;
#2807 = CARTESIAN_POINT ( 'NONE',  ( 37.07034402751334312, 49.57117269550413141, -21.72209846951174228 ) ) ;
#2808 = AXIS2_PLACEMENT_3D ( 'NONE', #3461, #629, #357 ) ;
#2809 = CARTESIAN_POINT ( 'NONE',  ( 29.62951795730057469, 34.85968845142074457, -12.50000000000000178 ) ) ;
#2810 = ADVANCED_FACE ( 'NONE', ( #1968 ), #522, .F. ) ;
#2811 = CARTESIAN_POINT ( 'NONE',  ( -58.74246059365659534, 6.617177168598864512, -21.85898203579968424 ) ) ;
#2812 = CARTESIAN_POINT ( 'NONE',  ( 25.16830050272185204, 42.72610134128979098, -10.00000000000000178 ) ) ;
#2813 = DIRECTION ( 'NONE',  ( -1.000000000000000000, 0.000000000000000000, 0.000000000000000000 ) ) ;
#2814 = CARTESIAN_POINT ( 'NONE',  ( -58.42013949206761936, 5.891310572295121339, -13.13716398707476429 ) ) ;
#2815 = DIRECTION ( 'NONE',  ( 0.4058374489394844797, -0.9139452746408239792, -0.000000000000000000 ) ) ;
#2816 = CARTESIAN_POINT ( 'NONE',  ( 23.72690807142499025, 44.49319726877574510, -14.69999999999911289 ) ) ;
#2817 = CARTESIAN_POINT ( 'NONE',  ( 24.07399670779969370, 46.07773448517073689, -6.997820398265348629 ) ) ;
#2818 = CARTESIAN_POINT ( 'NONE',  ( 26.56859824400682513, 43.34790362950901255, 7.236224770751126911 ) ) ;
#2819 = CARTESIAN_POINT ( 'NONE',  ( 20.78080827256744101, 46.00860240437514648, -8.631835119597303319 ) ) ;
#2820 = ORIENTED_EDGE ( 'NONE', *, *, #820, .F. ) ;
#2821 = VERTEX_POINT ( 'NONE', #1700 ) ;
#2822 = DIRECTION ( 'NONE',  ( -1.954354542234628834E-17, -0.000000000000000000, 1.000000000000000000 ) ) ;
#2823 = CARTESIAN_POINT ( 'NONE',  ( -40.36337155419558087, 16.03390511334125890, -7.777966232609820452 ) ) ;
#2824 = CIRCLE ( 'NONE', #2336, 0.8999999999999980238 ) ;
#2825 = ORIENTED_EDGE ( 'NONE', *, *, #2600, .F. ) ;
#2826 = CARTESIAN_POINT ( 'NONE',  ( 35.49423991763941899, 49.42449550591928187, -21.09063285991171099 ) ) ;
#2827 = AXIS2_PLACEMENT_3D ( 'NONE', #396, #1554, #2481 ) ;
#2828 = CARTESIAN_POINT ( 'NONE',  ( 22.57142902241172777, 43.98010673418310290, -7.495391079703177972 ) ) ;
#2829 = DIRECTION ( 'NONE',  ( -0.9139452746408239792, -0.4058374489394845352, 0.000000000000000000 ) ) ;
#2830 = ADVANCED_FACE ( 'NONE', ( #212 ), #2533, .F. ) ;
#2831 = CARTESIAN_POINT ( 'NONE',  ( -57.29504732451854210, 3.357604841702973797, -8.170492484163730751 ) ) ;
#2832 = CARTESIAN_POINT ( 'NONE',  ( 22.86011061580617110, 45.10585689304247126, -12.78173607826119706 ) ) ;
#2833 = CARTESIAN_POINT ( 'NONE',  ( -58.13092552283639947, 5.240001184189841510, -11.53280630758153613 ) ) ;
#2834 = ORIENTED_EDGE ( 'NONE', *, *, #2214, .T. ) ;
#2835 = EDGE_CURVE ( 'NONE', #1201, #3558, #1277, .T. ) ;
#2836 = CARTESIAN_POINT ( 'NONE',  ( 35.71805477284929253, 48.92046481617386888, -14.70000000000000284 ) ) ;
#2837 = CARTESIAN_POINT ( 'NONE',  ( 13.95879639245121595, 42.11875102561280215, -13.73733957257877059 ) ) ;
#2838 = CARTESIAN_POINT ( 'NONE',  ( 26.89402388920748521, 46.23189724381732901, -10.00000000000000355 ) ) ;
#2839 = DIRECTION ( 'NONE',  ( 0.4058374489394845908, -0.9139452746408242012, 0.000000000000000000 ) ) ;
#2840 = CARTESIAN_POINT ( 'NONE',  ( 37.08897268481051412, 49.52922098958308084, -14.70000000000000284 ) ) ;
#2841 = ORIENTED_EDGE ( 'NONE', *, *, #3408, .T. ) ;
#2842 = ORIENTED_EDGE ( 'NONE', *, *, #3007, .T. ) ;
#2843 = CARTESIAN_POINT ( 'NONE',  ( -41.26491420056012771, 13.22642873712365130, -9.999999999999987566 ) ) ;
#2844 = DIRECTION ( 'NONE',  ( 0.000000000000000000, 0.000000000000000000, -1.000000000000000000 ) ) ;
#2845 = VERTEX_POINT ( 'NONE', #247 ) ;
#2846 = CARTESIAN_POINT ( 'NONE',  ( 36.21372145420805566, 47.80422425629323868, -22.15000000000000213 ) ) ;
#2847 = CARTESIAN_POINT ( 'NONE',  ( 23.13832990285385094, 44.23183910096483373, -4.899323521368501133 ) ) ;
#2848 = CARTESIAN_POINT ( 'NONE',  ( 17.29530083590264056, 47.59821185792851850, 5.481649028265008994 ) ) ;
#2849 = CARTESIAN_POINT ( 'NONE',  ( -55.57696406463458771, -0.5115158639236003779, -4.209398003051085801 ) ) ;
#2850 = CARTESIAN_POINT ( 'NONE',  ( -55.29250525855228204, 9.313516561080723122, -19.99136289381904419 ) ) ;
#2851 = CARTESIAN_POINT ( 'NONE',  ( -54.62165242056661896, 9.657327469482325455, -20.04512421095780539 ) ) ;
#2852 = EDGE_CURVE ( 'NONE', #1407, #2806, #785, .T. ) ;
#2853 = CARTESIAN_POINT ( 'NONE',  ( -43.43095371314994679, 15.86024464384436961, -7.135149779495202793 ) ) ;
#2854 = CARTESIAN_POINT ( 'NONE',  ( 25.10365528703356475, 45.10454194478717937, -14.69999999999806128 ) ) ;
#2855 = CARTESIAN_POINT ( 'NONE',  ( 26.88889755020912986, 46.24344175090015341, -9.796835343554892717 ) ) ;
#2856 = EDGE_CURVE ( 'NONE', #3631, #435, #3165, .T. ) ;
#2857 = CARTESIAN_POINT ( 'NONE',  ( 14.45841427876428575, 48.20231263752723549, -7.713622366322245405 ) ) ;
#2858 = ORIENTED_EDGE ( 'NONE', *, *, #2348, .F. ) ;
#2859 = ORIENTED_EDGE ( 'NONE', *, *, #1936, .F. ) ;
#2860 = CARTESIAN_POINT ( 'NONE',  ( 32.46584186712929210, 46.96616300607655603, 3.242677848688664266 ) ) ;
#2861 = CARTESIAN_POINT ( 'NONE',  ( -36.15006472067943832, 5.650261183659417874, 5.500000000000007994 ) ) ;
#2862 = ORIENTED_EDGE ( 'NONE', *, *, #3686, .T. ) ;
#2863 = AXIS2_PLACEMENT_3D ( 'NONE', #3239, #1171, #861 ) ;
#2864 = CARTESIAN_POINT ( 'NONE',  ( 21.23576353458961918, 45.75710626162969419, 7.364238789173407795 ) ) ;
#2865 = B_SPLINE_CURVE_WITH_KNOTS ( 'NONE', 3,
 ( #2376, #364, #304, #2934, #2630, #25, #3538, #1518, #2332, #1480, #3492, #881, #2, #2046, #1741, #67, #3191, #3210, #2911, #598 ),
 .UNSPECIFIED., .F., .F.,
 ( 4, 2, 2, 2, 2, 2, 2, 2, 2, 4 ),
 ( 0.000000000000000000, 0.2500000000000003331, 0.3750000000000005551, 0.5000000000000007772, 0.6250000000000009992, 0.6875000000000008882, 0.7500000000000006661, 0.8125000000000004441, 0.8750000000000003331, 1.000000000000000000 ),
 .UNSPECIFIED. ) ;
#2866 = CARTESIAN_POINT ( 'NONE',  ( 29.73458696628372877, 47.16090740896409272, -11.20588666978563630 ) ) ;
#2867 = AXIS2_PLACEMENT_3D ( 'NONE', #2349, #373, #1529 ) ;
#2868 = CARTESIAN_POINT ( 'NONE',  ( 21.95880063517572722, 46.33829555662526900, 0.7135060320327968331 ) ) ;
#2869 = CARTESIAN_POINT ( 'NONE',  ( -55.54797659805036147, -0.5767955915034104208, -4.164956547376118756 ) ) ;
#2870 = CARTESIAN_POINT ( 'NONE',  ( 15.35737535980886825, 45.40694055502255111, 6.499999999999999112 ) ) ;
#2871 = CARTESIAN_POINT ( 'NONE',  ( 20.20935689199325935, 46.64347532032635257, 2.982897372095919319 ) ) ;
#2872 = CARTESIAN_POINT ( 'NONE',  ( -44.71115761192805138, 14.63991113937424160, -8.449533226770984840 ) ) ;
#2873 = CARTESIAN_POINT ( 'NONE',  ( 14.84658947298442122, 42.73151622065148558, -13.26042230034096470 ) ) ;
#2874 = CARTESIAN_POINT ( 'NONE',  ( -37.47390327291269330, 19.09169664668813482, -11.35027873683274358 ) ) ;
#2875 = CARTESIAN_POINT ( 'NONE',  ( -42.66521194184268495, 12.60462644890549910, 7.236224770755154800 ) ) ;
#2876 = VERTEX_POINT ( 'NONE', #334 ) ;
#2877 = ORIENTED_EDGE ( 'NONE', *, *, #2903, .F. ) ;
#2878 = EDGE_CURVE ( 'NONE', #2207, #274, #2976, .T. ) ;
#2879 = EDGE_CURVE ( 'NONE', #1976, #1793, #3704, .T. ) ;
#2880 = DIRECTION ( 'NONE',  ( -0.4058374489394845908, 0.9139452746408240902, -0.000000000000000000 ) ) ;
#2881 = AXIS2_PLACEMENT_3D ( 'NONE', #826, #3498, #1706 ) ;
#2882 = DIRECTION ( 'NONE',  ( -1.000000000000000000, 0.000000000000000000, 0.000000000000000000 ) ) ;
#2883 = VERTEX_POINT ( 'NONE', #2028 ) ;
#2884 = PLANE ( 'NONE',  #2782 ) ;
#2885 = EDGE_CURVE ( 'NONE', #845, #419, #2339, .T. ) ;
#2886 = CARTESIAN_POINT ( 'NONE',  ( -35.37806570664180583, 20.72835529935149879, 16.42173635167868539 ) ) ;
#2887 = DIRECTION ( 'NONE',  ( 0.000000000000000000, 0.000000000000000000, -1.000000000000000000 ) ) ;
#2888 = CARTESIAN_POINT ( 'NONE',  ( -38.14502016516065908, 24.84388726976693818, -7.714200459922643915 ) ) ;
#2889 = DIRECTION ( 'NONE',  ( 0.9139452746408234241, 0.4058374489394859785, 0.000000000000000000 ) ) ;
#2890 = CARTESIAN_POINT ( 'NONE',  ( -58.44820426108110922, 5.954512386447166961, -13.33627771297795839 ) ) ;
#2891 = DIRECTION ( 'NONE',  ( -0.9139452746408238681, -0.4058374489394850904, 0.000000000000000000 ) ) ;
#2892 = CARTESIAN_POINT ( 'NONE',  ( -54.47456387178912962, 9.326084296975050592, -21.33246844851510460 ) ) ;
#2893 = DIRECTION ( 'NONE',  ( 0.9139452746408236461, 0.4058374489394851459, 0.000000000000000000 ) ) ;
#2894 = CARTESIAN_POINT ( 'NONE',  ( 28.30305345687653684, 46.52523487621039777, -14.70000000000000284 ) ) ;
#2895 = LINE ( 'NONE', #2611, #1024 ) ;
#2896 = CARTESIAN_POINT ( 'NONE',  ( -39.11920212859910606, 24.02664904278999813, -12.50000000000000178 ) ) ;
#2897 = EDGE_LOOP ( 'NONE', ( #2408, #12, #3746, #3406 ) ) ;
#2898 = ORIENTED_EDGE ( 'NONE', *, *, #3152, .F. ) ;
#2899 = CARTESIAN_POINT ( 'NONE',  ( 39.93057601161637393, 39.43387384100437032, -14.70000000000000284 ) ) ;
#2900 = CIRCLE ( 'NONE', #3741, 0.8999999999999980238 ) ;
#2901 = CARTESIAN_POINT ( 'NONE',  ( 41.94919629239814185, 50.90420893514041722, -22.03201252163746204 ) ) ;
#2902 = ORIENTED_EDGE ( 'NONE', *, *, #3230, .F. ) ;
#2903 = EDGE_CURVE ( 'NONE', #2765, #975, #3173, .T. ) ;
#2904 = CARTESIAN_POINT ( 'NONE',  ( 39.20302514884392764, 51.36536789914593015, -7.776864449442999039 ) ) ;
#2905 = CARTESIAN_POINT ( 'NONE',  ( -39.52428723002823574, 22.45686896898581963, 12.04200100714193944 ) ) ;
#2906 = LINE ( 'NONE', #81, #3053 ) ;
#2907 = EDGE_CURVE ( 'NONE', #3689, #1387, #192, .T. ) ;
#2908 = CARTESIAN_POINT ( 'NONE',  ( -39.09230343233228666, 24.04904165467937815, -4.484148428586013146 ) ) ;
#2909 = CARTESIAN_POINT ( 'NONE',  ( 10.56268687630964820, 39.21626174892988814, -14.70000000000000639 ) ) ;
#2910 = LINE ( 'NONE', #303, #542 ) ;
#2911 = CARTESIAN_POINT ( 'NONE',  ( 42.79628605003685493, 41.60444201847692369, -3.401813092057356158 ) ) ;
#2912 = CARTESIAN_POINT ( 'NONE',  ( 17.47205765508700637, 47.52275593240967311, 5.390803953223763934 ) ) ;
#2913 = DIRECTION ( 'NONE',  ( 0.9139452746408240902, 0.4058374489394845908, 0.000000000000000000 ) ) ;
#2914 = CARTESIAN_POINT ( 'NONE',  ( -54.66275991370910248, -2.570302124232364704, -3.097864185164251438 ) ) ;
#2915 = CARTESIAN_POINT ( 'NONE',  ( 10.57142903159869540, 39.86416944429760179, -14.66179662011959017 ) ) ;
#2916 = CARTESIAN_POINT ( 'NONE',  ( -35.77780809096809378, 20.35054235613598905, -12.47950913049843003 ) ) ;
#2917 = CIRCLE ( 'NONE', #1569, 26.50000000000001421 ) ;
#2918 = DIRECTION ( 'NONE',  ( -0.4058374489394851459, 0.9139452746408238681, 0.000000000000000000 ) ) ;
#2919 = ORIENTED_EDGE ( 'NONE', *, *, #3526, .T. ) ;
#2920 = ORIENTED_EDGE ( 'NONE', *, *, #1917, .F. ) ;
#2921 = VERTEX_POINT ( 'NONE', #885 ) ;
#2922 = CARTESIAN_POINT ( 'NONE',  ( -36.67450437646652261, 22.30218152664974696, 6.499999999999999112 ) ) ;
#2923 = VECTOR ( 'NONE', #702, 1000.000000000000000 ) ;
#2924 = CARTESIAN_POINT ( 'NONE',  ( 38.69153843988490138, 50.84832695737267017, -20.60878397050812794 ) ) ;
#2925 = VERTEX_POINT ( 'NONE', #2941 ) ;
#2926 = CARTESIAN_POINT ( 'NONE',  ( 25.58957084756453426, 43.18407853406361596, 8.453583887023441434 ) ) ;
#2927 = CARTESIAN_POINT ( 'NONE',  ( -35.82870797135831253, 18.92143400306958156, 16.18478425558767242 ) ) ;
#2928 = CARTESIAN_POINT ( 'NONE',  ( -37.69321895507057718, 12.41866821550079969, 14.33227735278258130 ) ) ;
#2929 = CARTESIAN_POINT ( 'NONE',  ( 39.24424589594859469, 49.60363066567218482, -13.96650276545250158 ) ) ;
#2930 = AXIS2_PLACEMENT_3D ( 'NONE', #2758, #1301, #3374 ) ;
#2931 = PRODUCT_DEFINITION_CONTEXT ( 'detailed design', #1154, 'design' ) ;
#2932 = FACE_BOUND ( 'NONE', #3462, .T. ) ;
#2933 = CARTESIAN_POINT ( 'NONE',  ( 21.55270126321964241, 46.33402856991991570, 3.122647058525175989 ) ) ;
#2934 = CARTESIAN_POINT ( 'NONE',  ( 39.24424589594860890, 49.60363066567219192, -13.96650276545250158 ) ) ;
#2935 = EDGE_CURVE ( 'NONE', #2806, #1796, #642, .T. ) ;
#2936 = ADVANCED_FACE ( 'NONE', ( #350 ), #3474, .F. ) ;
#2937 = CARTESIAN_POINT ( 'NONE',  ( -54.60522988126831478, 9.620343937704955550, -20.58494765305766450 ) ) ;
#2938 = EDGE_LOOP ( 'NONE', ( #3635, #2011, #2984, #2405 ) ) ;
#2939 = CARTESIAN_POINT ( 'NONE',  ( 34.81855350347719735, 49.04530103229136984, -14.70000000000000462 ) ) ;
#2940 = B_SPLINE_CURVE_WITH_KNOTS ( 'NONE', 3,
 ( #1312, #2482, #1853, #3316, #1903, #720, #2733, #1041, #2206, #3056, #3633, #1262, #3038, #147, #1021, #671 ),
 .UNSPECIFIED., .F., .F.,
 ( 4, 2, 2, 2, 2, 2, 2, 4 ),
 ( 0.01050212691007058365, 0.01096369850666800184, 0.01142527010326542004, 0.01188684169986283824, 0.01234841329646025644, 0.01280998489305767464, 0.01327155648965509284, 0.01419469968284992924 ),
 .UNSPECIFIED. ) ;
#2941 = CARTESIAN_POINT ( 'NONE',  ( -52.93463686730905238, 9.554232269044518944, -14.70000000000000284 ) ) ;
#2942 = CARTESIAN_POINT ( 'NONE',  ( 34.17672160928378844, 36.87887448053438533, 7.150210555953093738 ) ) ;
#2943 = CARTESIAN_POINT ( 'NONE',  ( -35.89523504349902083, 25.63712480225178325, -10.93122798603664236 ) ) ;
#2944 = ORIENTED_EDGE ( 'NONE', *, *, #183, .F. ) ;
#2945 = ORIENTED_EDGE ( 'NONE', *, *, #143, .T. ) ;
#2946 = EDGE_LOOP ( 'NONE', ( #828, #2662, #627, #1489 ) ) ;
#2947 = CARTESIAN_POINT ( 'NONE',  ( -2.569501288236065495, 15.63800383155555096, 12.10000000000029985 ) ) ;
#2948 = CARTESIAN_POINT ( 'NONE',  ( 28.30305345687648355, 46.52523487621036935, -14.70000000000000284 ) ) ;
#2949 = ORIENTED_EDGE ( 'NONE', *, *, #2835, .T. ) ;
#2950 = DIRECTION ( 'NONE',  ( 1.000000000000000000, 0.000000000000000000, 0.000000000000000000 ) ) ;
#2951 = CARTESIAN_POINT ( 'NONE',  ( 29.48692637081603962, 47.05093370806942232, -13.66539293456903437 ) ) ;
#2952 = CARTESIAN_POINT ( 'NONE',  ( -42.99248356281449901, 1.900873093593730356, 6.906601717798147355 ) ) ;
#2953 = CARTESIAN_POINT ( 'NONE',  ( -38.30473428573024819, 24.70914009041738169, -7.391441753582904894 ) ) ;
#2954 = CARTESIAN_POINT ( 'NONE',  ( 17.15455052930943225, 47.62449551935365122, 12.04168801647101361 ) ) ;
#2955 = CARTESIAN_POINT ( 'NONE',  ( 23.39050809879490345, 45.98651787581032124, 2.509684359898216588 ) ) ;
#2956 = CARTESIAN_POINT ( 'NONE',  ( 36.77287504351578917, 50.24107236343083827, -20.04512421095780184 ) ) ;
#2957 = CARTESIAN_POINT ( 'NONE',  ( 18.16932702757646823, 47.25059650590056037, 4.938121796553996745 ) ) ;
#2958 = ORIENTED_EDGE ( 'NONE', *, *, #3384, .T. ) ;
#2959 = EDGE_CURVE ( 'NONE', #2523, #586, #2379, .T. ) ;
#2960 = DIRECTION ( 'NONE',  ( 0.9139452746408239792, 0.4058374489394844797, -8.326672684688671588E-17 ) ) ;
#2961 = CARTESIAN_POINT ( 'NONE',  ( -2.569501288236065495, 15.63800383155555096, -14.70000000000000284 ) ) ;
#2962 = CARTESIAN_POINT ( 'NONE',  ( -31.31278086798436888, 20.05282040007109501, -14.70000000000006679 ) ) ;
#2963 = ADVANCED_FACE ( 'NONE', ( #1148 ), #285, .F. ) ;
#2964 = ORIENTED_EDGE ( 'NONE', *, *, #1984, .F. ) ;
#2965 = CARTESIAN_POINT ( 'NONE',  ( -50.84397561877513994, 30.85599431163695527, -9.999999999999987566 ) ) ;
#2966 = CARTESIAN_POINT ( 'NONE',  ( -54.62165242056661896, 9.657327469482325455, -20.04512421095780539 ) ) ;
#2967 = ORIENTED_EDGE ( 'NONE', *, *, #121, .T. ) ;
#2968 = CARTESIAN_POINT ( 'NONE',  ( 18.09892960737419543, 46.92948275201955965, 8.311332131691145264 ) ) ;
#2969 = CARTESIAN_POINT ( 'NONE',  ( -40.25379560064089901, 6.207675337791173753, 10.75766841433781629 ) ) ;
#2970 = CARTESIAN_POINT ( 'NONE',  ( 41.19913875556091654, 45.20121512678932163, -6.186740534180149353 ) ) ;
#2971 = CARTESIAN_POINT ( 'NONE',  ( -3.788768861191851745, 33.09547749143940365, -14.70000000000000462 ) ) ;
#2972 = CARTESIAN_POINT ( 'NONE',  ( 42.11529498345169031, 50.53015495316136452, -22.14999999999999858 ) ) ;
#2973 = CARTESIAN_POINT ( 'NONE',  ( -56.61236360157366931, 8.521726583150986301, -19.88224701825298979 ) ) ;
#2974 = DIRECTION ( 'NONE',  ( 0.4058374489394844797, -0.9139452746408239792, -0.000000000000000000 ) ) ;
#2975 = VECTOR ( 'NONE', #1864, 1000.000000000000114 ) ;
#2976 = LINE ( 'NONE', #1214, #1331 ) ;
#2977 = DIRECTION ( 'NONE',  ( 0.000000000000000000, 0.000000000000000000, -1.000000000000000000 ) ) ;
#2978 = CARTESIAN_POINT ( 'NONE',  ( -54.30555477927188690, 8.945476095634573355, -14.70000000000004903 ) ) ;
#2979 = ORIENTED_EDGE ( 'NONE', *, *, #2111, .F. ) ;
#2980 = CARTESIAN_POINT ( 'NONE',  ( 36.81114218758046519, 50.15489481726476129, -18.25191352495191666 ) ) ;
#2981 = EDGE_CURVE ( 'NONE', #456, #2180, #427, .T. ) ;
#2982 = MECHANICAL_DESIGN_GEOMETRIC_PRESENTATION_REPRESENTATION (  '', ( #3665 ), #3215 ) ;
#2983 = CARTESIAN_POINT ( 'NONE',  ( 38.74874863392424373, 50.71948969348741088, -21.00851243511850441 ) ) ;
#2984 = ORIENTED_EDGE ( 'NONE', *, *, #2903, .T. ) ;
#2985 = DIRECTION ( 'NONE',  ( 1.000000000000000000, 0.000000000000000000, 0.000000000000000000 ) ) ;
#2986 = CARTESIAN_POINT ( 'NONE',  ( -56.09072033044809302, 8.037584571543389345, -21.67929094319404015 ) ) ;
#2987 = AXIS2_PLACEMENT_3D ( 'NONE', #2961, #2977, #3519 ) ;
#2988 = CARTESIAN_POINT ( 'NONE',  ( -40.79918431680991375, 19.62269894900302347, 3.086110325883125949 ) ) ;
#2989 = DIRECTION ( 'NONE',  ( 0.000000000000000000, 0.000000000000000000, -1.000000000000000000 ) ) ;
#2990 = CARTESIAN_POINT ( 'NONE',  ( -39.68789183168686208, 4.079288862494490964, 10.72390012751698585 ) ) ;
#2991 = DIRECTION ( 'NONE',  ( -0.000000000000000000, -0.000000000000000000, 1.000000000000000000 ) ) ;
#2992 = CARTESIAN_POINT ( 'NONE',  ( 9.742716804823105647, 39.10413443779200549, -21.35000000000000497 ) ) ;
#2993 = VECTOR ( 'NONE', #3252, 1000.000000000000000 ) ;
#2994 = DIRECTION ( 'NONE',  ( 0.9139452746408234241, 0.4058374489394859785, 0.000000000000000000 ) ) ;
#2995 = CARTESIAN_POINT ( 'NONE',  ( 10.63210368513956361, 41.02473207186768889, -14.49827215189057128 ) ) ;
#2996 = CARTESIAN_POINT ( 'NONE',  ( -40.49402585185788439, 17.98284455236108315, -11.44835332668807482 ) ) ;
#2997 = VERTEX_POINT ( 'NONE', #2635 ) ;
#2998 = CIRCLE ( 'NONE', #433, 1.600000000000004308 ) ;
#2999 = CARTESIAN_POINT ( 'NONE',  ( -53.45454565790428347, 2.100923498507511589, -5.304032820324579234 ) ) ;
#3000 = FACE_OUTER_BOUND ( 'NONE', #320, .T. ) ;
#3001 = ORIENTED_EDGE ( 'NONE', *, *, #1510, .T. ) ;
#3002 = CARTESIAN_POINT ( 'NONE',  ( 25.16830050272183783, 42.72610134128978387, 5.499999999999998224 ) ) ;
#3003 = ADVANCED_FACE ( 'NONE', ( #840 ), #2742, .T. ) ;
#3004 = CARTESIAN_POINT ( 'NONE',  ( -45.59554173029878399, -0.3094909946889476959, 3.700306994728673526 ) ) ;
#3005 = PLANE ( 'NONE',  #1601 ) ;
#3006 = CARTESIAN_POINT ( 'NONE',  ( -43.19203130864139695, 16.28864948627832021, -2.702793622662649220 ) ) ;
#3007 = EDGE_CURVE ( 'NONE', #1976, #470, #3371, .T. ) ;
#3008 = B_SPLINE_CURVE_WITH_KNOTS ( 'NONE', 3,
 ( #209, #3679, #3698, #1436 ),
 .UNSPECIFIED., .F., .F.,
 ( 4, 4 ),
 ( 0.001468447187514352031, 0.003476539617912799765 ),
 .UNSPECIFIED. ) ;
#3009 = AXIS2_PLACEMENT_3D ( 'NONE', #1467, #2316, #865 ) ;
#3010 = DIRECTION ( 'NONE',  ( 0.000000000000000000, 0.000000000000000000, 1.000000000000000000 ) ) ;
#3011 = CARTESIAN_POINT ( 'NONE',  ( 38.67812489840452628, 50.87853423096019867, -19.90226640499236055 ) ) ;
#3012 = DIRECTION ( 'NONE',  ( 1.000000000000000000, 0.000000000000000000, 0.000000000000000000 ) ) ;
#3013 = DIRECTION ( 'NONE',  ( -0.4058374489394845908, 0.9139452746408239792, 0.000000000000000000 ) ) ;
#3014 = CARTESIAN_POINT ( 'NONE',  ( -41.33627627781784497, 16.68161790385144627, -12.69351459514145120 ) ) ;
#3015 =( BOUNDED_SURFACE ( )  B_SPLINE_SURFACE ( 3, 2, ( 
 ( #2952, #3285, #654 ),
 ( #1799, #43, #379 ),
 ( #3552, #899, #919 ),
 ( #2969, #614, #1495 ),
 ( #2083, #1225, #1736 ),
 ( #63, #1759, #3229 ),
 ( #2042, #2411, #938 ),
 ( #1515, #2352, #1206 ),
 ( #1818, #1453, #2988 ),
 ( #633, #299, #2327 ),
 ( #2928, #343, #1535 ),
 ( #323, #2701, #1163 ),
 ( #3509, #2392, #2103 ),
 ( #2664, #3531, #2122 ),
 ( #2624, #1476, #20 ),
 ( #3488, #1118, #1494 ),
 ( #2927, #1429, #1475 ),
 ( #2886, #2905, #1798 ),
 ( #2325, #1409, #2645 ),
 ( #3733, #1452, #1735 ) ),
 .UNSPECIFIED., .F., .F., .F. ) 
 B_SPLINE_SURFACE_WITH_KNOTS ( ( 4, 2, 2, 2, 2, 2, 2, 2, 2, 4 ),
 ( 3, 3 ),
 ( 0.05831971076286970174, 0.06345500325597938640, 0.06602264950253422526, 0.06859029574908906413, 0.06987411887236648356, 0.07115794199564390299, 0.07372558824219874185, 0.07500941136547616128, 0.07629323448875358071, 0.07886088073530843345 ),
 ( 0.000000000000000000, 1.000000000000000000 ),
 .UNSPECIFIED. ) 
 GEOMETRIC_REPRESENTATION_ITEM ( )  RATIONAL_B_SPLINE_SURFACE ( (
 ( 1.000000000000000000, 0.8110628112148338120, 1.000000000000000000),
 ( 1.000000000000000000, 0.8222996818381852480, 1.000000000000000000),
 ( 1.000000000000000000, 0.8338144101503582872, 1.000000000000000000),
 ( 1.000000000000000000, 0.8512944698895574813, 1.000000000000000000),
 ( 1.000000000000000000, 0.8571549058095045970, 1.000000000000000000),
 ( 1.000000000000000000, 0.8688457170515052619, 1.000000000000000000),
 ( 1.000000000000000000, 0.8746781505696669123, 1.000000000000000000),
 ( 1.000000000000000000, 0.8832605577486679627, 1.000000000000000000),
 ( 1.000000000000000000, 0.8860934338052101067, 1.000000000000000000),
 ( 1.000000000000000000, 0.8915936939276444262, 1.000000000000000000),
 ( 1.000000000000000000, 0.8942695202553230249, 1.000000000000000000),
 ( 1.000000000000000000, 0.9019966564860983915, 1.000000000000000000),
 ( 1.000000000000000000, 0.9067549200041234991, 1.000000000000000000),
 ( 1.000000000000000000, 0.9128760569185911944, 1.000000000000000000),
 ( 1.000000000000000000, 0.9147497316768650188, 1.000000000000000000),
 ( 1.000000000000000000, 0.9180415040199821908, 1.000000000000000000),
 ( 1.000000000000000000, 0.9194446807603391392, 1.000000000000000000),
 ( 1.000000000000000000, 0.9228339515649616187, 1.000000000000000000),
 ( 1.000000000000000000, 0.9239954450433791600, 1.000000000000000000),
 ( 1.000000000000000000, 0.9238708991582639252, 1.000000000000000000) ) ) 
 REPRESENTATION_ITEM ( '' )  SURFACE ( )  );
#3016 = ORIENTED_EDGE ( 'NONE', *, *, #3111, .F. ) ;
#3017 = FACE_OUTER_BOUND ( 'NONE', #2458, .T. ) ;
#3018 = LINE ( 'NONE', #402, #2192 ) ;
#3019 = VERTEX_POINT ( 'NONE', #1193 ) ;
#3020 = CARTESIAN_POINT ( 'NONE',  ( -28.23377145140471356, 22.24067276100313251, -21.35000000000000497 ) ) ;
#3021 = CARTESIAN_POINT ( 'NONE',  ( -55.67503811277087067, 7.101468893724407039, -22.13507565770812491 ) ) ;
#3022 = CARTESIAN_POINT ( 'NONE',  ( 42.94478111046790048, 37.64435221202202086, -0.9726661340561923996 ) ) ;
#3023 = EDGE_CURVE ( 'NONE', #3193, #2997, #1694, .T. ) ;
#3024 = CARTESIAN_POINT ( 'NONE',  ( -39.41647425984816522, 22.89930829292141823, 5.716108052698961828 ) ) ;
#3025 = EDGE_LOOP ( 'NONE', ( #1886, #177, #3309, #1880 ) ) ;
#3026 = EDGE_CURVE ( 'NONE', #1580, #1001, #2802, .T. ) ;
#3027 = CARTESIAN_POINT ( 'NONE',  ( 42.73420728172862226, 49.13636546450489107, -10.04911098148767401 ) ) ;
#3028 = CARTESIAN_POINT ( 'NONE',  ( -40.73050581550894833, 19.41220600729063861, 5.703380417359910304 ) ) ;
#3029 = CARTESIAN_POINT ( 'NONE',  ( -53.25073450860539737, 10.26608364289154451, -20.04512421095780539 ) ) ;
#3030 = PRODUCT_DEFINITION_SHAPE ( 'NONE', 'NONE',  #941 ) ;
#3031 = ORIENTED_EDGE ( 'NONE', *, *, #726, .T. ) ;
#3032 = CARTESIAN_POINT ( 'NONE',  ( -15.77235263888314343, 47.39760212532419814, 12.49999999999999822 ) ) ;
#3033 = CARTESIAN_POINT ( 'NONE',  ( -55.94785583934552164, 7.715853970046770094, -21.91692808353571564 ) ) ;
#3034 = VERTEX_POINT ( 'NONE', #1857 ) ;
#3035 = CARTESIAN_POINT ( 'NONE',  ( -46.89637238145373033, 13.13292574048486827, -13.14809138725783555 ) ) ;
#3036 = ORIENTED_EDGE ( 'NONE', *, *, #1126, .T. ) ;
#3037 = CARTESIAN_POINT ( 'NONE',  ( -55.99748330445969913, 7.827614940731033144, -21.84636320225858697 ) ) ;
#3038 = CARTESIAN_POINT ( 'NONE',  ( 25.90337631890157510, 45.81483099856160379, -12.30580372509673204 ) ) ;
#3039 = VERTEX_POINT ( 'NONE', #1572 ) ;
#3040 = DIRECTION ( 'NONE',  ( -1.000000000000000000, 0.000000000000000000, -0.000000000000000000 ) ) ;
#3041 = CIRCLE ( 'NONE', #1271, 17.00000000000000000 ) ;
#3042 = CARTESIAN_POINT ( 'NONE',  ( 28.60844975759591691, 37.56845802418668256, 11.49127717111472968 ) ) ;
#3043 = VERTEX_POINT ( 'NONE', #3289 ) ;
#3044 = EDGE_CURVE ( 'NONE', #2180, #340, #2390, .T. ) ;
#3045 = CARTESIAN_POINT ( 'NONE',  ( 42.73937613018616588, 49.12472522618917736, -10.02749475592538175 ) ) ;
#3046 = CARTESIAN_POINT ( 'NONE',  ( -36.67450437646652261, 22.30218152664974696, 6.499999999999999112 ) ) ;
#3047 = PLANE ( 'NONE',  #2745 ) ;
#3048 = ORIENTED_EDGE ( 'NONE', *, *, #846, .F. ) ;
#3049 = ADVANCED_FACE ( 'NONE', ( #1009 ), #1249, .F. ) ;
#3050 = DIRECTION ( 'NONE',  ( 0.000000000000000000, 0.000000000000000000, 1.000000000000000000 ) ) ;
#3051 = DIRECTION ( 'NONE',  ( -0.9139452746408237571, -0.4058374489394851459, 0.000000000000000000 ) ) ;
#3052 = ORIENTED_EDGE ( 'NONE', *, *, #1095, .F. ) ;
#3053 = VECTOR ( 'NONE', #877, 999.9999999999998863 ) ;
#3054 = DIRECTION ( 'NONE',  ( -0.000000000000000000, -0.000000000000000000, 1.000000000000000000 ) ) ;
#3055 = ORIENTED_EDGE ( 'NONE', *, *, #1026, .F. ) ;
#3056 = CARTESIAN_POINT ( 'NONE',  ( 26.31252917450066775, 45.95467057595748628, -11.86355169062953507 ) ) ;
#3057 = ORIENTED_EDGE ( 'NONE', *, *, #1728, .F. ) ;
#3058 = CARTESIAN_POINT ( 'NONE',  ( 36.76996412396498926, 50.24762774952265687, -20.18153083790098989 ) ) ;
#3059 = CARTESIAN_POINT ( 'NONE',  ( 44.20644085693752601, 45.82089784871744342, -5.579187357334617126 ) ) ;
#3060 = CARTESIAN_POINT ( 'NONE',  ( 22.42646467879936623, 41.50858899447133155, 5.499999999999998224 ) ) ;
#3061 = CARTESIAN_POINT ( 'NONE',  ( -55.31289147676373119, -1.106206902115020929, -3.795433087047754839 ) ) ;
#3062 = VECTOR ( 'NONE', #2735, 1000.000000000000114 ) ;
#3063 = EDGE_CURVE ( 'NONE', #1899, #1324, #3577, .T. ) ;
#3064 = CARTESIAN_POINT ( 'NONE',  ( -59.12121720643324352, 7.470136444266427311, -20.04323446879770643 ) ) ;
#3065 = PLANE ( 'NONE',  #1398 ) ;
#3066 = ADVANCED_FACE ( 'NONE', ( #1317 ), #3274, .F. ) ;
#3067 = CARTESIAN_POINT ( 'NONE',  ( 15.71751434984982865, 48.37689597915888129, -3.700000000000003730 ) ) ;
#3068 = EDGE_LOOP ( 'NONE', ( #1788, #891, #3103, #390 ) ) ;
#3069 = CARTESIAN_POINT ( 'NONE',  ( -28.45254306239571918, 21.32290915329197745, -14.70000000000000284 ) ) ;
#3070 = ORIENTED_EDGE ( 'NONE', *, *, #2368, .F. ) ;
#3071 = CARTESIAN_POINT ( 'NONE',  ( 24.18814609666808479, 46.20915063871737516, -2.701398712578425343 ) ) ;
#3072 = CARTESIAN_POINT ( 'NONE',  ( 11.74812942619273137, 37.53278383560563469, -14.70000000000000284 ) ) ;
#3073 = ORIENTED_EDGE ( 'NONE', *, *, #2368, .T. ) ;
#3074 = CARTESIAN_POINT ( 'NONE',  ( 35.39904621200375345, 49.63887157611343071, -20.18153083790098989 ) ) ;
#3075 = B_SPLINE_CURVE_WITH_KNOTS ( 'NONE', 3,
 ( #3109, #1889, #759, #2562 ),
 .UNSPECIFIED., .F., .F.,
 ( 4, 4 ),
 ( 0.000000000000000000, 0.0002985696920958124572 ),
 .UNSPECIFIED. ) ;
#3076 = CARTESIAN_POINT ( 'NONE',  ( 20.96186218661702938, 40.64380623612639454, 15.28108449677414171 ) ) ;
#3077 = CARTESIAN_POINT ( 'NONE',  ( -57.62306834345879736, 4.096307642607056820, -9.337748387217173374 ) ) ;
#3078 = CARTESIAN_POINT ( 'NONE',  ( -2.569501288236065495, 15.63800383155555096, -14.70000000000000284 ) ) ;
#3079 = CARTESIAN_POINT ( 'NONE',  ( -54.66275991370910248, -2.570302124232366037, -22.15000000000000213 ) ) ;
#3080 = VECTOR ( 'NONE', #3482, 1000.000000000000114 ) ;
#3081 = CARTESIAN_POINT ( 'NONE',  ( 15.58923908450684870, 60.35566691580309140, 5.499999999999998224 ) ) ;
#3082 = CARTESIAN_POINT ( 'NONE',  ( 25.05488990089448720, 46.11904779089847750, -7.276722285158085057 ) ) ;
#3083 = CARTESIAN_POINT ( 'NONE',  ( -39.64248653242367482, 21.28905893211610589, 8.311583453332568538 ) ) ;
#3084 = DIRECTION ( 'NONE',  ( -0.4058374489394845908, 0.9139452746408240902, -0.000000000000000000 ) ) ;
#3085 = ORIENTED_EDGE ( 'NONE', *, *, #162, .T. ) ;
#3086 = AXIS2_PLACEMENT_3D ( 'NONE', #1081, #2773, #2950 ) ;
#3087 = ORIENTED_EDGE ( 'NONE', *, *, #3256, .T. ) ;
#3088 = EDGE_CURVE ( 'NONE', #2997, #2483, #2529, .T. ) ;
#3089 = CARTESIAN_POINT ( 'NONE',  ( -32.94993622568185287, 5.313678828095916629, -3.700000000000003730 ) ) ;
#3090 = CARTESIAN_POINT ( 'NONE',  ( -41.02062837647888216, 15.74205018564118141, -3.700000000000003286 ) ) ;
#3091 = VERTEX_POINT ( 'NONE', #3392 ) ;
#3092 = FACE_OUTER_BOUND ( 'NONE', #3025, .T. ) ;
#3093 = CARTESIAN_POINT ( 'NONE',  ( 21.93353049092283413, 40.18098983867733409, 14.93208371222997144 ) ) ;
#3094 = CARTESIAN_POINT ( 'NONE',  ( -56.45448441615670987, 1.464658539819969851, -5.869729576606228072 ) ) ;
#3095 = CARTESIAN_POINT ( 'NONE',  ( 20.89067127272761581, 45.44901134961007472, -11.08408858077205572 ) ) ;
#3096 = DIRECTION ( 'NONE',  ( 0.9139452746408239792, 0.4058374489394846463, 1.387778780781445676E-16 ) ) ;
#3097 = VECTOR ( 'NONE', #3098, 1000.000000000000000 ) ;
#3098 = DIRECTION ( 'NONE',  ( 0.000000000000000000, 0.000000000000000000, 1.000000000000000000 ) ) ;
#3099 = CARTESIAN_POINT ( 'NONE',  ( 12.97509355023543876, 47.68546596510513069, -9.876453364954208780 ) ) ;
#3100 = DIRECTION ( 'NONE',  ( 0.8942112454728202708, 0.000000000000000000, -0.4476452261221463003 ) ) ;
#3101 = CARTESIAN_POINT ( 'NONE',  ( 30.43262766728988566, 47.47087242023197007, -14.70000000000000284 ) ) ;
#3102 = CARTESIAN_POINT ( 'NONE',  ( 20.58109976511384787, 45.91068783572045220, -9.206108812296511346 ) ) ;
#3103 = ORIENTED_EDGE ( 'NONE', *, *, #210, .T. ) ;
#3104 = EDGE_LOOP ( 'NONE', ( #1520, #36, #3087, #795 ) ) ;
#3105 = CARTESIAN_POINT ( 'NONE',  ( 31.69768006334818722, 46.55085965745919907, 4.038216440833740428 ) ) ;
#3106 = PLANE ( 'NONE',  #2077 ) ;
#3107 = ORIENTED_EDGE ( 'NONE', *, *, #2173, .T. ) ;
#3108 = EDGE_CURVE ( 'NONE', #1022, #2034, #1885, .T. ) ;
#3109 = CARTESIAN_POINT ( 'NONE',  ( -51.72795773228961025, -1.267103055866477535, -2.886758449385950165 ) ) ;
#3110 = FACE_OUTER_BOUND ( 'NONE', #165, .T. ) ;
#3111 = EDGE_CURVE ( 'NONE', #274, #805, #2244, .T. ) ;
#3112 = CARTESIAN_POINT ( 'NONE',  ( 17.91373759283006351, 47.34680224987424424, 5.116692474275078339 ) ) ;
#3113 = DIRECTION ( 'NONE',  ( 0.4058374489394845908, -0.9139452746408242012, 0.000000000000000000 ) ) ;
#3114 = CARTESIAN_POINT ( 'NONE',  ( 21.25737520895048149, 45.29354241146496918, -11.62082422832384232 ) ) ;
#3115 = CARTESIAN_POINT ( 'NONE',  ( -57.07667908345512586, 2.865839918152755406, -7.487369703564567658 ) ) ;
#3116 = B_SPLINE_CURVE_WITH_KNOTS ( 'NONE', 3,
 ( #592, #2951, #2369, #322 ),
 .UNSPECIFIED., .F., .F.,
 ( 4, 4 ),
 ( 0.000000000000000000, 0.002194880474742581366 ),
 .UNSPECIFIED. ) ;
#3117 = CARTESIAN_POINT ( 'NONE',  ( 39.93057601161623182, 39.43387384100430637, -14.70000000000000284 ) ) ;
#3118 = DIRECTION ( 'NONE',  ( -0.4058374489394845908, 0.9139452746408242012, -0.000000000000000000 ) ) ;
#3119 = DIRECTION ( 'NONE',  ( 0.4058374489394845352, -0.9139452746408240902, -0.000000000000000000 ) ) ;
#3120 = CARTESIAN_POINT ( 'NONE',  ( -37.61237716010476362, 5.000921265356233825, -9.999999999999987566 ) ) ;
#3121 = CYLINDRICAL_SURFACE ( 'NONE', #1828, 2.999999999999997780 ) ;
#3122 = ORIENTED_EDGE ( 'NONE', *, *, #2214, .F. ) ;
#3123 = ORIENTED_EDGE ( 'NONE', *, *, #1662, .T. ) ;
#3124 = CARTESIAN_POINT ( 'NONE',  ( 38.66991692275150427, 50.89701857877500402, -20.18573529012025602 ) ) ;
#3125 = CARTESIAN_POINT ( 'NONE',  ( -47.89103562671200365, 12.69124547230019040, -10.29223197157957692 ) ) ;
#3126 = ORIENTED_EDGE ( 'NONE', *, *, #478, .F. ) ;
#3127 = CARTESIAN_POINT ( 'NONE',  ( 36.77272311741110400, 50.24141450077139126, -20.31630700975724224 ) ) ;
#3128 =( BOUNDED_SURFACE ( )  B_SPLINE_SURFACE ( 3, 2, ( 
 ( #2489, #3657, #534 ),
 ( #3370, #516, #2193 ),
 ( #187, #3677, #1390 ),
 ( #2248, #2528, #2228 ),
 ( #1353, #1371, #3428 ),
 ( #801, #480, #1943 ),
 ( #2868, #1065, #1676 ),
 ( #743, #1083, #1333 ),
 ( #3354, #1963, #1102 ),
 ( #207, #2264, #3716 ),
 ( #462, #2210, #2508 ),
 ( #3391, #761, #3093 ),
 ( #1906, #779, #3076 ),
 ( #3112, #1046, #1639 ),
 ( #1659, #2546, #3410 ),
 ( #2848, #243, #817 ),
 ( #1979, #326, #2330 ),
 ( #2085, #2954, #3536 ),
 ( #635, #3490, #3468 ),
 ( #345, #3169, #596 ) ),
 .UNSPECIFIED., .F., .F., .F. ) 
 B_SPLINE_SURFACE_WITH_KNOTS ( ( 4, 2, 2, 2, 2, 2, 2, 2, 2, 4 ),
 ( 3, 3 ),
 ( 0.04866700580333907511, 0.05123715849050098498, 0.05380731117766289484, 0.05637746386482479777, 0.05894761655198670763, 0.06151776923914861750, 0.06408792192631052043, 0.06537299826989147189, 0.06665807461347242335, 0.06922822730063434016 ),
 ( 0.000000000000000000, 1.000000000000000000 ),
 .UNSPECIFIED. ) 
 GEOMETRIC_REPRESENTATION_ITEM ( )  RATIONAL_B_SPLINE_SURFACE ( (
 ( 1.000000000000000000, 0.8110628112148271507, 1.000000000000000000),
 ( 1.000000000000000000, 0.8167002478454091774, 1.000000000000000000),
 ( 1.000000000000000000, 0.8224219627063141802, 1.000000000000000000),
 ( 1.000000000000000000, 0.8340240903200105693, 1.000000000000000000),
 ( 1.000000000000000000, 0.8399144275293745077, 1.000000000000000000),
 ( 1.000000000000000000, 0.8517164178266635188, 1.000000000000000000),
 ( 1.000000000000000000, 0.8576389097186294386, 1.000000000000000000),
 ( 1.000000000000000000, 0.8694195127513455468, 1.000000000000000000),
 ( 1.000000000000000000, 0.8752503296898577201, 1.000000000000000000),
 ( 1.000000000000000000, 0.8865170891124336539, 1.000000000000000000),
 ( 1.000000000000000000, 0.8919645304622936255, 1.000000000000000000),
 ( 1.000000000000000000, 0.9021277665787790223, 1.000000000000000000),
 ( 1.000000000000000000, 0.9068464158952411758, 1.000000000000000000),
 ( 1.000000000000000000, 0.9129462938457663101, 1.000000000000000000),
 ( 1.000000000000000000, 0.9148181060437998724, 1.000000000000000000),
 ( 1.000000000000000000, 0.9180707212938044037, 1.000000000000000000),
 ( 1.000000000000000000, 0.9194614070092916869, 1.000000000000000000),
 ( 1.000000000000000000, 0.9228284028221372948, 1.000000000000000000),
 ( 1.000000000000000000, 0.9239957018566644642, 1.000000000000000000),
 ( 1.000000000000000000, 0.9238709320613808229, 1.000000000000000000) ) ) 
 REPRESENTATION_ITEM ( '' )  SURFACE ( )  );
#3129 = EDGE_CURVE ( 'NONE', #2730, #331, #2265, .T. ) ;
#3130 = CARTESIAN_POINT ( 'NONE',  ( 15.28010640153689259, 48.31525151729121603, -6.109301298667806357 ) ) ;
#3131 = DIRECTION ( 'NONE',  ( -0.4058374489394845908, 0.9139452746408240902, -0.000000000000000000 ) ) ;
#3132 = CARTESIAN_POINT ( 'NONE',  ( 36.21372145420805566, 47.80422425629323868, -22.15000000000000213 ) ) ;
#3133 = DIRECTION ( 'NONE',  ( 0.000000000000000000, 0.000000000000000000, 1.000000000000000000 ) ) ;
#3134 = EDGE_CURVE ( 'NONE', #996, #2821, #2211, .T. ) ;
#3135 = DIRECTION ( 'NONE',  ( 1.000000000000000000, 0.000000000000000000, 0.000000000000000000 ) ) ;
#3136 = DIRECTION ( 'NONE',  ( -0.9139452746408237571, -0.4058374489394851459, 0.000000000000000000 ) ) ;
#3137 = CARTESIAN_POINT ( 'NONE',  ( 5.275707425622200297, 40.95010963561703932, -21.35000000000000497 ) ) ;
#3138 = CARTESIAN_POINT ( 'NONE',  ( 26.19019125010501625, 46.20857125794598375, -8.121107916869847898 ) ) ;
#3139 = CARTESIAN_POINT ( 'NONE',  ( -39.80260176113479531, 13.87576865542683535, 5.500000000000007994 ) ) ;
#3140 = EDGE_LOOP ( 'NONE', ( #2877, #2222, #2721, #1778, #2187, #2834, #564, #2256, #1080, #2615, #3563, #290, #1610, #161, #3321 ) ) ;
#3141 = ORIENTED_EDGE ( 'NONE', *, *, #143, .F. ) ;
#3142 = CARTESIAN_POINT ( 'NONE',  ( 39.05270759098610966, 50.03497461678031044, -21.84619567024299869 ) ) ;
#3143 = AXIS2_PLACEMENT_3D ( 'NONE', #776, #223, #2191 ) ;
#3144 = CARTESIAN_POINT ( 'NONE',  ( -38.72595346867716870, 24.35518123476242280, -6.289805417401472809 ) ) ;
#3145 = VERTEX_POINT ( 'NONE', #2490 ) ;
#3146 = CARTESIAN_POINT ( 'NONE',  ( -44.00675002448261353, 12.00891639030519187, -9.999999999999987566 ) ) ;
#3147 = CARTESIAN_POINT ( 'NONE',  ( -2.569501288236065495, 15.63800383155555096, -12.50000000000000178 ) ) ;
#3148 = CARTESIAN_POINT ( 'NONE',  ( 25.16830050272183783, 42.72610134128978387, -10.00000000000000178 ) ) ;
#3149 = CARTESIAN_POINT ( 'NONE',  ( -57.13746335931129749, 3.002726008473898478, -7.679004274054804569 ) ) ;
#3150 = CARTESIAN_POINT ( 'NONE',  ( 23.93599379245242176, 45.27522729005357860, -13.00648185416705793 ) ) ;
#3151 = CARTESIAN_POINT ( 'NONE',  ( 19.03253058390317420, 46.95653191931745596, 4.228180795162778338 ) ) ;
#3152 = EDGE_CURVE ( 'NONE', #236, #3558, #1085, .T. ) ;
#3153 = EDGE_CURVE ( 'NONE', #953, #3019, #1218, .T. ) ;
#3154 = CIRCLE ( 'NONE', #2549, 0.8999999999999980238 ) ;
#3155 = CARTESIAN_POINT ( 'NONE',  ( -43.83636783178079099, 15.45860046144394140, -7.363288387720254846 ) ) ;
#3156 = CARTESIAN_POINT ( 'NONE',  ( 21.23007057504903372, 43.38447644263607117, -10.46107186641805420 ) ) ;
#3157 = CARTESIAN_POINT ( 'NONE',  ( -37.24620637189080696, 25.43794298184742075, -9.191794534128860050 ) ) ;
#3158 = CARTESIAN_POINT ( 'NONE',  ( 26.63061294214716312, 43.37544125959296082, 5.499999999999998224 ) ) ;
#3159 = ORIENTED_EDGE ( 'NONE', *, *, #276, .T. ) ;
#3160 = ORIENTED_EDGE ( 'NONE', *, *, #3007, .F. ) ;
#3161 = DIRECTION ( 'NONE',  ( -0.9139452746408240902, -0.4058374489394843132, 0.000000000000000000 ) ) ;
#3162 = CARTESIAN_POINT ( 'NONE',  ( -55.80154990304256302, 9.022770963763676377, -19.94970311002449392 ) ) ;
#3163 = AXIS2_PLACEMENT_3D ( 'NONE', #3476, #3197, #582 ) ;
#3164 = ORIENTED_EDGE ( 'NONE', *, *, #1051, .F. ) ;
#3165 = CIRCLE ( 'NONE', #1391, 17.50000000000000000 ) ;
#3166 = CARTESIAN_POINT ( 'NONE',  ( 20.39847146339651829, 46.32559400789318715, 6.287155260542725443 ) ) ;
#3167 = DIRECTION ( 'NONE',  ( 0.9139452746408244233, 0.4058374489394835916, 0.000000000000000000 ) ) ;
#3168 = LINE ( 'NONE', #2809, #325 ) ;
#3169 = CARTESIAN_POINT ( 'NONE',  ( 15.60816445194304869, 48.43838903841228216, 12.09952186011843445 ) ) ;
#3170 = CARTESIAN_POINT ( 'NONE',  ( 41.40535134719603860, 52.12894686679949530, -20.18839254224512203 ) ) ;
#3171 = CARTESIAN_POINT ( 'NONE',  ( -2.569501288236065495, 15.63800383155555096, -21.35000000000000497 ) ) ;
#3172 = CARTESIAN_POINT ( 'NONE',  ( -54.02693185740377402, 8.318017728957432411, -22.08209200522897220 ) ) ;
#3173 = LINE ( 'NONE', #1485, #133 ) ;
#3174 = CARTESIAN_POINT ( 'NONE',  ( 17.58066740497350722, 43.78393710107818038, -11.70302481599426159 ) ) ;
#3175 = CARTESIAN_POINT ( 'NONE',  ( -37.59570728460785460, 17.26288658286424749, -14.70000000000016449 ) ) ;
#3176 = EDGE_CURVE ( 'NONE', #1972, #17, #3341, .T. ) ;
#3177 = DIRECTION ( 'NONE',  ( -1.000000000000000000, 0.000000000000000000, 0.000000000000000000 ) ) ;
#3178 = EDGE_LOOP ( 'NONE', ( #2148, #1329, #440, #428, #1161, #315 ) ) ;
#3179 = ORIENTED_EDGE ( 'NONE', *, *, #747, .F. ) ;
#3180 = EDGE_CURVE ( 'NONE', #845, #76, #3296, .T. ) ;
#3181 = LINE ( 'NONE', #1366, #2734 ) ;
#3182 = CYLINDRICAL_SURFACE ( 'NONE', #2808, 2.999999999999997780 ) ;
#3183 = ORIENTED_EDGE ( 'NONE', *, *, #2856, .T. ) ;
#3184 = CARTESIAN_POINT ( 'NONE',  ( -41.26491420056012771, 13.22642873712365130, -9.999999999999987566 ) ) ;
#3185 = CARTESIAN_POINT ( 'NONE',  ( -48.72211562854372602, 0.06764129387425533990, -22.15000000000000213 ) ) ;
#3186 = DIRECTION ( 'NONE',  ( 1.000000000000000000, 0.000000000000000000, 0.000000000000000000 ) ) ;
#3187 = AXIS2_PLACEMENT_3D ( 'NONE', #3089, #1614, #2688 ) ;
#3188 = CARTESIAN_POINT ( 'NONE',  ( 40.83199368644518756, 46.02802522502653915, -7.148619964649522984 ) ) ;
#3189 = CARTESIAN_POINT ( 'NONE',  ( 10.78163701163471089, 42.52733268197899008, -14.13459679480582487 ) ) ;
#3190 = DIRECTION ( 'NONE',  ( 0.9139452746408239792, 0.4058374489394844797, -8.326672684688671588E-17 ) ) ;
#3191 = CARTESIAN_POINT ( 'NONE',  ( 42.02526410713379335, 43.34078217930252919, -4.506208927274176546 ) ) ;
#3192 = CARTESIAN_POINT ( 'NONE',  ( 20.57673941626154956, 46.56440922129669957, 2.541466372752711589 ) ) ;
#3193 = VERTEX_POINT ( 'NONE', #3449 ) ;
#3194 = CARTESIAN_POINT ( 'NONE',  ( -54.98964714972857593, 7.194097648790074295, -22.15000000000000213 ) ) ;
#3195 = CARTESIAN_POINT ( 'NONE',  ( -55.68839984289700595, 27.82950153854961783, -12.50000000000000178 ) ) ;
#3196 = PLANE ( 'NONE',  #1521 ) ;
#3197 = DIRECTION ( 'NONE',  ( -1.954354542234628834E-17, -0.000000000000000000, 1.000000000000000000 ) ) ;
#3198 = PLANE ( 'NONE',  #2881 ) ;
#3199 = ORIENTED_EDGE ( 'NONE', *, *, #3403, .T. ) ;
#3200 = ORIENTED_EDGE ( 'NONE', *, *, #3580, .F. ) ;
#3201 = CARTESIAN_POINT ( 'NONE',  ( 27.75605757303671339, 44.03226936279519066, 4.695828337847328449 ) ) ;
#3202 = CARTESIAN_POINT ( 'NONE',  ( 38.91619753861818509, 50.34239503258629611, -21.58258955986390148 ) ) ;
#3203 = VERTEX_POINT ( 'NONE', #1435 ) ;
#3204 = LINE ( 'NONE', #2061, #1618 ) ;
#3205 = EDGE_CURVE ( 'NONE', #662, #202, #836, .T. ) ;
#3206 = FACE_OUTER_BOUND ( 'NONE', #3255, .T. ) ;
#3207 = CARTESIAN_POINT ( 'NONE',  ( 38.76656232263323432, 50.67937329550084513, -18.17021021794828073 ) ) ;
#3208 = CYLINDRICAL_SURFACE ( 'NONE', #1721, 26.16057989992778943 ) ;
#3209 = CARTESIAN_POINT ( 'NONE',  ( 20.31775060733280824, 46.55667171804288529, 4.626199370727772653 ) ) ;
#3210 = CARTESIAN_POINT ( 'NONE',  ( 42.47925290980306556, 42.31840013441318149, -3.795433087049708387 ) ) ;
#3211 = B_SPLINE_CURVE_WITH_KNOTS ( 'NONE', 3,
 ( #3725, #1109, #2875, #1130 ),
 .UNSPECIFIED., .F., .F.,
 ( 4, 4 ),
 ( 0.0002088389032850166717, 0.004343171132834817635 ),
 .UNSPECIFIED. ) ;
#3212 = CARTESIAN_POINT ( 'NONE',  ( -53.25364547358368839, 10.27263913128599881, -20.18153296664788243 ) ) ;
#3213 = VERTEX_POINT ( 'NONE', #2021 ) ;
#3214 = CARTESIAN_POINT ( 'NONE',  ( 25.88642501967153819, 43.04498457212032037, 8.395273849439943703 ) ) ;
#3215 =( GEOMETRIC_REPRESENTATION_CONTEXT ( 3 ) GLOBAL_UNCERTAINTY_ASSIGNED_CONTEXT ( ( #3755 ) ) GLOBAL_UNIT_ASSIGNED_CONTEXT ( ( #1228, #673, #3335 ) ) REPRESENTATION_CONTEXT ( 'NONE', 'WORKASPACE' ) );
#3216 = CARTESIAN_POINT ( 'NONE',  ( 38.14648343023376498, 50.97712335192340305, -22.15000000001828084 ) ) ;
#3217 = FACE_OUTER_BOUND ( 'NONE', #1612, .T. ) ;
#3218 = CARTESIAN_POINT ( 'NONE',  ( -35.33573949092038902, 25.56756783522632404, -11.52311681044819025 ) ) ;
#3219 = CIRCLE ( 'NONE', #473, 0.8999999999999980238 ) ;
#3220 = FACE_OUTER_BOUND ( 'NONE', #2542, .T. ) ;
#3221 = ORIENTED_EDGE ( 'NONE', *, *, #1007, .T. ) ;
#3222 = EDGE_LOOP ( 'NONE', ( #387, #1445, #3368, #1382 ) ) ;
#3223 = FACE_OUTER_BOUND ( 'NONE', #3604, .T. ) ;
#3224 = CARTESIAN_POINT ( 'NONE',  ( 36.21372145420805566, 47.80422425629323868, -22.15000000000000213 ) ) ;
#3225 = ORIENTED_EDGE ( 'NONE', *, *, #1941, .F. ) ;
#3226 = CARTESIAN_POINT ( 'NONE',  ( 20.33645437126200761, 46.37342485324548846, 6.136824453343820984 ) ) ;
#3227 = CARTESIAN_POINT ( 'NONE',  ( -43.60859104625144766, 15.86797072362109162, -3.700000000000003730 ) ) ;
#3228 = VECTOR ( 'NONE', #1377, 1000.000000000000000 ) ;
#3229 = CARTESIAN_POINT ( 'NONE',  ( -41.39476441402057816, 18.61921809793637905, 1.677687080170535694 ) ) ;
#3230 = EDGE_CURVE ( 'NONE', #3039, #3213, #1166, .T. ) ;
#3231 = CARTESIAN_POINT ( 'NONE',  ( 42.02526410713377913, 43.34078217930252208, -4.506208927274176546 ) ) ;
#3232 = AXIS2_PLACEMENT_3D ( 'NONE', #1808, #1011, #368 ) ;
#3233 = CARTESIAN_POINT ( 'NONE',  ( 11.92574525963352983, 46.41405867974124533, -11.73409691423526979 ) ) ;
#3234 = CARTESIAN_POINT ( 'NONE',  ( 22.33375628536608204, 46.18958220516213231, 2.737770412034010725 ) ) ;
#3235 = CARTESIAN_POINT ( 'NONE',  ( -50.30462794778359381, -0.6350733876015861590, -1.309129516915340741 ) ) ;
#3236 = CARTESIAN_POINT ( 'NONE',  ( 15.71751434984982865, 48.37689597915888129, 5.886796564403907084 ) ) ;
#3237 = ADVANCED_FACE ( 'NONE', ( #3537 ), #2355, .F. ) ;
#3238 = ORIENTED_EDGE ( 'NONE', *, *, #726, .F. ) ;
#3239 = CARTESIAN_POINT ( 'NONE',  ( -2.569501288236065495, 15.63800383155555096, 12.10000000000029985 ) ) ;
#3240 = CARTESIAN_POINT ( 'NONE',  ( -28.41291555254669987, 19.69926962730589892, -12.50000000000000178 ) ) ;
#3241 = CARTESIAN_POINT ( 'NONE',  ( -32.52545666515239020, 19.51433164634667605, -14.70000000000019114 ) ) ;
#3242 = EDGE_LOOP ( 'NONE', ( #2621, #1155, #1743, #1062 ) ) ;
#3243 = CYLINDRICAL_SURFACE ( 'NONE', #3433, 2.999999999999997780 ) ;
#3244 = CARTESIAN_POINT ( 'NONE',  ( 41.54768671094455357, 51.80840785924521441, -21.25607010062776325 ) ) ;
#3245 = ORIENTED_EDGE ( 'NONE', *, *, #2486, .T. ) ;
#3246 = CARTESIAN_POINT ( 'NONE',  ( -55.68839984289700595, 27.82950153854961428, -3.700000000000003730 ) ) ;
#3247 = CARTESIAN_POINT ( 'NONE',  ( -45.20940382887170017, 14.21135686242992158, -9.304010379379690221 ) ) ;
#3248 = CARTESIAN_POINT ( 'NONE',  ( 28.60918686969660030, 46.66117343483235658, -12.39237050999450673 ) ) ;
#3249 = B_SPLINE_CURVE_WITH_KNOTS ( 'NONE', 3,
 ( #1348, #1367, #3162, #3367 ),
 .UNSPECIFIED., .F., .F.,
 ( 4, 4 ),
 ( 0.001472776269093484768, 0.003487808876274319826 ),
 .UNSPECIFIED. ) ;
#3250 = CARTESIAN_POINT ( 'NONE',  ( 39.82285565122067794, 48.30060243830212841, -10.75473727836335591 ) ) ;
#3251 = DIRECTION ( 'NONE',  ( 0.9139452746408239792, 0.4058374489394845352, 0.000000000000000000 ) ) ;
#3252 = DIRECTION ( 'NONE',  ( 0.000000000000000000, 0.000000000000000000, -1.000000000000000000 ) ) ;
#3253 = CARTESIAN_POINT ( 'NONE',  ( -46.89637238145373033, 13.13292574048486827, -13.14809138725783555 ) ) ;
#3254 = CARTESIAN_POINT ( 'NONE',  ( -44.78260887803082824, 14.36476013751229708, -11.20197265403472109 ) ) ;
#3255 = EDGE_LOOP ( 'NONE', ( #945, #3160, #3225, #1775, #2130 ) ) ;
#3256 = EDGE_CURVE ( 'NONE', #1750, #3193, #2337, .T. ) ;
#3257 = DIRECTION ( 'NONE',  ( -0.000000000000000000, -0.000000000000000000, 1.000000000000000000 ) ) ;
#3258 = CARTESIAN_POINT ( 'NONE',  ( -28.23377145140470645, 22.24067276100313251, -14.70000000000000284 ) ) ;
#3259 = CARTESIAN_POINT ( 'NONE',  ( -36.42998724390421472, 25.64374483307707564, -10.31147908021887361 ) ) ;
#3260 = CIRCLE ( 'NONE', #2586, 1.599999999999997868 ) ;
#3261 = VERTEX_POINT ( 'NONE', #903 ) ;
#3262 = CARTESIAN_POINT ( 'NONE',  ( 36.91374878194268661, 49.92382493372051044, -16.46973243518483088 ) ) ;
#3263 = CARTESIAN_POINT ( 'NONE',  ( 38.80585088702208196, 50.59089551242676208, -21.25607010062776325 ) ) ;
#3264 = VERTEX_POINT ( 'NONE', #2308 ) ;
#3265 = CARTESIAN_POINT ( 'NONE',  ( -51.70060538650692905, -1.380008446629647612, -2.865932803001945750 ) ) ;
#3266 = FACE_OUTER_BOUND ( 'NONE', #3419, .T. ) ;
#3267 = VECTOR ( 'NONE', #2035, 1000.000000000000000 ) ;
#3268 = CARTESIAN_POINT ( 'NONE',  ( -11.98644134063532007, 26.99344639500377241, -14.70000000000000284 ) ) ;
#3269 = CARTESIAN_POINT ( 'NONE',  ( 0.000000000000000000, 0.000000000000000000, -12.50000000000000178 ) ) ;
#3270 = CARTESIAN_POINT ( 'NONE',  ( 15.35737535980886825, 45.40694055502255111, 6.499999999999999112 ) ) ;
#3271 = LINE ( 'NONE', #1902, #2209 ) ;
#3272 = AXIS2_PLACEMENT_3D ( 'NONE', #2499, #3054, #2203 ) ;
#3273 = ORIENTED_EDGE ( 'NONE', *, *, #799, .F. ) ;
#3274 = CYLINDRICAL_SURFACE ( 'NONE', #378, 1.599999999999994538 ) ;
#3275 = DIRECTION ( 'NONE',  ( -0.000000000000000000, -0.000000000000000000, 1.000000000000000000 ) ) ;
#3276 = CARTESIAN_POINT ( 'NONE',  ( 25.46223044953828563, 31.25160461891051611, -3.700000000000003730 ) ) ;
#3277 = EDGE_CURVE ( 'NONE', #1022, #1972, #2910, .T. ) ;
#3278 = ORIENTED_EDGE ( 'NONE', *, *, #1246, .F. ) ;
#3279 = CARTESIAN_POINT ( 'NONE',  ( 35.40195713155455337, 49.63231619002161210, -20.04512421095781960 ) ) ;
#3280 = LINE ( 'NONE', #1831, #918 ) ;
#3281 = ORIENTED_EDGE ( 'NONE', *, *, #983, .T. ) ;
#3282 = CARTESIAN_POINT ( 'NONE',  ( 24.70808380729353715, 32.67432534929468346, -10.37867965644036694 ) ) ;
#3283 = CARTESIAN_POINT ( 'NONE',  ( -44.72076561575746467, 0.6558508981833909290, 4.851589857238877812 ) ) ;
#3284 = AXIS2_PLACEMENT_3D ( 'NONE', #3270, #2991, #381 ) ;
#3285 = CARTESIAN_POINT ( 'NONE',  ( -48.68456835047373232, 10.74180115219872711, 4.361897799575118029 ) ) ;
#3286 = PLANE ( 'NONE',  #2759 ) ;
#3287 = CARTESIAN_POINT ( 'NONE',  ( 28.82083754317721258, 34.50059386952236906, 5.499999999999998224 ) ) ;
#3288 = AXIS2_PLACEMENT_3D ( 'NONE', #1399, #1071, #1930 ) ;
#3289 = CARTESIAN_POINT ( 'NONE',  ( 9.742716804823112753, 39.10413443779200549, -14.70000000000000284 ) ) ;
#3290 = DIRECTION ( 'NONE',  ( 1.000000000000000000, 0.000000000000000000, 0.000000000000000000 ) ) ;
#3291 = CARTESIAN_POINT ( 'NONE',  ( -40.96145011445273099, 17.12878802859547633, -12.36157099020726591 ) ) ;
#3292 = VERTEX_POINT ( 'NONE', #2331 ) ;
#3293 = CONICAL_SURFACE ( 'NONE', #976, 32.16057989992781785, 0.7853981633974441712 ) ;
#3294 = CARTESIAN_POINT ( 'NONE',  ( -37.57450437646652119, 22.30218152664974696, 12.49999999999999822 ) ) ;
#3295 = EDGE_CURVE ( 'NONE', #2883, #271, #1203, .T. ) ;
#3296 = B_SPLINE_CURVE_WITH_KNOTS ( 'NONE', 3,
 ( #1677, #3372, #744, #2195, #818, #2869, #2849, #1048, #244, #3659, #2566, #781, #1907, #1660, #1372, #762, #3094, #263, #208, #501, #1355, #3149, #3678, #1066, #2249, #2831, #226, #3077, #2547, #535, #3411, #1964, #1981, #3717, #1103, #1697, #3640, #463, #281, #46, #3469, #2890, #1457, #1740, #2375, #3514, #637, #1763, #24, #556, #856 ),
 .UNSPECIFIED., .F., .F.,
 ( 4, 1, 1, 1, 1, 2, 2, 1, 1, 1, 1, 2, 2, 1, 1, 1, 1, 2, 2, 1, 1, 1, 1, 2, 2, 1, 1, 1, 2, 2, 1, 1, 1, 1, 2, 2, 4 ),
 ( 0.000000000000000000, 0.06250000000000063838, 0.09375000000000095757, 0.1093750000000013323, 0.1171875000000014710, 0.1210937500000015404, 0.1250000000000016098, 0.1875000000000029698, 0.2187500000000036360, 0.2343750000000039690, 0.2421875000000040523, 0.2460937500000041078, 0.2500000000000041633, 0.3125000000000052180, 0.3437500000000056621, 0.3593750000000059952, 0.3671875000000061062, 0.3710937500000060507, 0.3750000000000060507, 0.4375000000000074940, 0.4687500000000080491, 0.4843750000000083822, 0.4921875000000087708, 0.4960937500000089928, 0.5000000000000093259, 0.5625000000000113243, 0.5937500000000123235, 0.6093750000000127676, 0.6171875000000129896, 0.6250000000000131006, 0.6875000000000127676, 0.7187500000000127676, 0.7343750000000127676, 0.7421875000000125455, 0.7460937500000124345, 0.7500000000000122125, 1.000000000000000000 ),
 .UNSPECIFIED. ) ;
#3297 = CARTESIAN_POINT ( 'NONE',  ( -55.99748330445968492, 7.827614940731040249, -21.84636320225858697 ) ) ;
#3298 = EDGE_LOOP ( 'NONE', ( #1856, #1178, #259, #1562 ) ) ;
#3299 = CARTESIAN_POINT ( 'NONE',  ( 16.85479859966844884, 47.71648158077790924, 7.188646801489031013 ) ) ;
#3300 = EDGE_CURVE ( 'NONE', #2317, #809, #2117, .T. ) ;
#3301 = CARTESIAN_POINT ( 'NONE',  ( -55.78702770442783532, 7.353669271908593430, -22.07663646782956590 ) ) ;
#3302 = CARTESIAN_POINT ( 'NONE',  ( 41.39699423268195488, 37.23654365372225783, 0.5980847401384502549 ) ) ;
#3303 = CARTESIAN_POINT ( 'NONE',  ( -40.48103245750774448, 20.22069427533484287, 3.808770106111347697 ) ) ;
#3304 = SHAPE_DEFINITION_REPRESENTATION ( #3030, #2612 ) ;
#3305 = ORIENTED_EDGE ( 'NONE', *, *, #1095, .T. ) ;
#3306 = CARTESIAN_POINT ( 'NONE',  ( 44.03960259041920722, 46.19661735344125475, -5.961497358654666456 ) ) ;
#3307 = CARTESIAN_POINT ( 'NONE',  ( -42.66327119718858540, 16.43971810225506047, 2.483894837453887838 ) ) ;
#3308 = CARTESIAN_POINT ( 'NONE',  ( 23.70598806329653385, 42.07676142298661404, -10.00000000000000178 ) ) ;
#3309 = ORIENTED_EDGE ( 'NONE', *, *, #704, .F. ) ;
#3310 = CARTESIAN_POINT ( 'NONE',  ( -59.10051297992164621, 7.423510559851786539, -20.60941069353001254 ) ) ;
#3311 = CARTESIAN_POINT ( 'NONE',  ( -58.58446530026115795, 6.261372024959224625, -22.03231568273205099 ) ) ;
#3312 = ORIENTED_EDGE ( 'NONE', *, *, #3180, .T. ) ;
#3313 = CARTESIAN_POINT ( 'NONE',  ( 19.63782860866613333, 45.88091239523418352, 9.477922944240447123 ) ) ;
#3314 = ORIENTED_EDGE ( 'NONE', *, *, #3277, .F. ) ;
#3315 = CARTESIAN_POINT ( 'NONE',  ( -56.13401254867390833, 8.135078576543669726, -21.58283252100687832 ) ) ;
#3316 = CARTESIAN_POINT ( 'NONE',  ( 26.85133600521987418, 46.18195862691337794, -10.61337225091252279 ) ) ;
#3317 = ORIENTED_EDGE ( 'NONE', *, *, #2170, .T. ) ;
#3318 = EDGE_CURVE ( 'NONE', #3261, #3402, #3421, .T. ) ;
#3319 = CARTESIAN_POINT ( 'NONE',  ( 1.015350563102158654, 32.76689279739210292, -14.70000000000000462 ) ) ;
#3320 = ADVANCED_FACE ( 'NONE', ( #3223 ), #3243, .F. ) ;
#3321 = ORIENTED_EDGE ( 'NONE', *, *, #2060, .F. ) ;
#3322 = CARTESIAN_POINT ( 'NONE',  ( 41.86338794584233369, 51.09744919194807977, -14.90259445028778096 ) ) ;
#3323 = CARTESIAN_POINT ( 'NONE',  ( -43.86591889516416387, 13.62228520632093698, 3.473354609285849381 ) ) ;
#3324 = CARTESIAN_POINT ( 'NONE',  ( -53.02826228651028373, 9.765076560735884925, -21.52766715410552223 ) ) ;
#3325 = EDGE_LOOP ( 'NONE', ( #3414, #1590, #2378, #2694 ) ) ;
#3326 = FACE_OUTER_BOUND ( 'NONE', #148, .T. ) ;
#3327 = CARTESIAN_POINT ( 'NONE',  ( -41.26491420056012771, 13.22642873712365130, -9.999999999999987566 ) ) ;
#3328 = ORIENTED_EDGE ( 'NONE', *, *, #1026, .T. ) ;
#3329 = CARTESIAN_POINT ( 'NONE',  ( -35.32200681552583177, 25.56527795339313869, -11.53708712973693906 ) ) ;
#3330 = ORIENTED_EDGE ( 'NONE', *, *, #1917, .T. ) ;
#3331 = CARTESIAN_POINT ( 'NONE',  ( 43.69536992928426145, 37.90611446198260381, -1.762995951332666067 ) ) ;
#3332 = EDGE_LOOP ( 'NONE', ( #2674, #2238, #1042, #1712, #874, #1364, #3085, #3036, #1673, #735, #510, #144 ) ) ;
#3333 = DIRECTION ( 'NONE',  ( 0.9139452746408244233, 0.4058374489394835916, 0.000000000000000000 ) ) ;
#3334 = AXIS2_PLACEMENT_3D ( 'NONE', #3078, #1587, #1893 ) ;
#3335 =( NAMED_UNIT ( * ) SI_UNIT ( $, .STERADIAN. ) SOLID_ANGLE_UNIT ( ) );
#3336 = EDGE_CURVE ( 'NONE', #758, #2765, #168, .T. ) ;
#3337 = CARTESIAN_POINT ( 'NONE',  ( -8.049818085922094468, 18.12817723098731548, -12.50000000000000178 ) ) ;
#3338 = DIRECTION ( 'NONE',  ( -0.000000000000000000, -0.000000000000000000, 1.000000000000000000 ) ) ;
#3339 = ADVANCED_FACE ( 'NONE', ( #3523 ), #3502, .T. ) ;
#3340 = DIRECTION ( 'NONE',  ( -0.6672197446535136356, 0.000000000000000000, -0.7448609349029521320 ) ) ;
#3341 = CIRCLE ( 'NONE', #1696, 1.599999999999997868 ) ;
#3342 = ORIENTED_EDGE ( 'NONE', *, *, #2060, .T. ) ;
#3343 = LINE ( 'NONE', #1255, #214 ) ;
#3344 = CARTESIAN_POINT ( 'NONE',  ( -56.30718692848659401, 8.525066998095828907, -21.01423600150948445 ) ) ;
#3345 = DIRECTION ( 'NONE',  ( 1.000000000000000000, 0.000000000000000000, 0.000000000000000000 ) ) ;
#3346 = ORIENTED_EDGE ( 'NONE', *, *, #2036, .T. ) ;
#3347 = VECTOR ( 'NONE', #3380, 1000.000000000000000 ) ;
#3348 = CARTESIAN_POINT ( 'NONE',  ( -30.15127753553855428, 22.79262412200075971, -14.52982668711635661 ) ) ;
#3349 = ORIENTED_EDGE ( 'NONE', *, *, #725, .T. ) ;
#3350 = DIRECTION ( 'NONE',  ( 0.9139452746408236461, 0.4058374489394851459, 0.000000000000000000 ) ) ;
#3351 = CARTESIAN_POINT ( 'NONE',  ( 27.70481467523646657, 46.41103853387962630, -10.61123364344122244 ) ) ;
#3352 = VERTEX_POINT ( 'NONE', #338 ) ;
#3353 = CARTESIAN_POINT ( 'NONE',  ( 35.47020452935256429, 49.47862316123135429, -20.96969808612704966 ) ) ;
#3354 = CARTESIAN_POINT ( 'NONE',  ( 20.84362856409521214, 46.51107083056512437, 2.211763262650765505 ) ) ;
#3355 = DIRECTION ( 'NONE',  ( 0.000000000000000000, 0.000000000000000000, -1.000000000000000000 ) ) ;
#3356 = CARTESIAN_POINT ( 'NONE',  ( -41.21086465760780726, 18.83025572649842516, 3.594037226409938501 ) ) ;
#3357 = CARTESIAN_POINT ( 'NONE',  ( -53.17242367465805586, 1.465585251300475234, -4.763113553810297773 ) ) ;
#3358 = VECTOR ( 'NONE', #288, 1000.000000000000000 ) ;
#3359 = ADVANCED_FACE ( 'NONE', ( #291 ), #1528, .F. ) ;
#3360 = CYLINDRICAL_SURFACE ( 'NONE', #2417, 0.8999999999999980238 ) ;
#3361 = CARTESIAN_POINT ( 'NONE',  ( -54.66275991370910248, -2.570302124232364704, -3.097864185164251438 ) ) ;
#3362 = DIRECTION ( 'NONE',  ( 0.9139452746408239792, 0.4058374489394844797, -8.326672684688671588E-17 ) ) ;
#3363 = DIRECTION ( 'NONE',  ( 0.4058374489394845908, -0.9139452746408242012, 0.000000000000000000 ) ) ;
#3364 = ORIENTED_EDGE ( 'NONE', *, *, #3736, .F. ) ;
#3365 = ORIENTED_EDGE ( 'NONE', *, *, #498, .T. ) ;
#3366 = PLANE ( 'NONE',  #2827 ) ;
#3367 = CARTESIAN_POINT ( 'NONE',  ( -56.37218366424116311, 8.671439541253748828, -19.90226640499234279 ) ) ;
#3368 = ORIENTED_EDGE ( 'NONE', *, *, #2088, .T. ) ;
#3369 = CARTESIAN_POINT ( 'NONE',  ( 30.28314998260252722, 35.14993378782553890, -10.00000000000000178 ) ) ;
#3370 = CARTESIAN_POINT ( 'NONE',  ( 24.44071478412942966, 46.22064336233248127, -3.127265974870131693 ) ) ;
#3371 = B_SPLINE_CURVE_WITH_KNOTS ( 'NONE', 3,
 ( #1233, #2092, #1770, #2655 ),
 .UNSPECIFIED., .F., .F.,
 ( 4, 4 ),
 ( 7.359808400080194938E-18, 0.007259997262099030652 ),
 .UNSPECIFIED. ) ;
#3372 = CARTESIAN_POINT ( 'NONE',  ( -54.82619135550481815, -2.202254783240956471, -3.246993705697807542 ) ) ;
#3373 = CARTESIAN_POINT ( 'NONE',  ( 24.58499601434384019, 45.44127863100838738, -12.95376728767238461 ) ) ;
#3374 = DIRECTION ( 'NONE',  ( 0.9139452746408239792, 0.4058374489394845352, 0.000000000000000000 ) ) ;
#3375 = AXIS2_PLACEMENT_3D ( 'NONE', #997, #2459, #127 ) ;
#3376 = CARTESIAN_POINT ( 'NONE',  ( -27.94872543072891702, 9.292066341663783646, -12.50000000000000178 ) ) ;
#3377 = CARTESIAN_POINT ( 'NONE',  ( -44.92080716054374534, 14.47684580549557509, -8.433252907769972495 ) ) ;
#3378 = CARTESIAN_POINT ( 'NONE',  ( 25.23831464193923324, 46.13065584504327177, -7.364153221166613861 ) ) ;
#3379 = EDGE_CURVE ( 'NONE', #2294, #805, #2616, .T. ) ;
#3380 = DIRECTION ( 'NONE',  ( -0.9139452746408239792, -0.4058374489394846463, -1.387778780781445676E-16 ) ) ;
#3381 = CARTESIAN_POINT ( 'NONE',  ( 15.03433797213303968, 48.28103075403423361, -6.707576703688610920 ) ) ;
#3382 = EDGE_LOOP ( 'NONE', ( #2772, #1935 ) ) ;
#3383 = ORIENTED_EDGE ( 'NONE', *, *, #3580, .T. ) ;
#3384 = EDGE_CURVE ( 'NONE', #2323, #410, #2277, .T. ) ;
#3385 = FACE_OUTER_BOUND ( 'NONE', #2116, .T. ) ;
#3386 = CARTESIAN_POINT ( 'NONE',  ( -46.60381680998494147, 13.26283505791592177, -13.86407909777107506 ) ) ;
#3387 = EDGE_LOOP ( 'NONE', ( #999, #1449 ) ) ;
#3388 = CARTESIAN_POINT ( 'NONE',  ( 37.58463936616929146, 48.41298042970246485, -22.15000000000000213 ) ) ;
#3389 = AXIS2_PLACEMENT_3D ( 'NONE', #3287, #1020, #3350 ) ;
#3390 = CARTESIAN_POINT ( 'NONE',  ( -53.24012992347737594, 10.24220213443942562, -20.58638767830271377 ) ) ;
#3391 = CARTESIAN_POINT ( 'NONE',  ( 18.92198949726932966, 46.99196818359540373, 4.325481993967973615 ) ) ;
#3392 = CARTESIAN_POINT ( 'NONE',  ( 27.60978425612367460, 37.89695088733516570, 12.10000000000029985 ) ) ;
#3393 = DIRECTION ( 'NONE',  ( 0.4058374489394842022, -0.9139452746408242012, 4.512363066072622123E-15 ) ) ;
#3394 = CARTESIAN_POINT ( 'NONE',  ( 20.57671441879660179, 45.67422357011946588, -10.23492007934471992 ) ) ;
#3395 = LINE ( 'NONE', #3376, #1631 ) ;
#3396 = CARTESIAN_POINT ( 'NONE',  ( 22.65749665133304802, 44.01832506948825596, -14.69999999999961204 ) ) ;
#3397 = CARTESIAN_POINT ( 'NONE',  ( 22.08191000152308803, 46.08797567194916667, -7.370271086672855354 ) ) ;
#3398 = CARTESIAN_POINT ( 'NONE',  ( -0.7399887099005016955, 21.37410736319722560, 12.49999999999999822 ) ) ;
#3399 = DIRECTION ( 'NONE',  ( -0.9139452746408239792, -0.4058374489394845352, 0.000000000000000000 ) ) ;
#3400 = ORIENTED_EDGE ( 'NONE', *, *, #58, .T. ) ;
#3401 = CIRCLE ( 'NONE', #135, 0.8999999999999998002 ) ;
#3402 = VERTEX_POINT ( 'NONE', #13 ) ;
#3403 = EDGE_CURVE ( 'NONE', #1001, #731, #2320, .T. ) ;
#3404 = CARTESIAN_POINT ( 'NONE',  ( 39.10232276435105803, 49.92324132709530460, -21.91673915299397279 ) ) ;
#3405 = CARTESIAN_POINT ( 'NONE',  ( -38.60528477309112816, 24.45638947604185276, -6.648741191706295517 ) ) ;
#3406 = ORIENTED_EDGE ( 'NONE', *, *, #457, .T. ) ;
#3407 = CARTESIAN_POINT ( 'NONE',  ( 37.52920631734558299, 48.53781556545386877, -22.15000000000000924 ) ) ;
#3408 = EDGE_CURVE ( 'NONE', #1275, #2698, #646, .T. ) ;
#3409 = CARTESIAN_POINT ( 'NONE',  ( 21.53708831586602557, 43.52080768717502224, -9.958823649703072434 ) ) ;
#3410 = CARTESIAN_POINT ( 'NONE',  ( 18.89461634663550882, 41.68044461545950696, 15.85728767096205516 ) ) ;
#3411 = CARTESIAN_POINT ( 'NONE',  ( -57.76551614954826164, 4.417099870132151551, -9.906944124244688510 ) ) ;
#3412 = CARTESIAN_POINT ( 'NONE',  ( -12.59519751404454624, 28.36436430696500821, -14.70000000000000284 ) ) ;
#3413 = DIRECTION ( 'NONE',  ( -0.4058374489394845352, 0.9139452746408239792, -0.000000000000000000 ) ) ;
#3414 = ORIENTED_EDGE ( 'NONE', *, *, #3507, .T. ) ;
#3415 = CARTESIAN_POINT ( 'NONE',  ( 39.93057601161623182, 39.43387384100430637, -22.15000000000000213 ) ) ;
#3416 = CARTESIAN_POINT ( 'NONE',  ( 19.71340881142584323, 42.71100270396487275, -14.70000000000036700 ) ) ;
#3417 = CARTESIAN_POINT ( 'NONE',  ( 25.58571037095820699, 46.15573400315619779, -7.572475345212107634 ) ) ;
#3418 = FACE_OUTER_BOUND ( 'NONE', #3730, .T. ) ;
#3419 = EDGE_LOOP ( 'NONE', ( #3055, #2388 ) ) ;
#3420 = VERTEX_POINT ( 'NONE', #3546 ) ;
#3421 = B_SPLINE_CURVE_WITH_KNOTS ( 'NONE', 3,
 ( #1238, #663, #933, #2641 ),
 .UNSPECIFIED., .F., .F.,
 ( 4, 4 ),
 ( 0.01345549052696085393, 0.01417763923484935060 ),
 .UNSPECIFIED. ) ;
#3422 = CARTESIAN_POINT ( 'NONE',  ( 25.00679848735422084, 46.24640207220888044, -4.275489282269595570 ) ) ;
#3423 = CARTESIAN_POINT ( 'NONE',  ( -48.78916321029542047, 12.29243186993550374, -5.632703024272064596 ) ) ;
#3424 = VERTEX_POINT ( 'NONE', #1470 ) ;
#3425 = CARTESIAN_POINT ( 'NONE',  ( -17.68013668945612338, 24.46516066551943069, -14.70000000000000462 ) ) ;
#3426 = CARTESIAN_POINT ( 'NONE',  ( 15.21009110643174544, 48.30548476343906827, -6.289805417401577614 ) ) ;
#3427 = EDGE_CURVE ( 'NONE', #2048, #3522, #2109, .T. ) ;
#3428 = CARTESIAN_POINT ( 'NONE',  ( 31.16199996666283667, 36.92183147514740682, 9.718990961276913865 ) ) ;
#3429 = DIRECTION ( 'NONE',  ( -0.9139452746408239792, -0.4058374489394846463, -1.387778780781445676E-16 ) ) ;
#3430 = FACE_OUTER_BOUND ( 'NONE', #3298, .T. ) ;
#3431 = CARTESIAN_POINT ( 'NONE',  ( 15.97353496801312289, 48.23389013073506959, 5.886796564403907084 ) ) ;
#3432 = EDGE_CURVE ( 'NONE', #236, #1383, #2900, .T. ) ;
#3433 = AXIS2_PLACEMENT_3D ( 'NONE', #1829, #2406, #38 ) ;
#3434 = CARTESIAN_POINT ( 'NONE',  ( -42.87297589518978924, 16.44307511808062117, -6.998695108625490491 ) ) ;
#3435 = CARTESIAN_POINT ( 'NONE',  ( 20.78899937531479125, 43.51348232890716616, -10.50891412697905558 ) ) ;
#3436 = CARTESIAN_POINT ( 'NONE',  ( 24.47518538188191783, 46.08926132246541840, -7.064783663835131122 ) ) ;
#3437 = CARTESIAN_POINT ( 'NONE',  ( 35.40195713155455337, 49.63231619002161210, -20.04512421095780184 ) ) ;
#3438 = ORIENTED_EDGE ( 'NONE', *, *, #300, .T. ) ;
#3439 = ORIENTED_EDGE ( 'NONE', *, *, #300, .F. ) ;
#3440 = EDGE_LOOP ( 'NONE', ( #1421, #3585, #713, #2119 ) ) ;
#3441 = CARTESIAN_POINT ( 'NONE',  ( 38.91619753861819930, 50.34239503258630322, -21.58258955986390148 ) ) ;
#3442 = CARTESIAN_POINT ( 'NONE',  ( -39.02109669982997531, 24.10819273679908292, -5.201658372296941835 ) ) ;
#3443 = ORIENTED_EDGE ( 'NONE', *, *, #1309, .T. ) ;
#3444 = CARTESIAN_POINT ( 'NONE',  ( 36.93328980650763071, 50.35749179690572674, -21.81194195411931958 ) ) ;
#3445 = CARTESIAN_POINT ( 'NONE',  ( -46.13140614699540976, 13.52235102142710765, -11.62969681968786695 ) ) ;
#3446 = CARTESIAN_POINT ( 'NONE',  ( 30.13211846093019730, 47.33743129079478962, -9.832766942058894344 ) ) ;
#3447 = CARTESIAN_POINT ( 'NONE',  ( -41.26491420056012061, 13.22642873712365663, 5.500000000000007994 ) ) ;
#3448 = EDGE_CURVE ( 'NONE', #1630, #3091, #1914, .T. ) ;
#3449 = CARTESIAN_POINT ( 'NONE',  ( 41.41996072232701209, 52.09604657777866521, -19.90226640499235700 ) ) ;
#3450 = CARTESIAN_POINT ( 'NONE',  ( -14.70228578538975484, 28.24932970735573079, -14.70000000000000462 ) ) ;
#3451 = CARTESIAN_POINT ( 'NONE',  ( -54.31915425135652953, 8.976102084640377399, -21.71474644440056068 ) ) ;
#3452 = ADVANCED_FACE ( 'NONE', ( #2078 ), #119, .F. ) ;
#3453 = CIRCLE ( 'NONE', #1385, 17.50000000000000000 ) ;
#3454 = DIRECTION ( 'NONE',  ( -0.9139452746408237571, -0.4058374489394851459, 0.000000000000000000 ) ) ;
#3455 = CARTESIAN_POINT ( 'NONE',  ( 21.01098853673150657, 43.45085644976973782, -10.47851744507378413 ) ) ;
#3456 = CARTESIAN_POINT ( 'NONE',  ( -28.45254306239571562, 21.32290915329198100, -14.70000000000000462 ) ) ;
#3457 = CARTESIAN_POINT ( 'NONE',  ( 39.49040010694614011, 49.04929178304312387, -22.15000000000000213 ) ) ;
#3458 = ORIENTED_EDGE ( 'NONE', *, *, #3714, .T. ) ;
#3459 = ORIENTED_EDGE ( 'NONE', *, *, #99, .T. ) ;
#3460 = CARTESIAN_POINT ( 'NONE',  ( 39.20736046847568446, 49.68669658832197200, -22.03201252163746204 ) ) ;
#3461 = CARTESIAN_POINT ( 'NONE',  ( 25.16830050272183783, 42.72610134128978387, 5.499999999999998224 ) ) ;
#3462 = EDGE_LOOP ( 'NONE', ( #421, #270 ) ) ;
#3463 = AXIS2_PLACEMENT_3D ( 'NONE', #3195, #2691, #310 ) ;
#3464 = CARTESIAN_POINT ( 'NONE',  ( 22.22914501156776268, 45.12717747508871469, 7.972134220236364754 ) ) ;
#3465 = CARTESIAN_POINT ( 'NONE',  ( 15.59123437300082671, 48.35880132158811051, -5.201658372297266908 ) ) ;
#3466 = CARTESIAN_POINT ( 'NONE',  ( 41.65794182551789504, 51.56011352063104169, -16.46826372981919917 ) ) ;
#3467 = AXIS2_PLACEMENT_3D ( 'NONE', #1056, #1912, #3646 ) ;
#3468 = CARTESIAN_POINT ( 'NONE',  ( 14.54257487184536224, 43.99966195405554004, 16.50113713684330108 ) ) ;
#3469 = CARTESIAN_POINT ( 'NONE',  ( -58.34693451324351088, 5.726453079101032628, -12.73104961772956578 ) ) ;
#3470 = DIRECTION ( 'NONE',  ( -0.9139452746408237571, -0.4058374489394851459, 0.000000000000000000 ) ) ;
#3471 = CARTESIAN_POINT ( 'NONE',  ( -54.53423485372572799, 9.460463251200792456, -21.09685713910379690 ) ) ;
#3472 = EDGE_LOOP ( 'NONE', ( #2653, #889 ) ) ;
#3473 = LINE ( 'NONE', #1073, #1585 ) ;
#3474 = CYLINDRICAL_SURFACE ( 'NONE', #2690, 0.8999999999999980238 ) ;
#3475 = CARTESIAN_POINT ( 'NONE',  ( 12.71454414078041140, 47.46637666880533857, -10.31147908022413873 ) ) ;
#3476 = CARTESIAN_POINT ( 'NONE',  ( -2.569501288236058389, 15.63800383155555451, -12.50000000000000178 ) ) ;
#3477 = ADVANCED_FACE ( 'NONE', ( #3644 ), #1605, .F. ) ;
#3478 = CARTESIAN_POINT ( 'NONE',  ( 35.44099524886987496, 49.54440241334960859, -18.21578547031223394 ) ) ;
#3479 = EDGE_LOOP ( 'NONE', ( #3651, #1076 ) ) ;
#3480 = CIRCLE ( 'NONE', #2575, 26.16057989992778943 ) ;
#3481 = VERTEX_POINT ( 'NONE', #2181 ) ;
#3482 = DIRECTION ( 'NONE',  ( -0.4058374489394845352, 0.9139452746408239792, -0.000000000000000000 ) ) ;
#3483 = CARTESIAN_POINT ( 'NONE',  ( 38.95937947450761385, 50.24514938322811730, -21.67887339977875172 ) ) ;
#3484 = ORIENTED_EDGE ( 'NONE', *, *, #2348, .T. ) ;
#3485 = CARTESIAN_POINT ( 'NONE',  ( 24.43383681387592077, 43.80561252602429079, 8.497315419709080331 ) ) ;
#3486 = FILL_AREA_STYLE_COLOUR ( '', #1224 ) ;
#3487 = AXIS2_PLACEMENT_3D ( 'NONE', #3626, #1013, #982 ) ;
#3488 = CARTESIAN_POINT ( 'NONE',  ( -35.98051464398128019, 18.32717489438637060, 16.08619718673224597 ) ) ;
#3489 = CARTESIAN_POINT ( 'NONE',  ( 41.46020626475348791, 44.61329152089167849, -5.589275444334039555 ) ) ;
#3490 = CARTESIAN_POINT ( 'NONE',  ( 16.37401354746089766, 48.00480870700599922, 12.10623014875396031 ) ) ;
#3491 = CARTESIAN_POINT ( 'NONE',  ( 20.20712425730743789, 46.50654001240308588, 5.500000000000000000 ) ) ;
#3492 = CARTESIAN_POINT ( 'NONE',  ( 40.83199368644520177, 46.02802522502654625, -7.148619964649522984 ) ) ;
#3493 = FACE_OUTER_BOUND ( 'NONE', #3242, .T. ) ;
#3494 = DIRECTION ( 'NONE',  ( 0.9139452746408243122, 0.4058374489394840356, 0.000000000000000000 ) ) ;
#3495 = DIRECTION ( 'NONE',  ( 0.9139452746408240902, 0.4058374489394845908, 0.000000000000000000 ) ) ;
#3496 = CARTESIAN_POINT ( 'NONE',  ( 34.54722229585956939, 37.04339533057031986, 6.736382682932183563 ) ) ;
#3497 = CARTESIAN_POINT ( 'NONE',  ( -37.21633074615596115, 17.43134875540734896, -14.70000000000115392 ) ) ;
#3498 = DIRECTION ( 'NONE',  ( -0.000000000000000000, 0.000000000000000000, 1.000000000000000000 ) ) ;
#3499 = VERTEX_POINT ( 'NONE', #1320 ) ;
#3500 = ORIENTED_EDGE ( 'NONE', *, *, #1404, .F. ) ;
#3501 = EDGE_LOOP ( 'NONE', ( #2640, #1461 ) ) ;
#3502 = PLANE ( 'NONE',  #2777 ) ;
#3503 = ADVANCED_FACE ( 'NONE', ( #3326 ), #3360, .F. ) ;
#3504 = CARTESIAN_POINT ( 'NONE',  ( 42.23223593086861172, 50.26680412986156909, -22.15000000000000213 ) ) ;
#3505 = ORIENTED_EDGE ( 'NONE', *, *, #1636, .T. ) ;
#3506 = CARTESIAN_POINT ( 'NONE',  ( 36.55673261964372500, 50.19028155758726228, -4.894063127739569197 ) ) ;
#3507 = EDGE_CURVE ( 'NONE', #419, #3034, #2433, .T. ) ;
#3508 =( LENGTH_UNIT ( ) NAMED_UNIT ( * ) SI_UNIT ( .MILLI., .METRE. ) );
#3509 = CARTESIAN_POINT ( 'NONE',  ( -36.90570165150897708, 14.92890221930560912, 15.27436531526969787 ) ) ;
#3510 = CARTESIAN_POINT ( 'NONE',  ( -37.97013137849079101, 24.99199553081431802, -8.021428571428570464 ) ) ;
#3511 = AXIS2_PLACEMENT_3D ( 'NONE', #3246, #2120, #2985 ) ;
#3512 = B_SPLINE_CURVE_WITH_KNOTS ( 'NONE', 3,
 ( #3623, #2178, #2472, #2996, #2129, #432, #1286, #3291, #2456, #3014, #979, #399, #1558, #3609, #2725, #2143, #2161, #1588 ),
 .UNSPECIFIED., .F., .F.,
 ( 4, 2, 2, 2, 2, 2, 2, 2, 4 ),
 ( 3.816391647148974991E-17, 0.0006664289874198654328, 0.001332857974839692702, 0.001999286962259519754, 0.002665715949679347239, 0.003332144937099174725, 0.003998573924519001344, 0.004665002911938828829, 0.005331431899358656315 ),
 .UNSPECIFIED. ) ;
#3513 = CARTESIAN_POINT ( 'NONE',  ( -48.31492614047530054, 12.50301686659624778, -14.70000000000000284 ) ) ;
#3514 = CARTESIAN_POINT ( 'NONE',  ( -58.64324084060508113, 6.393734446175329822, -14.69413098284499242 ) ) ;
#3515 = FACE_OUTER_BOUND ( 'NONE', #349, .T. ) ;
#3516 = CARTESIAN_POINT ( 'NONE',  ( -54.59124107922622215, 9.588841178268463494, -20.71785467365279843 ) ) ;
#3517 = ORIENTED_EDGE ( 'NONE', *, *, #1427, .F. ) ;
#3518 = CARTESIAN_POINT ( 'NONE',  ( 41.46509194122445052, 51.99441114625445692, -19.01836677082303240 ) ) ;
#3519 = DIRECTION ( 'NONE',  ( -1.000000000000000000, 0.000000000000000000, 0.000000000000000000 ) ) ;
#3520 = CARTESIAN_POINT ( 'NONE',  ( -34.55589337368276404, 25.37622823742139744, -12.25488669283772225 ) ) ;
#3521 = VECTOR ( 'NONE', #3393, 1000.000000000000114 ) ;
#3522 = VERTEX_POINT ( 'NONE', #3294 ) ;
#3523 = FACE_OUTER_BOUND ( 'NONE', #1989, .T. ) ;
#3524 = CARTESIAN_POINT ( 'NONE',  ( -54.59124107922621505, 9.588841178268467047, -20.71785467365279843 ) ) ;
#3525 = VERTEX_POINT ( 'NONE', #2714 ) ;
#3526 = EDGE_CURVE ( 'NONE', #578, #3292, #284, .T. ) ;
#3527 = CARTESIAN_POINT ( 'NONE',  ( 25.16830050272183783, 42.72610134128978387, 5.499999999999998224 ) ) ;
#3528 = B_SPLINE_CURVE_WITH_KNOTS ( 'NONE', 3,
 ( #991, #3006, #672, #1583, #395, #2753, #3605, #3303, #688, #407, #1838, #1870, #655, #149, #3024, #706, #1298, #1567 ),
 .UNSPECIFIED., .F., .F.,
 ( 4, 2, 2, 2, 2, 2, 2, 2, 4 ),
 ( 1.301042606982605321E-18, 0.003462916390953689038, 0.006925832781907377209, 0.008657290977384220210, 0.01038874917286106495, 0.01125447827059948905, 0.01212020736833791489, 0.01298593646607633899, 0.01385166556381476483 ),
 .UNSPECIFIED. ) ;
#3529 = LINE ( 'NONE', #917, #72 ) ;
#3530 = VECTOR ( 'NONE', #3429, 1000.000000000000000 ) ;
#3531 = CARTESIAN_POINT ( 'NONE',  ( -40.59641036123409918, 19.71220487898914087, 11.47516944189972321 ) ) ;
#3532 = ADVANCED_FACE ( 'NONE', ( #3017 ), #141, .T. ) ;
#3533 = CARTESIAN_POINT ( 'NONE',  ( 38.91610600159542344, 50.34260117381258937, -16.46826372981919917 ) ) ;
#3534 = B_SPLINE_CURVE_WITH_KNOTS ( 'NONE', 3,
 ( #97, #2391, #79, #1340, #766, #988, #2700, #3315, #2986, #3037, #2428, #1223, #3301, #3021, #1242, #652 ),
 .UNSPECIFIED., .F., .F.,
 ( 4, 2, 2, 2, 2, 2, 2, 4 ),
 ( 0.000000000000000000, 0.1250000000000003053, 0.2500000000000006106, 0.4999999999999982792, 0.6249999999999987788, 0.7499999999999991118, 0.8749999999999995559, 1.000000000000000000 ),
 .UNSPECIFIED. ) ;
#3535 = UNCERTAINTY_MEASURE_WITH_UNIT (LENGTH_MEASURE( 1.000000000000000082E-05 ), #1871, 'distance_accuracy_value', 'NONE');
#3536 = CARTESIAN_POINT ( 'NONE',  ( 15.65668640088175501, 43.38922272287162230, 16.42134290429056165 ) ) ;
#3537 = FACE_OUTER_BOUND ( 'NONE', #3670, .T. ) ;
#3538 = CARTESIAN_POINT ( 'NONE',  ( 39.82285565122069215, 48.30060243830213551, -10.75473727836335591 ) ) ;
#3539 = CARTESIAN_POINT ( 'NONE',  ( -43.24927836563324490, 15.24629264148401120, -12.83058910337454961 ) ) ;
#3540 = ORIENTED_EDGE ( 'NONE', *, *, #2194, .F. ) ;
#3541 = CIRCLE ( 'NONE', #258, 0.8999999999999998002 ) ;
#3542 = DIRECTION ( 'NONE',  ( 0.9139452746408239792, 0.4058374489394846463, 1.387778780781445676E-16 ) ) ;
#3543 = CYLINDRICAL_SURFACE ( 'NONE', #1213, 17.50000000000000000 ) ;
#3544 = CARTESIAN_POINT ( 'NONE',  ( -28.90344037378468656, 21.74240712056417735, -14.70000000000000462 ) ) ;
#3545 = ORIENTED_EDGE ( 'NONE', *, *, #1226, .F. ) ;
#3546 = CARTESIAN_POINT ( 'NONE',  ( -28.45254306239571918, 21.32290915329197745, -14.70000000000000284 ) ) ;
#3547 = DIRECTION ( 'NONE',  ( -1.954354542234628834E-17, -0.000000000000000000, 1.000000000000000000 ) ) ;
#3548 = ORIENTED_EDGE ( 'NONE', *, *, #3134, .F. ) ;
#3549 = DIRECTION ( 'NONE',  ( 0.4390552265429729650, 0.1949624972389887578, -0.8770519555394857836 ) ) ;
#3550 = CARTESIAN_POINT ( 'NONE',  ( -48.48077027815658369, 10.94761442014964992, 4.038216440833698684 ) ) ;
#3551 = CIRCLE ( 'NONE', #742, 26.16057989992778943 ) ;
#3552 = CARTESIAN_POINT ( 'NONE',  ( -41.36770623419059945, 4.182525313770160125, 9.161317357696773911 ) ) ;
#3553 = CYLINDRICAL_SURFACE ( 'NONE', #1101, 37.50000000000000711 ) ;
#3554 = DIRECTION ( 'NONE',  ( 0.000000000000000000, 0.000000000000000000, -1.000000000000000000 ) ) ;
#3555 = EDGE_CURVE ( 'NONE', #3481, #3525, #1896, .T. ) ;
#3556 = EDGE_CURVE ( 'NONE', #1869, #2538, #3343, .T. ) ;
#3557 = CARTESIAN_POINT ( 'NONE',  ( 24.78038560090257292, 46.23609952539264611, -3.700000000000003730 ) ) ;
#3558 = VERTEX_POINT ( 'NONE', #3032 ) ;
#3559 = CARTESIAN_POINT ( 'NONE',  ( -46.43995979294197696, 13.33559577525065620, -14.19139809630699034 ) ) ;
#3560 = CARTESIAN_POINT ( 'NONE',  ( 12.87705838267237546, 41.16940008572814946, -14.21751472021816731 ) ) ;
#3561 = EDGE_CURVE ( 'NONE', #2639, #11, #697, .T. ) ;
#3562 = PLANE ( 'NONE',  #2440 ) ;
#3563 = ORIENTED_EDGE ( 'NONE', *, *, #1555, .T. ) ;
#3564 = CARTESIAN_POINT ( 'NONE',  ( 22.42646467879936623, 41.50858899447133155, -10.00000000000000178 ) ) ;
#3565 = CARTESIAN_POINT ( 'NONE',  ( 38.66991692275149006, 50.89701857877499691, -20.18573529012025602 ) ) ;
#3566 = EDGE_LOOP ( 'NONE', ( #1669, #1345, #1883, #3443 ) ) ;
#3567 = CARTESIAN_POINT ( 'NONE',  ( -28.23377145140471356, 22.24067276100313251, -21.35000000000000497 ) ) ;
#3568 = B_SPLINE_CURVE_WITH_KNOTS ( 'NONE', 3,
 ( #280, #1187, #2649, #1208, #2354, #902, #1434, #2066, #3233, #2666, #3756, #65, #922, #2020, #3189, #2374, #574, #1739, #2909, #1456 ),
 .UNSPECIFIED., .F., .F.,
 ( 4, 2, 2, 2, 2, 2, 2, 2, 2, 4 ),
 ( 0.000000000000000000, 0.001695993541164384161, 0.003391987082328768322, 0.004239983852910954656, 0.005087980623493139690, 0.006783974164657515828, 0.008479967705821890231, 0.01017596124698626550, 0.01187195478815064077, 0.01356794832931501604 ),
 .UNSPECIFIED. ) ;
#3569 = CARTESIAN_POINT ( 'NONE',  ( -44.43274709911862885, 0.9885019368746172930, 5.234315287599472732 ) ) ;
#3570 = AXIS2_PLACEMENT_3D ( 'NONE', #2922, #608, #2363 ) ;
#3571 = LINE ( 'NONE', #3268, #2384 ) ;
#3572 = FACE_OUTER_BOUND ( 'NONE', #2946, .T. ) ;
#3573 = DIRECTION ( 'NONE',  ( 0.4058374489394845352, -0.9139452746408240902, -0.000000000000000000 ) ) ;
#3574 = LINE ( 'NONE', #1311, #2525 ) ;
#3575 = AXIS2_PLACEMENT_3D ( 'NONE', #2389, #3549, #2679 ) ;
#3576 = EDGE_CURVE ( 'NONE', #662, #3671, #1850, .T. ) ;
#3577 = LINE ( 'NONE', #3337, #2186 ) ;
#3578 = FACE_BOUND ( 'NONE', #3707, .T. ) ;
#3579 = DIRECTION ( 'NONE',  ( -1.000000000000000000, 0.000000000000000000, -0.000000000000000000 ) ) ;
#3580 = EDGE_CURVE ( 'NONE', #76, #3039, #1008, .T. ) ;
#3581 = EDGE_LOOP ( 'NONE', ( #1110, #1512, #950, #565 ) ) ;
#3582 = CARTESIAN_POINT ( 'NONE',  ( -52.25402251260738495, -0.6026526712329417501, -3.401813092055597565 ) ) ;
#3583 = AXIS2_PLACEMENT_3D ( 'NONE', #1405, #547, #3672 ) ;
#3584 = CARTESIAN_POINT ( 'NONE',  ( -58.30174427962205641, 5.624684746518193279, -22.15000000000000213 ) ) ;
#3585 = ORIENTED_EDGE ( 'NONE', *, *, #3432, .F. ) ;
#3586 = CARTESIAN_POINT ( 'NONE',  ( -15.77235263888314343, 47.39760212532419814, 6.499999999999999112 ) ) ;
#3587 = CARTESIAN_POINT ( 'NONE',  ( -44.30464469575722575, 15.12411360219481971, -6.290827083658035335 ) ) ;
#3588 = AXIS2_PLACEMENT_3D ( 'NONE', #1982, #3133, #3739 ) ;
#3589 = DIRECTION ( 'NONE',  ( 0.4058374489394608320, -0.9139452746408345263, 0.000000000000000000 ) ) ;
#3590 = DIRECTION ( 'NONE',  ( -1.000000000000000000, 0.000000000000000000, 0.000000000000000000 ) ) ;
#3591 = ORIENTED_EDGE ( 'NONE', *, *, #2628, .F. ) ;
#3592 = CARTESIAN_POINT ( 'NONE',  ( 44.85412327507999919, 44.36231809695493666, -4.371305902482796490 ) ) ;
#3593 = CARTESIAN_POINT ( 'NONE',  ( -42.27478858541479667, 17.09348836086263645, 2.566128529530142810 ) ) ;
#3594 = DIRECTION ( 'NONE',  ( 0.4058374489394844797, -0.9139452746408239792, -0.000000000000000000 ) ) ;
#3595 = ORIENTED_EDGE ( 'NONE', *, *, #1589, .T. ) ;
#3596 = CIRCLE ( 'NONE', #1337, 37.50000000000002132 ) ;
#3597 = CARTESIAN_POINT ( 'NONE',  ( -33.49962342422105621, 6.827189785583907877, -10.37867965644035984 ) ) ;
#3598 = ADVANCED_FACE ( 'NONE', ( #225 ), #1695, .F. ) ;
#3599 = CARTESIAN_POINT ( 'NONE',  ( -56.37019035280020773, 8.666950607132145379, -20.46726709676943301 ) ) ;
#3600 = ORIENTED_EDGE ( 'NONE', *, *, #3044, .F. ) ;
#3601 = CARTESIAN_POINT ( 'NONE',  ( 16.10061180607196718, 48.16039010852339430, 6.364014879182166240 ) ) ;
#3602 = CARTESIAN_POINT ( 'NONE',  ( -46.19262000639492527, -0.9082559723630443393, 2.929543998184021003 ) ) ;
#3603 = CARTESIAN_POINT ( 'NONE',  ( 38.95826305258196243, 36.90299828372687330, 2.929543998183917530 ) ) ;
#3604 = EDGE_LOOP ( 'NONE', ( #2736, #1237, #476 ) ) ;
#3605 = CARTESIAN_POINT ( 'NONE',  ( -40.85323772756483862, 19.51830813598921566, 2.964873167577828816 ) ) ;
#3606 = ORIENTED_EDGE ( 'NONE', *, *, #2170, .F. ) ;
#3607 = CARTESIAN_POINT ( 'NONE',  ( 43.16135947168694287, 48.17441942776997621, -8.434232604621174190 ) ) ;
#3608 = CARTESIAN_POINT ( 'NONE',  ( -41.14708909356057376, 16.61876653264093306, 8.117346913059982683 ) ) ;
#3609 = CARTESIAN_POINT ( 'NONE',  ( -42.32678979006048792, 15.85194336523051994, -13.00635610722591018 ) ) ;
#3610 = VERTEX_POINT ( 'NONE', #500 ) ;
#3611 = CARTESIAN_POINT ( 'NONE',  ( -59.06629560604571338, 7.346453089561076233, -20.87860724209851426 ) ) ;
#3612 = CARTESIAN_POINT ( 'NONE',  ( -58.73931912838216363, 6.610102593912584368, -21.84636320225858697 ) ) ;
#3613 = ORIENTED_EDGE ( 'NONE', *, *, #3561, .F. ) ;
#3614 = CARTESIAN_POINT ( 'NONE',  ( -37.71081649731470975, 25.21160181230333563, -8.476968476222451088 ) ) ;
#3615 = ORIENTED_EDGE ( 'NONE', *, *, #570, .T. ) ;
#3616 = ADVANCED_FACE ( 'NONE', ( #1027, #262 ), #3128, .T. ) ;
#3617 = B_SPLINE_CURVE_WITH_KNOTS ( 'NONE', 3,
 ( #2622, #2926, #1136, #275, #3485, #1474, #1117, #1428, #2644, #3464, #814, #2597, #2864, #1162, #531, #3166, #3226, #832, #875, #551 ),
 .UNSPECIFIED., .F., .F.,
 ( 4, 2, 2, 2, 2, 2, 2, 2, 2, 4 ),
 ( 3.469446951953614189E-18, 0.0009845956321574075853, 0.001969191264314811701, 0.002953786896472215817, 0.003938382528629619933, 0.004922978160787024049, 0.005907573792944429032, 0.006892169425101834883, 0.007384467241180533471, 0.007876765057259232927 ),
 .UNSPECIFIED. ) ;
#3618 = CARTESIAN_POINT ( 'NONE',  ( -28.41291555254669632, 19.69926962730589892, -12.50000000000000178 ) ) ;
#3619 = ORIENTED_EDGE ( 'NONE', *, *, #2935, .T. ) ;
#3620 = ADVANCED_FACE ( 'NONE', ( #3737, #2932 ), #2627, .F. ) ;
#3621 = CARTESIAN_POINT ( 'NONE',  ( 41.87002215103392899, 51.08250897265155999, -14.85148416477872502 ) ) ;
#3622 = CARTESIAN_POINT ( 'NONE',  ( -41.51244602095847114, 14.77064873055099703, 8.481910031472724043 ) ) ;
#3623 = CARTESIAN_POINT ( 'NONE',  ( -40.37927891438120298, 18.42789243799943577, -10.68661018751348557 ) ) ;
#3624 = AXIS2_PLACEMENT_3D ( 'NONE', #3527, #2409, #61 ) ;
#3625 = EDGE_LOOP ( 'NONE', ( #182, #1306, #1468, #869, #2858, #3540 ) ) ;
#3626 = CARTESIAN_POINT ( 'NONE',  ( -2.569501288236065495, 15.63800383155555096, -12.50000000000000355 ) ) ;
#3627 = CARTESIAN_POINT ( 'NONE',  ( -59.11401948816367025, 7.453927194435276959, -19.90226640499235700 ) ) ;
#3628 = CARTESIAN_POINT ( 'NONE',  ( 35.96492948396657141, 37.67292828459827803, 5.152885616724308449 ) ) ;
#3629 = EDGE_LOOP ( 'NONE', ( #3278, #3073, #3600, #1501, #3438, #509, #3159, #2059, #813 ) ) ;
#3630 = CARTESIAN_POINT ( 'NONE',  ( -37.42276887013323261, 25.37656452621635950, -8.937561083270743723 ) ) ;
#3631 = VERTEX_POINT ( 'NONE', #2971 ) ;
#3632 = DIRECTION ( 'NONE',  ( -0.000000000000000000, -0.000000000000000000, 1.000000000000000000 ) ) ;
#3633 = CARTESIAN_POINT ( 'NONE',  ( 26.21964380515748871, 45.92153612544203867, -11.98154804860398848 ) ) ;
#3634 = PRODUCT_RELATED_PRODUCT_CATEGORY ( 'part', '', ( #1840 ) ) ;
#3635 = ORIENTED_EDGE ( 'NONE', *, *, #1936, .T. ) ;
#3636 = CARTESIAN_POINT ( 'NONE',  ( 35.43211101224780890, 49.56440969976623734, -20.71584701336661283 ) ) ;
#3637 = CIRCLE ( 'NONE', #1879, 17.50000000000000000 ) ;
#3638 = EDGE_CURVE ( 'NONE', #1191, #578, #23, .T. ) ;
#3639 = CARTESIAN_POINT ( 'NONE',  ( -58.53169636987254876, 6.142536479588699194, -22.09026173046809305 ) ) ;
#3640 = CARTESIAN_POINT ( 'NONE',  ( -58.21034240309708707, 5.418847869311313126, -11.98009034013296947 ) ) ;
#3641 = CARTESIAN_POINT ( 'NONE',  ( -42.85731033708712090, 16.09783504265781318, 2.498838830070102102 ) ) ;
#3642 = CARTESIAN_POINT ( 'NONE',  ( 24.70808380729353715, 32.67432534929468346, -12.50000000000000178 ) ) ;
#3643 = AXIS2_PLACEMENT_3D ( 'NONE', #1910, #1359, #231 ) ;
#3644 = FACE_OUTER_BOUND ( 'NONE', #96, .T. ) ;
#3645 = DIRECTION ( 'NONE',  ( 0.9139452746408234241, 0.4058374489394859785, 0.000000000000000000 ) ) ;
#3646 = DIRECTION ( 'NONE',  ( 1.000000000000000000, 0.000000000000000000, 0.000000000000000000 ) ) ;
#3647 = PLANE ( 'NONE',  #191 ) ;
#3648 = ORIENTED_EDGE ( 'NONE', *, *, #2036, .F. ) ;
#3649 = VECTOR ( 'NONE', #2387, 1000.000000000000227 ) ;
#3650 = CARTESIAN_POINT ( 'NONE',  ( -29.50460995222742611, 22.25793040538826872, -14.63325918272010817 ) ) ;
#3651 = ORIENTED_EDGE ( 'NONE', *, *, #641, .F. ) ;
#3652 = CARTESIAN_POINT ( 'NONE',  ( -44.34686058288243515, 14.58452693832154168, -11.99075116342845249 ) ) ;
#3653 = CARTESIAN_POINT ( 'NONE',  ( 37.39877091765443140, 50.21787548452077488, -2.161129157335874407 ) ) ;
#3654 = ORIENTED_EDGE ( 'NONE', *, *, #772, .F. ) ;
#3655 = CARTESIAN_POINT ( 'NONE',  ( 35.40180520544986820, 49.63265832736216510, -20.31630700975724224 ) ) ;
#3656 =( BOUNDED_SURFACE ( )  B_SPLINE_SURFACE ( 3, 2, ( 
 ( #1114, #3090, #2278 ),
 ( #3423, #1919, #201 ),
 ( #774, #2541, #3442 ),
 ( #548, #812, #1061 ),
 ( #3125, #2823, #3144 ),
 ( #1634, #3691, #3405 ),
 ( #1425, #273, #2224 ),
 ( #830, #529, #2521 ),
 ( #3386, #239, #1938 ),
 ( #1690, #512, #1386 ) ),
 .UNSPECIFIED., .F., .F., .F. ) 
 B_SPLINE_SURFACE_WITH_KNOTS ( ( 4, 2, 2, 2, 4 ),
 ( 3, 3 ),
 ( 0.1213943583778173546, 0.1271262654635423595, 0.1285592422349736141, 0.1299922190064048688, 0.1328581725492673782 ),
 ( 0.000000000000000000, 1.000000000000000000 ),
 .UNSPECIFIED. ) 
 GEOMETRIC_REPRESENTATION_ITEM ( )  RATIONAL_B_SPLINE_SURFACE ( (
 ( 1.000000000000000000, 0.8944271909999187420, 1.000000000000000000),
 ( 1.000000000000000000, 0.8944225122559509300, 1.000000000000000000),
 ( 1.000000000000000000, 0.8938570179380599390, 1.000000000000000000),
 ( 1.000000000000000000, 0.8924326617850246723, 1.000000000000000000),
 ( 1.000000000000000000, 0.8921114901316258283, 1.000000000000000000),
 ( 1.000000000000000000, 0.8913936881908719467, 1.000000000000000000),
 ( 1.000000000000000000, 0.8909958416247680812, 1.000000000000000000),
 ( 1.000000000000000000, 0.8897019739021717610, 1.000000000000000000),
 ( 1.000000000000000000, 0.8887022215978680473, 1.000000000000000000),
 ( 1.000000000000000000, 0.8875621284095480679, 1.000000000000000000) ) ) 
 REPRESENTATION_ITEM ( '' )  SURFACE ( )  );
#3657 = CARTESIAN_POINT ( 'NONE',  ( 31.98702312935609271, 46.56402573881727847, 4.361897799574565582 ) ) ;
#3658 = EDGE_CURVE ( 'NONE', #3522, #2048, #2824, .T. ) ;
#3659 = CARTESIAN_POINT ( 'NONE',  ( -55.76280873257734783, -0.09299397411934957891, -4.499813814275740675 ) ) ;
#3660 = CARTESIAN_POINT ( 'NONE',  ( -41.77450663522234464, 13.64478424301294446, 8.494495312479266147 ) ) ;
#3661 = CARTESIAN_POINT ( 'NONE',  ( -56.28374624001246218, 8.472278605794359763, -18.17021021794818481 ) ) ;
#3662 = EDGE_CURVE ( 'NONE', #1543, #2467, #868, .T. ) ;
#3663 = CARTESIAN_POINT ( 'NONE',  ( -43.01298377561882802, 16.29347232256756683, -7.014749890111323438 ) ) ;
#3664 = CARTESIAN_POINT ( 'NONE',  ( -45.69946396502173513, 13.81586460914654957, -10.61123364343763953 ) ) ;
#3665 = STYLED_ITEM ( 'NONE', ( #2413 ), #2612 ) ;
#3666 = CARTESIAN_POINT ( 'NONE',  ( -42.98595376021539494, 14.86934734204389841, -14.69999999999932960 ) ) ;
#3667 = AXIS2_PLACEMENT_3D ( 'NONE', #382, #200, #2769 ) ;
#3668 = DIRECTION ( 'NONE',  ( 0.000000000000000000, 0.000000000000000000, 1.000000000000000000 ) ) ;
#3669 = CYLINDRICAL_SURFACE ( 'NONE', #35, 0.8999999999999980238 ) ;
#3670 = EDGE_LOOP ( 'NONE', ( #2091, #2225, #1097, #3001 ) ) ;
#3671 = VERTEX_POINT ( 'NONE', #1762 ) ;
#3672 = DIRECTION ( 'NONE',  ( -1.000000000000000000, 0.000000000000000000, 0.000000000000000000 ) ) ;
#3673 = FACE_OUTER_BOUND ( 'NONE', #3629, .T. ) ;
#3674 = ORIENTED_EDGE ( 'NONE', *, *, #1506, .F. ) ;
#3675 = CARTESIAN_POINT ( 'NONE',  ( 37.47454823202495788, 48.66090548465732724, -22.13619651528625454 ) ) ;
#3676 = DIRECTION ( 'NONE',  ( 0.000000000000000000, 0.000000000000000000, -1.000000000000000000 ) ) ;
#3677 = CARTESIAN_POINT ( 'NONE',  ( 30.89954196480908877, 46.24707352437616947, 5.276290693807378140 ) ) ;
#3678 = CARTESIAN_POINT ( 'NONE',  ( -57.15893585236299401, 3.051082027886708126, -7.745231404840458467 ) ) ;
#3679 = CARTESIAN_POINT ( 'NONE',  ( 38.21079452158635803, 48.64960326679315727, -22.15000000000000213 ) ) ;
#3680 = FACE_OUTER_BOUND ( 'NONE', #3325, .T. ) ;
#3681 = ADVANCED_FACE ( 'NONE', ( #45 ), #3208, .F. ) ;
#3682 = DIRECTION ( 'NONE',  ( 1.000000000000000000, 0.000000000000000000, 0.000000000000000000 ) ) ;
#3683 = CARTESIAN_POINT ( 'NONE',  ( 17.34768785511458233, 43.74522089703275896, -11.82903066402352366 ) ) ;
#3684 = CARTESIAN_POINT ( 'NONE',  ( 26.05440428722264556, 46.19586974508198551, -7.970179226168912834 ) ) ;
#3685 = CARTESIAN_POINT ( 'NONE',  ( -11.98644134063532007, 26.99344639500377241, -12.50000000000000178 ) ) ;
#3686 = EDGE_CURVE ( 'NONE', #2134, #3352, #2522, .T. ) ;
#3687 = FACE_OUTER_BOUND ( 'NONE', #1751, .T. ) ;
#3688 = VERTEX_POINT ( 'NONE', #835 ) ;
#3689 = VERTEX_POINT ( 'NONE', #1998 ) ;
#3690 = CARTESIAN_POINT ( 'NONE',  ( 38.80585088702209617, 50.59089551242676919, -21.25607010062776325 ) ) ;
#3691 = CARTESIAN_POINT ( 'NONE',  ( -40.16255723511530107, 16.12307672265986724, -8.338506838565997725 ) ) ;
#3692 = ORIENTED_EDGE ( 'NONE', *, *, #139, .T. ) ;
#3693 = CARTESIAN_POINT ( 'NONE',  ( 37.16283520119445427, 49.36288272287416135, -21.88076410036287456 ) ) ;
#3694 = B_SPLINE_CURVE_WITH_KNOTS ( 'NONE', 3,
 ( #2754, #101, #1820, #1553, #3042, #1839 ),
 .UNSPECIFIED., .F., .F.,
 ( 4, 2, 4 ),
 ( 0.001683924523165409703, 0.005322000064216113671, 0.008960075605266817206 ),
 .UNSPECIFIED. ) ;
#3695 = CARTESIAN_POINT ( 'NONE',  ( 30.68133344229144299, 47.58131023315552710, -7.522403129502382768 ) ) ;
#3696 = CARTESIAN_POINT ( 'NONE',  ( -58.83715501748768872, 6.830428856981544783, -21.68949935897475001 ) ) ;
#3697 = DIRECTION ( 'NONE',  ( 0.9139452746408236461, 0.4058374489394851459, 0.000000000000000000 ) ) ;
#3698 = CARTESIAN_POINT ( 'NONE',  ( 38.84678556743764233, 48.86219413146111634, -22.15000000000000213 ) ) ;
#3699 = CARTESIAN_POINT ( 'NONE',  ( -52.57105565284123827, 0.1113054447034404343, -3.795433087047755283 ) ) ;
#3700 = VERTEX_POINT ( 'NONE', #3513 ) ;
#3701 = CARTESIAN_POINT ( 'NONE',  ( -2.569501288236065495, 15.63800383155555096, -14.70000000000000462 ) ) ;
#3702 = CARTESIAN_POINT ( 'NONE',  ( 10.80186597551251992, 42.67135279957978611, -14.08729076397803937 ) ) ;
#3703 = CARTESIAN_POINT ( 'NONE',  ( -39.01469684552085226, 16.79644758930523096, -10.47851744507794969 ) ) ;
#3704 = CIRCLE ( 'NONE', #2863, 37.50000000000000711 ) ;
#3705 = CARTESIAN_POINT ( 'NONE',  ( 15.58272810246318052, 48.35758482456702723, -5.243919061437017248 ) ) ;
#3706 = ORIENTED_EDGE ( 'NONE', *, *, #55, .F. ) ;
#3707 = EDGE_LOOP ( 'NONE', ( #374, #460 ) ) ;
#3708 = ADVANCED_FACE ( 'NONE', ( #855 ), #1717, .F. ) ;
#3709 = DIRECTION ( 'NONE',  ( -0.9139452746408237571, -0.4058374489394852014, 0.000000000000000000 ) ) ;
#3710 = CARTESIAN_POINT ( 'NONE',  ( 27.91013632664430588, 43.94361368810823620, -10.00000000000000178 ) ) ;
#3711 = AXIS2_PLACEMENT_3D ( 'NONE', #3147, #3676, #1064 ) ;
#3712 = ORIENTED_EDGE ( 'NONE', *, *, #451, .T. ) ;
#3713 = CARTESIAN_POINT ( 'NONE',  ( 50.93602807157921575, 44.16739465792686303, -11.52537855073008366 ) ) ;
#3714 = EDGE_CURVE ( 'NONE', #3203, #2480, #3568, .T. ) ;
#3715 = CARTESIAN_POINT ( 'NONE',  ( 14.23083723161342284, 48.17183848281219127, -8.021428571428707244 ) ) ;
#3716 = CARTESIAN_POINT ( 'NONE',  ( 24.68748794459419926, 38.96981220957744796, 13.72980514523189122 ) ) ;
#3717 = CARTESIAN_POINT ( 'NONE',  ( -57.87748998567290926, 4.669264766883139295, -10.37254120504213972 ) ) ;
#3718 = CARTESIAN_POINT ( 'NONE',  ( -41.87106221289464258, 13.27364732137575309, 8.463369930551994713 ) ) ;
#3719 = CARTESIAN_POINT ( 'NONE',  ( -58.87603838497276598, 6.917994137287609036, -16.46826372981869113 ) ) ;
#3720 = ORIENTED_EDGE ( 'NONE', *, *, #2763, .T. ) ;
#3721 = AXIS2_PLACEMENT_3D ( 'NONE', #1552, #2412, #3040 ) ;
#3722 = LINE ( 'NONE', #3081, #2126 ) ;
#3723 = CARTESIAN_POINT ( 'NONE',  ( 25.76869608661152000, 45.39985334802916128, -14.69999999999988027 ) ) ;
#3724 = CARTESIAN_POINT ( 'NONE',  ( -38.69461970835758535, 17.41213448372123551, -10.59523736784172954 ) ) ;
#3725 = CARTESIAN_POINT ( 'NONE',  ( -43.94386975039314791, 12.03683837943645152, 4.861194910073090014 ) ) ;
#3726 = ORIENTED_EDGE ( 'NONE', *, *, #2878, .T. ) ;
#3727 = ORIENTED_EDGE ( 'NONE', *, *, #620, .F. ) ;
#3728 = CARTESIAN_POINT ( 'NONE',  ( 34.57471235609774851, 36.95246112653535420, 6.762452321616465589 ) ) ;
#3729 = CARTESIAN_POINT ( 'NONE',  ( -2.569501288236065495, 15.63800383155555096, -3.700000000000003730 ) ) ;
#3730 = EDGE_LOOP ( 'NONE', ( #3615, #2784, #550, #2803, #1594 ) ) ;
#3731 = EDGE_CURVE ( 'NONE', #1525, #3091, #3694, .T. ) ;
#3732 = FACE_OUTER_BOUND ( 'NONE', #2010, .T. ) ;
#3733 = CARTESIAN_POINT ( 'NONE',  ( -34.79590972651129732, 23.22385552754872151, 16.49280219070005060 ) ) ;
#3734 = CIRCLE ( 'NONE', #675, 26.50000000000001421 ) ;
#3735 = CARTESIAN_POINT ( 'NONE',  ( 15.05409270388638276, 48.28383896473994952, -6.648741191706500686 ) ) ;
#3736 = EDGE_CURVE ( 'NONE', #470, #1793, #1248, .T. ) ;
#3737 = FACE_OUTER_BOUND ( 'NONE', #1649, .T. ) ;
#3738 = CARTESIAN_POINT ( 'NONE',  ( 24.25013312805272037, 45.79510118526538065, 2.522574783515168839 ) ) ;
#3739 = DIRECTION ( 'NONE',  ( 1.000000000000000000, 0.000000000000000000, -0.000000000000000000 ) ) ;
#3740 = CARTESIAN_POINT ( 'NONE',  ( -53.22032316726498635, 10.19759735167768966, -20.71785467365279843 ) ) ;
#3741 = AXIS2_PLACEMENT_3D ( 'NONE', #1219, #2675, #2057 ) ;
#3742 = DIRECTION ( 'NONE',  ( 1.000000000000000000, 0.000000000000000000, 0.000000000000000000 ) ) ;
#3743 = CARTESIAN_POINT ( 'NONE',  ( 14.62203545996912624, 42.58608324388899291, -13.38461246862929599 ) ) ;
#3744 = CARTESIAN_POINT ( 'NONE',  ( -32.02747514894031156, 24.13206478075772310, -13.89808374072875452 ) ) ;
#3745 = CARTESIAN_POINT ( 'NONE',  ( -2.569501288236065495, 15.63800383155555096, -14.70000000000000284 ) ) ;
#3746 = ORIENTED_EDGE ( 'NONE', *, *, #2465, .F. ) ;
#3747 = ORIENTED_EDGE ( 'NONE', *, *, #3427, .T. ) ;
#3748 = CARTESIAN_POINT ( 'NONE',  ( -12.89957560074914156, 29.04982326294557637, -14.70000000000000284 ) ) ;
#3749 = DIRECTION ( 'NONE',  ( 0.000000000000000000, 0.000000000000000000, -1.000000000000000000 ) ) ;
#3750 = VERTEX_POINT ( 'NONE', #1890 ) ;
#3751 = CARTESIAN_POINT ( 'NONE',  ( -12.89957560074914156, 29.04982326294557637, -21.35000000000000497 ) ) ;
#3752 = CARTESIAN_POINT ( 'NONE',  ( -44.70281262619489837, 14.69423745231140366, -7.722759081410945470 ) ) ;
#3753 = DIRECTION ( 'NONE',  ( 0.000000000000000000, 0.000000000000000000, 1.000000000000000000 ) ) ;
#3754 = CARTESIAN_POINT ( 'NONE',  ( 27.91013632664430588, 43.94361368810823620, -10.00000000000000178 ) ) ;
#3755 = UNCERTAINTY_MEASURE_WITH_UNIT (LENGTH_MEASURE( 1.000000000000000082E-05 ), #1228, 'distance_accuracy_value', 'NONE');
#3756 = CARTESIAN_POINT ( 'NONE',  ( 11.47080181292258771, 45.44229275827566283, -12.63094659408208109 ) ) ;
ENDSEC;
END-ISO-10303-21;
