ISO-10303-21;
HEADER;
FILE_DESCRIPTION (( 'STEP AP214' ),
    '1' );
FILE_NAME ('Part1.STEP',
    '2026-08-24T12:40:43',
    ( '' ),
    ( '' ),
    'SwSTEP 2.0',
    'SolidWorks 2020',
    '' );
FILE_SCHEMA (( 'AUTOMOTIVE_DESIGN' ));
ENDSEC;

DATA;
#1 = CARTESIAN_POINT ( 'NONE',  ( -35.69309208335903350, 5.853179908129146014, 5.499999999999999112 ) ) ;
#2 = ORIENTED_EDGE ( 'NONE', *, *, #4550, .F. ) ;
#3 = CARTESIAN_POINT ( 'NONE',  ( 50.94980240721784526, 22.14406924481586003, -22.15000000000000213 ) ) ;
#4 = EDGE_CURVE ( 'NONE', #7330, #1969, #2787, .T. ) ;
#5 = CARTESIAN_POINT ( 'NONE',  ( 5.334801472566043756, 36.16900472935827793, 16.60000000000000142 ) ) ;
#6 = CIRCLE ( 'NONE', #681, 1.500000000000582423 ) ;
#8 = ORIENTED_EDGE ( 'NONE', *, *, #6854, .T. ) ;
#7 = EDGE_LOOP ( 'NONE', ( #7993, #1846, #4053 ) ) ;
#9 = EDGE_CURVE ( 'NONE', #3285, #6329, #4814, .T. ) ;
#10 = EDGE_LOOP ( 'NONE', ( #7104, #772, #380, #1256, #4907, #426, #2721, #8066, #398, #7232, #518, #7759, #1547, #5315, #2796 ) ) ;
#11 = DIRECTION ( 'NONE',  ( -1.000000000000000000, 0.000000000000000000, 0.000000000000000000 ) ) ;
#12 = DIRECTION ( 'NONE',  ( 0.6463027959182888749, 0.2869907916973066797, -0.7070565617184778606 ) ) ;
#13 = EDGE_CURVE ( 'NONE', #1866, #7199, #3375, .T. ) ;
#14 = FACE_OUTER_BOUND ( 'NONE', #7059, .T. ) ;
#15 = CARTESIAN_POINT ( 'NONE',  ( 7.630498711763928910, 6.533253831555560609, 12.49999999999999822 ) ) ;
#16 = CONICAL_SURFACE ( 'NONE', #5818, 32.16057989992779653, 0.7853981633974418397 ) ;
#17 = ORIENTED_EDGE ( 'NONE', *, *, #7178, .F. ) ;
#18 = ADVANCED_FACE ( 'NONE', ( #2105 ), #7328, .T. ) ;
#19 = DIRECTION ( 'NONE',  ( -0.000000000000000000, -0.000000000000000000, 1.000000000000000000 ) ) ;
#20 = ADVANCED_FACE ( 'NONE', ( #248 ), #4101, .T. ) ;
#21 = VECTOR ( 'NONE', #6782, 1000.000000000000000 ) ;
#22 = CARTESIAN_POINT ( 'NONE',  ( 37.47004393574535897, 26.30554286361554261, 2.615635929472333920 ) ) ;
#23 = CARTESIAN_POINT ( 'NONE',  ( 38.01275381110087892, 24.35821838144578422, 0.6839368558718621482 ) ) ;
#24 = EDGE_LOOP ( 'NONE', ( #2426, #4578, #6094, #2507 ) ) ;
#25 = LINE ( 'NONE', #5896, #1551 ) ;
#26 = DIRECTION ( 'NONE',  ( -1.000000000000000000, 0.000000000000000000, 0.000000000000000000 ) ) ;
#27 = CIRCLE ( 'NONE', #156, 52.00744483566140275 ) ;
#28 = DIRECTION ( 'NONE',  ( -0.4058374489394846463, 0.9139452746408242012, -0.000000000000000000 ) ) ;
#29 = DIRECTION ( 'NONE',  ( 1.000000000000000000, 0.000000000000000000, 0.000000000000000000 ) ) ;
#30 = CARTESIAN_POINT ( 'NONE',  ( 48.11464289711154407, 21.00336853182518482, -20.18153296664787888 ) ) ;
#31 = B_SPLINE_CURVE_WITH_KNOTS ( 'NONE', 3,
 ( #1995, #4523, #3898, #1874 ),
 .UNSPECIFIED., .F., .F.,
 ( 4, 4 ),
 ( 0.000000000000000000, 1.000000000000000000 ),
 .UNSPECIFIED. ) ;
#32 = CARTESIAN_POINT ( 'NONE',  ( -46.13652056460328055, 1.215774922720400664, 3.530088410304293323 ) ) ;
#33 = CARTESIAN_POINT ( 'NONE',  ( 33.44994898995351917, 6.806004529682346593, -6.710208282434202864 ) ) ;
#34 = DIRECTION ( 'NONE',  ( 0.000000000000000000, 0.000000000000000000, 1.000000000000000000 ) ) ;
#35 = LINE ( 'NONE', #1307, #2959 ) ;
#36 = CARTESIAN_POINT ( 'NONE',  ( -15.70924716569568957, -7.374972470430760652, -14.70000000000000462 ) ) ;
#37 = EDGE_LOOP ( 'NONE', ( #6380, #2871, #7635, #65 ) ) ;
#38 =( BOUNDED_CURVE ( )  B_SPLINE_CURVE ( 3, ( #1382, #3956, #574, #6532 ),
 .UNSPECIFIED., .F., .T. ) 
 B_SPLINE_CURVE_WITH_KNOTS ( ( 4, 4 ),
 ( 1.924261892917222827, 2.723697708212456270 ),
 .UNSPECIFIED. ) 
 CURVE ( )  GEOMETRIC_REPRESENTATION_ITEM ( )  RATIONAL_B_SPLINE_CURVE ( ( 1.000000000000000000, 0.9474472061936350942, 0.9474472061936350942, 1.000000000000000000 ) ) 
 REPRESENTATION_ITEM ( '' )  );
#39 = ORIENTED_EDGE ( 'NONE', *, *, #2481, .F. ) ;
#40 = CARTESIAN_POINT ( 'NONE',  ( 35.64919179176916941, 23.30867853814082125, -4.914506795439191222 ) ) ;
#41 = ORIENTED_CLOSED_SHELL ( 'NONE', *, #2307, .F. );
#42 = ORIENTED_EDGE ( 'NONE', *, *, #785, .F. ) ;
#43 = ORIENTED_EDGE ( 'NONE', *, *, #981, .T. ) ;
#44 = DIRECTION ( 'NONE',  ( -0.000000000000000000, -0.000000000000000000, -1.000000000000000000 ) ) ;
#45 = CARTESIAN_POINT ( 'NONE',  ( -42.47085018995961292, 2.594551356291433297, 7.621694557273189119 ) ) ;
#46 = FACE_BOUND ( 'NONE', #992, .T. ) ;
#47 = AXIS2_PLACEMENT_3D ( 'NONE', #4232, #6811, #3427 ) ;
#48 = FACE_BOUND ( 'NONE', #6293, .T. ) ;
#49 = VERTEX_POINT ( 'NONE', #5957 ) ;
#50 = DIRECTION ( 'NONE',  ( -0.000000000000000000, -0.000000000000000000, 1.000000000000000000 ) ) ;
#51 = CARTESIAN_POINT ( 'NONE',  ( 27.65114186631322468, 6.691680221528314654, -13.50453551730318047 ) ) ;
#52 = ORIENTED_EDGE ( 'NONE', *, *, #5850, .T. ) ;
#53 = VERTEX_POINT ( 'NONE', #5358 ) ;
#54 = EDGE_CURVE ( 'NONE', #6125, #6418, #1903, .T. ) ;
#55 = DIRECTION ( 'NONE',  ( -1.000000000000000000, 0.000000000000000000, 0.000000000000000000 ) ) ;
#56 = AXIS2_PLACEMENT_3D ( 'NONE', #5989, #5350, #5399 ) ;
#57 = CARTESIAN_POINT ( 'NONE',  ( -30.60123302601053652, 0.02440304420077595016, -3.700000000000003730 ) ) ;
#58 = CARTESIAN_POINT ( 'NONE',  ( -34.78091868891344518, -6.007524096010736336, 10.79557143702460564 ) ) ;
#59 = ORIENTED_EDGE ( 'NONE', *, *, #304, .T. ) ;
#60 =( NAMED_UNIT ( * ) PLANE_ANGLE_UNIT ( ) SI_UNIT ( $, .RADIAN. ) );
#61 = CARTESIAN_POINT ( 'NONE',  ( 50.99500997220174270, 23.14092908656751391, -21.58283252100687122 ) ) ;
#62 = AXIS2_PLACEMENT_3D ( 'NONE', #6306, #2592, #5712 ) ;
#63 = CARTESIAN_POINT ( 'NONE',  ( 31.66169968575362148, 28.10297694703659843, -10.00000000000000178 ) ) ;
#64 = DIRECTION ( 'NONE',  ( -0.4058374489394845352, 0.9139452746408240902, -1.110223024625156540E-16 ) ) ;
#65 = ORIENTED_EDGE ( 'NONE', *, *, #6715, .F. ) ;
#66 = CARTESIAN_POINT ( 'NONE',  ( 23.16610561339431840, 22.14219310503612093, -22.15000000000000568 ) ) ;
#67 = EDGE_CURVE ( 'NONE', #3171, #6893, #1608, .T. ) ;
#68 = DIRECTION ( 'NONE',  ( 1.000000000000000000, 3.469446951953614189E-16, 0.000000000000000000 ) ) ;
#69 = CARTESIAN_POINT ( 'NONE',  ( 43.12571434468770804, 40.86185794368424951, -3.100686844396824071 ) ) ;
#70 = CARTESIAN_POINT ( 'NONE',  ( 2.459801472566041536, 36.16900472935827793, 16.60000000000000142 ) ) ;
#71 = CARTESIAN_POINT ( 'NONE',  ( 49.33556129531696399, 21.94992336613616857, -21.33246844851509749 ) ) ;
#72 = CARTESIAN_POINT ( 'NONE',  ( -44.24132534082329471, -18.64723366398393978, -21.91673915299398345 ) ) ;
#73 = EDGE_CURVE ( 'NONE', #5992, #1692, #4372, .T. ) ;
#74 = EDGE_CURVE ( 'NONE', #7077, #6951, #4057, .T. ) ;
#75 = DIRECTION ( 'NONE',  ( -1.000000000000000000, 0.000000000000000000, 0.000000000000000000 ) ) ;
#76 = DIRECTION ( 'NONE',  ( -0.000000000000000000, -0.000000000000000000, 1.000000000000000000 ) ) ;
#77 = CARTESIAN_POINT ( 'NONE',  ( 36.75065596927559852, 23.52058992368703727, 0.2529726880972805181 ) ) ;
#78 = CARTESIAN_POINT ( 'NONE',  ( -16.11724218286846977, -7.866099103575932894, -14.70000000002405471 ) ) ;
#79 = ORIENTED_EDGE ( 'NONE', *, *, #3887, .F. ) ;
#80 = EDGE_CURVE ( 'NONE', #7115, #7237, #721, .T. ) ;
#81 = ORIENTED_EDGE ( 'NONE', *, *, #8334, .T. ) ;
#82 = CARTESIAN_POINT ( 'NONE',  ( -41.24263279610580213, -16.77614187430527082, -22.13619651029518565 ) ) ;
#83 = ORIENTED_EDGE ( 'NONE', *, *, #895, .T. ) ;
#84 = VERTEX_POINT ( 'NONE', #2326 ) ;
#85 =( BOUNDED_SURFACE ( )  B_SPLINE_SURFACE ( 3, 2, ( 
 ( #388, #6132, #4739 ),
 ( #7494, #6686, #7374 ),
 ( #4902, #7336, #6090 ),
 ( #5456, #8091, #429 ),
 ( #3513, #6809, #937 ),
 ( #2875, #2245, #8055 ),
 ( #1538, #4823, #6723 ),
 ( #4110, #4153, #8011 ),
 ( #1578, #3589, #2333 ),
 ( #6047, #3464, #1064 ),
 ( #4784, #7414, #1019 ),
 ( #5367, #1616, #897 ),
 ( #4194, #6768, #7963 ),
 ( #2162, #6172, #980 ),
 ( #260, #3631, #2915 ),
 ( #2836, #345, #2288 ),
 ( #5494, #4862, #1658 ),
 ( #4230, #616, #6499 ),
 ( #6454, #583, #8331 ),
 ( #4591, #7097, #4429 ) ),
 .UNSPECIFIED., .F., .F., .T. ) 
 B_SPLINE_SURFACE_WITH_KNOTS ( ( 4, 2, 2, 2, 2, 2, 2, 2, 2, 4 ),
 ( 3, 3 ),
 ( 0.05831971076286967398, 0.06345500325597935865, 0.06602264950253419751, 0.06859029574908903637, 0.06987411887236645580, 0.07115794199564387523, 0.07372558824219871410, 0.07500941136547613353, 0.07629323448875355296, 0.07886088073530840570 ),
 ( 0.000000000000000000, 1.000000000000000000 ),
 .UNSPECIFIED. ) 
 GEOMETRIC_REPRESENTATION_ITEM ( )  RATIONAL_B_SPLINE_SURFACE ( (
 ( 1.000000000000000000, 0.8110628112148338120, 1.000000000000000000),
 ( 1.000000000000000000, 0.8222996818382563022, 1.000000000000000000),
 ( 1.000000000000000000, 0.8338144101502633632, 1.000000000000000000),
 ( 1.000000000000000000, 0.8512944698896051099, 1.000000000000000000),
 ( 1.000000000000000000, 0.8571549058095524476, 1.000000000000000000),
 ( 1.000000000000000000, 0.8688457170514574113, 1.000000000000000000),
 ( 1.000000000000000000, 0.8746781505696669123, 1.000000000000000000),
 ( 1.000000000000000000, 0.8832605577486679627, 1.000000000000000000),
 ( 1.000000000000000000, 0.8860934338051859038, 1.000000000000000000),
 ( 1.000000000000000000, 0.8915936939276686291, 1.000000000000000000),
 ( 1.000000000000000000, 0.8942695202552989331, 1.000000000000000000),
 ( 1.000000000000000000, 0.9019966564861464642, 1.000000000000000000),
 ( 1.000000000000000000, 0.9067549200041717938, 1.000000000000000000),
 ( 1.000000000000000000, 0.9128760569185671025, 1.000000000000000000),
 ( 1.000000000000000000, 0.9147497316768894438, 1.000000000000000000),
 ( 1.000000000000000000, 0.9180415040199579879, 1.000000000000000000),
 ( 1.000000000000000000, 0.9194446807603632310, 1.000000000000000000),
 ( 1.000000000000000000, 0.9228339515649133240, 1.000000000000000000),
 ( 1.000000000000000000, 0.9239954450434155753, 1.000000000000000000),
 ( 1.000000000000000000, 0.9238708991582638141, 1.000000000000000000) ) ) 
 REPRESENTATION_ITEM ( '' )  SURFACE ( )  );
#86 = CIRCLE ( 'NONE', #6566, 1.049999999999998934 ) ;
#87 = LINE ( 'NONE', #1400, #6751 ) ;
#88 = AXIS2_PLACEMENT_3D ( 'NONE', #5845, #3213, #7248 ) ;
#89 = CARTESIAN_POINT ( 'NONE',  ( -9.179047081729155622, 18.61733335406859879, 20.10000000000000142 ) ) ;
#90 = EDGE_LOOP ( 'NONE', ( #595, #1736, #3985, #8040 ) ) ;
#91 = CARTESIAN_POINT ( 'NONE',  ( 42.23022226751847086, 18.35305208434762747, -13.66539293457146798 ) ) ;
#92 = CARTESIAN_POINT ( 'NONE',  ( 50.71169676838907492, 31.17107212138144234, -4.654230994764770202 ) ) ;
#93 = ORIENTED_EDGE ( 'NONE', *, *, #6045, .T. ) ;
#94 = ORIENTED_EDGE ( 'NONE', *, *, #5450, .T. ) ;
#95 = CARTESIAN_POINT ( 'NONE',  ( -46.62457596240727042, -20.67227930298591687, -21.01887132067706432 ) ) ;
#96 = CARTESIAN_POINT ( 'NONE',  ( -29.98785952746079531, 3.462880363371011683, -17.14999999999996660 ) ) ;
#97 = DIRECTION ( 'NONE',  ( -0.4058374489394844797, 0.9139452746408239792, -0.000000000000000000 ) ) ;
#98 = CARTESIAN_POINT ( 'NONE',  ( -34.00036474444797818, -6.223235026456062080, 11.32010774958632560 ) ) ;
#99 = ORIENTED_EDGE ( 'NONE', *, *, #4656, .F. ) ;
#100 = EDGE_CURVE ( 'NONE', #6332, #1633, #3718, .T. ) ;
#101 = CARTESIAN_POINT ( 'NONE',  ( 51.16818435201443549, 22.75094066501534940, -21.01423600150946669 ) ) ;
#102 = CYLINDRICAL_SURFACE ( 'NONE', #7449, 26.16057989992778943 ) ;
#103 = CARTESIAN_POINT ( 'NONE',  ( 12.93049871176392429, 31.13800383155554385, 18.09999999999999787 ) ) ;
#104 = VERTEX_POINT ( 'NONE', #2363 ) ;
#105 = CARTESIAN_POINT ( 'NONE',  ( 41.51308833085145977, 40.13658852247814224, -1.309129516910125579 ) ) ;
#106 = CARTESIAN_POINT ( 'NONE',  ( 0.1480983826556548366, -0.3335173167576945819, -14.70000000000000284 ) ) ;
#107 = CARTESIAN_POINT ( 'NONE',  ( -42.72364194264089576, -17.13697276659249269, -22.15000000000000213 ) ) ;
#108 = FACE_OUTER_BOUND ( 'NONE', #1604, .T. ) ;
#109 = CARTESIAN_POINT ( 'NONE',  ( 34.04231801240942445, 7.520011518711210208, 6.200652520552369040 ) ) ;
#110 = AXIS2_PLACEMENT_3D ( 'NONE', #4497, #5214, #653 ) ;
#111 = CARTESIAN_POINT ( 'NONE',  ( -43.83054101635715938, -19.57231929426132311, -20.60878397050812083 ) ) ;
#112 = LINE ( 'NONE', #6580, #5133 ) ;
#113 = CARTESIAN_POINT ( 'NONE',  ( -1.960745114827133762, 14.26708591959435779, -6025.936823365008422 ) ) ;
#114 = CARTESIAN_POINT ( 'NONE',  ( -50.45177368901698856, -4.661314089373884251, -2.407444835499560121 ) ) ;
#115 = DIRECTION ( 'NONE',  ( -0.9139452746408379680, -0.4058374489394534490, -5.404636570081924807E-15 ) ) ;
#116 = EDGE_CURVE ( 'NONE', #2171, #477, #2884, .T. ) ;
#117 = VERTEX_POINT ( 'NONE', #5021 ) ;
#118 = LINE ( 'NONE', #4767, #7701 ) ;
#119 = EDGE_CURVE ( 'NONE', #5532, #6631, #3559, .T. ) ;
#120 = VERTEX_POINT ( 'NONE', #3027 ) ;
#121 = LINE ( 'NONE', #7820, #7423 ) ;
#122 = ADVANCED_FACE ( 'NONE', ( #1051 ), #5962, .F. ) ;
#123 = ORIENTED_EDGE ( 'NONE', *, *, #7410, .T. ) ;
#124 = CIRCLE ( 'NONE', #7823, 1.574999999999999956 ) ;
#125 = PLANE ( 'NONE',  #1220 ) ;
#126 = ORIENTED_EDGE ( 'NONE', *, *, #685, .T. ) ;
#127 = CARTESIAN_POINT ( 'NONE',  ( -6.154353139574665121, -1.490885134280915292, -89.50000000000001421 ) ) ;
#128 = AXIS2_PLACEMENT_3D ( 'NONE', #5991, #4721, #6034 ) ;
#129 = CARTESIAN_POINT ( 'NONE',  ( 48.50678479353158679, 36.13653030096983088, -2.484900820028572710 ) ) ;
#130 = ADVANCED_FACE ( 'NONE', ( #4222 ), #6800, .F. ) ;
#131 = ORIENTED_EDGE ( 'NONE', *, *, #1381, .F. ) ;
#132 = VECTOR ( 'NONE', #7943, 1000.000000000000000 ) ;
#133 = AXIS2_PLACEMENT_3D ( 'NONE', #1908, #5831, #8339 ) ;
#134 = LINE ( 'NONE', #5879, #3932 ) ;
#135 = CARTESIAN_POINT ( 'NONE',  ( 53.46762613357619642, 24.96472367537700165, -14.42401707153594970 ) ) ;
#136 = VERTEX_POINT ( 'NONE', #4261 ) ;
#137 = CARTESIAN_POINT ( 'NONE',  ( -46.83674941481672249, -20.19446503340407517, -21.69186128036304950 ) ) ;
#138 = DIRECTION ( 'NONE',  ( -0.000000000000000000, -0.000000000000000000, 1.000000000000000000 ) ) ;
#139 = DIRECTION ( 'NONE',  ( -0.9139452746408245343, -0.4058374489394833140, 0.000000000000000000 ) ) ;
#140 = CARTESIAN_POINT ( 'NONE',  ( -20.79568897735618549, -12.11321505975490354, 16.42134290429380172 ) ) ;
#141 = VERTEX_POINT ( 'NONE', #2446 ) ;
#142 = LINE ( 'NONE', #6481, #6479 ) ;
#143 = CARTESIAN_POINT ( 'NONE',  ( 51.21975666287635676, 22.63479990487179094, -20.60889545096662800 ) ) ;
#144 = AXIS2_PLACEMENT_3D ( 'NONE', #6816, #396, #2962 ) ;
#145 = CARTESIAN_POINT ( 'NONE',  ( -2.569501288236065495, 15.63800383155555096, 14.49999999999999822 ) ) ;
#146 = LINE ( 'NONE', #5299, #196 ) ;
#147 = EDGE_LOOP ( 'NONE', ( #4152, #3329, #5072, #8272 ) ) ;
#148 = CARTESIAN_POINT ( 'NONE',  ( 41.61676368657136038, 18.15109020954037078, -9.184806792264655684 ) ) ;
#149 = DIRECTION ( 'NONE',  ( 0.6179170540718578186, 0.2743861014865219827, 0.7368112252118482752 ) ) ;
#150 = LINE ( 'NONE', #1510, #6176 ) ;
#151 = DIRECTION ( 'NONE',  ( -0.000000000000000000, -0.000000000000000000, -1.000000000000000000 ) ) ;
#152 = CARTESIAN_POINT ( 'NONE',  ( 47.51701136897038680, 22.34923376074453927, -22.08209200522896509 ) ) ;
#153 = CARTESIAN_POINT ( 'NONE',  ( -43.81712747487676296, -19.60252656784883740, -19.90226640499236055 ) ) ;
#154 = CARTESIAN_POINT ( 'NONE',  ( -46.96197226527926460, -19.91246337792603427, -15.21567391715536033 ) ) ;
#155 = DIRECTION ( 'NONE',  ( 1.000000000000000000, 0.000000000000000000, 0.000000000000000000 ) ) ;
#156 = AXIS2_PLACEMENT_3D ( 'NONE', #614, #544, #3753 ) ;
#157 = FACE_OUTER_BOUND ( 'NONE', #3045, .T. ) ;
#158 = CARTESIAN_POINT ( 'NONE',  ( -18.97629909551032412, -8.825707057651992926, -14.69999999999998330 ) ) ;
#159 = VERTEX_POINT ( 'NONE', #7526 ) ;
#160 = PRODUCT_DEFINITION_SHAPE ( 'NONE', 'NONE',  #4270 ) ;
#161 = CARTESIAN_POINT ( 'NONE',  ( 39.68303607060097704, 33.90068903383242116, -25.68553390593274344 ) ) ;
#162 = VERTEX_POINT ( 'NONE', #3619 ) ;
#163 = CARTESIAN_POINT ( 'NONE',  ( -28.27733247977882058, -12.95583143808151938, -3.700000000000003730 ) ) ;
#164 = VERTEX_POINT ( 'NONE', #6840 ) ;
#165 = EDGE_CURVE ( 'NONE', #8090, #3439, #3972, .T. ) ;
#166 = CARTESIAN_POINT ( 'NONE',  ( -16.67235263888314378, 47.39760212532419814, 15.59999999999999964 ) ) ;
#167 = EDGE_LOOP ( 'NONE', ( #3863, #4705, #944, #713 ) ) ;
#168 = EDGE_CURVE ( 'NONE', #1349, #5955, #419, .T. ) ;
#169 = ORIENTED_EDGE ( 'NONE', *, *, #6835, .F. ) ;
#170 = EDGE_CURVE ( 'NONE', #4360, #7907, #6204, .T. ) ;
#171 = EDGE_CURVE ( 'NONE', #2646, #2332, #7219, .T. ) ;
#172 = CARTESIAN_POINT ( 'NONE',  ( 34.28038421256924551, 14.82292606342515384, -9.958823649694920732 ) ) ;
#173 = ORIENTED_EDGE ( 'NONE', *, *, #7890, .T. ) ;
#174 = CIRCLE ( 'NONE', #2065, 32.16057989992779653 ) ;
#175 = CARTESIAN_POINT ( 'NONE',  ( 53.02246950376841284, 25.96721568135340164, -11.72553340386329168 ) ) ;
#176 = ORIENTED_EDGE ( 'NONE', *, *, #2391, .F. ) ;
#177 = DIRECTION ( 'NONE',  ( -0.9139452746408239792, -0.4058374489394844242, 0.000000000000000000 ) ) ;
#178 = SURFACE_SIDE_STYLE ('',( #7291 ) ) ;
#179 = CARTESIAN_POINT ( 'NONE',  ( -46.77315434651693948, -5.331795266007238965, 0.6748340197233250182 ) ) ;
#180 = CARTESIAN_POINT ( 'NONE',  ( 48.94115989953368029, 22.83811466767775400, -22.04106919000455278 ) ) ;
#181 = EDGE_LOOP ( 'NONE', ( #2710, #1017, #4349 ) ) ;
#182 = ADVANCED_FACE ( 'NONE', ( #6288 ), #1099, .F. ) ;
#183 = DIRECTION ( 'NONE',  ( -1.563116529408154362E-17, -0.000000000000000000, 1.000000000000000000 ) ) ;
#184 = ADVANCED_FACE ( 'NONE', ( #4852 ), #2405, .F. ) ;
#185 = FACE_OUTER_BOUND ( 'NONE', #2377, .T. ) ;
#186 = FACE_OUTER_BOUND ( 'NONE', #778, .T. ) ;
#187 = VERTEX_POINT ( 'NONE', #4343 ) ;
#188 = VECTOR ( 'NONE', #662, 1000.000000000000000 ) ;
#189 = ORIENTED_EDGE ( 'NONE', *, *, #8340, .T. ) ;
#190 = CARTESIAN_POINT ( 'NONE',  ( 34.54641351854463949, 37.04604744465007826, 6.735614515111885581 ) ) ;
#191 = CARTESIAN_POINT ( 'NONE',  ( 24.92128986511609057, 26.69046151111425047, -14.70000000000000284 ) ) ;
#192 = CARTESIAN_POINT ( 'NONE',  ( 26.94093750013351851, 29.59791998236460486, 8.662234617426801009 ) ) ;
#193 = CARTESIAN_POINT ( 'NONE',  ( 45.91557280232316884, 34.57981332797155005, -2.511903653824927751 ) ) ;
#194 = CARTESIAN_POINT ( 'NONE',  ( 34.93049871176395271, 15.63800383155550655, 10.97154826940789718 ) ) ;
#195 = CARTESIAN_POINT ( 'NONE',  ( 51.44268157516010120, 36.40685657052662094, -8.435676651827035855 ) ) ;
#196 = VECTOR ( 'NONE', #2805, 999.9999999999998863 ) ;
#197 = EDGE_CURVE ( 'NONE', #3031, #1564, #338, .T. ) ;
#198 = DIRECTION ( 'NONE',  ( -1.000000000000000000, 0.000000000000000000, 0.000000000000000000 ) ) ;
#199 = CARTESIAN_POINT ( 'NONE',  ( -46.64656003203580070, -5.250560421977403358, 0.8272401976827212788 ) ) ;
#200 = CARTESIAN_POINT ( 'NONE',  ( 38.55803607060096994, 33.90068903383242116, -10.90000000000000036 ) ) ;
#201 = CARTESIAN_POINT ( 'NONE',  ( 37.85348098634232628, 29.37513456951747060, 6.906601717798149132 ) ) ;
#202 = ORIENTED_EDGE ( 'NONE', *, *, #1106, .T. ) ;
#203 = FACE_BOUND ( 'NONE', #2910, .T. ) ;
#204 = ORIENTED_EDGE ( 'NONE', *, *, #1136, .T. ) ;
#205 = DIRECTION ( 'NONE',  ( -1.000000000000000000, 0.000000000000000000, 0.000000000000000000 ) ) ;
#206 = FACE_OUTER_BOUND ( 'NONE', #1456, .T. ) ;
#207 = CARTESIAN_POINT ( 'NONE',  ( 46.06078962760083328, 41.64490743456976674, -2.924884108002862249 ) ) ;
#208 = CARTESIAN_POINT ( 'NONE',  ( -26.54281940137764906, -30.78629688199311332, -14.70000000000001350 ) ) ;
#209 = DIRECTION ( 'NONE',  ( -1.000000000000000000, 0.000000000000000000, -0.000000000000000000 ) ) ;
#210 = ORIENTED_EDGE ( 'NONE', *, *, #1983, .F. ) ;
#211 = ORIENTED_EDGE ( 'NONE', *, *, #4821, .F. ) ;
#212 = CARTESIAN_POINT ( 'NONE',  ( 43.42462933898227107, 18.88342860942857371, -7.522403129500653485 ) ) ;
#213 = ORIENTED_EDGE ( 'NONE', *, *, #3687, .T. ) ;
#214 = CARTESIAN_POINT ( 'NONE',  ( 29.59107861169173503, 15.63800383155555096, -10.37867965644034740 ) ) ;
#215 = CARTESIAN_POINT ( 'NONE',  ( 51.93078745017916731, 28.42568188967152309, -7.465850060427014157 ) ) ;
#216 = AXIS2_PLACEMENT_3D ( 'NONE', #770, #3344, #7885 ) ;
#217 = EDGE_CURVE ( 'NONE', #1743, #2703, #5841, .T. ) ;
#218 = ORIENTED_EDGE ( 'NONE', *, *, #3365, .F. ) ;
#219 = CYLINDRICAL_SURFACE ( 'NONE', #5851, 1.574999999999999956 ) ;
#220 = DIRECTION ( 'NONE',  ( 0.9725991773073561220, 0.2324883659477479936, 0.000000000000000000 ) ) ;
#221 = EDGE_CURVE ( 'NONE', #5384, #5702, #4387, .T. ) ;
#222 = CARTESIAN_POINT ( 'NONE',  ( -2.569501288236065495, 15.63800383155555096, 14.49999999999999822 ) ) ;
#223 = CARTESIAN_POINT ( 'NONE',  ( 48.88792928093162260, 22.95798993415376543, -22.08209200522896509 ) ) ;
#224 = EDGE_LOOP ( 'NONE', ( #824, #4890, #3072, #6101 ) ) ;
#225 = CYLINDRICAL_SURFACE ( 'NONE', #3240, 2.099999999999992095 ) ;
#226 = DIRECTION ( 'NONE',  ( 0.1984292974655282593, 0.08811254033772628058, 0.9761465023973447952 ) ) ;
#227 = ORIENTED_EDGE ( 'NONE', *, *, #54, .F. ) ;
#228 = ORIENTED_EDGE ( 'NONE', *, *, #3416, .F. ) ;
#229 = CARTESIAN_POINT ( 'NONE',  ( 9.563283208916278255, 3.026677955754076166, -14.70000000000000462 ) ) ;
#230 = LINE ( 'NONE', #742, #8085 ) ;
#231 = CARTESIAN_POINT ( 'NONE',  ( -47.33321281719092610, -19.07643025909319690, -12.68783868662447212 ) ) ;
#232 = CARTESIAN_POINT ( 'NONE',  ( 14.43049871176366672, 0.1380038315555600914, 18.09999999999999787 ) ) ;
#233 = DIRECTION ( 'NONE',  ( -1.000000000000000000, 0.000000000000000000, 0.000000000000000000 ) ) ;
#234 = CARTESIAN_POINT ( 'NONE',  ( 44.39714079374724065, 19.31527237383923534, -16.03600617082809165 ) ) ;
#235 = EDGE_CURVE ( 'NONE', #6046, #4142, #6440, .T. ) ;
#236 = CARTESIAN_POINT ( 'NONE',  ( 43.70394431632175269, 39.56039707972735897, -2.675592887094385919 ) ) ;
#237 = DIRECTION ( 'NONE',  ( -1.000000000000000000, 0.000000000000000000, 0.000000000000000000 ) ) ;
#238 = FACE_OUTER_BOUND ( 'NONE', #6077, .T. ) ;
#239 = DIRECTION ( 'NONE',  ( -1.000000000000000000, 0.000000000000000000, 0.000000000000000000 ) ) ;
#240 = ORIENTED_EDGE ( 'NONE', *, *, #3303, .F. ) ;
#241 = AXIS2_PLACEMENT_3D ( 'NONE', #5341, #281, #6022 ) ;
#242 = CARTESIAN_POINT ( 'NONE',  ( 33.97336647174928714, 14.68659481891337215, -10.46107186641804709 ) ) ;
#243 = ORIENTED_EDGE ( 'NONE', *, *, #6257, .T. ) ;
#244 = DIRECTION ( 'NONE',  ( 0.3769758968958037970, -0.9262230687904530191, 0.000000000000000000 ) ) ;
#245 = CARTESIAN_POINT ( 'NONE',  ( 30.58998250939825425, 31.53354789268079372, 1.305171413906693667 ) ) ;
#246 = CARTESIAN_POINT ( 'NONE',  ( -11.66950128823607002, -12.94853146043112346, -70.65354363657083070 ) ) ;
#247 = ADVANCED_FACE ( 'NONE', ( #774 ), #3909, .T. ) ;
#248 = FACE_OUTER_BOUND ( 'NONE', #5066, .T. ) ;
#249 = CIRCLE ( 'NONE', #4965, 2.100000000000004530 ) ;
#250 = VECTOR ( 'NONE', #7247, 1000.000000000000000 ) ;
#251 = CARTESIAN_POINT ( 'NONE',  ( 34.46005763278728296, 33.58642074155859802, 5.999999999999999112 ) ) ;
#252 = ORIENTED_EDGE ( 'NONE', *, *, #6894, .F. ) ;
#253 = EDGE_CURVE ( 'NONE', #6005, #2113, #7954, .T. ) ;
#254 = B_SPLINE_CURVE_WITH_KNOTS ( 'NONE', 3,
 ( #7644, #3653, #6235, #3698 ),
 .UNSPECIFIED., .F., .F.,
 ( 4, 4 ),
 ( -0.003788591919694969928, -0.003105886853948823523 ),
 .UNSPECIFIED. ) ;
#255 = VERTEX_POINT ( 'NONE', #5296 ) ;
#256 = VECTOR ( 'NONE', #5559, 1000.000000000000000 ) ;
#257 = AXIS2_PLACEMENT_3D ( 'NONE', #7867, #4054, #5226 ) ;
#258 = CARTESIAN_POINT ( 'NONE',  ( 33.64114782030095085, 6.966216118971477300, -6.109301298667913827 ) ) ;
#259 = EDGE_LOOP ( 'NONE', ( #5418, #4012, #4097, #4825, #2213, #7493 ) ) ;
#260 = CARTESIAN_POINT ( 'NONE',  ( 31.14912433794853897, 14.11927397039599263, 15.85241076678794947 ) ) ;
#261 = CARTESIAN_POINT ( 'NONE',  ( 51.12905128270249122, 30.23119043425901964, -5.451848437395525160 ) ) ;
#262 = VECTOR ( 'NONE', #1131, 1000.000000000000000 ) ;
#263 = ADVANCED_FACE ( 'NONE', ( #3393 ), #5805, .F. ) ;
#264 = ORIENTED_EDGE ( 'NONE', *, *, #7333, .T. ) ;
#265 = FACE_OUTER_BOUND ( 'NONE', #1901, .T. ) ;
#266 = CARTESIAN_POINT ( 'NONE',  ( -9.179047081729155622, 18.61733335406859879, 14.49999999999999822 ) ) ;
#267 = CARTESIAN_POINT ( 'NONE',  ( -21.75587460539090756, -16.58317777553542882, 6.943778820984379152 ) ) ;
#268 = CARTESIAN_POINT ( 'NONE',  ( -25.03341633288789936, -15.30789344071169999, 11.47924284889144531 ) ) ;
#269 = VERTEX_POINT ( 'NONE', #5207 ) ;
#270 = AXIS2_PLACEMENT_3D ( 'NONE', #1691, #4302, #2447 ) ;
#271 = ADVANCED_FACE ( 'NONE', ( #3953 ), #2664, .F. ) ;
#272 = LINE ( 'NONE', #6694, #962 ) ;
#273 = EDGE_CURVE ( 'NONE', #7570, #2917, #2534, .T. ) ;
#274 = CARTESIAN_POINT ( 'NONE',  ( 50.95171775397592739, 23.23842309156780672, -21.67929094319402950 ) ) ;
#275 = EDGE_LOOP ( 'NONE', ( #2682, #3172, #5977, #7877, #8301, #2831 ) ) ;
#276 = CONICAL_SURFACE ( 'NONE', #4992, 35.94015283223681934, 1.538618363230596975 ) ;
#277 = EDGE_CURVE ( 'NONE', #7882, #1212, #5368, .T. ) ;
#278 = ORIENTED_EDGE ( 'NONE', *, *, #2540, .F. ) ;
#279 = FACE_OUTER_BOUND ( 'NONE', #8206, .T. ) ;
#280 = B_SPLINE_CURVE_WITH_KNOTS ( 'NONE', 3,
 ( #5935, #6608, #822, #5974, #6652, #5336, #2005, #2803, #2125, #6017, #7298, #4576, #7175, #1380, #6224, #353, #4237, #3006, #5588, #2381, #2922, #7381 ),
 .UNSPECIFIED., .F., .F.,
 ( 4, 2, 2, 2, 2, 2, 2, 2, 2, 2, 4 ),
 ( 0.000000000000000000, 0.1249999999999991118, 0.1874999999999990563, 0.2499999999999990008, 0.3749999999999985567, 0.4374999999999985567, 0.4999999999999985567, 0.6249999999999988898, 0.6874999999999991118, 0.7499999999999993339, 1.000000000000000000 ),
 .UNSPECIFIED. ) ;
#281 = DIRECTION ( 'NONE',  ( 0.000000000000000000, 0.000000000000000000, -1.000000000000000000 ) ) ;
#282 = EDGE_CURVE ( 'NONE', #8129, #6350, #2122, .T. ) ;
#283 = CARTESIAN_POINT ( 'NONE',  ( -47.12379168076953562, -19.54804631754811695, -14.00636133653486937 ) ) ;
#284 = CARTESIAN_POINT ( 'NONE',  ( 37.84778589380025693, 25.01169755139612860, 2.034913372741099735 ) ) ;
#285 = EDGE_CURVE ( 'NONE', #2726, #2293, #4692, .T. ) ;
#286 = DIRECTION ( 'NONE',  ( 1.000000000000000000, 0.000000000000000000, 0.000000000000000000 ) ) ;
#287 = AXIS2_PLACEMENT_3D ( 'NONE', #5615, #3971, #2706 ) ;
#288 = VECTOR ( 'NONE', #3523, 1000.000000000000000 ) ;
#289 = CARTESIAN_POINT ( 'NONE',  ( 44.59853487362878610, 37.54578060033249187, -2.407444835499611191 ) ) ;
#290 = CARTESIAN_POINT ( 'NONE',  ( 41.75736980498162154, 18.14308192262637220, -13.14809138725793680 ) ) ;
#291 = DIRECTION ( 'NONE',  ( 0.9139452746408239792, 0.4058374489394846463, 1.387778780781445676E-16 ) ) ;
#292 = CARTESIAN_POINT ( 'NONE',  ( -42.22797526128275791, -18.25321332647173378, -14.70000000000000284 ) ) ;
#293 = CIRCLE ( 'NONE', #6628, 1.050000000000000488 ) ;
#294 = DIRECTION ( 'NONE',  ( 1.000000000000000000, 0.000000000000000000, 0.000000000000000000 ) ) ;
#295 = ORIENTED_EDGE ( 'NONE', *, *, #5297, .F. ) ;
#296 = CARTESIAN_POINT ( 'NONE',  ( -51.87657158425171389, -8.844793708538359667, -2.511903653822876059 ) ) ;
#297 = CYLINDRICAL_SURFACE ( 'NONE', #3383, 1.050000000000000488 ) ;
#298 = LINE ( 'NONE', #246, #5668 ) ;
#299 = ORIENTED_EDGE ( 'NONE', *, *, #3842, .T. ) ;
#300 = DIRECTION ( 'NONE',  ( -1.000000000000000000, 0.000000000000000000, -0.000000000000000000 ) ) ;
#301 = ORIENTED_EDGE ( 'NONE', *, *, #1153, .F. ) ;
#302 = AXIS2_PLACEMENT_3D ( 'NONE', #780, #6445, #3314 ) ;
#303 = VERTEX_POINT ( 'NONE', #4079 ) ;
#304 = EDGE_CURVE ( 'NONE', #7710, #7330, #1059, .T. ) ;
#305 = VECTOR ( 'NONE', #5772, 1000.000000000000000 ) ;
#306 = DIRECTION ( 'NONE',  ( 1.000000000000000000, 0.000000000000000000, 0.000000000000000000 ) ) ;
#307 = ORIENTED_EDGE ( 'NONE', *, *, #3319, .F. ) ;
#308 = CARTESIAN_POINT ( 'NONE',  ( -5.492706831695679526, 12.39356458456508214, -1.536002386895972238E-15 ) ) ;
#309 = CARTESIAN_POINT ( 'NONE',  ( -21.37063723400817850, -9.888913038347277862, -14.70000000000004370 ) ) ;
#310 = VERTEX_POINT ( 'NONE', #6466 ) ;
#311 = LINE ( 'NONE', #7458, #3689 ) ;
#312 = CARTESIAN_POINT ( 'NONE',  ( -11.56950128823606505, 15.63800383155555096, 14.49999999999999822 ) ) ;
#313 = CYLINDRICAL_SURFACE ( 'NONE', #5530, 2.099999999999992095 ) ;
#314 = EDGE_LOOP ( 'NONE', ( #6668, #1031, #3417, #6089 ) ) ;
#315 = AXIS2_PLACEMENT_3D ( 'NONE', #8127, #3755, #6330 ) ;
#316 = LINE ( 'NONE', #1028, #288 ) ;
#317 = DIRECTION ( 'NONE',  ( -0.2324883659477480213, 0.9725991773073561220, -1.110223024625156417E-16 ) ) ;
#318 = EDGE_CURVE ( 'NONE', #4831, #4239, #594, .T. ) ;
#319 = ORIENTED_EDGE ( 'NONE', *, *, #1264, .T. ) ;
#320 = ORIENTED_EDGE ( 'NONE', *, *, #6518, .T. ) ;
#321 = DIRECTION ( 'NONE',  ( -0.000000000000000000, 0.000000000000000000, 1.000000000000000000 ) ) ;
#322 = CARTESIAN_POINT ( 'NONE',  ( 16.38649960956662355, 7.733701070753433271, 15.99999999999999645 ) ) ;
#323 = DIRECTION ( 'NONE',  ( -0.000000000000000000, -0.000000000000000000, -1.000000000000000000 ) ) ;
#324 = DIRECTION ( 'NONE',  ( -0.000000000000000000, -0.000000000000000000, -1.000000000000000000 ) ) ;
#325 = DIRECTION ( 'NONE',  ( -1.000000000000000000, 0.000000000000000000, 0.000000000000000000 ) ) ;
#326 = CARTESIAN_POINT ( 'NONE',  ( 8.209801472566045533, 36.16900472935827793, 16.60000000000000142 ) ) ;
#327 = CARTESIAN_POINT ( 'NONE',  ( -40.74761583744598425, -5.068220832748194127, 6.171003022311920105 ) ) ;
#328 = DIRECTION ( 'NONE',  ( -0.4058374489394845352, 0.9139452746408239792, 0.000000000000000000 ) ) ;
#329 = VECTOR ( 'NONE', #373, 1000.000000000000000 ) ;
#330 = CARTESIAN_POINT ( 'NONE',  ( -27.76324455927437285, -14.99590099714218105, -0.2572084359002604903 ) ) ;
#331 = CARTESIAN_POINT ( 'NONE',  ( 24.13829071481096022, 10.31932889384035157, -14.70000000000000462 ) ) ;
#332 = ORIENTED_EDGE ( 'NONE', *, *, #1363, .T. ) ;
#333 = FACE_OUTER_BOUND ( 'NONE', #6932, .T. ) ;
#334 = ADVANCED_FACE ( 'NONE', ( #2541 ), #5113, .F. ) ;
#335 = CARTESIAN_POINT ( 'NONE',  ( 53.97501691169149041, 23.82208046867591733, -19.90226640499234279 ) ) ;
#336 = AXIS2_PLACEMENT_3D ( 'NONE', #8116, #3746, #412 ) ;
#337 = CARTESIAN_POINT ( 'NONE',  ( -42.72364194264089576, -17.13697276659249269, -22.15000000000000213 ) ) ;
#338 = LINE ( 'NONE', #6925, #3290 ) ;
#339 = CARTESIAN_POINT ( 'NONE',  ( 43.54556577400158091, 20.53420651091249383, 4.361897799575119805 ) ) ;
#340 = ORIENTED_EDGE ( 'NONE', *, *, #5876, .F. ) ;
#341 = EDGE_CURVE ( 'NONE', #3601, #678, #4606, .T. ) ;
#342 = VERTEX_POINT ( 'NONE', #89 ) ;
#343 = CARTESIAN_POINT ( 'NONE',  ( -16.67235263888314378, 47.39760212532419814, 20.10000000000000142 ) ) ;
#344 = ORIENTED_EDGE ( 'NONE', *, *, #2285, .T. ) ;
#345 = CARTESIAN_POINT ( 'NONE',  ( 34.96201363941873552, 10.41645455440849766, 11.77184256056097844 ) ) ;
#346 = CARTESIAN_POINT ( 'NONE',  ( -19.19499183748716931, -16.87241745615441602, -8.257916789556190906 ) ) ;
#347 = ORIENTED_EDGE ( 'NONE', *, *, #7253, .T. ) ;
#348 = CARTESIAN_POINT ( 'NONE',  ( 7.560498711763927737, -1.451996168444436464, 18.09999999999999787 ) ) ;
#349 = CARTESIAN_POINT ( 'NONE',  ( -32.51060883762522025, -15.07559852162580150, -9.922320202758898589 ) ) ;
#350 = CARTESIAN_POINT ( 'NONE',  ( -7.623804049038215958, -4.892997066247143145, 14.45000000000000107 ) ) ;
#351 = EDGE_LOOP ( 'NONE', ( #5990, #1656, #307, #5339, #6437, #5914, #7485, #5188 ) ) ;
#352 = EDGE_CURVE ( 'NONE', #141, #7072, #1911, .T. ) ;
#353 = CARTESIAN_POINT ( 'NONE',  ( 50.38267468605877752, 24.51990715458127923, -12.25715201020416245 ) ) ;
#354 = CARTESIAN_POINT ( 'NONE',  ( -5.849297796379930858, 13.33757324887747231, -1.536002386895972238E-15 ) ) ;
#355 = VERTEX_POINT ( 'NONE', #7709 ) ;
#356 =( BOUNDED_SURFACE ( )  B_SPLINE_SURFACE ( 3, 2, ( 
 ( #1284, #3854, #6351 ),
 ( #8220, #3, #514 ),
 ( #560, #5750, #3819 ),
 ( #5675, #3043, #3127 ) ),
 .UNSPECIFIED., .F., .F., .T. ) 
 B_SPLINE_SURFACE_WITH_KNOTS ( ( 4, 4 ),
 ( 3, 3 ),
 ( 0.01141163600428728858, 0.01353109943067342009 ),
 ( 0.000000000000000000, 1.000000000000000000 ),
 .UNSPECIFIED. ) 
 GEOMETRIC_REPRESENTATION_ITEM ( )  RATIONAL_B_SPLINE_SURFACE ( (
 ( 1.000000000000000000, 0.6580737954561050040, 1.000000000000000000),
 ( 1.000000000000000000, 0.6684059651120967116, 1.000000000000000000),
 ( 1.000000000000000000, 0.6786113395813715421, 1.000000000000000000),
 ( 1.000000000000000000, 0.6885079332438149846, 1.000000000000000000) ) ) 
 REPRESENTATION_ITEM ( '' )  SURFACE ( )  );
#357 = ORIENTED_EDGE ( 'NONE', *, *, #165, .T. ) ;
#358 = VECTOR ( 'NONE', #3691, 1000.000000000000000 ) ;
#359 = LINE ( 'NONE', #2306, #5823 ) ;
#360 = CARTESIAN_POINT ( 'NONE',  ( 38.13714425700482735, 23.85201360153988404, -1.536002386895972238E-15 ) ) ;
#361 = FACE_OUTER_BOUND ( 'NONE', #1612, .T. ) ;
#362 = LINE ( 'NONE', #871, #1746 ) ;
#363 = LINE ( 'NONE', #2776, #8255 ) ;
#364 = CARTESIAN_POINT ( 'NONE',  ( -51.58478271671599913, -9.501901763435530057, -2.675592887094638606 ) ) ;
#365 = CARTESIAN_POINT ( 'NONE',  ( 44.69436560759982768, 35.66020717957144370, -1.729927390894221872 ) ) ;
#366 = LINE ( 'NONE', #3573, #262 ) ;
#367 = CARTESIAN_POINT ( 'NONE',  ( -29.91938817737490908, -14.96009186228135945, -3.700000000000003730 ) ) ;
#368 = CARTESIAN_POINT ( 'NONE',  ( 33.55561713188541972, 13.86387317939525410, -10.59523736784174908 ) ) ;
#369 = VERTEX_POINT ( 'NONE', #1244 ) ;
#370 = DIRECTION ( 'NONE',  ( -1.000000000000000000, 0.000000000000000000, 0.000000000000000000 ) ) ;
#371 = CARTESIAN_POINT ( 'NONE',  ( 3.759801472566044023, 36.16900472935827793, 10.09999999999999964 ) ) ;
#372 = CARTESIAN_POINT ( 'NONE',  ( -42.50575087613816549, -17.62766309380849705, -22.08157474135969522 ) ) ;
#373 = DIRECTION ( 'NONE',  ( -0.000000000000000000, -0.000000000000000000, 1.000000000000000000 ) ) ;
#374 = EDGE_CURVE ( 'NONE', #6896, #6332, #1320, .T. ) ;
#375 = PLANE ( 'NONE',  #1890 ) ;
#376 = EDGE_LOOP ( 'NONE', ( #8168, #6761, #1463, #6737 ) ) ;
#377 = CARTESIAN_POINT ( 'NONE',  ( 0.4524764693605800581, -1.018976272739017697, -21.35000000000000497 ) ) ;
#378 = AXIS2_PLACEMENT_3D ( 'NONE', #3142, #1222, #2609 ) ;
#379 = EDGE_CURVE ( 'NONE', #477, #2171, #249, .T. ) ;
#380 = ORIENTED_EDGE ( 'NONE', *, *, #2186, .F. ) ;
#381 = ADVANCED_FACE ( 'NONE', ( #5748 ), #7791, .F. ) ;
#382 = B_SPLINE_CURVE_WITH_KNOTS ( 'NONE', 3,
 ( #1464, #4036, #5213, #826 ),
 .UNSPECIFIED., .F., .F.,
 ( 4, 4 ),
 ( 0.000000000000000000, 1.000000000000000000 ),
 .UNSPECIFIED. ) ;
#383 = ADVANCED_FACE ( 'NONE', ( #5153, #48, #2632 ), #2588, .F. ) ;
#384 = VECTOR ( 'NONE', #3980, 1000.000000000000000 ) ;
#385 = VECTOR ( 'NONE', #3778, 1000.000000000000000 ) ;
#386 = ORIENTED_EDGE ( 'NONE', *, *, #2498, .T. ) ;
#387 = ORIENTED_EDGE ( 'NONE', *, *, #7234, .T. ) ;
#388 = CARTESIAN_POINT ( 'NONE',  ( 37.85348098634232628, 29.37513456951748125, 6.906601717798152684 ) ) ;
#389 = CARTESIAN_POINT ( 'NONE',  ( -33.44205603334886945, -15.24922721309908979, -14.70000000000000284 ) ) ;
#390 = CARTESIAN_POINT ( 'NONE',  ( -17.86534777906255300, -16.20240661857513942, -10.29118492615851643 ) ) ;
#391 = CARTESIAN_POINT ( 'NONE',  ( -20.72173067893551845, -17.08157716145579386, -5.243919061437019025 ) ) ;
#392 = EDGE_CURVE ( 'NONE', #8377, #5873, #3203, .T. ) ;
#393 = CARTESIAN_POINT ( 'NONE',  ( 30.62942843259500947, 28.71491338069041532, -3.675784792117697819 ) ) ;
#394 = ORIENTED_EDGE ( 'NONE', *, *, #5377, .F. ) ;
#395 = EDGE_LOOP ( 'NONE', ( #1984, #2759, #5505, #1448 ) ) ;
#396 = DIRECTION ( 'NONE',  ( -0.000000000000000000, -0.000000000000000000, 1.000000000000000000 ) ) ;
#397 = DIRECTION ( 'NONE',  ( -0.4058374489394845352, 0.9139452746408239792, 0.000000000000000000 ) ) ;
#399 = ORIENTED_EDGE ( 'NONE', *, *, #6950, .F. ) ;
#398 = ORIENTED_EDGE ( 'NONE', *, *, #4149, .T. ) ;
#400 = ORIENTED_EDGE ( 'NONE', *, *, #1491, .F. ) ;
#401 = CARTESIAN_POINT ( 'NONE',  ( -36.67450437646652261, 22.30218152664974696, 15.59999999999999964 ) ) ;
#402 = LINE ( 'NONE', #7469, #4828 ) ;
#403 = CARTESIAN_POINT ( 'NONE',  ( -47.11306970084455514, -12.18007003806324740, -4.592060007040719150 ) ) ;
#404 = DIRECTION ( 'NONE',  ( -0.000000000000000000, -0.000000000000000000, 1.000000000000000000 ) ) ;
#405 = VECTOR ( 'NONE', #5601, 1000.000000000000000 ) ;
#406 = VECTOR ( 'NONE', #4039, 1000.000000000000000 ) ;
#407 = CARTESIAN_POINT ( 'NONE',  ( 37.20107891322191307, 26.18610893072742840, 1.517692539316721966E-15 ) ) ;
#408 = CARTESIAN_POINT ( 'NONE',  ( -50.22311745732259425, -12.56836971192310415, -4.015772224292696535 ) ) ;
#409 = CARTESIAN_POINT ( 'NONE',  ( 16.40737535980886719, 45.40694055502255111, 12.49999999999999822 ) ) ;
#410 = CARTESIAN_POINT ( 'NONE',  ( -28.86285952746079531, 3.462880363371011683, -14.70000000000000284 ) ) ;
#411 = CIRCLE ( 'NONE', #5802, 2.000000000000000000 ) ;
#412 = DIRECTION ( 'NONE',  ( 0.4342997651233633793, -0.9007684019845453305, 0.000000000000000000 ) ) ;
#413 = CARTESIAN_POINT ( 'NONE',  ( 29.70734757839954909, 10.54599565743481193, -13.00529005118432480 ) ) ;
#414 = EDGE_LOOP ( 'NONE', ( #2253, #2164, #4122, #5088, #79, #6991 ) ) ;
#415 = CARTESIAN_POINT ( 'NONE',  ( 29.01983560004473617, 21.67262846431798096, 6.000000000000000000 ) ) ;
#416 = VECTOR ( 'NONE', #8145, 1000.000000000000000 ) ;
#417 = DIRECTION ( 'NONE',  ( -0.000000000000000000, 0.000000000000000000, 1.000000000000000000 ) ) ;
#418 = FACE_OUTER_BOUND ( 'NONE', #1072, .T. ) ;
#419 = LINE ( 'NONE', #2275, #329 ) ;
#420 = CARTESIAN_POINT ( 'NONE',  ( 7.560498711763927737, -4.451996168444437352, 18.09999999999999787 ) ) ;
#421 = ORIENTED_EDGE ( 'NONE', *, *, #4712, .T. ) ;
#422 = DIRECTION ( 'NONE',  ( -0.000000000000000000, -0.000000000000000000, 1.000000000000000000 ) ) ;
#423 = AXIS2_PLACEMENT_3D ( 'NONE', #308, #3552, #1700 ) ;
#424 = VERTEX_POINT ( 'NONE', #1 ) ;
#425 = VECTOR ( 'NONE', #4747, 1000.000000000000227 ) ;
#426 = ORIENTED_EDGE ( 'NONE', *, *, #2629, .T. ) ;
#427 = ADVANCED_FACE ( 'NONE', ( #1364 ), #276, .F. ) ;
#428 = VERTEX_POINT ( 'NONE', #4520 ) ;
#429 = CARTESIAN_POINT ( 'NONE',  ( 36.88328041893959153, 13.56401210279798342, 0.1510666963711025379 ) ) ;
#430 = EDGE_CURVE ( 'NONE', #3641, #5044, #3939, .T. ) ;
#431 = CARTESIAN_POINT ( 'NONE',  ( -30.90769866308779967, -14.12384568491978598, -14.69999999999913065 ) ) ;
#432 = DIRECTION ( 'NONE',  ( 0.9139452746408239792, 0.4058374489394845908, 0.000000000000000000 ) ) ;
#433 = CARTESIAN_POINT ( 'NONE',  ( -33.83027010279448632, -15.42161369176231389, -12.54557389799779799 ) ) ;
#434 = EDGE_CURVE ( 'NONE', #3646, #3177, #5022, .T. ) ;
#435 = CARTESIAN_POINT ( 'NONE',  ( -4.397281045466727711, 9.902669759219890011, -22.15000000000000213 ) ) ;
#436 = ORIENTED_EDGE ( 'NONE', *, *, #6931, .T. ) ;
#437 = ORIENTED_EDGE ( 'NONE', *, *, #6349, .T. ) ;
#438 = DIRECTION ( 'NONE',  ( -0.4390552265429720213, -0.1949624972389871480, -0.8770519555394865607 ) ) ;
#439 = CARTESIAN_POINT ( 'NONE',  ( -42.99248356281449901, 1.900873093593727248, 6.906601717798149132 ) ) ;
#441 = ORIENTED_EDGE ( 'NONE', *, *, #505, .F. ) ;
#440 = ORIENTED_EDGE ( 'NONE', *, *, #3050, .T. ) ;
#442 = VERTEX_POINT ( 'NONE', #2669 ) ;
#443 = CARTESIAN_POINT ( 'NONE',  ( 53.34368401195486342, 25.24384113159005949, -13.56279912685676514 ) ) ;
#444 = CARTESIAN_POINT ( 'NONE',  ( -42.22797526128275791, -18.25321332647173378, -14.70000000000000284 ) ) ;
#445 = CARTESIAN_POINT ( 'NONE',  ( -45.40058528830383011, -16.03658214858324627, -8.985648140408121876 ) ) ;
#446 = CARTESIAN_POINT ( 'NONE',  ( 43.99573318385728982, 38.90328902483057050, -2.511903653822805005 ) ) ;
#447 = CARTESIAN_POINT ( 'NONE',  ( -2.569501288236065495, 15.63800383155555096, 14.49999999999999822 ) ) ;
#448 = EDGE_CURVE ( 'NONE', #5710, #7035, #6889, .T. ) ;
#449 = CARTESIAN_POINT ( 'NONE',  ( -50.43946759488743226, -12.08114955416800917, -3.724355364691541048 ) ) ;
#450 = CARTESIAN_POINT ( 'NONE',  ( 18.13049871176392713, 27.36685480150890726, 12.49999999999999822 ) ) ;
#451 = CARTESIAN_POINT ( 'NONE',  ( -41.35272403067966707, -16.52821659318327718, -22.15000000000000213 ) ) ;
#452 = CARTESIAN_POINT ( 'NONE',  ( 11.43049871176334165, 31.13800383155554385, 12.49999999999999822 ) ) ;
#453 = CARTESIAN_POINT ( 'NONE',  ( 25.82610007579184952, 9.927064989390157024, -14.43937872858445814 ) ) ;
#454 = DIRECTION ( 'NONE',  ( 1.000000000000000000, -1.213093339843845917E-16, 0.000000000000000000 ) ) ;
#455 = DIRECTION ( 'NONE',  ( -0.000000000000000000, -0.000000000000000000, 1.000000000000000000 ) ) ;
#456 = VECTOR ( 'NONE', #2797, 1000.000000000000000 ) ;
#457 = CARTESIAN_POINT ( 'NONE',  ( 34.58689410985728330, 25.02528002653421879, 1.099228855159488649 ) ) ;
#458 = CARTESIAN_POINT ( 'NONE',  ( 35.64919179176916941, 23.30867853814082125, -4.914506795439191222 ) ) ;
#459 = CARTESIAN_POINT ( 'NONE',  ( -51.85941752188604426, -1.316019767186825673, -3.029942897633518761 ) ) ;
#460 = ORIENTED_EDGE ( 'NONE', *, *, #6818, .F. ) ;
#461 = LINE ( 'NONE', #3115, #1935 ) ;
#462 = ORIENTED_EDGE ( 'NONE', *, *, #5740, .T. ) ;
#463 = AXIS2_PLACEMENT_3D ( 'NONE', #3223, #3141, #5811 ) ;
#464 = LINE ( 'NONE', #5778, #3239 ) ;
#465 = ORIENTED_EDGE ( 'NONE', *, *, #1266, .F. ) ;
#466 = AXIS2_PLACEMENT_3D ( 'NONE', #7345, #4794, #7215 ) ;
#467 = EDGE_LOOP ( 'NONE', ( #1032, #6986, #4034, #2205, #3638, #243 ) ) ;
#468 = CARTESIAN_POINT ( 'NONE',  ( -28.86591064790153283, -13.21718960566579426, -14.69999999999994778 ) ) ;
#469 = CARTESIAN_POINT ( 'NONE',  ( -38.42105757422810086, 4.641826683457854763, 12.49999999999999822 ) ) ;
#470 = CARTESIAN_POINT ( 'NONE',  ( -14.92235263888314201, 47.39760212532419814, 15.59999999999999964 ) ) ;
#471 = CARTESIAN_POINT ( 'NONE',  ( 37.42768215408020893, 14.25486365521655507, -1.178941080319552137 ) ) ;
#472 = EDGE_LOOP ( 'NONE', ( #5030, #6821, #2531, #301 ) ) ;
#473 = VERTEX_POINT ( 'NONE', #762 ) ;
#474 = ADVANCED_FACE ( 'NONE', ( #3336 ), #5920, .F. ) ;
#475 = CARTESIAN_POINT ( 'NONE',  ( -16.67235263888314378, 47.39760212532419814, 15.59999999999999964 ) ) ;
#477 = VERTEX_POINT ( 'NONE', #1447 ) ;
#476 = VERTEX_POINT ( 'NONE', #4645 ) ;
#478 = ADVANCED_FACE ( 'NONE', ( #978 ), #2631, .F. ) ;
#479 = EDGE_LOOP ( 'NONE', ( #1058, #588, #750, #6645, #2882, #1249 ) ) ;
#480 = CARTESIAN_POINT ( 'NONE',  ( 52.05528106053975534, 28.14532248171236617, -7.845790856437467653 ) ) ;
#481 = CARTESIAN_POINT ( 'NONE',  ( -42.59567179524864144, 2.788089011436084785, 7.561771395982900934 ) ) ;
#482 = CARTESIAN_POINT ( 'NONE',  ( 29.56208243591956020, 30.98830055640791770, -3.913490808474619165 ) ) ;
#483 = DIRECTION ( 'NONE',  ( 1.000000000000000000, 0.000000000000000000, 0.000000000000000000 ) ) ;
#484 = ORIENTED_EDGE ( 'NONE', *, *, #2629, .F. ) ;
#485 = FACE_OUTER_BOUND ( 'NONE', #586, .T. ) ;
#486 = CARTESIAN_POINT ( 'NONE',  ( -50.57383336291523790, -4.716824760560339058, -2.541489669460663237 ) ) ;
#487 = DIRECTION ( 'NONE',  ( -0.000000000000000000, -0.000000000000000000, 1.000000000000000000 ) ) ;
#488 = CARTESIAN_POINT ( 'NONE',  ( -44.91133232984505241, -17.13837901492941640, -10.98622590194083060 ) ) ;
#489 = DIRECTION ( 'NONE',  ( -0.000000000000000000, -0.000000000000000000, -1.000000000000000000 ) ) ;
#490 = AXIS2_PLACEMENT_3D ( 'NONE', #57, #7841, #1291 ) ;
#491 = CARTESIAN_POINT ( 'NONE',  ( 29.01481348965454288, 6.044435540927272754, -12.58379776379704751 ) ) ;
#492 = DIRECTION ( 'NONE',  ( 0.000000000000000000, 1.000000000000000000, -0.000000000000000000 ) ) ;
#493 = DIRECTION ( 'NONE',  ( -0.000000000000000000, -0.000000000000000000, 1.000000000000000000 ) ) ;
#494 = CARTESIAN_POINT ( 'NONE',  ( 40.16149184992578824, 39.81521311055187340, 0.02412178972535664045 ) ) ;
#495 = ADVANCED_FACE ( 'NONE', ( #5453 ), #5365, .F. ) ;
#496 = CARTESIAN_POINT ( 'NONE',  ( 31.66169968575362148, 28.10297694703659843, -10.00000000000000178 ) ) ;
#497 = CARTESIAN_POINT ( 'NONE',  ( -51.62722986811854042, -1.988781693114485716, -2.827507457987779027 ) ) ;
#498 = ORIENTED_EDGE ( 'NONE', *, *, #7234, .F. ) ;
#499 = CARTESIAN_POINT ( 'NONE',  ( 37.47004393574538739, 26.30554286361556393, 2.091485220405552070 ) ) ;
#500 = VERTEX_POINT ( 'NONE', #7913 ) ;
#501 = ORIENTED_EDGE ( 'NONE', *, *, #165, .F. ) ;
#502 = CARTESIAN_POINT ( 'NONE',  ( -44.09838205097986474, -18.96914172011675959, -21.67887339977874106 ) ) ;
#503 = ADVANCED_FACE ( 'NONE', ( #4020 ), #4150, .F. ) ;
#504 = VERTEX_POINT ( 'NONE', #807 ) ;
#505 = EDGE_CURVE ( 'NONE', #1788, #5830, #7302, .T. ) ;
#506 = ORIENTED_EDGE ( 'NONE', *, *, #901, .T. ) ;
#507 = CARTESIAN_POINT ( 'NONE',  ( -45.06957858808836903, -8.157866177893154713, -14.70000000000000284 ) ) ;
#508 = LINE ( 'NONE', #3078, #2300 ) ;
#509 = CIRCLE ( 'NONE', #4688, 2.099999999999993872 ) ;
#510 = DIRECTION ( 'NONE',  ( -1.000000000000000000, 0.000000000000000000, 0.000000000000000000 ) ) ;
#511 = CYLINDRICAL_SURFACE ( 'NONE', #1628, 17.50000000000000000 ) ;
#512 = ORIENTED_EDGE ( 'NONE', *, *, #4105, .F. ) ;
#513 = EDGE_LOOP ( 'NONE', ( #7636, #7427, #605, #344 ) ) ;
#514 = CARTESIAN_POINT ( 'NONE',  ( 49.82455854586938671, 24.06539586345096282, -22.15000000000000213 ) ) ;
#515 = EDGE_CURVE ( 'NONE', #3031, #2113, #1087, .T. ) ;
#516 = CARTESIAN_POINT ( 'NONE',  ( 23.72969169622371766, 9.571350182762358827, -14.69191839357654317 ) ) ;
#518 = ORIENTED_EDGE ( 'NONE', *, *, #3416, .T. ) ;
#517 = ORIENTED_EDGE ( 'NONE', *, *, #100, .F. ) ;
#519 = ORIENTED_EDGE ( 'NONE', *, *, #1001, .T. ) ;
#520 = CARTESIAN_POINT ( 'NONE',  ( 51.28214753740597587, 29.88641791778162116, -5.754329382450517727 ) ) ;
#521 = CARTESIAN_POINT ( 'NONE',  ( -34.92450437646652261, 22.30218152664974696, 15.59999999999999964 ) ) ;
#522 = DIRECTION ( 'NONE',  ( -0.000000000000000000, -0.000000000000000000, -1.000000000000000000 ) ) ;
#523 = FACE_OUTER_BOUND ( 'NONE', #5996, .T. ) ;
#524 = EDGE_LOOP ( 'NONE', ( #5573, #3091, #5594, #5612 ) ) ;
#525 = DIRECTION ( 'NONE',  ( -1.000000000000000000, 0.000000000000000000, 0.000000000000000000 ) ) ;
#526 = VECTOR ( 'NONE', #3138, 1000.000000000000000 ) ;
#527 = VECTOR ( 'NONE', #3355, 1000.000000000000000 ) ;
#528 = EDGE_CURVE ( 'NONE', #2021, #3382, #5798, .T. ) ;
#529 = CARTESIAN_POINT ( 'NONE',  ( -46.75022538070079747, 0.004545186912754947683, 2.766095064531256309 ) ) ;
#530 = EDGE_CURVE ( 'NONE', #2116, #6754, #3921, .T. ) ;
#531 = CARTESIAN_POINT ( 'NONE',  ( -18.06950128823605439, 31.13800383155554385, 20.10000000000000142 ) ) ;
#532 = CARTESIAN_POINT ( 'NONE',  ( 49.44403342496439535, 21.70564430667394262, -18.23554638298324448 ) ) ;
#533 = DIRECTION ( 'NONE',  ( 0.000000000000000000, 0.000000000000000000, -1.000000000000000000 ) ) ;
#534 = EDGE_CURVE ( 'NONE', #599, #2617, #5403, .T. ) ;
#535 = AXIS2_PLACEMENT_3D ( 'NONE', #1589, #6018, #7975 ) ;
#536 = AXIS2_PLACEMENT_3D ( 'NONE', #5420, #2210, #6051 ) ;
#537 = CARTESIAN_POINT ( 'NONE',  ( 35.39856900773626336, 23.19738947725257816, -4.923186939960173092 ) ) ;
#538 = DIRECTION ( 'NONE',  ( 0.000000000000000000, 0.000000000000000000, 1.000000000000000000 ) ) ;
#539 = FACE_BOUND ( 'NONE', #7601, .T. ) ;
#540 = CARTESIAN_POINT ( 'NONE',  ( 36.53675630940651331, 36.29632885721860447, 5.373182724160476376 ) ) ;
#541 = CIRCLE ( 'NONE', #4581, 17.50000000000000000 ) ;
#542 = VECTOR ( 'NONE', #3580, 1000.000000000000000 ) ;
#543 = AXIS2_PLACEMENT_3D ( 'NONE', #1021, #3591, #432 ) ;
#544 = DIRECTION ( 'NONE',  ( -0.9139452746408240902, -0.4058374489394844797, 8.326672684688675286E-17 ) ) ;
#545 = VERTEX_POINT ( 'NONE', #2873 ) ;
#546 = DIRECTION ( 'NONE',  ( -0.9139452746408245343, -0.4058374489394832030, 0.000000000000000000 ) ) ;
#547 = VERTEX_POINT ( 'NONE', #8088 ) ;
#548 = ORIENTED_EDGE ( 'NONE', *, *, #1304, .T. ) ;
#549 = CARTESIAN_POINT ( 'NONE',  ( -46.72066490324834831, -20.45588716456568434, -21.37222881862727419 ) ) ;
#550 = AXIS2_PLACEMENT_3D ( 'NONE', #6868, #8320, #4374 ) ;
#551 = ORIENTED_EDGE ( 'NONE', *, *, #669, .T. ) ;
#552 = AXIS2_PLACEMENT_3D ( 'NONE', #6401, #608, #3101 ) ;
#553 = EDGE_LOOP ( 'NONE', ( #2665, #1655, #4858, #6035 ) ) ;
#554 = AXIS2_PLACEMENT_3D ( 'NONE', #2956, #5543, #4905 ) ;
#555 = DIRECTION ( 'NONE',  ( -0.6672197446535136356, 0.000000000000000000, -0.7448609349029521320 ) ) ;
#556 = LINE ( 'NONE', #6983, #4873 ) ;
#557 = FACE_BOUND ( 'NONE', #4646, .T. ) ;
#558 = VERTEX_POINT ( 'NONE', #8053 ) ;
#559 = AXIS2_PLACEMENT_3D ( 'NONE', #3707, #493, #6406 ) ;
#560 = CARTESIAN_POINT ( 'NONE',  ( 50.14982967269462932, 21.96061086509821791, -19.99165718128178781 ) ) ;
#561 = CARTESIAN_POINT ( 'NONE',  ( 49.86845833082724511, 33.07004371066915382, -3.449427714258217481 ) ) ;
#563 = ORIENTED_EDGE ( 'NONE', *, *, #8372, .T. ) ;
#562 = ORIENTED_EDGE ( 'NONE', *, *, #4864, .F. ) ;
#564 = ORIENTED_EDGE ( 'NONE', *, *, #7572, .F. ) ;
#565 = DIRECTION ( 'NONE',  ( 0.000000000000000000, 0.000000000000000000, 1.000000000000000000 ) ) ;
#566 = B_SPLINE_CURVE_WITH_KNOTS ( 'NONE', 3,
 ( #1855, #7009, #3798, #1772, #6372, #580 ),
 .UNSPECIFIED., .F., .F.,
 ( 4, 2, 4 ),
 ( 0.01003311600121791630, 0.01388412443210095687, 0.01773513286298399744 ),
 .UNSPECIFIED. ) ;
#567 = PLANE ( 'NONE',  #1469 ) ;
#568 = CARTESIAN_POINT ( 'NONE',  ( -43.81712747487676296, -19.60252656784883740, -19.90226640499236055 ) ) ;
#569 = CARTESIAN_POINT ( 'NONE',  ( -20.85651692632217191, -17.10088831604766924, -12.50000000000000178 ) ) ;
#570 = VERTEX_POINT ( 'NONE', #2284 ) ;
#571 = DIRECTION ( 'NONE',  ( 0.000000000000000000, 0.000000000000000000, 1.000000000000000000 ) ) ;
#572 = EDGE_CURVE ( 'NONE', #1192, #4796, #7851, .T. ) ;
#573 = CARTESIAN_POINT ( 'NONE',  ( -45.87237206369556475, -1.462684952307153008, 3.043695845952126611 ) ) ;
#574 = CARTESIAN_POINT ( 'NONE',  ( -28.86285952746079886, 3.154822167612387318, -15.21374678160715277 ) ) ;
#575 = CARTESIAN_POINT ( 'NONE',  ( 45.28550362194012280, 25.27778402756817044, -3.183803752491074945 ) ) ;
#576 = FACE_OUTER_BOUND ( 'NONE', #7838, .T. ) ;
#577 = CARTESIAN_POINT ( 'NONE',  ( 9.293091327088266240, 38.58925561492505807, -24.15434196043252157 ) ) ;
#578 = LINE ( 'NONE', #8327, #6915 ) ;
#579 =( BOUNDED_SURFACE ( )  B_SPLINE_SURFACE ( 3, 2, ( 
 ( #3430, #4698, #4074 ),
 ( #6013, #1584, #4199 ),
 ( #7292, #4028, #6772 ),
 ( #2798, #5970, #7341 ),
 ( #4158, #816, #3556 ),
 ( #8095, #6602, #5421 ),
 ( #6096, #5461, #8059 ),
 ( #4829, #6137, #349 ),
 ( #179, #2461, #2375 ),
 ( #1703, #8215, #3080 ),
 ( #5038, #6260, #433 ),
 ( #7459, #3124, #4400 ) ),
 .UNSPECIFIED., .F., .F., .T. ) 
 B_SPLINE_SURFACE_WITH_KNOTS ( ( 4, 2, 2, 2, 2, 4 ),
 ( 3, 3 ),
 ( 0.000000000000000000, 0.001703284384590801268, 0.003406568769181602535, 0.006813137538363205070, 0.01021970630754480761, 0.01362627507672641014 ),
 ( 0.000000000000000000, 1.000000000000000000 ),
 .UNSPECIFIED. ) 
 GEOMETRIC_REPRESENTATION_ITEM ( )  RATIONAL_B_SPLINE_SURFACE ( (
 ( 1.000000000000000000, 0.8110628112148338120, 1.000000000000000000),
 ( 1.000000000000000000, 0.8044866174715146201, 1.000000000000000000),
 ( 1.000000000000000000, 0.7981778528751343194, 1.000000000000000000),
 ( 1.000000000000000000, 0.7862271545331663836, 1.000000000000000000),
 ( 1.000000000000000000, 0.7805844844349727474, 1.000000000000000000),
 ( 1.000000000000000000, 0.7646770149680278683, 1.000000000000000000),
 ( 1.000000000000000000, 0.7554341587149564496, 1.000000000000000000),
 ( 1.000000000000000000, 0.7393014966061273174, 1.000000000000000000),
 ( 1.000000000000000000, 0.7324017289189858060, 1.000000000000000000),
 ( 1.000000000000000000, 0.7205112144241109240, 1.000000000000000000),
 ( 1.000000000000000000, 0.7155210256677737579, 1.000000000000000000),
 ( 1.000000000000000000, 0.7113076282299342079, 1.000000000000000000) ) ) 
 REPRESENTATION_ITEM ( '' )  SURFACE ( )  );
#580 = CARTESIAN_POINT ( 'NONE',  ( 34.18075944931168664, 23.09912544444035731, 12.10000000000029985 ) ) ;
#581 = CARTESIAN_POINT ( 'NONE',  ( 33.00601758868855740, 6.432120393344261444, -7.714200459922643027 ) ) ;
#582 = DIRECTION ( 'NONE',  ( -0.4058374489394845352, 0.9139452746408240902, -1.110223024625156540E-16 ) ) ;
#583 = CARTESIAN_POINT ( 'NONE',  ( 34.14405889565093588, 7.984321138480361846, 12.10623070837923621 ) ) ;
#584 = EDGE_CURVE ( 'NONE', #6157, #2705, #5828, .T. ) ;
#585 = ORIENTED_EDGE ( 'NONE', *, *, #6413, .T. ) ;
#586 = EDGE_LOOP ( 'NONE', ( #4567, #1731, #2045, #2050 ) ) ;
#587 = DIRECTION ( 'NONE',  ( -0.9139452746408239792, -0.4058374489394843687, 0.000000000000000000 ) ) ;
#588 = ORIENTED_EDGE ( 'NONE', *, *, #4306, .T. ) ;
#589 = ORIENTED_EDGE ( 'NONE', *, *, #2393, .T. ) ;
#590 = LINE ( 'NONE', #2032, #5256 ) ;
#591 = DIRECTION ( 'NONE',  ( -1.000000000000000000, 0.000000000000000000, 0.000000000000000000 ) ) ;
#592 = CARTESIAN_POINT ( 'NONE',  ( 31.66169968575362148, 28.10297694703659843, 5.499999999999999112 ) ) ;
#593 = AXIS2_PLACEMENT_3D ( 'NONE', #680, #5676, #5792 ) ;
#594 = LINE ( 'NONE', #676, #6452 ) ;
#595 = ORIENTED_EDGE ( 'NONE', *, *, #4559, .F. ) ;
#596 = DIRECTION ( 'NONE',  ( 1.378590760756483479E-13, 7.325271894464580682E-14, 1.000000000000000000 ) ) ;
#597 = CARTESIAN_POINT ( 'NONE',  ( 23.51989361524375255, 9.761485884625205500, -14.70000000000000107 ) ) ;
#599 = VERTEX_POINT ( 'NONE', #4538 ) ;
#598 = EDGE_LOOP ( 'NONE', ( #126, #6627, #724, #4536 ) ) ;
#600 = ORIENTED_EDGE ( 'NONE', *, *, #534, .T. ) ;
#601 = CARTESIAN_POINT ( 'NONE',  ( 48.09320766488833243, 29.67578316088039259, -4.871024401580113405 ) ) ;
#602 = CARTESIAN_POINT ( 'NONE',  ( -16.56950128823605439, 0.1380038315555600914, 18.09999999999999787 ) ) ;
#603 = DIRECTION ( 'NONE',  ( 1.000000000000000000, 0.000000000000000000, 0.000000000000000000 ) ) ;
#604 = LINE ( 'NONE', #569, #2828 ) ;
#605 = ORIENTED_EDGE ( 'NONE', *, *, #981, .F. ) ;
#606 = EDGE_CURVE ( 'NONE', #187, #5735, #2436, .T. ) ;
#607 = EDGE_CURVE ( 'NONE', #1712, #1866, #1971, .T. ) ;
#608 = DIRECTION ( 'NONE',  ( -0.000000000000000000, -0.000000000000000000, 1.000000000000000000 ) ) ;
#609 = CYLINDRICAL_SURFACE ( 'NONE', #4356, 1.125000000000000888 ) ;
#610 = DIRECTION ( 'NONE',  ( -0.4058374489394846463, 0.9139452746408242012, 0.000000000000000000 ) ) ;
#611 = CARTESIAN_POINT ( 'NONE',  ( 35.39856900773625625, 23.19738947725256395, -3.183803752492269101 ) ) ;
#612 = CARTESIAN_POINT ( 'NONE',  ( 53.27975027227864047, 25.38781980931251780, -22.15000000000000924 ) ) ;
#613 = CARTESIAN_POINT ( 'NONE',  ( 41.63415177004354462, 36.60780292911800160, 0.6748340197246154304 ) ) ;
#614 = CARTESIAN_POINT ( 'NONE',  ( -52.83649139348180768, -6.683055860115233671, -54.40744483566125211 ) ) ;
#615 = DIRECTION ( 'NONE',  ( 1.000000000000000000, 0.000000000000000000, 0.000000000000000000 ) ) ;
#617 = CIRCLE ( 'NONE', #3458, 30.00000000000000355 ) ;
#616 = CARTESIAN_POINT ( 'NONE',  ( 34.38528465355911834, 8.819138694126845479, 12.04200100714495569 ) ) ;
#618 = ORIENTED_EDGE ( 'NONE', *, *, #1665, .F. ) ;
#619 =( BOUNDED_SURFACE ( )  B_SPLINE_SURFACE ( 3, 2, ( 
 ( #918, #5987, #2227 ),
 ( #5348, #7395, #2142 ),
 ( #7316, #1517, #1597 ),
 ( #5059, #5766, #69 ) ),
 .UNSPECIFIED., .F., .F., .T. ) 
 B_SPLINE_SURFACE_WITH_KNOTS ( ( 4, 4 ),
 ( 3, 3 ),
 ( -1.128697829644309536E-14, 0.0003003506504196268041 ),
 ( 0.1017718306509559634, 0.1666226204885725148 ),
 .UNSPECIFIED. ) 
 GEOMETRIC_REPRESENTATION_ITEM ( )  RATIONAL_B_SPLINE_SURFACE ( (
 ( 0.9472187633249318228, 0.9323075648343430721, 0.9198246300226418093),
 ( 0.9472174582206385196, 0.9323058910257450149, 0.9198226475526170010),
 ( 0.9472161597689210399, 0.9323042257491385154, 0.9198206751879397514),
 ( 0.9472148678690784918, 0.9323025688753735496, 0.9198187127756437542) ) ) 
 REPRESENTATION_ITEM ( '' )  SURFACE ( )  );
#620 = ORIENTED_EDGE ( 'NONE', *, *, #3112, .T. ) ;
#621 = CARTESIAN_POINT ( 'NONE',  ( 5.334801472566043756, 36.16900472935827793, 16.60000000000000142 ) ) ;
#622 = EDGE_CURVE ( 'NONE', #1825, #3463, #6225, .T. ) ;
#623 = VERTEX_POINT ( 'NONE', #7180 ) ;
#624 = ADVANCED_FACE ( 'NONE', ( #2052 ), #7090, .F. ) ;
#625 = VERTEX_POINT ( 'NONE', #7218 ) ;
#626 = ADVANCED_FACE ( 'NONE', ( #6535 ), #7131, .F. ) ;
#627 = EDGE_CURVE ( 'NONE', #2637, #1836, #1338, .T. ) ;
#628 = CARTESIAN_POINT ( 'NONE',  ( 35.39856900773625625, 23.19738947725257461, 1.099228855159488649 ) ) ;
#629 = CARTESIAN_POINT ( 'NONE',  ( -10.47380404903821649, -4.892997066247143145, 14.45000000000000107 ) ) ;
#630 = EDGE_CURVE ( 'NONE', #6884, #7380, #7807, .T. ) ;
#631 = DIRECTION ( 'NONE',  ( 1.000000000000000000, 0.000000000000000000, 0.000000000000000000 ) ) ;
#632 = DIRECTION ( 'NONE',  ( -1.000000000000000000, 0.000000000000000000, 0.000000000000000000 ) ) ;
#633 = EDGE_LOOP ( 'NONE', ( #4878, #5872, #6098, #3847 ) ) ;
#634 = DIRECTION ( 'NONE',  ( 1.000000000000000000, 0.000000000000000000, 0.000000000000000000 ) ) ;
#635 = LINE ( 'NONE', #6352, #8173 ) ;
#637 = ORIENTED_EDGE ( 'NONE', *, *, #1626, .T. ) ;
#636 = ORIENTED_EDGE ( 'NONE', *, *, #1451, .T. ) ;
#638 = VECTOR ( 'NONE', #8325, 1000.000000000000000 ) ;
#639 = VERTEX_POINT ( 'NONE', #2733 ) ;
#640 = CARTESIAN_POINT ( 'NONE',  ( 13.60737535980887003, 45.40694055502255111, 15.59999999999999964 ) ) ;
#641 = LINE ( 'NONE', #7597, #8087 ) ;
#642 = CARTESIAN_POINT ( 'NONE',  ( -6.154353139574660680, -1.490885134280917068, -14.70000000000000462 ) ) ;
#643 = LINE ( 'NONE', #7800, #4308 ) ;
#644 = ORIENTED_EDGE ( 'NONE', *, *, #4249, .T. ) ;
#645 = AXIS2_PLACEMENT_3D ( 'NONE', #3434, #6651, #7109 ) ;
#646 = SURFACE_SIDE_STYLE ('',( #3178 ) ) ;
#647 = CARTESIAN_POINT ( 'NONE',  ( -49.73753745010102989, -6.269772937221060438, -2.407444835499586322 ) ) ;
#648 = CARTESIAN_POINT ( 'NONE',  ( 9.563283208916278255, 3.026677955754076166, -21.35000000000000853 ) ) ;
#649 = DIRECTION ( 'NONE',  ( 0.9139452746408240902, 0.4058374489394843132, 0.000000000000000000 ) ) ;
#650 = ORIENTED_EDGE ( 'NONE', *, *, #1184, .F. ) ;
#651 = CARTESIAN_POINT ( 'NONE',  ( 39.68303607060097704, 33.90068903383242116, -10.90000000000000036 ) ) ;
#652 = DIRECTION ( 'NONE',  ( 1.000000000000000000, 0.000000000000000000, 0.000000000000000000 ) ) ;
#653 = DIRECTION ( 'NONE',  ( 0.000000000000000000, 0.7831235737295630939, -0.6218661176403146307 ) ) ;
#654 = CARTESIAN_POINT ( 'NONE',  ( 24.92128986511609057, 26.69046151111425047, -14.70000000000000284 ) ) ;
#655 = AXIS2_PLACEMENT_3D ( 'NONE', #2483, #1813, #454 ) ;
#656 = CARTESIAN_POINT ( 'NONE',  ( -33.36600263493999563, 27.49445797275911119, 20.10000000000000142 ) ) ;
#657 = CARTESIAN_POINT ( 'NONE',  ( 27.88060372610913262, 34.08308299188747270, -5.175980714260913551 ) ) ;
#658 = DIRECTION ( 'NONE',  ( 0.9139452746408239792, 0.4058374489394845352, 0.000000000000000000 ) ) ;
#659 = CARTESIAN_POINT ( 'NONE',  ( -5.849297796380185765, 13.33757324887741369, 6.000000000000031086 ) ) ;
#660 = DIRECTION ( 'NONE',  ( -0.000000000000000000, -0.000000000000000000, 1.000000000000000000 ) ) ;
#661 = VECTOR ( 'NONE', #3176, 1000.000000000000000 ) ;
#662 = DIRECTION ( 'NONE',  ( -0.000000000000000000, -0.000000000000000000, 1.000000000000000000 ) ) ;
#663 = VERTEX_POINT ( 'NONE', #6490 ) ;
#664 = EDGE_LOOP ( 'NONE', ( #2413, #7322 ) ) ;
#665 = CARTESIAN_POINT ( 'NONE',  ( -42.00416033149356565, -18.75724418416965378, -21.09063244998280240 ) ) ;
#666 = AXIS2_PLACEMENT_3D ( 'NONE', #6918, #1720, #2478 ) ;
#667 = ORIENTED_EDGE ( 'NONE', *, *, #1533, .F. ) ;
#668 = ORIENTED_EDGE ( 'NONE', *, *, #895, .F. ) ;
#669 = EDGE_CURVE ( 'NONE', #6572, #663, #5017, .T. ) ;
#670 = AXIS2_PLACEMENT_3D ( 'NONE', #6128, #934, #2158 ) ;
#671 = CARTESIAN_POINT ( 'NONE',  ( 24.84885695098861547, 27.81312729974014886, -14.70000000000000284 ) ) ;
#672 = CARTESIAN_POINT ( 'NONE',  ( -40.68536370577368189, -18.03111095895566507, -16.43407739999294037 ) ) ;
#673 = DIRECTION ( 'NONE',  ( -1.000000000000000000, 0.000000000000000000, 0.000000000000000000 ) ) ;
#674 = AXIS2_PLACEMENT_3D ( 'NONE', #621, #8254, #2578 ) ;
#675 = AXIS2_PLACEMENT_3D ( 'NONE', #1075, #438, #5503 ) ;
#676 = CARTESIAN_POINT ( 'NONE',  ( -19.56950128823689283, 31.13800383155554385, 18.09999999999999787 ) ) ;
#677 = EDGE_CURVE ( 'NONE', #7203, #8210, #1379, .T. ) ;
#678 = VERTEX_POINT ( 'NONE', #5857 ) ;
#679 = DIRECTION ( 'NONE',  ( 1.000000000000000000, 0.000000000000000000, 0.000000000000000000 ) ) ;
#680 = CARTESIAN_POINT ( 'NONE',  ( -2.569501288236065495, 15.63800383155555096, -14.70000000000000284 ) ) ;
#681 = AXIS2_PLACEMENT_3D ( 'NONE', #1322, #2037, #7915 ) ;
#683 = ORIENTED_EDGE ( 'NONE', *, *, #4733, .F. ) ;
#682 = ORIENTED_EDGE ( 'NONE', *, *, #1005, .T. ) ;
#684 = ADVANCED_FACE ( 'NONE', ( #5979 ), #5303, .F. ) ;
#685 = EDGE_CURVE ( 'NONE', #6604, #8141, #382, .T. ) ;
#686 = ORIENTED_EDGE ( 'NONE', *, *, #4014, .F. ) ;
#687 = CARTESIAN_POINT ( 'NONE',  ( 51.23318108776902591, 22.60456812185746500, -19.90226640499234279 ) ) ;
#688 = CARTESIAN_POINT ( 'NONE',  ( 7.560498711763927737, -4.451996168444437352, 18.09999999999999787 ) ) ;
#689 = DIRECTION ( 'NONE',  ( 1.000000000000000000, 1.734723475976806601E-16, 0.000000000000000000 ) ) ;
#690 = CARTESIAN_POINT ( 'NONE',  ( -51.92092408978491136, -1.352789777417733097, -3.097864185164253215 ) ) ;
#691 = ORIENTED_EDGE ( 'NONE', *, *, #2625, .F. ) ;
#692 = CARTESIAN_POINT ( 'NONE',  ( -49.43272837348354187, -6.956202481784262481, -2.420152625384549783 ) ) ;
#693 = VECTOR ( 'NONE', #2927, 1000.000000000000000 ) ;
#694 = ADVANCED_FACE ( 'NONE', ( #1299 ), #3263, .T. ) ;
#695 = FACE_OUTER_BOUND ( 'NONE', #6480, .T. ) ;
#696 = CARTESIAN_POINT ( 'NONE',  ( -11.66950128823607002, 2.638003831554670331, 20.10000000000000142 ) ) ;
#697 = ORIENTED_EDGE ( 'NONE', *, *, #8246, .F. ) ;
#698 = FACE_OUTER_BOUND ( 'NONE', #3432, .T. ) ;
#699 = DIRECTION ( 'NONE',  ( -0.000000000000000000, 0.000000000000000000, 1.000000000000000000 ) ) ;
#700 = AXIS2_PLACEMENT_3D ( 'NONE', #3919, #5216, #2137 ) ;
#701 = CARTESIAN_POINT ( 'NONE',  ( 7.630498711763928910, 6.533253831555560609, 18.09999999999999787 ) ) ;
#702 = CARTESIAN_POINT ( 'NONE',  ( 8.209801472566045533, 36.16900472935827793, 20.10000000000000142 ) ) ;
#703 = CARTESIAN_POINT ( 'NONE',  ( 48.94115989953368029, 22.83811466767775400, -22.04106919000455278 ) ) ;
#704 = CARTESIAN_POINT ( 'NONE',  ( -34.15307648475368296, -15.56495588323782719, -13.14809138725794568 ) ) ;
#705 = DIRECTION ( 'NONE',  ( -0.4686024488652369979, 0.8834091605351979126, -1.110223024625156294E-16 ) ) ;
#706 = CARTESIAN_POINT ( 'NONE',  ( 0.1480983826556548366, -0.3335173167576945819, -14.70000000000000284 ) ) ;
#707 = FACE_OUTER_BOUND ( 'NONE', #5159, .T. ) ;
#708 = CARTESIAN_POINT ( 'NONE',  ( -17.35023093092602764, -8.103651400680032424, -14.70000000000010409 ) ) ;
#709 = ORIENTED_EDGE ( 'NONE', *, *, #5117, .F. ) ;
#710 = ORIENTED_EDGE ( 'NONE', *, *, #1768, .T. ) ;
#711 = DIRECTION ( 'NONE',  ( 0.000000000000000000, 0.000000000000000000, -1.000000000000000000 ) ) ;
#712 = AXIS2_PLACEMENT_3D ( 'NONE', #1898, #7860, #5820 ) ;
#713 = ORIENTED_EDGE ( 'NONE', *, *, #7940, .T. ) ;
#714 = EDGE_LOOP ( 'NONE', ( #7976, #4678 ) ) ;
#715 = EDGE_CURVE ( 'NONE', #4769, #49, #8068, .T. ) ;
#716 = CARTESIAN_POINT ( 'NONE',  ( -5.208169604424377930, 21.78802131406087739, 12.49999999999999822 ) ) ;
#717 = CARTESIAN_POINT ( 'NONE',  ( -1.350233715278489344, -1.819469828328178718, -89.50000000000001421 ) ) ;
#718 = FACE_OUTER_BOUND ( 'NONE', #3477, .T. ) ;
#719 = DIRECTION ( 'NONE',  ( 1.000000000000000000, 0.000000000000000000, 0.000000000000000000 ) ) ;
#720 = ORIENTED_EDGE ( 'NONE', *, *, #3627, .F. ) ;
#721 = CIRCLE ( 'NONE', #1817, 17.00000000000000000 ) ;
#722 = LINE ( 'NONE', #3299, #7713 ) ;
#723 = CARTESIAN_POINT ( 'NONE',  ( 53.00145975643907548, 26.01452959815232191, -11.61811063187713700 ) ) ;
#724 = ORIENTED_EDGE ( 'NONE', *, *, #5227, .F. ) ;
#725 = VERTEX_POINT ( 'NONE', #4124 ) ;
#726 = CARTESIAN_POINT ( 'NONE',  ( -46.55455458136476210, -20.82996733915648235, -20.46893875283255326 ) ) ;
#727 = VECTOR ( 'NONE', #4337, 1000.000000000000000 ) ;
#728 = CARTESIAN_POINT ( 'NONE',  ( -32.85222994078263525, -0.5444370143566250597, 5.499999999999999112 ) ) ;
#729 = CARTESIAN_POINT ( 'NONE',  ( -28.53648040877984116, -14.94987561437500823, -1.440688216499799612 ) ) ;
#730 = ORIENTED_EDGE ( 'NONE', *, *, #5224, .T. ) ;
#731 = DIRECTION ( 'NONE',  ( 1.000000000000000000, 0.000000000000000000, 0.000000000000000000 ) ) ;
#732 = CARTESIAN_POINT ( 'NONE',  ( 50.64802512795567679, 23.92233839120259375, -22.07663646782956590 ) ) ;
#733 = EDGE_CURVE ( 'NONE', #303, #4112, #4754, .T. ) ;
#734 = VECTOR ( 'NONE', #8183, 999.9999999999998863 ) ;
#735 = DIRECTION ( 'NONE',  ( -1.000000000000000000, 0.000000000000000000, 0.000000000000000000 ) ) ;
#736 = EDGE_CURVE ( 'NONE', #6419, #8258, #5417, .T. ) ;
#737 = CARTESIAN_POINT ( 'NONE',  ( 32.08414255442611562, 32.32612180675754843, 5.499999999999999112 ) ) ;
#738 = ORIENTED_EDGE ( 'NONE', *, *, #1358, .F. ) ;
#739 = CARTESIAN_POINT ( 'NONE',  ( -2.569501288236065495, 15.63800383155555096, -12.50000000000000178 ) ) ;
#740 = EDGE_CURVE ( 'NONE', #8129, #6815, #7386, .T. ) ;
#741 = DIRECTION ( 'NONE',  ( -1.000000000000000000, -1.172110456741086321E-16, 0.000000000000000000 ) ) ;
#742 = CARTESIAN_POINT ( 'NONE',  ( 3.571152655094366857, 22.21769752870136827, 12.49999999999999822 ) ) ;
#743 = CARTESIAN_POINT ( 'NONE',  ( 28.22700005846794369, 3.781549690352192350, 15.09999999999999964 ) ) ;
#744 = DIRECTION ( 'NONE',  ( -0.2324883659477480213, 0.9725991773073561220, -1.110223024625156417E-16 ) ) ;
#745 = PLANE ( 'NONE',  #8247 ) ;
#746 = CARTESIAN_POINT ( 'NONE',  ( -47.48034082401819234, -18.74509822712701634, -11.88755109558137590 ) ) ;
#747 = CARTESIAN_POINT ( 'NONE',  ( 17.96149960956662639, 7.733701070753433271, 15.99999999999999645 ) ) ;
#748 = DIRECTION ( 'NONE',  ( -0.000000000000000000, -0.000000000000000000, -1.000000000000000000 ) ) ;
#749 = CYLINDRICAL_SURFACE ( 'NONE', #2762, 30.00000000000000355 ) ;
#750 = ORIENTED_EDGE ( 'NONE', *, *, #1149, .F. ) ;
#751 = VERTEX_POINT ( 'NONE', #4243 ) ;
#752 = CARTESIAN_POINT ( 'NONE',  ( -42.72364194264090287, -17.13697276659250335, -22.15000000000000213 ) ) ;
#753 = EDGE_CURVE ( 'NONE', #1286, #4796, #6657, .T. ) ;
#754 = ORIENTED_EDGE ( 'NONE', *, *, #3150, .F. ) ;
#755 = CARTESIAN_POINT ( 'NONE',  ( 37.53390943626646248, 23.70781743005583664, 6.628595580677766996 ) ) ;
#756 = ORIENTED_EDGE ( 'NONE', *, *, #1768, .F. ) ;
#757 = B_SPLINE_CURVE_WITH_KNOTS ( 'NONE', 3,
 ( #2232, #3577, #3454, #2272 ),
 .UNSPECIFIED., .F., .F.,
 ( 4, 4 ),
 ( 0.0002749235595846949301, 0.0005525608102317578884 ),
 .UNSPECIFIED. ) ;
#758 = VECTOR ( 'NONE', #6995, 1000.000000000000000 ) ;
#759 = EDGE_CURVE ( 'NONE', #5234, #2668, #6822, .T. ) ;
#760 = CARTESIAN_POINT ( 'NONE',  ( 35.46341267386541318, 23.21288959110436423, -4.416592578647401623 ) ) ;
#761 = EDGE_CURVE ( 'NONE', #6527, #7849, #359, .T. ) ;
#762 = CARTESIAN_POINT ( 'NONE',  ( -42.22019336085499219, 2.954820230664176428, 7.970196636405506574 ) ) ;
#763 = ORIENTED_EDGE ( 'NONE', *, *, #1566, .T. ) ;
#764 = CARTESIAN_POINT ( 'NONE',  ( -44.64159134178034094, -17.77682402799435835, -22.15000000000000213 ) ) ;
#765 = CARTESIAN_POINT ( 'NONE',  ( 51.77563549721380554, 28.77508383528921598, -7.029530200599914735 ) ) ;
#766 = ORIENTED_EDGE ( 'NONE', *, *, #7874, .F. ) ;
#767 = ORIENTED_EDGE ( 'NONE', *, *, #6518, .F. ) ;
#768 = CARTESIAN_POINT ( 'NONE',  ( 29.19808062163768270, 34.66810867904160887, 1.305171413906692779 ) ) ;
#769 = DIRECTION ( 'NONE',  ( 1.000000000000000000, 0.000000000000000000, 0.000000000000000000 ) ) ;
#770 = CARTESIAN_POINT ( 'NONE',  ( -2.569501288236065495, 15.63800383155555096, -12.50000000000000178 ) ) ;
#771 = CARTESIAN_POINT ( 'NONE',  ( -24.56209648797328526, -10.13531119866684094, 15.72329419238872106 ) ) ;
#772 = ORIENTED_EDGE ( 'NONE', *, *, #3751, .T. ) ;
#773 = CARTESIAN_POINT ( 'NONE',  ( -38.42450437646652261, 22.30218152664974696, 15.59999999999999964 ) ) ;
#774 = FACE_OUTER_BOUND ( 'NONE', #3669, .T. ) ;
#775 = AXIS2_PLACEMENT_3D ( 'NONE', #7895, #1426, #4037 ) ;
#776 = DIRECTION ( 'NONE',  ( 0.1922457140112512897, 0.1019763167442603313, 0.9760340241341889378 ) ) ;
#777 = DIRECTION ( 'NONE',  ( -0.4058374489394844242, 0.9139452746408240902, 0.000000000000000000 ) ) ;
#778 = EDGE_LOOP ( 'NONE', ( #6908, #4848, #5122 ) ) ;
#779 = CARTESIAN_POINT ( 'NONE',  ( 44.91929871423925391, 21.33385828521333138, -7.625101180431899550 ) ) ;
#780 = CARTESIAN_POINT ( 'NONE',  ( 50.77155242627188159, 10.19324817175115072, -7.672778918891237865 ) ) ;
#781 = CARTESIAN_POINT ( 'NONE',  ( -21.52550218603879628, 23.54230659235769707, 12.49999999999999822 ) ) ;
#782 = CARTESIAN_POINT ( 'NONE',  ( -23.10050218603879912, 23.54230659235769707, 16.60000000000000142 ) ) ;
#783 = CARTESIAN_POINT ( 'NONE',  ( 23.09476887493236674, 9.035334902107145183, -21.35000000000000497 ) ) ;
#784 = AXIS2_PLACEMENT_3D ( 'NONE', #815, #138, #769 ) ;
#785 = EDGE_CURVE ( 'NONE', #7237, #3646, #6127, .T. ) ;
#786 = EDGE_CURVE ( 'NONE', #1007, #53, #2178, .T. ) ;
#787 = CARTESIAN_POINT ( 'NONE',  ( -50.41687901391179594, -22.78689828135678042, -12.68076278181789185 ) ) ;
#788 = EDGE_CURVE ( 'NONE', #2176, #7752, #4340, .T. ) ;
#789 = EDGE_CURVE ( 'NONE', #5702, #3697, #6063, .T. ) ;
#790 = CARTESIAN_POINT ( 'NONE',  ( -10.47380404903821649, -4.892997066247143145, 12.49999999999999822 ) ) ;
#791 = ADVANCED_FACE ( 'NONE', ( #4836 ), #867, .F. ) ;
#792 = CARTESIAN_POINT ( 'NONE',  ( 23.09476887493236674, 9.035334902107145183, -14.70000000000000284 ) ) ;
#793 = DIRECTION ( 'NONE',  ( -0.4058374489394845908, 0.9139452746408240902, -0.000000000000000000 ) ) ;
#794 = DIRECTION ( 'NONE',  ( 0.4058374489394845908, -0.9139452746408239792, 0.000000000000000000 ) ) ;
#795 = ORIENTED_EDGE ( 'NONE', *, *, #2901, .T. ) ;
#796 = CARTESIAN_POINT ( 'NONE',  ( 35.69445526519615441, 31.25933478873520244, 2.737565563552170289 ) ) ;
#797 = ORIENTED_EDGE ( 'NONE', *, *, #318, .T. ) ;
#798 = CARTESIAN_POINT ( 'NONE',  ( -41.91172569679716986, -18.96540683109807546, -20.31630695402709819 ) ) ;
#799 = DIRECTION ( 'NONE',  ( -1.000000000000000000, 0.000000000000000000, 0.000000000000000000 ) ) ;
#800 = FACE_OUTER_BOUND ( 'NONE', #3116, .T. ) ;
#801 = EDGE_LOOP ( 'NONE', ( #3684, #763, #6693, #1120, #252, #7413 ) ) ;
#802 = EDGE_CURVE ( 'NONE', #5502, #1535, #7348, .T. ) ;
#803 = DIRECTION ( 'NONE',  ( 0.9139452746408235351, 0.4058374489394859230, 0.000000000000000000 ) ) ;
#804 = VECTOR ( 'NONE', #6040, 1000.000000000000227 ) ;
#805 = CIRCLE ( 'NONE', #5524, 1.574999999999999956 ) ;
#806 = EDGE_CURVE ( 'NONE', #53, #7570, #1443, .T. ) ;
#807 = CARTESIAN_POINT ( 'NONE',  ( 6.909801472566043934, 36.16900472935827793, 12.49999999999999822 ) ) ;
#808 = ORIENTED_EDGE ( 'NONE', *, *, #3893, .F. ) ;
#809 = VECTOR ( 'NONE', #3059, 1000.000000000000114 ) ;
#810 = CIRCLE ( 'NONE', #4993, 2.100000000000000977 ) ;
#811 = LINE ( 'NONE', #214, #6087 ) ;
#812 = CARTESIAN_POINT ( 'NONE',  ( 33.58098476249934095, 28.95523558980950796, 5.499999999999999112 ) ) ;
#813 = ORIENTED_EDGE ( 'NONE', *, *, #5642, .F. ) ;
#814 = DIRECTION ( 'NONE',  ( -0.000000000000000000, -0.000000000000000000, -1.000000000000000000 ) ) ;
#815 = CARTESIAN_POINT ( 'NONE',  ( -1.960745114826851099, 14.26708591959435424, 6.000000000000411227 ) ) ;
#816 = CARTESIAN_POINT ( 'NONE',  ( -38.97714578355761006, -16.33468652346009975, 2.530730372429091712 ) ) ;
#817 = ADVANCED_FACE ( 'NONE', ( #279 ), #4166, .F. ) ;
#818 = CARTESIAN_POINT ( 'NONE',  ( -23.66381594823183931, -15.84508652104386606, 4.674482779604616667 ) ) ;
#819 = ORIENTED_EDGE ( 'NONE', *, *, #2801, .F. ) ;
#820 = CARTESIAN_POINT ( 'NONE',  ( -0.4395012882360722628, -4.451996168444437352, 18.09999999999999787 ) ) ;
#821 = AXIS2_PLACEMENT_3D ( 'NONE', #6110, #8032, #8073 ) ;
#822 = CARTESIAN_POINT ( 'NONE',  ( 46.94055030491804814, 32.27156565995156257, -3.212004222436768863 ) ) ;
#823 = FACE_BOUND ( 'NONE', #3267, .T. ) ;
#824 = ORIENTED_EDGE ( 'NONE', *, *, #3504, .F. ) ;
#825 = ORIENTED_EDGE ( 'NONE', *, *, #6818, .T. ) ;
#826 = CARTESIAN_POINT ( 'NONE',  ( 46.20736166986176130, 33.92270527306784089, -2.675592887101985617 ) ) ;
#827 = AXIS2_PLACEMENT_3D ( 'NONE', #5568, #6244, #8163 ) ;
#828 = CARTESIAN_POINT ( 'NONE',  ( 21.93049871176480892, 0.000000000000000000, 18.09999999999999787 ) ) ;
#829 = CARTESIAN_POINT ( 'NONE',  ( 26.51187246540082754, 29.37032337709918295, 23.50000000000000000 ) ) ;
#830 = DIRECTION ( 'NONE',  ( -0.4058374489394845352, 0.9139452746408240902, -0.000000000000000000 ) ) ;
#831 = CARTESIAN_POINT ( 'NONE',  ( 49.48556080907277988, 21.61212470523441098, -20.18153296664787888 ) ) ;
#832 = DIRECTION ( 'NONE',  ( -1.000000000000000000, 0.000000000000000000, 0.000000000000000000 ) ) ;
#833 = B_SPLINE_CURVE_WITH_KNOTS ( 'NONE', 3,
 ( #575, #8361, #1384, #6444, #2688, #7217, #1424, #5301, #779, #4663, #1462, #6573, #2732, #5938, #7893, #7258, #3352, #148, #2090, #7571, #6209, #2990, #3622, #2408 ),
 .UNSPECIFIED., .F., .F.,
 ( 4, 2, 2, 2, 2, 2, 2, 2, 2, 2, 2, 4 ),
 ( -0.003105886853948823523, -0.001460234518777151153, 0.0001854178163945212170, 0.001831070151566194237, 0.003476722486737865957, 0.004299548654323699648, 0.005122374821909532472, 0.006768027157081187711, 0.007590853324667011862, 0.008413679492252837747, 0.009236505659838661897, 0.01005933182742448605 ),
 .UNSPECIFIED. ) ;
#834 = CARTESIAN_POINT ( 'NONE',  ( -45.78664134112541717, -1.377228083537124448, 3.154816932867278823 ) ) ;
#835 = CARTESIAN_POINT ( 'NONE',  ( -34.15307648475368296, -15.56495588323782719, -13.14809138725794568 ) ) ;
#836 = AXIS2_PLACEMENT_3D ( 'NONE', #7732, #6497, #3233 ) ;
#837 = CARTESIAN_POINT ( 'NONE',  ( -2.569501288236065495, 15.63800383155555096, 20.10000000000000142 ) ) ;
#838 = CARTESIAN_POINT ( 'NONE',  ( -25.34835946846558841, -15.36746765721508901, 2.982897372095921540 ) ) ;
#839 = ORIENTED_EDGE ( 'NONE', *, *, #1774, .F. ) ;
#840 = PRODUCT ( 'Part1', 'Part1', '', ( #2556 ) ) ;
#841 = CARTESIAN_POINT ( 'NONE',  ( 39.81167791255722221, 17.27909733191434327, -14.70000000000005258 ) ) ;
#842 = ORIENTED_EDGE ( 'NONE', *, *, #4765, .F. ) ;
#843 = FACE_OUTER_BOUND ( 'NONE', #1944, .T. ) ;
#844 = EDGE_LOOP ( 'NONE', ( #6985, #5252, #5230, #3675 ) ) ;
#845 = ADVANCED_FACE ( 'NONE', ( #1634 ), #6021, .T. ) ;
#846 = DIRECTION ( 'NONE',  ( 0.000000000000000000, 0.000000000000000000, -1.000000000000000000 ) ) ;
#847 = ORIENTED_EDGE ( 'NONE', *, *, #7651, .F. ) ;
#848 = VERTEX_POINT ( 'NONE', #229 ) ;
#849 = CARTESIAN_POINT ( 'NONE',  ( 33.01806129375795251, 6.442319859215634104, -7.693043215730289042 ) ) ;
#850 = ORIENTED_EDGE ( 'NONE', *, *, #5687, .F. ) ;
#851 = VECTOR ( 'NONE', #4975, 1000.000000000000114 ) ;
#852 = DIRECTION ( 'NONE',  ( 1.000000000000000000, 0.000000000000000000, 0.000000000000000000 ) ) ;
#853 = CARTESIAN_POINT ( 'NONE',  ( 52.40028628856389759, 27.36837126958887367, -9.026168329383255085 ) ) ;
#854 = ORIENTED_EDGE ( 'NONE', *, *, #3156, .F. ) ;
#855 = CARTESIAN_POINT ( 'NONE',  ( 39.10191865614697093, 17.54086150552342360, 2.135934467446104712 ) ) ;
#856 = AXIS2_PLACEMENT_3D ( 'NONE', #2918, #8016, #4072 ) ;
#857 = DIRECTION ( 'NONE',  ( 0.4058374489394847018, -0.9139452746408240902, -2.220446049250313081E-16 ) ) ;
#858 = LINE ( 'NONE', #312, #1907 ) ;
#859 = CARTESIAN_POINT ( 'NONE',  ( 49.48556080907277988, 21.61212470523441098, -20.18153296664787888 ) ) ;
#860 = ORIENTED_EDGE ( 'NONE', *, *, #8367, .F. ) ;
#861 = CARTESIAN_POINT ( 'NONE',  ( -34.77151501752836538, -1.396695657129539914, 5.499999999999999112 ) ) ;
#862 = FACE_OUTER_BOUND ( 'NONE', #2939, .T. ) ;
#863 = CARTESIAN_POINT ( 'NONE',  ( 50.64802512795568390, 23.92233839120259731, -22.07663646782956590 ) ) ;
#864 = VERTEX_POINT ( 'NONE', #4208 ) ;
#865 = AXIS2_PLACEMENT_3D ( 'NONE', #7687, #4459, #3998 ) ;
#866 = EDGE_LOOP ( 'NONE', ( #7058, #295, #1116, #1912 ) ) ;
#867 = CYLINDRICAL_SURFACE ( 'NONE', #4005, 32.16057989992779653 ) ;
#868 = DIRECTION ( 'NONE',  ( 0.000000000000000000, 0.000000000000000000, 1.000000000000000000 ) ) ;
#869 = EDGE_CURVE ( 'NONE', #428, #8046, #7304, .T. ) ;
#870 = CARTESIAN_POINT ( 'NONE',  ( -44.44846037461436339, -18.18076590493257427, -13.56279912685057099 ) ) ;
#871 = CARTESIAN_POINT ( 'NONE',  ( -11.66950128823607002, -7.480043280015778784, 14.45000000000000107 ) ) ;
#872 = FACE_OUTER_BOUND ( 'NONE', #6638, .T. ) ;
#873 = CARTESIAN_POINT ( 'NONE',  ( 40.72819804441031266, 21.95708326927874765, 2.804700528873955268 ) ) ;
#874 = ADVANCED_FACE ( 'NONE', ( #5680, #1842 ), #7506, .T. ) ;
#875 = AXIS2_PLACEMENT_3D ( 'NONE', #2343, #5590, #2302 ) ;
#876 = B_SPLINE_CURVE_WITH_KNOTS ( 'NONE', 3,
 ( #3975, #4729, #7368, #888 ),
 .UNSPECIFIED., .F., .F.,
 ( 4, 4 ),
 ( 0.009683290353204001416, 0.01139732531143767061 ),
 .UNSPECIFIED. ) ;
#877 = FACE_OUTER_BOUND ( 'NONE', #7158, .T. ) ;
#878 = CARTESIAN_POINT ( 'NONE',  ( -33.35121033232620391, -15.25862915751926430, -11.62969681968795932 ) ) ;
#879 = CARTESIAN_POINT ( 'NONE',  ( 38.13338489074126159, 26.60009945077927185, -3.183803752492271322 ) ) ;
#880 = LINE ( 'NONE', #6075, #8171 ) ;
#881 = ORIENTED_EDGE ( 'NONE', *, *, #7607, .F. ) ;
#882 = CARTESIAN_POINT ( 'NONE',  ( -11.86434165587271750, 46.42613209619339898, 12.49999999999999822 ) ) ;
#883 = EDGE_LOOP ( 'NONE', ( #3207, #585 ) ) ;
#884 = CARTESIAN_POINT ( 'NONE',  ( -26.36907315152133791, -12.10846877952481471, -10.46107186641805775 ) ) ;
#885 = DIRECTION ( 'NONE',  ( 1.000000000000000000, 0.000000000000000000, 0.000000000000000000 ) ) ;
#886 = CARTESIAN_POINT ( 'NONE',  ( -20.25529010394440022, -8.994362672912272316, -14.70000000000000284 ) ) ;
#887 = CARTESIAN_POINT ( 'NONE',  ( -32.85222994078263525, -0.5444370143566226172, -10.00000000000000178 ) ) ;
#888 = CARTESIAN_POINT ( 'NONE',  ( 41.04634935357680803, 17.82735325248763658, -14.70000000000000284 ) ) ;
#889 = ORIENTED_EDGE ( 'NONE', *, *, #1784, .T. ) ;
#890 = EDGE_CURVE ( 'NONE', #623, #6710, #6310, .T. ) ;
#891 = ORIENTED_EDGE ( 'NONE', *, *, #6799, .F. ) ;
#892 = EDGE_CURVE ( 'NONE', #3047, #7505, #7385, .T. ) ;
#893 = EDGE_CURVE ( 'NONE', #5197, #1170, #6911, .T. ) ;
#894 = CARTESIAN_POINT ( 'NONE',  ( 33.98019955212699017, 7.249358620321203261, -3.700000000000003730 ) ) ;
#895 = EDGE_CURVE ( 'NONE', #2198, #6951, #1850, .T. ) ;
#896 = ORIENTED_EDGE ( 'NONE', *, *, #170, .T. ) ;
#897 = CARTESIAN_POINT ( 'NONE',  ( 35.10645645549550409, 10.56578799446169015, 4.315760646191618477 ) ) ;
#898 = EDGE_CURVE ( 'NONE', #7905, #162, #7037, .T. ) ;
#899 = CARTESIAN_POINT ( 'NONE',  ( 51.57780154098691128, 29.22060558280046649, -6.498483102590990157 ) ) ;
#900 = VECTOR ( 'NONE', #1210, 1000.000000000000000 ) ;
#901 = EDGE_CURVE ( 'NONE', #5277, #4616, #1600, .T. ) ;
#902 = ORIENTED_EDGE ( 'NONE', *, *, #785, .T. ) ;
#903 = CARTESIAN_POINT ( 'NONE',  ( 40.57410929188741733, 21.52694900061340277, 2.813735736022707989 ) ) ;
#904 = DIRECTION ( 'NONE',  ( -0.9139452746408240902, -0.4058374489394843132, 6.179952383167357130E-15 ) ) ;
#905 = CARTESIAN_POINT ( 'NONE',  ( -20.85651692632217191, -17.10088831604766924, 5.886796564403917742 ) ) ;
#906 = CARTESIAN_POINT ( 'NONE',  ( -29.10007957524364386, -14.47192136484003200, 9.867984464068687345 ) ) ;
#907 = VERTEX_POINT ( 'NONE', #4414 ) ;
#908 = CYLINDRICAL_SURFACE ( 'NONE', #6763, 26.50000000000001421 ) ;
#909 = LINE ( 'NONE', #2847, #1828 ) ;
#910 = ORIENTED_EDGE ( 'NONE', *, *, #4041, .F. ) ;
#911 = ORIENTED_EDGE ( 'NONE', *, *, #6728, .F. ) ;
#912 = CARTESIAN_POINT ( 'NONE',  ( -34.15307648475368296, -15.56495588323782719, -13.14809138725794568 ) ) ;
#913 = CARTESIAN_POINT ( 'NONE',  ( 4.130498711763927133, 23.60496686648925646, 20.10000000000000142 ) ) ;
#914 = CARTESIAN_POINT ( 'NONE',  ( -47.19029619853683499, -19.39827825175102660, -13.56279912685057099 ) ) ;
#915 = CARTESIAN_POINT ( 'NONE',  ( -19.36983980808586381, -16.89583081970099698, -8.021428571428581122 ) ) ;
#916 = DIRECTION ( 'NONE',  ( 0.000000000000000000, 0.000000000000000000, 1.000000000000000000 ) ) ;
#917 = CARTESIAN_POINT ( 'NONE',  ( -8.049818085922090916, 18.12817723098731193, -22.15000000000000213 ) ) ;
#918 = CARTESIAN_POINT ( 'NONE',  ( 43.70831361096043111, 39.55295753943133974, -2.674618696605041812 ) ) ;
#919 = DIRECTION ( 'NONE',  ( 1.000000000000000000, 0.000000000000000000, 0.000000000000000000 ) ) ;
#920 = DIRECTION ( 'NONE',  ( -0.8718344350502134077, -0.3871381283276792429, -0.3000479752566519998 ) ) ;
#921 = ORIENTED_EDGE ( 'NONE', *, *, #6302, .F. ) ;
#922 = VECTOR ( 'NONE', #3961, 1000.000000000000000 ) ;
#923 = CARTESIAN_POINT ( 'NONE',  ( 9.630498711763927133, 11.53325383155556061, 20.19999999999999929 ) ) ;
#924 = ORIENTED_EDGE ( 'NONE', *, *, #4649, .T. ) ;
#925 = CARTESIAN_POINT ( 'NONE',  ( -49.73753745010105831, -6.269772937221071096, -2.407444835499582769 ) ) ;
#926 = CARTESIAN_POINT ( 'NONE',  ( 49.16655220279973548, 22.33053156747663337, -14.70000000000004547 ) ) ;
#927 = CARTESIAN_POINT ( 'NONE',  ( -42.66820888431755066, -17.26180792373706652, -22.14999999999989555 ) ) ;
#928 = DIRECTION ( 'NONE',  ( 1.000000000000000000, 0.000000000000000000, 0.000000000000000000 ) ) ;
#929 = CYLINDRICAL_SURFACE ( 'NONE', #6606, 2.100000000000004530 ) ;
#930 = VERTEX_POINT ( 'NONE', #1080 ) ;
#931 = EDGE_LOOP ( 'NONE', ( #264, #4365, #2240, #8219, #1827, #562, #8308, #8025 ) ) ;
#932 = AXIS2_PLACEMENT_3D ( 'NONE', #6027, #916, #286 ) ;
#933 = CIRCLE ( 'NONE', #2281, 1.499999999999742872 ) ;
#934 = DIRECTION ( 'NONE',  ( 0.000000000000000000, 0.000000000000000000, 1.000000000000000000 ) ) ;
#935 = ADVANCED_FACE ( 'NONE', ( #1208 ), #5891, .F. ) ;
#936 = ORIENTED_EDGE ( 'NONE', *, *, #341, .F. ) ;
#937 = CARTESIAN_POINT ( 'NONE',  ( 36.67070395198921062, 13.27092502411513664, 0.6709491434379872832 ) ) ;
#938 = CARTESIAN_POINT ( 'NONE',  ( -26.71131391566753166, -12.26044080946917170, -14.69999999999856755 ) ) ;
#939 = AXIS2_PLACEMENT_3D ( 'NONE', #8125, #7527, #1730 ) ;
#940 = ORIENTED_EDGE ( 'NONE', *, *, #2754, .F. ) ;
#941 = CARTESIAN_POINT ( 'NONE',  ( 37.62987111651568739, 14.52215927479897495, -0.4657670247081395209 ) ) ;
#942 = CARTESIAN_POINT ( 'NONE',  ( -20.96422342797238869, -17.04055420808000321, 6.025083415491347516 ) ) ;
#943 = CARTESIAN_POINT ( 'NONE',  ( -21.20516172694908619, -16.90420125925595585, 5.894534505491439980 ) ) ;
#944 = ORIENTED_EDGE ( 'NONE', *, *, #7620, .F. ) ;
#945 = AXIS2_PLACEMENT_3D ( 'NONE', #5265, #793, #2059 ) ;
#946 = VECTOR ( 'NONE', #5903, 1000.000000000000000 ) ;
#947 = AXIS2_PLACEMENT_3D ( 'NONE', #6299, #6175, #2998 ) ;
#948 = PLANE ( 'NONE',  #2964 ) ;
#949 = EDGE_CURVE ( 'NONE', #6754, #2116, #86, .T. ) ;
#950 = PLANE ( 'NONE',  #466 ) ;
#951 = EDGE_CURVE ( 'NONE', #7072, #3520, #1999, .T. ) ;
#952 = ORIENTED_EDGE ( 'NONE', *, *, #5130, .T. ) ;
#953 =( BOUNDED_CURVE ( )  B_SPLINE_CURVE ( 3, ( #3924, #77, #2660, #5220 ),
 .UNSPECIFIED., .F., .T. ) 
 B_SPLINE_CURVE_WITH_KNOTS ( ( 4, 4 ),
 ( 4.994058823019758897, 6.038051238738206372 ),
 .UNSPECIFIED. ) 
 CURVE ( )  GEOMETRIC_REPRESENTATION_ITEM ( )  RATIONAL_B_SPLINE_CURVE ( ( 1.000000000000000000, 0.9112170501585996618, 0.9112170501585996618, 1.000000000000000000 ) ) 
 REPRESENTATION_ITEM ( '' )  );
#954 = ORIENTED_EDGE ( 'NONE', *, *, #606, .F. ) ;
#955 = CARTESIAN_POINT ( 'NONE',  ( 7.560498711763927737, -4.451996168444437352, 18.09999999999999787 ) ) ;
#956 = VECTOR ( 'NONE', #5599, 1000.000000000000000 ) ;
#957 = DIRECTION ( 'NONE',  ( 0.8921444832232212629, 0.3961568063241389659, -0.2171128873591576802 ) ) ;
#958 = CARTESIAN_POINT ( 'NONE',  ( -2.569501288236065495, 15.63800383155555096, 11.09999999999999787 ) ) ;
#959 = CARTESIAN_POINT ( 'NONE',  ( 37.47004393574538739, 26.30554286361556393, 2.091485220405552070 ) ) ;
#960 = CARTESIAN_POINT ( 'NONE',  ( 0.000000000000000000, 0.000000000000000000, -12.50000000000000178 ) ) ;
#961 = ADVANCED_FACE ( 'NONE', ( #5927 ), #7206, .F. ) ;
#962 = VECTOR ( 'NONE', #4277, 1000.000000000000000 ) ;
#963 = CARTESIAN_POINT ( 'NONE',  ( -50.36699769321088382, -12.24435165482193355, -3.818833134536446128 ) ) ;
#964 = DIRECTION ( 'NONE',  ( 1.000000000000000000, 0.000000000000000000, 0.000000000000000000 ) ) ;
#966 = CIRCLE ( 'NONE', #5684, 26.50000000000001421 ) ;
#965 = CARTESIAN_POINT ( 'NONE',  ( -45.85774147336429962, -15.00706716370282834, -7.476053542682082664 ) ) ;
#967 = CARTESIAN_POINT ( 'NONE',  ( 0.000000000000000000, 3.033253831555559721, 18.09999999999999787 ) ) ;
#968 = VECTOR ( 'NONE', #3942, 1000.000000000000000 ) ;
#969 = CARTESIAN_POINT ( 'NONE',  ( -51.88114868039041028, -8.834486095491758562, -2.509335970678288064 ) ) ;
#970 = ORIENTED_EDGE ( 'NONE', *, *, #1724, .T. ) ;
#971 = CARTESIAN_POINT ( 'NONE',  ( -19.82735723516971049, -16.95753976960210352, -7.353751536247233211 ) ) ;
#972 = DIRECTION ( 'NONE',  ( -1.000000000000000000, 0.000000000000000000, -0.000000000000000000 ) ) ;
#973 = CARTESIAN_POINT ( 'NONE',  ( -41.94203142738992796, -18.89715837511607788, -20.71584643663986114 ) ) ;
#974 = DIRECTION ( 'NONE',  ( -0.4390552265429724654, -0.1949624972389873423, 0.8770519555394863387 ) ) ;
#975 = CARTESIAN_POINT ( 'NONE',  ( -28.86285952746079531, 3.462880363371011683, -15.33876833389873084 ) ) ;
#976 = EDGE_LOOP ( 'NONE', ( #5796, #357 ) ) ;
#977 = ORIENTED_EDGE ( 'NONE', *, *, #5309, .F. ) ;
#978 = FACE_OUTER_BOUND ( 'NONE', #467, .T. ) ;
#979 = ORIENTED_EDGE ( 'NONE', *, *, #116, .F. ) ;
#980 = CARTESIAN_POINT ( 'NONE',  ( 34.69171618901652465, 9.576855907034842019, 5.111642546426949707 ) ) ;
#981 = EDGE_CURVE ( 'NONE', #7657, #7582, #7748, .T. ) ;
#982 = CARTESIAN_POINT ( 'NONE',  ( -25.47861715255253401, -12.35028176714408410, -10.59523736784412229 ) ) ;
#983 = EDGE_LOOP ( 'NONE', ( #1986, #650, #2633 ) ) ;
#984 = CARTESIAN_POINT ( 'NONE',  ( -54.08820007025626353, -3.864209956775448429, -2.675592887099885964 ) ) ;
#985 = DIRECTION ( 'NONE',  ( 0.000000000000000000, 0.000000000000000000, -1.000000000000000000 ) ) ;
#986 = CARTESIAN_POINT ( 'NONE',  ( 32.48447089831211798, 24.09169888503756951, -4.488965390296136171 ) ) ;
#987 = ORIENTED_EDGE ( 'NONE', *, *, #2856, .T. ) ;
#988 = VECTOR ( 'NONE', #1055, 1000.000000000000000 ) ;
#989 = DIRECTION ( 'NONE',  ( -1.000000000000000000, 0.000000000000000000, -0.000000000000000000 ) ) ;
#990 = CARTESIAN_POINT ( 'NONE',  ( 14.43049871176450694, 31.13800383155554385, 18.09999999999999787 ) ) ;
#991 = ORIENTED_EDGE ( 'NONE', *, *, #7825, .T. ) ;
#992 = EDGE_LOOP ( 'NONE', ( #278, #1941 ) ) ;
#993 = DIRECTION ( 'NONE',  ( -0.000000000000000000, -0.000000000000000000, -1.000000000000000000 ) ) ;
#994 = DIRECTION ( 'NONE',  ( 0.9139452746408240902, 0.4058374489394847018, 1.387778780781445922E-16 ) ) ;
#995 = CARTESIAN_POINT ( 'NONE',  ( 33.69707523036836250, 22.79066745115988368, -4.183106957791461689 ) ) ;
#996 = CARTESIAN_POINT ( 'NONE',  ( -18.06950128823605439, 31.13800383155554385, 20.10000000000000142 ) ) ;
#997 = EDGE_CURVE ( 'NONE', #5735, #187, #2914, .T. ) ;
#998 = CARTESIAN_POINT ( 'NONE',  ( 43.17592356400307096, 18.77299079651493940, -14.70000000000000284 ) ) ;
#999 = EDGE_CURVE ( 'NONE', #3671, #1205, #3320, .T. ) ;
#1000 = CARTESIAN_POINT ( 'NONE',  ( -48.69524003365784637, -16.00914718388162683, -7.207184820282618531 ) ) ;
#1001 = EDGE_CURVE ( 'NONE', #6350, #2646, #8352, .T. ) ;
#1002 = DIRECTION ( 'NONE',  ( -0.000000000000000000, 0.000000000000000000, -1.000000000000000000 ) ) ;
#1003 = CARTESIAN_POINT ( 'NONE',  ( -45.40058528830383011, -16.03658214858324627, -8.985648140408121876 ) ) ;
#1004 = FACE_OUTER_BOUND ( 'NONE', #8180, .T. ) ;
#1005 = EDGE_CURVE ( 'NONE', #8090, #6631, #6562, .T. ) ;
#1006 = CARTESIAN_POINT ( 'NONE',  ( 29.41689079721130895, 5.899779425692302404, -12.25488669283781640 ) ) ;
#1007 = VERTEX_POINT ( 'NONE', #2722 ) ;
#1008 = DIRECTION ( 'NONE',  ( 0.000000000000000000, 0.000000000000000000, 1.000000000000000000 ) ) ;
#1009 = CARTESIAN_POINT ( 'NONE',  ( 35.64919179176916941, 23.30867853814082125, -4.914506795439191222 ) ) ;
#1010 = AXIS2_PLACEMENT_3D ( 'NONE', #2861, #2268, #5439 ) ;
#1011 = DIRECTION ( 'NONE',  ( -0.000000000000000000, -0.000000000000000000, -1.000000000000000000 ) ) ;
#1012 = CARTESIAN_POINT ( 'NONE',  ( 15.35737535980886825, 45.40694055502255111, 15.59999999999999964 ) ) ;
#1013 = CARTESIAN_POINT ( 'NONE',  ( -51.92406596982110756, -1.345002177408398447, -3.100686844395960318 ) ) ;
#1014 = VERTEX_POINT ( 'NONE', #768 ) ;
#1015 = EDGE_CURVE ( 'NONE', #3576, #3674, #5578, .T. ) ;
#1016 = VERTEX_POINT ( 'NONE', #5289 ) ;
#1017 = ORIENTED_EDGE ( 'NONE', *, *, #6058, .F. ) ;
#1018 = ORIENTED_EDGE ( 'NONE', *, *, #5640, .T. ) ;
#1019 = CARTESIAN_POINT ( 'NONE',  ( 35.37774131380752607, 11.11872903996553319, 3.725675635204445779 ) ) ;
#1020 = CARTESIAN_POINT ( 'NONE',  ( -16.23138822373392287, -12.88968790304202550, -13.43415421548666977 ) ) ;
#1021 = CARTESIAN_POINT ( 'NONE',  ( -34.77151501752836538, -1.396695657129539914, -10.00000000000000178 ) ) ;
#1022 = CARTESIAN_POINT ( 'NONE',  ( 15.35737535980886825, 45.40694055502255111, 15.59999999999999964 ) ) ;
#1023 = CARTESIAN_POINT ( 'NONE',  ( 35.75738422570856301, 11.83050255329163747, 2.862352749023007181 ) ) ;
#1024 = ORIENTED_EDGE ( 'NONE', *, *, #7988, .F. ) ;
#1025 = ORIENTED_EDGE ( 'NONE', *, *, #3672, .T. ) ;
#1026 = VECTOR ( 'NONE', #1555, 1000.000000000000227 ) ;
#1027 = UNCERTAINTY_MEASURE_WITH_UNIT (LENGTH_MEASURE( 1.000000000000000082E-05 ), #5295, 'distance_accuracy_value', 'NONE');
#1028 = CARTESIAN_POINT ( 'NONE',  ( 2.630498711763926689, 11.53325383155556061, 12.49999999999999822 ) ) ;
#1029 = DIRECTION ( 'NONE',  ( -1.000000000000000000, -1.084202172485504434E-16, 0.000000000000000000 ) ) ;
#1031 = ORIENTED_EDGE ( 'NONE', *, *, #6001, .T. ) ;
#1030 = ORIENTED_EDGE ( 'NONE', *, *, #893, .F. ) ;
#1032 = ORIENTED_EDGE ( 'NONE', *, *, #5450, .F. ) ;
#1033 = DIRECTION ( 'NONE',  ( -0.000000000000000000, -0.000000000000000000, 1.000000000000000000 ) ) ;
#1034 = CARTESIAN_POINT ( 'NONE',  ( -43.33876191278712753, 2.458119804308258605, 6.736382682932164911 ) ) ;
#1035 = DIRECTION ( 'NONE',  ( 0.4058374489394845908, -0.9139452746408239792, 0.000000000000000000 ) ) ;
#1036 = CYLINDRICAL_SURFACE ( 'NONE', #6874, 2.100000000000000977 ) ;
#1037 = CARTESIAN_POINT ( 'NONE',  ( -4.269501288236071446, 2.638003831554671219, 16.60000000000000142 ) ) ;
#1038 = B_SPLINE_CURVE_WITH_KNOTS ( 'NONE', 3,
 ( #290, #6705, #5312, #2858, #3404, #1473 ),
 .UNSPECIFIED., .F., .F.,
 ( 4, 2, 4 ),
 ( 0.000000000000000000, 0.002487884257853922778, 0.004975768515707845556 ),
 .UNSPECIFIED. ) ;
#1039 = CARTESIAN_POINT ( 'NONE',  ( -49.51370774581958756, -14.16595922788938466, -5.237502704102018569 ) ) ;
#1040 = CARTESIAN_POINT ( 'NONE',  ( 48.59003447550932719, 22.00829858374487813, -0.1626246772527766282 ) ) ;
#1041 = LINE ( 'NONE', #6919, #3085 ) ;
#1042 = DIRECTION ( 'NONE',  ( 0.4058374489394833695, -0.9139452746408245343, 0.000000000000000000 ) ) ;
#1043 = ADVANCED_FACE ( 'NONE', ( #7754 ), #4026, .F. ) ;
#1044 = CARTESIAN_POINT ( 'NONE',  ( 31.63748172372331169, 11.56462835698195946, -11.82903066402052872 ) ) ;
#1045 = ORIENTED_EDGE ( 'NONE', *, *, #2543, .T. ) ;
#1046 = CARTESIAN_POINT ( 'NONE',  ( -34.87358954275688205, -15.88489974585314002, -11.20588666978567183 ) ) ;
#1047 = PLANE ( 'NONE',  #7181 ) ;
#1048 = EDGE_CURVE ( 'NONE', #2385, #4749, #6663, .T. ) ;
#1049 = CARTESIAN_POINT ( 'NONE',  ( -41.98012496375978486, -18.81137179319621566, -20.96969781442291136 ) ) ;
#1050 = EDGE_CURVE ( 'NONE', #4394, #6170, #2551, .T. ) ;
#1051 = FACE_OUTER_BOUND ( 'NONE', #5071, .T. ) ;
#1052 = EDGE_CURVE ( 'NONE', #5887, #2991, #1960, .T. ) ;
#1053 = DIRECTION ( 'NONE',  ( 1.000000000000000000, 0.000000000000000000, 0.000000000000000000 ) ) ;
#1054 = ORIENTED_EDGE ( 'NONE', *, *, #4041, .T. ) ;
#1055 = DIRECTION ( 'NONE',  ( 1.000000000000000000, -0.000000000000000000, 0.000000000000000000 ) ) ;
#1056 = CIRCLE ( 'NONE', #110, 15.00000000000000000 ) ;
#1057 = EDGE_CURVE ( 'NONE', #3369, #6604, #1289, .T. ) ;
#1058 = ORIENTED_EDGE ( 'NONE', *, *, #6894, .T. ) ;
#1059 = CIRCLE ( 'NONE', #645, 2.099999999999997424 ) ;
#1060 = COLOUR_RGB ( '',1.000000000000000000, 1.000000000000000000, 1.000000000000000000 ) ;
#1061 = ORIENTED_EDGE ( 'NONE', *, *, #5531, .T. ) ;
#1062 = EDGE_LOOP ( 'NONE', ( #936, #3120, #2243, #7191, #1350 ) ) ;
#1063 = ADVANCED_FACE ( 'NONE', ( #4787 ), #4113, .F. ) ;
#1064 = CARTESIAN_POINT ( 'NONE',  ( 35.47042689364710100, 11.29921267854353140, 3.518539648794222874 ) ) ;
#1065 = CARTESIAN_POINT ( 'NONE',  ( -18.55356593178590785, -16.65785287296670703, -9.191794534128291616 ) ) ;
#1066 = EDGE_CURVE ( 'NONE', #4795, #2765, #6136, .T. ) ;
#1067 = CARTESIAN_POINT ( 'NONE',  ( -16.60980438939495230, -14.16628509516442413, -12.63094659408210241 ) ) ;
#1068 = CIRCLE ( 'NONE', #5780, 26.50000000000001421 ) ;
#1069 = DIRECTION ( 'NONE',  ( -0.000000000000000000, 0.000000000000000000, 1.000000000000000000 ) ) ;
#1070 = CARTESIAN_POINT ( 'NONE',  ( 35.39856900773625625, 23.19738947725256395, -3.183803752492269101 ) ) ;
#1071 = B_SPLINE_CURVE_WITH_KNOTS ( 'NONE', 3,
 ( #8282, #4144, #2153, #7236, #2868, #3413, #7404, #1482 ),
 .UNSPECIFIED., .F., .F.,
 ( 4, 2, 2, 4 ),
 ( 0.0001854017959102331964, 0.006994461914935050026, 0.01039899197444746522, 0.01380352203395988214 ),
 .UNSPECIFIED. ) ;
#1072 = EDGE_LOOP ( 'NONE', ( #2800, #6972, #319, #5496, #1309 ) ) ;
#1073 = ORIENTED_EDGE ( 'NONE', *, *, #6243, .F. ) ;
#1074 = VECTOR ( 'NONE', #404, 1000.000000000000000 ) ;
#1075 = CARTESIAN_POINT ( 'NONE',  ( 47.94558598554804263, 2.290283583593628602, -14.69999999999999218 ) ) ;
#1076 = CARTESIAN_POINT ( 'NONE',  ( 37.28746386392680989, 14.08255159841240634, -1.821242248229439697 ) ) ;
#1077 = ORIENTED_EDGE ( 'NONE', *, *, #5500, .F. ) ;
#1078 = EDGE_CURVE ( 'NONE', #6507, #4954, #3506, .T. ) ;
#1079 = ORIENTED_EDGE ( 'NONE', *, *, #5742, .T. ) ;
#1080 = CARTESIAN_POINT ( 'NONE',  ( -4.269501288236071446, -14.31379077244105247, 16.60000000000000142 ) ) ;
#1081 = CARTESIAN_POINT ( 'NONE',  ( -35.18208426901215091, -5.889473646858702338, 10.53206944167027537 ) ) ;
#1082 = CARTESIAN_POINT ( 'NONE',  ( 45.07498902775637362, 36.47280662051416300, -2.397531466759299956 ) ) ;
#1083 = CARTESIAN_POINT ( 'NONE',  ( 28.22700005846794369, 3.781549690352192350, 15.09999999999999964 ) ) ;
#1084 = CIRCLE ( 'NONE', #4048, 1.500000000000837552 ) ;
#1085 = MECHANICAL_DESIGN_GEOMETRIC_PRESENTATION_REPRESENTATION (  '', ( #7433 ), #7829 ) ;
#1086 = CARTESIAN_POINT ( 'NONE',  ( -36.67450437646652261, 22.30218152664974696, 20.10000000000000142 ) ) ;
#1087 = CIRCLE ( 'NONE', #8378, 9.000000000000000000 ) ;
#1088 = CARTESIAN_POINT ( 'NONE',  ( -50.49144624664335623, -11.96409371499242447, -3.658486961839578111 ) ) ;
#1089 = CARTESIAN_POINT ( 'NONE',  ( 40.29292602719678484, 17.25281509693348880, -9.922320202758031726 ) ) ;
#1090 = CARTESIAN_POINT ( 'NONE',  ( -43.81712747487676296, -19.60252656784883740, -19.90226640499236055 ) ) ;
#1091 = AXIS2_PLACEMENT_3D ( 'NONE', #1870, #3814, #1280 ) ;
#1092 = CARTESIAN_POINT ( 'NONE',  ( -41.24099273177321834, -16.77983529651340433, -22.14999999999999858 ) ) ;
#1093 = CARTESIAN_POINT ( 'NONE',  ( 26.45128265052313665, 7.428891911921699176, -14.08729076397704283 ) ) ;
#1094 = DIRECTION ( 'NONE',  ( 1.000000000000000000, 0.000000000000000000, 0.000000000000000000 ) ) ;
#1095 = VECTOR ( 'NONE', #2535, 1000.000000000000000 ) ;
#1096 = VECTOR ( 'NONE', #4420, 1000.000000000000000 ) ;
#1097 = CARTESIAN_POINT ( 'NONE',  ( -2.569501288236065495, 15.63800383155555096, -14.70000000000000284 ) ) ;
#1098 = CARTESIAN_POINT ( 'NONE',  ( 43.83260393507885055, 25.08245553862730048, -0.9981659180329889303 ) ) ;
#1099 = CYLINDRICAL_SURFACE ( 'NONE', #5720, 2.099999999999992095 ) ;
#1100 = FACE_OUTER_BOUND ( 'NONE', #4447, .T. ) ;
#1101 = VERTEX_POINT ( 'NONE', #4197 ) ;
#1102 = DIRECTION ( 'NONE',  ( 0.000000000000000000, -0.000000000000000000, -1.000000000000000000 ) ) ;
#1103 = AXIS2_PLACEMENT_3D ( 'NONE', #4522, #6643, #852 ) ;
#1104 = ORIENTED_EDGE ( 'NONE', *, *, #80, .F. ) ;
#1105 = AXIS2_PLACEMENT_3D ( 'NONE', #5746, #3162, #885 ) ;
#1106 = EDGE_CURVE ( 'NONE', #4193, #5384, #2165, .T. ) ;
#1107 = VERTEX_POINT ( 'NONE', #4827 ) ;
#1108 = AXIS2_PLACEMENT_3D ( 'NONE', #4665, #68, #6612 ) ;
#1109 = ADVANCED_FACE ( 'NONE', ( #5372 ), #219, .F. ) ;
#1110 = EDGE_LOOP ( 'NONE', ( #2902, #8065, #5878, #3274, #1572 ) ) ;
#1111 = CARTESIAN_POINT ( 'NONE',  ( -21.34283817657440352, -12.15698640279083698, -12.47950913049249877 ) ) ;
#1112 = VECTOR ( 'NONE', #2523, 1000.000000000000000 ) ;
#1113 = DIRECTION ( 'NONE',  ( 0.000000000000000000, 9.313951548868763532E-16, -1.000000000000000000 ) ) ;
#1114 = DIRECTION ( 'NONE',  ( 0.8428899450681748284, 0.4471091200181125380, 0.2993826569786536274 ) ) ;
#1115 = CARTESIAN_POINT ( 'NONE',  ( 30.11079150897308665, 29.85750565528586264, -3.722089568831215001 ) ) ;
#1116 = ORIENTED_EDGE ( 'NONE', *, *, #4820, .T. ) ;
#1117 = VERTEX_POINT ( 'NONE', #6011 ) ;
#1118 = DIRECTION ( 'NONE',  ( 0.000000000000000000, 0.000000000000000000, 1.000000000000000000 ) ) ;
#1119 = DIRECTION ( 'NONE',  ( -0.000000000000000000, -0.000000000000000000, -1.000000000000000000 ) ) ;
#1120 = ORIENTED_EDGE ( 'NONE', *, *, #7946, .T. ) ;
#1121 = EDGE_CURVE ( 'NONE', #7589, #4871, #5167, .T. ) ;
#1122 = EDGE_LOOP ( 'NONE', ( #2911, #6290, #551, #7465 ) ) ;
#1123 = DIRECTION ( 'NONE',  ( 0.000000000000000000, 0.000000000000000000, -1.000000000000000000 ) ) ;
#1124 = CARTESIAN_POINT ( 'NONE',  ( -42.96826122621369137, 2.622640654343162847, 7.150210555950434532 ) ) ;
#1125 = CARTESIAN_POINT ( 'NONE',  ( -46.95710089776355289, -12.53131152881223542, -4.871024401568834428 ) ) ;
#1126 = LINE ( 'NONE', #2390, #8108 ) ;
#1127 = VECTOR ( 'NONE', #3234, 1000.000000000000227 ) ;
#1128 = CYLINDRICAL_SURFACE ( 'NONE', #7147, 9.000000000000000000 ) ;
#1129 = CARTESIAN_POINT ( 'NONE',  ( -48.03347011008184353, -17.49945197495431159, -9.404870946420041733 ) ) ;
#1130 = CARTESIAN_POINT ( 'NONE',  ( 41.43456342303095852, 17.99973973115468340, -12.54557389799395395 ) ) ;
#1131 = DIRECTION ( 'NONE',  ( 2.478176394252581634E-16, -1.000000000000000000, 0.000000000000000000 ) ) ;
#1132 = CARTESIAN_POINT ( 'NONE',  ( -50.45177368901698856, -4.661314089373884251, -2.407444835499560121 ) ) ;
#1133 = EDGE_CURVE ( 'NONE', #2103, #5824, #3703, .T. ) ;
#1134 = CARTESIAN_POINT ( 'NONE',  ( 26.88847257246224132, 7.143942882344844314, -13.89808374073028929 ) ) ;
#1135 = CARTESIAN_POINT ( 'NONE',  ( 21.93049871176480892, 0.000000000000000000, 20.10000000000000142 ) ) ;
#1136 = EDGE_CURVE ( 'NONE', #8174, #7077, #8164, .T. ) ;
#1137 = B_SPLINE_CURVE_WITH_KNOTS ( 'NONE', 3,
 ( #7550, #1754, #6865, #8104, #4244, #444 ),
 .UNSPECIFIED., .F., .F.,
 ( 4, 2, 4 ),
 ( 0.000000000000000000, 0.003479336199942127065, 0.006958672399884254130 ),
 .UNSPECIFIED. ) ;
#1138 = DIRECTION ( 'NONE',  ( -0.000000000000000000, -0.000000000000000000, -1.000000000000000000 ) ) ;
#1139 = VECTOR ( 'NONE', #4527, 1000.000000000000227 ) ;
#1140 = LINE ( 'NONE', #4933, #2161 ) ;
#1141 = DIRECTION ( 'NONE',  ( 0.8942112454728210480, 0.000000000000000000, 0.4476452261221451345 ) ) ;
#1142 = CARTESIAN_POINT ( 'NONE',  ( 39.16564211928526618, 16.15189406091655755, -6.290827083658182772 ) ) ;
#1143 = ORIENTED_EDGE ( 'NONE', *, *, #7378, .F. ) ;
#1144 = LINE ( 'NONE', #8290, #5836 ) ;
#1145 = ORIENTED_EDGE ( 'NONE', *, *, #3681, .F. ) ;
#1146 = ORIENTED_EDGE ( 'NONE', *, *, #6626, .T. ) ;
#1147 = LINE ( 'NONE', #4514, #5806 ) ;
#1148 = VERTEX_POINT ( 'NONE', #8094 ) ;
#1149 = EDGE_CURVE ( 'NONE', #2823, #8224, #1542, .T. ) ;
#1150 = VECTOR ( 'NONE', #4363, 1000.000000000000000 ) ;
#1151 = ORIENTED_EDGE ( 'NONE', *, *, #1524, .F. ) ;
#1152 = CARTESIAN_POINT ( 'NONE',  ( -54.66275991370911669, -2.570302124232364704, -22.15000000000000213 ) ) ;
#1153 = EDGE_CURVE ( 'NONE', #1101, #5760, #311, .T. ) ;
#1154 = FACE_OUTER_BOUND ( 'NONE', #224, .T. ) ;
#1155 = ADVANCED_FACE ( 'NONE', ( #265 ), #1660, .T. ) ;
#1156 = CARTESIAN_POINT ( 'NONE',  ( -19.59741685523663079, -16.92630497441602344, -7.713622366322248958 ) ) ;
#1157 = CARTESIAN_POINT ( 'NONE',  ( -46.55896329879925588, -20.82003891466730039, -19.90226640499236410 ) ) ;
#1158 = EDGE_LOOP ( 'NONE', ( #1310, #4593, #5351, #4303 ) ) ;
#1159 = EDGE_CURVE ( 'NONE', #2917, #5360, #2760, .T. ) ;
#1160 = EDGE_CURVE ( 'NONE', #5429, #5400, #7290, .T. ) ;
#1161 = VERTEX_POINT ( 'NONE', #7496 ) ;
#1162 = CARTESIAN_POINT ( 'NONE',  ( 29.60259927873028829, 31.00979262668472458, -6.203431797941097960E-12 ) ) ;
#1163 = CARTESIAN_POINT ( 'NONE',  ( 41.78916598930457127, 28.22344924653722131, -3.183803752492270878 ) ) ;
#1164 = VERTEX_POINT ( 'NONE', #1702 ) ;
#1165 = EDGE_LOOP ( 'NONE', ( #1785, #4516, #7101, #5926, #4860 ) ) ;
#1166 = CARTESIAN_POINT ( 'NONE',  ( 49.31344523661728374, 26.92781013489391029, -7.845790856437467653 ) ) ;
#1167 = DIRECTION ( 'NONE',  ( 0.000000000000000000, 0.000000000000000000, 1.000000000000000000 ) ) ;
#1168 = DIRECTION ( 'NONE',  ( 1.000000000000000000, 0.000000000000000000, 0.000000000000000000 ) ) ;
#1169 = DIRECTION ( 'NONE',  ( -1.000000000000000000, 0.000000000000000000, 0.000000000000000000 ) ) ;
#1170 = VERTEX_POINT ( 'NONE', #7535 ) ;
#1171 = LINE ( 'NONE', #407, #956 ) ;
#1172 = B_SPLINE_CURVE_WITH_KNOTS ( 'NONE', 3,
 ( #5817, #7186, #4503, #5260, #1389, #72, #4542, #3920, #7094, #4004, #6495, #3964, #6540, #111, #7857, #2056, #5946, #153 ),
 .UNSPECIFIED., .F., .F.,
 ( 4, 2, 2, 2, 2, 2, 2, 2, 4 ),
 ( 0.000000000000000000, 0.1250000000000000000, 0.2500000000000000000, 0.3750000000000000000, 0.5000000000000000000, 0.6250000000000000000, 0.7500000000000000000, 0.8750000000000000000, 1.000000000000000000 ),
 .UNSPECIFIED. ) ;
#1173 = DIRECTION ( 'NONE',  ( 0.9139452746408239792, 0.4058374489394848683, 0.000000000000000000 ) ) ;
#1174 = LINE ( 'NONE', #6320, #7700 ) ;
#1175 = VECTOR ( 'NONE', #1123, 1000.000000000000000 ) ;
#1176 = DIRECTION ( 'NONE',  ( -0.9139452746408244233, -0.4058374489394838136, 0.000000000000000000 ) ) ;
#1177 = DIRECTION ( 'NONE',  ( -0.000000000000000000, -0.000000000000000000, 1.000000000000000000 ) ) ;
#1178 = VECTOR ( 'NONE', #6396, 1000.000000000000000 ) ;
#1179 = DIRECTION ( 'NONE',  ( 0.4058374489394847018, -0.9139452746408240902, -2.220446049250313081E-16 ) ) ;
#1180 = CARTESIAN_POINT ( 'NONE',  ( 50.77155242627188159, 10.19324817175115072, -7.672778918891237865 ) ) ;
#1181 = DIRECTION ( 'NONE',  ( 1.000000000000000000, 0.000000000000000000, 0.000000000000000000 ) ) ;
#1182 =( BOUNDED_CURVE ( )  B_SPLINE_CURVE ( 3, ( #7872, #760, #3334, #2714 ),
 .UNSPECIFIED., .F., .T. ) 
 B_SPLINE_CURVE_WITH_KNOTS ( ( 4, 4 ),
 ( 0.2451340684413812476, 0.4473775196123357389 ),
 .UNSPECIFIED. ) 
 CURVE ( )  GEOMETRIC_REPRESENTATION_ITEM ( )  RATIONAL_B_SPLINE_CURVE ( ( 1.000000000000000000, 0.9965943690751621897, 0.9965943690751621897, 1.000000000000000000 ) ) 
 REPRESENTATION_ITEM ( '' )  );
#1183 = CARTESIAN_POINT ( 'NONE',  ( 35.90730788504972537, 39.22882709963049308, 4.070910657245977227 ) ) ;
#1184 = EDGE_CURVE ( 'NONE', #7115, #5293, #7540, .T. ) ;
#1185 = CARTESIAN_POINT ( 'NONE',  ( 43.06506237667608872, 40.82574268198214895, -3.027495581422332993 ) ) ;
#1186 = CARTESIAN_POINT ( 'NONE',  ( 33.42865374392756195, 36.54669490421444777, 7.970196636405415092 ) ) ;
#1187 = ORIENTED_EDGE ( 'NONE', *, *, #2654, .F. ) ;
#1188 = DIRECTION ( 'NONE',  ( -0.4058374489394832585, 0.9139452746408246453, 0.000000000000000000 ) ) ;
#1189 = ORIENTED_EDGE ( 'NONE', *, *, #1312, .T. ) ;
#1190 = ORIENTED_EDGE ( 'NONE', *, *, #1494, .T. ) ;
#1191 = DIRECTION ( 'NONE',  ( -1.000000000000000000, 0.000000000000000000, 0.000000000000000000 ) ) ;
#1192 = VERTEX_POINT ( 'NONE', #2500 ) ;
#1193 = AXIS2_PLACEMENT_3D ( 'NONE', #2308, #4880, #6104 ) ;
#1194 = EDGE_LOOP ( 'NONE', ( #2453, #7343, #8010, #881 ) ) ;
#1195 = CARTESIAN_POINT ( 'NONE',  ( 38.20143772954838113, 15.32898581893175916, -7.147715810437070161 ) ) ;
#1196 = CARTESIAN_POINT ( 'NONE',  ( -15.70168945277739248, -7.940254085818561514, -14.70000000000000639 ) ) ;
#1197 = AXIS2_PLACEMENT_3D ( 'NONE', #7182, #994, #6190 ) ;
#1198 = DIRECTION ( 'NONE',  ( -1.000000000000000000, 0.000000000000000000, 0.000000000000000000 ) ) ;
#1199 = LINE ( 'NONE', #8342, #2960 ) ;
#1200 = EDGE_CURVE ( 'NONE', #639, #1101, #5037, .T. ) ;
#1201 = ORIENTED_EDGE ( 'NONE', *, *, #2031, .F. ) ;
#1202 = VERTEX_POINT ( 'NONE', #5582 ) ;
#1203 = DIRECTION ( 'NONE',  ( -1.000000000000000000, 0.000000000000000000, 0.000000000000000000 ) ) ;
#1204 = CARTESIAN_POINT ( 'NONE',  ( 28.95535146055896192, 6.066983829378972182, -12.63100173613832844 ) ) ;
#1206 = VERTEX_POINT ( 'NONE', #8303 ) ;
#1205 = VERTEX_POINT ( 'NONE', #6218 ) ;
#1207 = ORIENTED_EDGE ( 'NONE', *, *, #6417, .T. ) ;
#1208 = FACE_OUTER_BOUND ( 'NONE', #3596, .T. ) ;
#1209 = CARTESIAN_POINT ( 'NONE',  ( -28.86285952746079531, 3.462880363371011683, -17.14999999999996660 ) ) ;
#1210 = DIRECTION ( 'NONE',  ( -0.000000000000000000, -0.000000000000000000, -1.000000000000000000 ) ) ;
#1211 = DIRECTION ( 'NONE',  ( 1.000000000000000000, 0.000000000000000000, 0.000000000000000000 ) ) ;
#1212 = VERTEX_POINT ( 'NONE', #4946 ) ;
#1213 = DIRECTION ( 'NONE',  ( -0.9139452746408239792, -0.4058374489394847573, 6.092242561525105874E-16 ) ) ;
#1214 = VECTOR ( 'NONE', #5512, 1000.000000000000114 ) ;
#1215 = AXIS2_PLACEMENT_3D ( 'NONE', #577, #7006, #4339 ) ;
#1216 = EDGE_CURVE ( 'NONE', #1293, #6125, #2026, .T. ) ;
#1217 = CARTESIAN_POINT ( 'NONE',  ( -51.07101251745573478, -0.9333738919616153540, -2.165282555786330665 ) ) ;
#1218 = CARTESIAN_POINT ( 'NONE',  ( 51.24043582057531410, 22.58823047538247764, -20.04435110445156809 ) ) ;
#1219 = CARTESIAN_POINT ( 'NONE',  ( -16.52595542943953077, -15.15849751514841337, 15.09999999999999964 ) ) ;
#1220 = AXIS2_PLACEMENT_3D ( 'NONE', #3502, #1440, #209 ) ;
#1221 = VECTOR ( 'NONE', #324, 1000.000000000000000 ) ;
#1222 = DIRECTION ( 'NONE',  ( 0.000000000000000000, 0.000000000000000000, 1.000000000000000000 ) ) ;
#1223 = CARTESIAN_POINT ( 'NONE',  ( 5.334801472566043756, 36.16900472935827793, 16.60000000000000142 ) ) ;
#1224 = FACE_OUTER_BOUND ( 'NONE', #4612, .T. ) ;
#1225 = CARTESIAN_POINT ( 'NONE',  ( 21.93049871176480892, 3.033253831555559721, 18.09999999999999787 ) ) ;
#1226 = AXIS2_PLACEMENT_3D ( 'NONE', #7228, #2740, #3405 ) ;
#1227 = VECTOR ( 'NONE', #8109, 1000.000000000000000 ) ;
#1228 = AXIS2_PLACEMENT_3D ( 'NONE', #3722, #1867, #555 ) ;
#1229 = CARTESIAN_POINT ( 'NONE',  ( -5265.649904052472266, -2777.845267148205949, -6025.936823365008422 ) ) ;
#1230 = DIRECTION ( 'NONE',  ( 0.000000000000000000, 0.000000000000000000, 1.000000000000000000 ) ) ;
#1231 = DIRECTION ( 'NONE',  ( -0.000000000000000000, -0.000000000000000000, 1.000000000000000000 ) ) ;
#1232 = ORIENTED_EDGE ( 'NONE', *, *, #7259, .T. ) ;
#1233 =( BOUNDED_SURFACE ( )  B_SPLINE_SURFACE ( 3, 2, ( 
 ( #6662, #8072, #6108 ),
 ( #234, #2183, #2262 ),
 ( #2140, #5473, #195 ),
 ( #7392, #8030, #4248 ) ),
 .UNSPECIFIED., .F., .F., .T. ) 
 B_SPLINE_SURFACE_WITH_KNOTS ( ( 4, 4 ),
 ( 3, 3 ),
 ( -6.938893903907228378E-18, 0.01225325499469458526 ),
 ( 0.000000000000000000, 0.9035402970488388696 ),
 .UNSPECIFIED. ) 
 GEOMETRIC_REPRESENTATION_ITEM ( )  RATIONAL_B_SPLINE_SURFACE ( (
 ( 1.000000000000000000, 0.7391548086551410490, 0.9496779006532722889),
 ( 1.000000000000000000, 0.7388920166944029644, 0.9496272029843306761),
 ( 1.000000000000000000, 0.7386819385793512716, 0.9495866748391817991),
 ( 1.000000000000000000, 0.7385013184717671431, 0.9495518297153326959) ) ) 
 REPRESENTATION_ITEM ( '' )  SURFACE ( )  );
#1234 = ORIENTED_EDGE ( 'NONE', *, *, #7151, .F. ) ;
#1235 = CARTESIAN_POINT ( 'NONE',  ( -46.55896329879925588, -20.82003891466730039, -19.90226640499236410 ) ) ;
#1236 = ORIENTED_EDGE ( 'NONE', *, *, #4434, .T. ) ;
#1237 = VECTOR ( 'NONE', #2215, 1000.000000000000000 ) ;
#1238 = ORIENTED_EDGE ( 'NONE', *, *, #1895, .F. ) ;
#1239 = AXIS2_PLACEMENT_3D ( 'NONE', #1279, #3850, #2585 ) ;
#1240 = CARTESIAN_POINT ( 'NONE',  ( -15.62235263888314307, 47.39760212532419814, 22.50000000000000000 ) ) ;
#1241 = CARTESIAN_POINT ( 'NONE',  ( 32.08414255442611562, 32.32612180675754843, 5.499999999999999112 ) ) ;
#1242 = FACE_BOUND ( 'NONE', #6020, .T. ) ;
#1243 = B_SPLINE_CURVE_WITH_KNOTS ( 'NONE', 3,
 ( #107, #6658, #3354, #2772 ),
 .UNSPECIFIED., .F., .F.,
 ( 4, 4 ),
 ( 0.001468447187514233202, 0.003476539617912772443 ),
 .UNSPECIFIED. ) ;
#1244 = CARTESIAN_POINT ( 'NONE',  ( -39.53166223685048664, 4.148662622583313642, 5.499999999999999112 ) ) ;
#1245 = ORIENTED_EDGE ( 'NONE', *, *, #7773, .F. ) ;
#1246 = AXIS2_PLACEMENT_3D ( 'NONE', #1893, #455, #1181 ) ;
#1247 = LINE ( 'NONE', #3773, #7994 ) ;
#1248 = CARTESIAN_POINT ( 'NONE',  ( 32.57181392084262228, 6.064405850807871090, -8.476968476222447535 ) ) ;
#1250 = EDGE_LOOP ( 'NONE', ( #6049, #5270, #6168, #7671, #1591, #1581 ) ) ;
#1249 = ORIENTED_EDGE ( 'NONE', *, *, #2508, .F. ) ;
#1251 = VERTEX_POINT ( 'NONE', #5541 ) ;
#1252 = CARTESIAN_POINT ( 'NONE',  ( 49.32597498034110828, 34.29171533324532106, -2.886959476956739046 ) ) ;
#1253 = LINE ( 'NONE', #602, #3891 ) ;
#1254 = FACE_OUTER_BOUND ( 'NONE', #7588, .T. ) ;
#1255 = CARTESIAN_POINT ( 'NONE',  ( -39.18201996217830896, -5.190241139201485332, 7.479366328324536184 ) ) ;
#1256 = ORIENTED_EDGE ( 'NONE', *, *, #6976, .T. ) ;
#1257 = CARTESIAN_POINT ( 'NONE',  ( -48.61629388655717321, -1.505065081050478204, 0.4984532329712189624 ) ) ;
#1258 = CARTESIAN_POINT ( 'NONE',  ( -10.02082207520243529, 20.68555953008160841, 14.49999999999999822 ) ) ;
#1259 = DIRECTION ( 'NONE',  ( 0.2742274291513640549, 0.1217707048376172885, -0.9539241125710071767 ) ) ;
#1260 = CARTESIAN_POINT ( 'NONE',  ( 32.48447089831211798, 24.09169888503756951, -4.488965390296136171 ) ) ;
#1261 = EDGE_CURVE ( 'NONE', #2410, #162, #8137, .T. ) ;
#1262 = CARTESIAN_POINT ( 'NONE',  ( 41.04634935357680803, 17.82735325248763658, -14.70000000000000284 ) ) ;
#1263 = DIRECTION ( 'NONE',  ( -0.000000000000000000, -0.000000000000000000, 1.000000000000000000 ) ) ;
#1264 = EDGE_CURVE ( 'NONE', #2667, #4865, #7835, .T. ) ;
#1265 = CARTESIAN_POINT ( 'NONE',  ( 49.44403342496439535, 21.70564430667394262, -18.23554638298324448 ) ) ;
#1266 = EDGE_CURVE ( 'NONE', #2917, #1286, #4397, .T. ) ;
#1267 = AXIS2_PLACEMENT_3D ( 'NONE', #659, #3840, #4631 ) ;
#1268 = LINE ( 'NONE', #1897, #6366 ) ;
#1269 = ADVANCED_FACE ( 'NONE', ( #4437 ), #8262, .F. ) ;
#1270 = CARTESIAN_POINT ( 'NONE',  ( -15.62235263888314307, 47.39760212532419814, 12.49999999999999822 ) ) ;
#1271 = CARTESIAN_POINT ( 'NONE',  ( 48.10112734700508952, 21.03380552867174913, -20.58638767830163019 ) ) ;
#1272 = ORIENTED_EDGE ( 'NONE', *, *, #4383, .F. ) ;
#1273 = ORIENTED_EDGE ( 'NONE', *, *, #528, .F. ) ;
#1274 = CARTESIAN_POINT ( 'NONE',  ( -47.37123850734086972, -18.99079646675019717, -22.15000000000000213 ) ) ;
#1275 = EDGE_LOOP ( 'NONE', ( #1434, #3408 ) ) ;
#1276 = ORIENTED_EDGE ( 'NONE', *, *, #7777, .F. ) ;
#1277 = CIRCLE ( 'NONE', #4908, 26.16057989992778943 ) ;
#1278 = CARTESIAN_POINT ( 'NONE',  ( 32.09976656750468749, 23.92087090600762878, -8.684416540546942898 ) ) ;
#1279 = CARTESIAN_POINT ( 'NONE',  ( -2.569501288236065495, 15.63800383155555096, -12.50000000000000178 ) ) ;
#1280 = DIRECTION ( 'NONE',  ( 1.000000000000000000, 0.000000000000000000, 0.000000000000000000 ) ) ;
#1281 = AXIS2_PLACEMENT_3D ( 'NONE', #354, #317, #6907 ) ;
#1282 = DIRECTION ( 'NONE',  ( 0.000000000000000000, 0.000000000000000000, -1.000000000000000000 ) ) ;
#1283 = EDGE_LOOP ( 'NONE', ( #7782, #6842, #1957, #3771 ) ) ;
#1284 = CARTESIAN_POINT ( 'NONE',  ( 51.47339138326103836, 22.75430023746052299, -19.88224448106401354 ) ) ;
#1285 = CARTESIAN_POINT ( 'NONE',  ( 30.76125569970580287, 5.638393224891298239, -10.92577757036650254 ) ) ;
#1287 = ORIENTED_EDGE ( 'NONE', *, *, #2325, .F. ) ;
#1286 = VERTEX_POINT ( 'NONE', #2460 ) ;
#1288 = EDGE_LOOP ( 'NONE', ( #2863, #1782 ) ) ;
#1289 = LINE ( 'NONE', #7117, #7354 ) ;
#1290 = CARTESIAN_POINT ( 'NONE',  ( -2.569501288236065495, 15.63800383155555096, 11.09999999999999787 ) ) ;
#1291 = DIRECTION ( 'NONE',  ( -0.6672197446535139687, 0.000000000000000000, 0.7448609349029519100 ) ) ;
#1292 = LINE ( 'NONE', #1415, #5391 ) ;
#1293 = VERTEX_POINT ( 'NONE', #469 ) ;
#1294 = CARTESIAN_POINT ( 'NONE',  ( 34.58689410985728330, 25.02528002653421879, 1.099228855159488649 ) ) ;
#1295 = DIRECTION ( 'NONE',  ( -0.8921444832232211519, -0.3961568063241388549, 0.2171128873591580688 ) ) ;
#1296 = CARTESIAN_POINT ( 'NONE',  ( -19.56950128823689283, 31.13800383155554385, 20.10000000000000142 ) ) ;
#1297 = ORIENTED_EDGE ( 'NONE', *, *, #5130, .F. ) ;
#1298 = DIRECTION ( 'NONE',  ( 1.000000000000000000, 0.000000000000000000, 0.000000000000000000 ) ) ;
#1299 = FACE_OUTER_BOUND ( 'NONE', #4178, .T. ) ;
#1300 = LINE ( 'NONE', #5813, #6316 ) ;
#1301 = CARTESIAN_POINT ( 'NONE',  ( -43.17159731664123257, 2.179072008571588892, 6.826527107497420310 ) ) ;
#1302 = CARTESIAN_POINT ( 'NONE',  ( 34.93049871176395271, 15.63800383155550655, 10.97154826940789718 ) ) ;
#1303 = FACE_OUTER_BOUND ( 'NONE', #1250, .T. ) ;
#1304 = EDGE_CURVE ( 'NONE', #2528, #6143, #3509, .T. ) ;
#1305 = CARTESIAN_POINT ( 'NONE',  ( 29.62951795730058180, 34.85968845142074457, 12.10000000000029985 ) ) ;
#1306 = LINE ( 'NONE', #2526, #6791 ) ;
#1308 = AXIS2_PLACEMENT_3D ( 'NONE', #2651, #151, #29 ) ;
#1307 = CARTESIAN_POINT ( 'NONE',  ( 30.32700005846794511, 3.781549690352192350, 15.09999999999999964 ) ) ;
#1309 = ORIENTED_EDGE ( 'NONE', *, *, #7388, .F. ) ;
#1310 = ORIENTED_EDGE ( 'NONE', *, *, #8080, .T. ) ;
#1311 = CARTESIAN_POINT ( 'NONE',  ( -28.27733247928932414, -12.95583143789376734, -4.899323521367811018 ) ) ;
#1312 = EDGE_CURVE ( 'NONE', #7783, #1564, #4357, .T. ) ;
#1313 = ORIENTED_EDGE ( 'NONE', *, *, #5722, .F. ) ;
#1314 = EDGE_LOOP ( 'NONE', ( #131, #6303, #1189, #2544, #2101, #3090 ) ) ;
#1315 = ADVANCED_FACE ( 'NONE', ( #1154 ), #6982, .F. ) ;
#1316 = EDGE_CURVE ( 'NONE', #2002, #8141, #508, .T. ) ;
#1317 = DIRECTION ( 'NONE',  ( -0.000000000000000000, -0.000000000000000000, 1.000000000000000000 ) ) ;
#1318 = DIRECTION ( 'NONE',  ( 1.000000000000000000, 0.000000000000000000, 0.000000000000000000 ) ) ;
#1319 = FACE_OUTER_BOUND ( 'NONE', #6426, .T. ) ;
#1320 = LINE ( 'NONE', #3164, #5101 ) ;
#1321 = ORIENTED_EDGE ( 'NONE', *, *, #235, .F. ) ;
#1322 = CARTESIAN_POINT ( 'NONE',  ( 12.93049871176392429, 31.13800383155554385, 20.10000000000000142 ) ) ;
#1323 = CARTESIAN_POINT ( 'NONE',  ( 29.98133293049736636, 5.752798697265356864, -11.73414706193027079 ) ) ;
#1325 = ORIENTED_EDGE ( 'NONE', *, *, #7929, .T. ) ;
#1324 = ORIENTED_EDGE ( 'NONE', *, *, #6058, .T. ) ;
#1326 = AXIS2_PLACEMENT_3D ( 'NONE', #7853, #1554, #2851 ) ;
#1327 = ORIENTED_EDGE ( 'NONE', *, *, #8039, .F. ) ;
#1328 = DIRECTION ( 'NONE',  ( 1.000000000000000000, 0.000000000000000000, 0.000000000000000000 ) ) ;
#1329 = FACE_OUTER_BOUND ( 'NONE', #1283, .T. ) ;
#1330 = DIRECTION ( 'NONE',  ( -1.064879227658725576E-33, -4.728596789906326340E-34, 1.000000000000000000 ) ) ;
#1331 = CARTESIAN_POINT ( 'NONE',  ( -37.04164514370988570, -5.499751064092317954, 9.165913501418650355 ) ) ;
#1332 = EDGE_LOOP ( 'NONE', ( #5149, #5428 ) ) ;
#1333 = CARTESIAN_POINT ( 'NONE',  ( 50.53603553629870504, 24.17453876938678903, -22.13507565770812491 ) ) ;
#1334 = CARTESIAN_POINT ( 'NONE',  ( -46.75663612808894953, 2.061148598612529970, 2.951800248530471293 ) ) ;
#1335 = CARTESIAN_POINT ( 'NONE',  ( 28.36476386061549704, 30.35318554795655643, 9.699999999999981526 ) ) ;
#1336 = ORIENTED_EDGE ( 'NONE', *, *, #3504, .T. ) ;
#1337 = CARTESIAN_POINT ( 'NONE',  ( -54.66275991370740428, -2.570302124236191865, -3.097864185164248330 ) ) ;
#1338 = LINE ( 'NONE', #106, #2586 ) ;
#1339 = CARTESIAN_POINT ( 'NONE',  ( -18.06950128823605439, 0.1380038315555598971, 18.09999999999999787 ) ) ;
#1340 = CARTESIAN_POINT ( 'NONE',  ( -43.07547892067825046, 2.794350517610425744, 7.090449754582775377 ) ) ;
#1341 = VECTOR ( 'NONE', #6324, 1000.000000000000000 ) ;
#1342 = CARTESIAN_POINT ( 'NONE',  ( 49.18015167488437100, 22.29990557847082755, -21.71474644440054647 ) ) ;
#1343 = FACE_OUTER_BOUND ( 'NONE', #2550, .T. ) ;
#1344 = DIRECTION ( 'NONE',  ( 0.9139452746408239792, 0.4058374489394844797, -8.326672684688671588E-17 ) ) ;
#1345 = FACE_OUTER_BOUND ( 'NONE', #3453, .T. ) ;
#1346 = CYLINDRICAL_SURFACE ( 'NONE', #2298, 1.574999999999999956 ) ;
#1347 = CIRCLE ( 'NONE', #128, 1.125000000000000888 ) ;
#1348 = DIRECTION ( 'NONE',  ( -1.000000000000000000, 0.000000000000000000, 0.000000000000000000 ) ) ;
#1349 = VERTEX_POINT ( 'NONE', #8380 ) ;
#1350 = ORIENTED_EDGE ( 'NONE', *, *, #3973, .F. ) ;
#1351 = CARTESIAN_POINT ( 'NONE',  ( -40.54080778483593406, -18.35665065768884929, -20.31630695402709819 ) ) ;
#1352 = AXIS2_PLACEMENT_3D ( 'NONE', #5065, #7695, #5143 ) ;
#1353 = VECTOR ( 'NONE', #4655, 1000.000000000000000 ) ;
#1354 = ORIENTED_EDGE ( 'NONE', *, *, #4064, .T. ) ;
#1355 = ORIENTED_EDGE ( 'NONE', *, *, #4455, .T. ) ;
#1356 = VECTOR ( 'NONE', #5877, 1000.000000000000114 ) ;
#1357 = CARTESIAN_POINT ( 'NONE',  ( 21.33983709316664346, 26.25494684091978570, -14.70000000000000284 ) ) ;
#1358 = EDGE_CURVE ( 'NONE', #2152, #5044, #4190, .T. ) ;
#1359 = CARTESIAN_POINT ( 'NONE',  ( -36.69080009427408839, -2.248954299902456100, 5.499999999999999112 ) ) ;
#1360 = CARTESIAN_POINT ( 'NONE',  ( -27.94872543072891702, 9.292066341663780094, -14.70000000000000284 ) ) ;
#1361 = CIRCLE ( 'NONE', #3644, 1.125000000000000888 ) ;
#1362 = AXIS2_PLACEMENT_3D ( 'NONE', #145, #4660, #735 ) ;
#1363 = EDGE_CURVE ( 'NONE', #7448, #2663, #87, .T. ) ;
#1364 = FACE_OUTER_BOUND ( 'NONE', #6134, .T. ) ;
#1365 = EDGE_CURVE ( 'NONE', #5157, #2877, #3271, .T. ) ;
#1366 = ORIENTED_EDGE ( 'NONE', *, *, #2201, .F. ) ;
#1367 = CARTESIAN_POINT ( 'NONE',  ( 2.630498711763926689, 6.959150220622822403, 10.09999999999999964 ) ) ;
#1368 = CARTESIAN_POINT ( 'NONE',  ( -51.72795773228961025, -1.267103055866477535, -2.886758449385950165 ) ) ;
#1369 = VECTOR ( 'NONE', #5326, 1000.000000000000000 ) ;
#1370 = VERTEX_POINT ( 'NONE', #3849 ) ;
#1371 = ORIENTED_EDGE ( 'NONE', *, *, #7762, .T. ) ;
#1372 = CARTESIAN_POINT ( 'NONE',  ( -47.37123850734086972, -18.99079646675019717, -22.15000000000000213 ) ) ;
#1373 =( LENGTH_UNIT ( ) NAMED_UNIT ( * ) SI_UNIT ( .MILLI., .METRE. ) );
#1374 = LINE ( 'NONE', #5800, #7917 ) ;
#1375 = CARTESIAN_POINT ( 'NONE',  ( 45.31277111254478029, 35.93732175248515404, -2.407444835499587654 ) ) ;
#1376 = VERTEX_POINT ( 'NONE', #628 ) ;
#1377 = FILL_AREA_STYLE ('',( #3830 ) ) ;
#1378 = CARTESIAN_POINT ( 'NONE',  ( 53.16274170314988368, 25.65132291659301345, -22.15000000000000213 ) ) ;
#1379 = CIRCLE ( 'NONE', #7591, 2.874999999999995559 ) ;
#1380 = CARTESIAN_POINT ( 'NONE',  ( 49.95672968926844959, 25.47913459426358784, -10.16694649596427347 ) ) ;
#1381 = EDGE_CURVE ( 'NONE', #7658, #6329, #4602, .T. ) ;
#1382 = CARTESIAN_POINT ( 'NONE',  ( -29.20360929271093298, 2.656297094703238493, -14.70000000000000462 ) ) ;
#1383 = ORIENTED_EDGE ( 'NONE', *, *, #1566, .F. ) ;
#1384 = CARTESIAN_POINT ( 'NONE',  ( 45.51441646009899955, 24.64613850053855515, -4.051913862956783241 ) ) ;
#1385 = DIRECTION ( 'NONE',  ( -0.000000000000000000, -0.000000000000000000, -1.000000000000000000 ) ) ;
#1386 = LINE ( 'NONE', #7220, #3335 ) ;
#1387 = DIRECTION ( 'NONE',  ( 0.000000000000000000, 0.000000000000000000, 1.000000000000000000 ) ) ;
#1388 = CARTESIAN_POINT ( 'NONE',  ( 47.57024198757244449, 22.22935849426852783, -22.04106919000455278 ) ) ;
#1389 = CARTESIAN_POINT ( 'NONE',  ( -44.34636304494793535, -18.41068892521059297, -22.03201252163746560 ) ) ;
#1390 = CARTESIAN_POINT ( 'NONE',  ( -47.47070031702828175, -18.76680863318139814, -11.93833219148600833 ) ) ;
#1391 = FACE_OUTER_BOUND ( 'NONE', #1861, .T. ) ;
#1392 = CARTESIAN_POINT ( 'NONE',  ( 47.29996760947973655, 22.83801595394804096, -22.15000000000000213 ) ) ;
#1393 = FACE_OUTER_BOUND ( 'NONE', #3648, .T. ) ;
#1394 = ORIENTED_EDGE ( 'NONE', *, *, #1575, .F. ) ;
#1395 = EDGE_CURVE ( 'NONE', #6893, #6296, #7066, .T. ) ;
#1396 = ORIENTED_EDGE ( 'NONE', *, *, #4777, .T. ) ;
#1397 = AXIS2_PLACEMENT_3D ( 'NONE', #3189, #582, #5773 ) ;
#1398 = ORIENTED_EDGE ( 'NONE', *, *, #7876, .F. ) ;
#1399 = EDGE_LOOP ( 'NONE', ( #7016, #2492, #6472, #3947 ) ) ;
#1400 = CARTESIAN_POINT ( 'NONE',  ( 26.12700005846794227, 3.781549690352192794, 15.09999999999999964 ) ) ;
#1401 = CARTESIAN_POINT ( 'NONE',  ( -35.57163024377512528, -16.19486475712639262, -14.70000000000000284 ) ) ;
#1402 = VERTEX_POINT ( 'NONE', #6421 ) ;
#1403 = VECTOR ( 'NONE', #7565, 1000.000000000000000 ) ;
#1404 = DIRECTION ( 'NONE',  ( -0.4058374489394845908, 0.9139452746408239792, 0.000000000000000000 ) ) ;
#1405 = CARTESIAN_POINT ( 'NONE',  ( 53.35816596043382276, 25.21122780718204481, -13.66422616676196888 ) ) ;
#1406 = ORIENTED_EDGE ( 'NONE', *, *, #4620, .F. ) ;
#1407 = ADVANCED_FACE ( 'NONE', ( #7741 ), #3161, .F. ) ;
#1408 = EDGE_CURVE ( 'NONE', #2991, #1878, #590, .T. ) ;
#1409 = EDGE_LOOP ( 'NONE', ( #618, #1776, #7150 ) ) ;
#1410 = CARTESIAN_POINT ( 'NONE',  ( -2.569501288236065495, 15.63800383155555096, 12.49999999999999822 ) ) ;
#1411 = FACE_OUTER_BOUND ( 'NONE', #3526, .T. ) ;
#1412 = VECTOR ( 'NONE', #7850, 1000.000000000000000 ) ;
#1413 = EDGE_CURVE ( 'NONE', #6459, #1117, #6342, .T. ) ;
#1414 = CARTESIAN_POINT ( 'NONE',  ( -32.85222994078263525, -0.5444370143566238385, 5.499999999999999112 ) ) ;
#1415 = CARTESIAN_POINT ( 'NONE',  ( -9.179047081729153845, 18.61733335406860235, 11.09999999999999787 ) ) ;
#1416 = ADVANCED_FACE ( 'NONE', ( #2070 ), #3246, .T. ) ;
#1417 = ORIENTED_EDGE ( 'NONE', *, *, #4874, .F. ) ;
#1418 = EDGE_CURVE ( 'NONE', #6754, #6143, #5783, .T. ) ;
#1419 = DIRECTION ( 'NONE',  ( -1.000000000000000000, 0.000000000000000000, 0.000000000000000000 ) ) ;
#1420 = CARTESIAN_POINT ( 'NONE',  ( 53.97501691169149041, 23.82208046867592444, -19.90226640499235344 ) ) ;
#1421 = CARTESIAN_POINT ( 'NONE',  ( 18.13049871176392713, 27.36685480150890371, 13.10000000000000142 ) ) ;
#1422 = CARTESIAN_POINT ( 'NONE',  ( 45.87122029678157276, 42.07181725911097203, -3.097864185165809303 ) ) ;
#1423 = ORIENTED_EDGE ( 'NONE', *, *, #1943, .F. ) ;
#1424 = CARTESIAN_POINT ( 'NONE',  ( 45.43389474428079211, 22.47530748294562741, -6.536253285910626154 ) ) ;
#1425 = DIRECTION ( 'NONE',  ( 1.000000000000000000, 0.000000000000000000, 0.000000000000000000 ) ) ;
#1426 = DIRECTION ( 'NONE',  ( -0.4058374489394845352, 0.9139452746408240902, -0.000000000000000000 ) ) ;
#1427 = CARTESIAN_POINT ( 'NONE',  ( 24.06460671623867142, 28.61971056840783945, -14.70000000000000462 ) ) ;
#1428 = CARTESIAN_POINT ( 'NONE',  ( 48.08132059079282783, 21.07841031143350463, -20.71785467365279487 ) ) ;
#1429 = CARTESIAN_POINT ( 'NONE',  ( -51.72795773228961025, -1.267103055866477535, -2.886758449385950165 ) ) ;
#1430 = DIRECTION ( 'NONE',  ( 0.000000000000000000, 0.000000000000000000, -1.000000000000000000 ) ) ;
#1431 = DIRECTION ( 'NONE',  ( -0.7381062247014652522, 0.000000000000000000, 0.6746845196511849219 ) ) ;
#1432 = DIRECTION ( 'NONE',  ( 0.8718344350502134077, 0.3871381283276793539, 0.3000479752566519998 ) ) ;
#1433 = CARTESIAN_POINT ( 'NONE',  ( -50.21399160422858188, -5.196798957402867458, -2.397531466759294183 ) ) ;
#1434 = ORIENTED_EDGE ( 'NONE', *, *, #5646, .T. ) ;
#1435 = CARTESIAN_POINT ( 'NONE',  ( 21.46862163830764203, 4.483693177446331113, -14.70000000000000284 ) ) ;
#1436 = ORIENTED_EDGE ( 'NONE', *, *, #4656, .T. ) ;
#1437 = CARTESIAN_POINT ( 'NONE',  ( -20.85651692632216836, -17.10088831604766213, -3.700000000000003730 ) ) ;
#1438 = ORIENTED_EDGE ( 'NONE', *, *, #892, .T. ) ;
#1439 = B_SPLINE_CURVE_WITH_KNOTS ( 'NONE', 3,
 ( #6226, #2424, #1076, #3561, #7464, #3686 ),
 .UNSPECIFIED., .F., .F.,
 ( 4, 2, 4 ),
 ( 0.002817589913619044685, 0.003839494942647171411, 0.004861399971675298137 ),
 .UNSPECIFIED. ) ;
#1440 = DIRECTION ( 'NONE',  ( 0.000000000000000000, 0.000000000000000000, -1.000000000000000000 ) ) ;
#1441 = VERTEX_POINT ( 'NONE', #1357 ) ;
#1442 = ADVANCED_FACE ( 'NONE', ( #2626 ), #7026, .F. ) ;
#1443 = CIRCLE ( 'NONE', #5077, 2.850000000000000089 ) ;
#1444 = PLANE ( 'NONE',  #1496 ) ;
#1445 = B_SPLINE_SURFACE_WITH_KNOTS ( 'NONE', 3, 1, ( 
 ( #7718, #4449 ),
 ( #2552, #3212 ),
 ( #7755, #5048 ),
 ( #2428, #1920 ) ),
 .UNSPECIFIED., .F., .F., .F.,
 ( 4, 4 ),
 ( 2, 2 ),
 ( 0.000000000000000000, 1.000000000000000000 ),
 ( 0.000000000000000000, 1.000000000000000000 ),
 .UNSPECIFIED. ) ;
#1446 =( BOUNDED_CURVE ( )  B_SPLINE_CURVE ( 3, ( #1427, #2011, #3228, #654 ),
 .UNSPECIFIED., .F., .F. ) 
 B_SPLINE_CURVE_WITH_KNOTS ( ( 4, 4 ),
 ( 1.924261892917326078, 4.358923414262262597 ),
 .UNSPECIFIED. ) 
 CURVE ( )  GEOMETRIC_REPRESENTATION_ITEM ( )  RATIONAL_B_SPLINE_CURVE ( ( 1.000000000000000000, 0.5641008000428456848, 0.5641008000428456848, 1.000000000000000000 ) ) 
 REPRESENTATION_ITEM ( '' )  );
#1447 = CARTESIAN_POINT ( 'NONE',  ( 11.38695285296761917, 46.43450517825943535, 15.09999999999999964 ) ) ;
#1448 = ORIENTED_EDGE ( 'NONE', *, *, #2494, .T. ) ;
#1449 = CARTESIAN_POINT ( 'NONE',  ( -42.61293671895105462, -19.23070054435169496, -19.99165714550601081 ) ) ;
#1450 = ORIENTED_EDGE ( 'NONE', *, *, #7926, .T. ) ;
#1451 = EDGE_CURVE ( 'NONE', #4480, #545, #2840, .T. ) ;
#1452 = CARTESIAN_POINT ( 'NONE',  ( -47.14239593038596610, -19.50614957768409852, -22.09140509696248600 ) ) ;
#1453 = FILL_AREA_STYLE ('',( #3469 ) ) ;
#1454 = CARTESIAN_POINT ( 'NONE',  ( -29.46493019079119335, -10.50394922636604811, 11.59920218782808909 ) ) ;
#1455 = CARTESIAN_POINT ( 'NONE',  ( 31.66169968575362148, 28.10297694703659843, 5.499999999999999112 ) ) ;
#1456 = EDGE_LOOP ( 'NONE', ( #2063, #3467, #8185, #4901 ) ) ;
#1457 = DIRECTION ( 'NONE',  ( -1.000000000000000000, 0.000000000000000000, -0.000000000000000000 ) ) ;
#1458 = CIRCLE ( 'NONE', #4287, 2.099999999999996980 ) ;
#1459 = DIRECTION ( 'NONE',  ( 0.4058374489394834250, -0.9139452746408245343, 0.000000000000000000 ) ) ;
#1460 = DIRECTION ( 'NONE',  ( 0.000000000000000000, 0.000000000000000000, 1.000000000000000000 ) ) ;
#1461 = ORIENTED_EDGE ( 'NONE', *, *, #5782, .F. ) ;
#1462 = CARTESIAN_POINT ( 'NONE',  ( 44.37738890297089966, 20.58837129909416319, -8.222933236426905879 ) ) ;
#1463 = ORIENTED_EDGE ( 'NONE', *, *, #1895, .T. ) ;
#1464 = CARTESIAN_POINT ( 'NONE',  ( 45.31277111254478029, 35.93732175248515404, -2.407444835499587654 ) ) ;
#1465 = LINE ( 'NONE', #6575, #5498 ) ;
#1466 = CARTESIAN_POINT ( 'NONE',  ( 2.459801472566041536, 36.16900472935827793, 20.10000000000000142 ) ) ;
#1467 = DIRECTION ( 'NONE',  ( -0.000000000000000000, -0.000000000000000000, 1.000000000000000000 ) ) ;
#1468 = CARTESIAN_POINT ( 'NONE',  ( 49.48264984409448175, 21.61868019362888660, -20.04512421095780184 ) ) ;
#1469 = AXIS2_PLACEMENT_3D ( 'NONE', #5717, #8316, #2511 ) ;
#1470 = EDGE_CURVE ( 'NONE', #6418, #1402, #7153, .T. ) ;
#1471 = LINE ( 'NONE', #7223, #2157 ) ;
#1472 = DIRECTION ( 'NONE',  ( -1.000000000000000000, 0.000000000000000000, 0.000000000000000000 ) ) ;
#1473 = CARTESIAN_POINT ( 'NONE',  ( 39.87910269125998752, 16.88174564242236997, -8.705050485631756985 ) ) ;
#1474 = PLANE ( 'NONE',  #7024 ) ;
#1475 = DIRECTION ( 'NONE',  ( 0.000000000000000000, 0.000000000000000000, -1.000000000000000000 ) ) ;
#1476 = ORIENTED_EDGE ( 'NONE', *, *, #630, .T. ) ;
#1477 = VECTOR ( 'NONE', #5899, 1000.000000000000000 ) ;
#1478 = FACE_BOUND ( 'NONE', #2781, .T. ) ;
#1479 = ORIENTED_EDGE ( 'NONE', *, *, #3626, .F. ) ;
#1480 = CARTESIAN_POINT ( 'NONE',  ( -40.93091979946363779, -17.47811903553004242, -21.88076396437126192 ) ) ;
#1481 = DIRECTION ( 'NONE',  ( -1.563116529408154362E-17, -0.000000000000000000, 1.000000000000000000 ) ) ;
#1482 = CARTESIAN_POINT ( 'NONE',  ( 34.72839117100393480, 36.41283174857342431, 6.906601717798161566 ) ) ;
#1483 = ORIENTED_EDGE ( 'NONE', *, *, #4967, .T. ) ;
#1484 = ORIENTED_EDGE ( 'NONE', *, *, #740, .T. ) ;
#1485 = CIRCLE ( 'NONE', #666, 1.749999999999999778 ) ;
#1486 = VECTOR ( 'NONE', #2774, 1000.000000000000227 ) ;
#1487 = CARTESIAN_POINT ( 'NONE',  ( -43.69703864707316399, -2.624681370721262841, -22.15000000000000213 ) ) ;
#1488 = ORIENTED_EDGE ( 'NONE', *, *, #5032, .F. ) ;
#1489 = AXIS2_PLACEMENT_3D ( 'NONE', #5062, #5569, #7653 ) ;
#1490 = FACE_OUTER_BOUND ( 'NONE', #275, .T. ) ;
#1491 = EDGE_CURVE ( 'NONE', #7751, #4722, #5919, .T. ) ;
#1492 = CYLINDRICAL_SURFACE ( 'NONE', #1687, 1.499999999999742872 ) ;
#1493 = ORIENTED_EDGE ( 'NONE', *, *, #2905, .T. ) ;
#1494 = EDGE_CURVE ( 'NONE', #2386, #2198, #5110, .T. ) ;
#1495 = DIRECTION ( 'NONE',  ( -0.000000000000000000, -0.000000000000000000, -1.000000000000000000 ) ) ;
#1496 = AXIS2_PLACEMENT_3D ( 'NONE', #7659, #5701, #587 ) ;
#1497 = VECTOR ( 'NONE', #5852, 1000.000000000000000 ) ;
#1498 = SURFACE_STYLE_USAGE ( .BOTH. , #178 ) ;
#1499 = CARTESIAN_POINT ( 'NONE',  ( -21.99380117614093422, -16.44047391766659771, 7.188646801489069205 ) ) ;
#1500 = CARTESIAN_POINT ( 'NONE',  ( -22.22897287563736413, -16.41200190252459379, 5.579354653942559139 ) ) ;
#1501 = ORIENTED_EDGE ( 'NONE', *, *, #607, .T. ) ;
#1502 = DIRECTION ( 'NONE',  ( -0.4058374489394846463, 0.9139452746408242012, -0.000000000000000000 ) ) ;
#1503 = CIRCLE ( 'NONE', #7320, 1.125000000000000888 ) ;
#1504 = LINE ( 'NONE', #1421, #1497 ) ;
#1505 = DIRECTION ( 'NONE',  ( 1.000000000000000000, 0.000000000000000000, -0.000000000000000000 ) ) ;
#1506 = EDGE_LOOP ( 'NONE', ( #1287, #3490 ) ) ;
#1507 = ORIENTED_EDGE ( 'NONE', *, *, #5703, .F. ) ;
#1508 = CARTESIAN_POINT ( 'NONE',  ( 33.34219144894336750, 36.85756670637481847, 7.888789982526152045 ) ) ;
#1509 = CIRCLE ( 'NONE', #6634, 26.16057989992778943 ) ;
#1510 = CARTESIAN_POINT ( 'NONE',  ( -4.269501288236071446, -14.31379077244104892, -70.65354363657083070 ) ) ;
#1511 = CARTESIAN_POINT ( 'NONE',  ( -46.81793833543655126, -20.23682755355930851, -16.23035432845312442 ) ) ;
#1512 = CARTESIAN_POINT ( 'NONE',  ( 9.630498711763927133, 9.533253831555560609, 18.09999999999999787 ) ) ;
#1513 = CARTESIAN_POINT ( 'NONE',  ( 34.28824264646806341, 8.719496513675643712, 7.348615307937148344 ) ) ;
#1514 = CARTESIAN_POINT ( 'NONE',  ( 19.51356857293891878, 30.36770057680351798, 5.813021428605115004E-14 ) ) ;
#1515 = AXIS2_PLACEMENT_3D ( 'NONE', #5254, #699, #4625 ) ;
#1516 = CARTESIAN_POINT ( 'NONE',  ( -50.45177368901698856, -4.661314089373884251, -2.407444835499560121 ) ) ;
#1517 = CARTESIAN_POINT ( 'NONE',  ( 43.46908293797300615, 40.23845164804288288, -2.898258497932486133 ) ) ;
#1518 = VECTOR ( 'NONE', #7856, 1000.000000000000000 ) ;
#1519 = DIRECTION ( 'NONE',  ( 1.000000000000000000, 0.000000000000000000, -0.000000000000000000 ) ) ;
#1520 = DIRECTION ( 'NONE',  ( -0.6179170540718573745, -0.2743861014865217607, -0.7368112252118487193 ) ) ;
#1521 = EDGE_CURVE ( 'NONE', #7380, #2580, #1182, .T. ) ;
#1522 = ORIENTED_EDGE ( 'NONE', *, *, #3270, .T. ) ;
#1523 = FACE_BOUND ( 'NONE', #8172, .T. ) ;
#1524 = EDGE_CURVE ( 'NONE', #5429, #625, #5231, .T. ) ;
#1525 = EDGE_LOOP ( 'NONE', ( #59, #5793 ) ) ;
#1526 = CARTESIAN_POINT ( 'NONE',  ( -36.67450437646652261, 22.30218152664974696, 12.49999999999999822 ) ) ;
#1527 = CARTESIAN_POINT ( 'NONE',  ( 26.12700005846794227, 3.781549690352192794, 20.10000000000000142 ) ) ;
#1528 = ADVANCED_FACE ( 'NONE', ( #7239, #4644, #4018 ), #1444, .T. ) ;
#1529 = CARTESIAN_POINT ( 'NONE',  ( 37.18967116633845649, 13.95926034485022704, -3.527744992242765498 ) ) ;
#1530 = DIRECTION ( 'NONE',  ( 1.000000000000000000, 0.000000000000000000, 0.000000000000000000 ) ) ;
#1531 = ADVANCED_FACE ( 'NONE', ( #8209 ), #4604, .F. ) ;
#1532 = CARTESIAN_POINT ( 'NONE',  ( 38.13714425700482735, 23.85201360153986982, 5.999999999999999112 ) ) ;
#1533 = EDGE_CURVE ( 'NONE', #8258, #6419, #1361, .T. ) ;
#1534 = ORIENTED_EDGE ( 'NONE', *, *, #282, .F. ) ;
#1535 = VERTEX_POINT ( 'NONE', #3073 ) ;
#1536 = CARTESIAN_POINT ( 'NONE',  ( -2.569501288236065495, 15.63800383155555096, 12.49999999999999822 ) ) ;
#1537 = ORIENTED_EDGE ( 'NONE', *, *, #7100, .F. ) ;
#1538 = CARTESIAN_POINT ( 'NONE',  ( 33.71107652486512762, 22.02034568824085525, 12.77124631240395303 ) ) ;
#1539 = DIRECTION ( 'NONE',  ( -0.4058374489394844797, 0.9139452746408239792, -0.000000000000000000 ) ) ;
#1540 = ORIENTED_EDGE ( 'NONE', *, *, #221, .T. ) ;
#1541 = B_SPLINE_CURVE_WITH_KNOTS ( 'NONE', 3,
 ( #6274, #4283, #2970, #1081, #3604, #5554 ),
 .UNSPECIFIED., .F., .F.,
 ( 4, 2, 4 ),
 ( 0.000000000000000000, 0.004480037802633408603, 0.008960075605266817206 ),
 .UNSPECIFIED. ) ;
#1542 = LINE ( 'NONE', #5459, #2618 ) ;
#1543 = AXIS2_PLACEMENT_3D ( 'NONE', #4696, #6050, #6095 ) ;
#1544 = DIRECTION ( 'NONE',  ( 1.000000000000000000, 0.000000000000000000, 0.000000000000000000 ) ) ;
#1545 = CARTESIAN_POINT ( 'NONE',  ( -21.40988233726614709, -16.78587484193045398, 6.560015840981453294 ) ) ;
#1546 = CARTESIAN_POINT ( 'NONE',  ( -32.38283698584890402, -6.733327117340500934, 12.33274034038998224 ) ) ;
#1547 = ORIENTED_EDGE ( 'NONE', *, *, #8340, .F. ) ;
#1548 = CARTESIAN_POINT ( 'NONE',  ( 47.88925971003813231, 21.51093110237532713, -21.52766715410551157 ) ) ;
#1549 = DIRECTION ( 'NONE',  ( 1.000000000000000000, 0.000000000000000000, 0.000000000000000000 ) ) ;
#1550 = ORIENTED_EDGE ( 'NONE', *, *, #7315, .T. ) ;
#1551 = VECTOR ( 'NONE', #3913, 1000.000000000000000 ) ;
#1552 = ORIENTED_EDGE ( 'NONE', *, *, #2905, .F. ) ;
#1553 = DIRECTION ( 'NONE',  ( 1.000000000000000000, 0.000000000000000000, 0.000000000000000000 ) ) ;
#1554 = DIRECTION ( 'NONE',  ( 0.000000000000000000, 0.000000000000000000, 1.000000000000000000 ) ) ;
#1555 = DIRECTION ( 'NONE',  ( -0.2145863308937901726, -0.05129433232951884775, -0.9753571643579646011 ) ) ;
#1556 = CARTESIAN_POINT ( 'NONE',  ( 51.23318108776901170, 22.60456812185746500, -19.90226640499234279 ) ) ;
#1557 = CARTESIAN_POINT ( 'NONE',  ( 41.51983329496078312, 24.05546961002614026, 2.450628444198687195 ) ) ;
#1558 = CARTESIAN_POINT ( 'NONE',  ( -47.05872066077566984, -19.69458614869559199, -14.47952300097595391 ) ) ;
#1559 = CARTESIAN_POINT ( 'NONE',  ( -41.61909366288294621, -5.013192955451232002, 5.427860062973952182 ) ) ;
#1560 = CARTESIAN_POINT ( 'NONE',  ( -19.56950128823689283, 31.13800383155554385, 12.49999999999999822 ) ) ;
#1561 = CARTESIAN_POINT ( 'NONE',  ( -29.32714867314039253, -14.93314297560609560, -2.701398712578425343 ) ) ;
#1562 = VERTEX_POINT ( 'NONE', #3805 ) ;
#1563 = DIRECTION ( 'NONE',  ( -0.000000000000000000, -0.000000000000000000, 1.000000000000000000 ) ) ;
#1564 = VERTEX_POINT ( 'NONE', #1902 ) ;
#1565 = CARTESIAN_POINT ( 'NONE',  ( 23.72385695098861547, 27.81312729974014886, -17.14999999999996660 ) ) ;
#1566 = EDGE_CURVE ( 'NONE', #6398, #5506, #1147, .T. ) ;
#1567 = CARTESIAN_POINT ( 'NONE',  ( 39.45086178626981877, 27.18512513793339735, 3.297348375675339227 ) ) ;
#1568 = CARTESIAN_POINT ( 'NONE',  ( 37.18451996978643592, 13.95269738713616370, -3.355680547416761694 ) ) ;
#1569 = CARTESIAN_POINT ( 'NONE',  ( 2.630498711763926689, 6.533253831555559721, 12.49999999999999822 ) ) ;
#1570 = FACE_OUTER_BOUND ( 'NONE', #7578, .T. ) ;
#1571 = VERTEX_POINT ( 'NONE', #2411 ) ;
#1572 = ORIENTED_EDGE ( 'NONE', *, *, #3268, .F. ) ;
#1573 = EDGE_CURVE ( 'NONE', #5493, #159, #4471, .T. ) ;
#1574 = CARTESIAN_POINT ( 'NONE',  ( 41.83817486566362476, 18.17896341421948492, -13.00045845593591665 ) ) ;
#1575 = EDGE_CURVE ( 'NONE', #3382, #2021, #6483, .T. ) ;
#1576 = EDGE_CURVE ( 'NONE', #6504, #442, #6895, .T. ) ;
#1577 = ORIENTED_EDGE ( 'NONE', *, *, #4810, .F. ) ;
#1578 = CARTESIAN_POINT ( 'NONE',  ( 33.04168254019458573, 20.26095688835683006, 13.69271204349425552 ) ) ;
#1579 = CARTESIAN_POINT ( 'NONE',  ( -31.88623513203155113, -14.55836485720411311, -14.70000000000043805 ) ) ;
#1580 = VECTOR ( 'NONE', #3988, 1000.000000000000227 ) ;
#1581 = ORIENTED_EDGE ( 'NONE', *, *, #6240, .T. ) ;
#1582 = EDGE_CURVE ( 'NONE', #3171, #2793, #464, .T. ) ;
#1583 = DIRECTION ( 'NONE',  ( 1.000000000000000000, 0.000000000000000000, 0.000000000000000000 ) ) ;
#1584 = CARTESIAN_POINT ( 'NONE',  ( -37.53272353158110519, -15.50868010094333549, 3.960273767851641313 ) ) ;
#1585 = DIRECTION ( 'NONE',  ( -0.4058374489394845352, 0.9139452746408240902, -0.000000000000000000 ) ) ;
#1586 = ORIENTED_EDGE ( 'NONE', *, *, #1833, .T. ) ;
#1587 = B_SPLINE_SURFACE_WITH_KNOTS ( 'NONE', 3, 1, ( 
 ( #1676, #4245 ),
 ( #6826, #7307 ),
 ( #1511, #6700 ),
 ( #283, #4086 ),
 ( #914, #870 ),
 ( #231, #2811 ),
 ( #5432, #8317 ),
 ( #6191, #4921 ),
 ( #4329, #6913 ),
 ( #2512, #445 ),
 ( #2429, #2472 ),
 ( #5556, #5006 ),
 ( #7508, #7551 ),
 ( #2349, #7598 ),
 ( #8152, #5049 ),
 ( #1803, #1125 ),
 ( #4284, #403 ),
 ( #4416, #3014 ),
 ( #4370, #8227 ),
 ( #2971, #5086 ),
 ( #6358, #1882 ),
 ( #1716, #7679 ) ),
 .UNSPECIFIED., .F., .F., .F.,
 ( 4, 2, 2, 2, 2, 2, 2, 2, 2, 2, 4 ),
 ( 2, 2 ),
 ( 0.000000000000000000, 0.2499999999999992228, 0.3124999999999992228, 0.3749999999999992228, 0.4999999999999991118, 0.5624999999999991118, 0.6249999999999991118, 0.7499999999999991118, 0.8124999999999992228, 0.8749999999999993339, 1.000000000000000000 ),
 ( 0.000000000000000000, 1.000000000000000000 ),
 .UNSPECIFIED. ) ;
#1588 = DIRECTION ( 'NONE',  ( 0.6463027959179779014, 0.2869907916979910767, -0.7070565617184842999 ) ) ;
#1589 = CARTESIAN_POINT ( 'NONE',  ( -23.10050218603879912, 23.54230659235769707, 12.49999999999999822 ) ) ;
#1590 = VERTEX_POINT ( 'NONE', #3032 ) ;
#1591 = ORIENTED_EDGE ( 'NONE', *, *, #434, .F. ) ;
#1592 = DIRECTION ( 'NONE',  ( -0.000000000000000000, -0.000000000000000000, -1.000000000000000000 ) ) ;
#1593 = LINE ( 'NONE', #360, #1865 ) ;
#1594 = CARTESIAN_POINT ( 'NONE',  ( -42.55999040292547164, 3.496362124549274419, 7.790762234172531997 ) ) ;
#1595 = LINE ( 'NONE', #2261, #4855 ) ;
#1596 = FACE_OUTER_BOUND ( 'NONE', #414, .T. ) ;
#1597 = CARTESIAN_POINT ( 'NONE',  ( 43.06086169908981276, 40.83333538627203296, -3.029942897636014099 ) ) ;
#1598 = B_SPLINE_CURVE_WITH_KNOTS ( 'NONE', 3,
 ( #1392, #8370, #1938, #5865, #2527, #4509, #7057, #1271, #5821, #7779 ),
 .UNSPECIFIED., .F., .F.,
 ( 4, 2, 2, 2, 4 ),
 ( 0.000000000000000000, 0.2500000000000000000, 0.5000000000000000000, 0.7500000000000000000, 1.000000000000000000 ),
 .UNSPECIFIED. ) ;
#1599 = DIRECTION ( 'NONE',  ( 1.000000000000000000, 0.000000000000000000, 0.000000000000000000 ) ) ;
#1600 = B_SPLINE_CURVE_WITH_KNOTS ( 'NONE', 3,
 ( #8274, #2427, #1714, #2347 ),
 .UNSPECIFIED., .F., .F.,
 ( 4, 4 ),
 ( 0.000000000000000000, 0.0002985696920958114272 ),
 .UNSPECIFIED. ) ;
#1601 = LINE ( 'NONE', #7271, #6541 ) ;
#1602 = CIRCLE ( 'NONE', #5770, 1.500000000000582423 ) ;
#1603 = FACE_OUTER_BOUND ( 'NONE', #3931, .T. ) ;
#1604 = EDGE_LOOP ( 'NONE', ( #7735, #5106, #7747 ) ) ;
#1605 = CARTESIAN_POINT ( 'NONE',  ( -35.82033601876109685, -16.30530257004302541, -7.522403129503956620 ) ) ;
#1606 = CARTESIAN_POINT ( 'NONE',  ( 2.630498711763927577, 3.033253831555559721, 18.09999999999999787 ) ) ;
#1607 = DIRECTION ( 'NONE',  ( 0.000000000000000000, 0.000000000000000000, -1.000000000000000000 ) ) ;
#1608 = LINE ( 'NONE', #1569, #7626 ) ;
#1609 = EDGE_CURVE ( 'NONE', #5631, #6654, #2574, .T. ) ;
#1610 = CARTESIAN_POINT ( 'NONE',  ( -51.92092408978491136, -1.352789777417733097, -3.097864185164253215 ) ) ;
#1611 = ORIENTED_EDGE ( 'NONE', *, *, #277, .F. ) ;
#1612 = EDGE_LOOP ( 'NONE', ( #3074, #1669, #2889, #2807 ) ) ;
#1613 = PRODUCT_DEFINITION_FORMATION_WITH_SPECIFIED_SOURCE ( 'ANY', '', #840, .NOT_KNOWN. ) ;
#1614 = CARTESIAN_POINT ( 'NONE',  ( 33.46628219661889858, 6.819618187068763326, -6.648741191706261766 ) ) ;
#1615 = EDGE_LOOP ( 'NONE', ( #6774, #3478, #43, #3170, #3516, #5663, #3558, #6229 ) ) ;
#1616 = CARTESIAN_POINT ( 'NONE',  ( 36.36878671764509363, 13.32168028709062568, 10.83162988535167770 ) ) ;
#1617 = CARTESIAN_POINT ( 'NONE',  ( -23.18328043098193447, -12.55883077624447175, -11.46367599439343010 ) ) ;
#1618 = AXIS2_PLACEMENT_3D ( 'NONE', #7436, #5514, #2354 ) ;
#1619 = EDGE_CURVE ( 'NONE', #5839, #3671, #7986, .T. ) ;
#1620 = ORIENTED_EDGE ( 'NONE', *, *, #6160, .T. ) ;
#1621 = DIRECTION ( 'NONE',  ( -0.000000000000000000, -0.000000000000000000, 1.000000000000000000 ) ) ;
#1622 = ADVANCED_FACE ( 'NONE', ( #5318 ), #4549, .T. ) ;
#1623 = LINE ( 'NONE', #6052, #425 ) ;
#1624 = CARTESIAN_POINT ( 'NONE',  ( -24.03361892310764247, -10.40443695234917953, 15.85728767096143699 ) ) ;
#1625 = ORIENTED_EDGE ( 'NONE', *, *, #2452, .F. ) ;
#1626 = EDGE_CURVE ( 'NONE', #6527, #1349, #4731, .T. ) ;
#1627 = VECTOR ( 'NONE', #291, 1000.000000000000000 ) ;
#1628 = AXIS2_PLACEMENT_3D ( 'NONE', #5501, #6301, #4906 ) ;
#1629 = VECTOR ( 'NONE', #5744, 1000.000000000000000 ) ;
#1630 = CARTESIAN_POINT ( 'NONE',  ( 44.98298319997409322, 7.622833691810278367, -9.664955880659885423 ) ) ;
#1631 = CARTESIAN_POINT ( 'NONE',  ( -1.374106771306977892, -0.5592660666727979901, 12.49999999999999822 ) ) ;
#1632 = ORIENTED_EDGE ( 'NONE', *, *, #7393, .T. ) ;
#1633 = VERTEX_POINT ( 'NONE', #40 ) ;
#1634 = FACE_OUTER_BOUND ( 'NONE', #5566, .T. ) ;
#1635 = CARTESIAN_POINT ( 'NONE',  ( 23.72385695098861547, 27.81312729974014886, -17.14999999999996660 ) ) ;
#1636 = DIRECTION ( 'NONE',  ( 0.9139452746408239792, 0.4058374489394845352, 0.000000000000000000 ) ) ;
#1637 = DIRECTION ( 'NONE',  ( 0.000000000000000000, 0.000000000000000000, -1.000000000000000000 ) ) ;
#1638 = CARTESIAN_POINT ( 'NONE',  ( -2.569501288236065495, 15.63800383155555096, 20.10000000000000142 ) ) ;
#1639 = ADVANCED_FACE ( 'NONE', ( #4013 ), #8008, .F. ) ;
#1640 = PLANE ( 'NONE',  #4867 ) ;
#1641 = CARTESIAN_POINT ( 'NONE',  ( -42.57203864707316399, -2.624681370721262841, -10.90000000000000036 ) ) ;
#1643 = AXIS2_PLACEMENT_3D ( 'NONE', #1869, #4438, #3247 ) ;
#1642 = FACE_OUTER_BOUND ( 'NONE', #3208, .T. ) ;
#1644 = CARTESIAN_POINT ( 'NONE',  ( -23.30832960404879373, -15.97458884278930569, 4.938121796554010068 ) ) ;
#1645 = CARTESIAN_POINT ( 'NONE',  ( 30.92035628536908121, 13.33090547951158378, -14.69999999999974705 ) ) ;
#1646 = VERTEX_POINT ( 'NONE', #2666 ) ;
#1647 = CARTESIAN_POINT ( 'NONE',  ( -34.23388154543381745, -15.60083737483010324, -13.00045845593511373 ) ) ;
#1648 = CARTESIAN_POINT ( 'NONE',  ( -11.66950128823607002, 0.000000000000000000, 16.60000000000000142 ) ) ;
#1649 = DIRECTION ( 'NONE',  ( 0.000000000000000000, 0.000000000000000000, 1.000000000000000000 ) ) ;
#1650 = CARTESIAN_POINT ( 'NONE',  ( -51.05457537879513552, -3.303805664860814062, -2.511903653824852256 ) ) ;
#1651 = AXIS2_PLACEMENT_3D ( 'NONE', #2488, #5063, #1857 ) ;
#1652 = CARTESIAN_POINT ( 'NONE',  ( -51.34377541238199427, -2.654927763917722672, -2.674618696607801382 ) ) ;
#1653 = EDGE_LOOP ( 'NONE', ( #437, #686, #2641, #3725 ) ) ;
#1654 = B_SPLINE_CURVE_WITH_KNOTS ( 'NONE', 3,
 ( #3774, #7750, #5118, #6989, #561, #7032, #3820, #6390, #7712, #1915, #4482, #92, #8013, #3385, #4023, #7916, #2673, #261, #4785, #899, #2207, #6008, #765, #5236, #3943, #215, #3339, #2163, #853, #3425, #7375, #6519, #2115, #7337, #2795, #5327, #6687, #723, #175, #5369, #3300, #7964, #1405, #5880, #6598, #5923, #2720, #135, #7837, #2758, #7287 ),
 .UNSPECIFIED., .F., .F.,
 ( 4, 1, 1, 1, 1, 2, 2, 1, 1, 1, 1, 2, 2, 1, 1, 1, 1, 2, 2, 1, 1, 1, 1, 2, 2, 1, 1, 1, 2, 2, 1, 1, 1, 1, 2, 2, 4 ),
 ( 0.000000000000000000, 0.06250000000000129063, 0.09375000000000191513, 0.1093750000000022482, 0.1171875000000024009, 0.1210937500000023315, 0.1250000000000022482, 0.1875000000000033862, 0.2187500000000035805, 0.2343750000000034417, 0.2421875000000033584, 0.2460937500000032752, 0.2500000000000031641, 0.3125000000000032196, 0.3437500000000032752, 0.3593750000000033862, 0.3671875000000033862, 0.3710937500000033307, 0.3750000000000032752, 0.4375000000000006661, 0.4687499999999992784, 0.4843749999999986122, 0.4921874999999980571, 0.4960937499999978906, 0.4999999999999976685, 0.5624999999999953371, 0.5937499999999941158, 0.6093749999999936717, 0.6171874999999937828, 0.6249999999999937828, 0.6874999999999961142, 0.7187499999999972244, 0.7343749999999977796, 0.7421874999999978906, 0.7460937499999980016, 0.7499999999999980016, 1.000000000000000000 ),
 .UNSPECIFIED. ) ;
#1655 = ORIENTED_EDGE ( 'NONE', *, *, #2139, .F. ) ;
#1656 = ORIENTED_EDGE ( 'NONE', *, *, #1153, .T. ) ;
#1657 = EDGE_LOOP ( 'NONE', ( #1355, #8314 ) ) ;
#1658 = CARTESIAN_POINT ( 'NONE',  ( 34.39045769465634095, 8.732352533460847610, 5.578182537951672515 ) ) ;
#1659 = CARTESIAN_POINT ( 'NONE',  ( -18.01606095915422046, -9.893392422615688631, -14.21751472021041351 ) ) ;
#1660 = PLANE ( 'NONE',  #47 ) ;
#1661 = DIRECTION ( 'NONE',  ( 1.000000000000000000, 0.000000000000000000, 0.000000000000000000 ) ) ;
#1662 = CARTESIAN_POINT ( 'NONE',  ( 35.90640236038516520, 12.08735013922940205, 2.511680827171582475 ) ) ;
#1663 = ORIENTED_EDGE ( 'NONE', *, *, #2031, .T. ) ;
#1664 = VECTOR ( 'NONE', #4590, 1000.000000000000000 ) ;
#1665 = EDGE_CURVE ( 'NONE', #7301, #2961, #6213, .T. ) ;
#1666 = DIRECTION ( 'NONE',  ( -0.9139452746408239792, -0.4058374489394846463, -1.387778780781445676E-16 ) ) ;
#1667 = CARTESIAN_POINT ( 'NONE',  ( 50.42090587922739786, 24.43381056977455046, -22.15000000000000213 ) ) ;
#1669 = ORIENTED_EDGE ( 'NONE', *, *, #733, .T. ) ;
#1668 = ORIENTED_EDGE ( 'NONE', *, *, #8243, .T. ) ;
#1670 = EDGE_CURVE ( 'NONE', #1251, #8273, #121, .T. ) ;
#1671 = ORIENTED_EDGE ( 'NONE', *, *, #67, .T. ) ;
#1672 = CARTESIAN_POINT ( 'NONE',  ( 1.114282495547711749, 21.88238026434143180, 11.09999999999999787 ) ) ;
#1673 = EDGE_CURVE ( 'NONE', #504, #6560, #7233, .T. ) ;
#1674 = CARTESIAN_POINT ( 'NONE',  ( 43.70394431632191612, 39.56039707972697528, -2.675592887096305716 ) ) ;
#1675 = ADVANCED_FACE ( 'NONE', ( #843 ), #4140, .F. ) ;
#1676 = CARTESIAN_POINT ( 'NONE',  ( -46.55896329879925588, -20.82003891466729328, -19.90226640499236055 ) ) ;
#1677 = DIRECTION ( 'NONE',  ( -0.000000000000000000, 0.000000000000000000, 1.000000000000000000 ) ) ;
#1678 = CARTESIAN_POINT ( 'NONE',  ( 40.57410929188741733, 21.52694900061340277, 2.813735736022707989 ) ) ;
#1679 = FACE_OUTER_BOUND ( 'NONE', #1110, .T. ) ;
#1680 = CARTESIAN_POINT ( 'NONE',  ( 50.29733682655871974, 22.29935790631355630, -1.701474974101666371 ) ) ;
#1681 = DIRECTION ( 'NONE',  ( 1.000000000000000000, 0.000000000000000000, 0.000000000000000000 ) ) ;
#1682 = CARTESIAN_POINT ( 'NONE',  ( -0.4606577907535720495, 1.037400595203546549, -12.50000000000000178 ) ) ;
#1683 = CARTESIAN_POINT ( 'NONE',  ( 30.00325957368642094, 5.748117462279126677, -11.71283833075210801 ) ) ;
#1684 = VERTEX_POINT ( 'NONE', #1565 ) ;
#1685 = CARTESIAN_POINT ( 'NONE',  ( -1.374106771306977892, -0.5592660666727979901, 20.10000000000000142 ) ) ;
#1686 = CARTESIAN_POINT ( 'NONE',  ( 7.560498711763927737, -4.451996168444437352, 18.09999999999999787 ) ) ;
#1687 = AXIS2_PLACEMENT_3D ( 'NONE', #4070, #6644, #3465 ) ;
#1688 = CARTESIAN_POINT ( 'NONE',  ( -41.91187761998802586, -18.96506470031948410, -20.04512421095780184 ) ) ;
#1689 = ADVANCED_FACE ( 'NONE', ( #333 ), #6033, .F. ) ;
#1690 = CARTESIAN_POINT ( 'NONE',  ( -54.08820007025626353, -3.864209956775448429, -2.675592887099885964 ) ) ;
#1691 = CARTESIAN_POINT ( 'NONE',  ( -2.569501288236065495, 15.63800383155555096, 12.10000000000029985 ) ) ;
#1692 = VERTEX_POINT ( 'NONE', #8079 ) ;
#1693 = CARTESIAN_POINT ( 'NONE',  ( -10.41471000209347686, -9.674101972506198521, -21.35000000000000497 ) ) ;
#1694 = EDGE_CURVE ( 'NONE', #6010, #3158, #757, .T. ) ;
#1695 = ORIENTED_EDGE ( 'NONE', *, *, #761, .T. ) ;
#1696 = B_SPLINE_CURVE_WITH_KNOTS ( 'NONE', 3,
 ( #8228, #5007, #7599, #5801, #3827, #6397, #7209, #1375 ),
 .UNSPECIFIED., .F., .F.,
 ( 4, 2, 2, 4 ),
 ( 0.000000000000000000, 0.003404530059512407818, 0.006809060119024815637, 0.01361812023804963127 ),
 .UNSPECIFIED. ) ;
#1697 = ORIENTED_EDGE ( 'NONE', *, *, #6164, .F. ) ;
#1698 = ORIENTED_EDGE ( 'NONE', *, *, #4126, .T. ) ;
#1699 = EDGE_CURVE ( 'NONE', #8377, #6770, #7015, .T. ) ;
#1700 = DIRECTION ( 'NONE',  ( -0.8834091605351978016, -0.4686024488652369979, 0.000000000000000000 ) ) ;
#1701 = CARTESIAN_POINT ( 'NONE',  ( -24.47303484945805963, -11.26653286831458622, -14.70000000000008100 ) ) ;
#1702 = CARTESIAN_POINT ( 'NONE',  ( -40.06950128823608281, 15.63800383155555451, 20.09999999999999432 ) ) ;
#1703 = CARTESIAN_POINT ( 'NONE',  ( -48.35090239073031171, -5.734996487248752217, -0.9244324841327041797 ) ) ;
#1704 = LINE ( 'NONE', #435, #2569 ) ;
#1705 = ORIENTED_EDGE ( 'NONE', *, *, #8138, .T. ) ;
#1706 = ORIENTED_EDGE ( 'NONE', *, *, #8194, .T. ) ;
#1707 = VECTOR ( 'NONE', #8070, 1000.000000000000000 ) ;
#1708 = PRODUCT_DEFINITION_CONTEXT ( 'detailed design', #2932, 'design' ) ;
#1709 = DIRECTION ( 'NONE',  ( 0.000000000000000000, -1.000000000000000000, 0.000000000000000000 ) ) ;
#1710 = CARTESIAN_POINT ( 'NONE',  ( 16.38649960956662355, 7.733701070753433271, 10.09999999999999964 ) ) ;
#1712 = VERTEX_POINT ( 'NONE', #415 ) ;
#1711 = ORIENTED_EDGE ( 'NONE', *, *, #6684, .T. ) ;
#1713 = ORIENTED_EDGE ( 'NONE', *, *, #1744, .T. ) ;
#1714 = CARTESIAN_POINT ( 'NONE',  ( -51.85660199360312816, -1.324227547103334013, -3.027495581421815185 ) ) ;
#1715 = DIRECTION ( 'NONE',  ( 0.9139452746408245343, 0.4058374489394833695, 0.000000000000000000 ) ) ;
#1716 = CARTESIAN_POINT ( 'NONE',  ( -51.58478271671599913, -9.501901763435531834, -2.675592887094638606 ) ) ;
#1717 = CARTESIAN_POINT ( 'NONE',  ( 17.96149960956662639, 7.733701070753433271, 10.09999999999999964 ) ) ;
#1718 = DIRECTION ( 'NONE',  ( -0.9139452746408245343, -0.4058374489394831475, 0.000000000000000000 ) ) ;
#1719 = FACE_OUTER_BOUND ( 'NONE', #8084, .T. ) ;
#1720 = DIRECTION ( 'NONE',  ( 0.000000000000000000, 0.000000000000000000, 1.000000000000000000 ) ) ;
#1721 = CARTESIAN_POINT ( 'NONE',  ( -44.66763387658843243, -17.68718753512188258, -12.25715201019640332 ) ) ;
#1722 = CARTESIAN_POINT ( 'NONE',  ( -40.83959772259422039, -17.68377620404235628, -21.72523736148557560 ) ) ;
#1723 = CARTESIAN_POINT ( 'NONE',  ( 32.80048437282981411, 12.69754927228863473, -11.03250072226929923 ) ) ;
#1724 = EDGE_CURVE ( 'NONE', #117, #342, #6201, .T. ) ;
#1725 = EDGE_LOOP ( 'NONE', ( #991, #17, #1507, #5411 ) ) ;
#1726 = DIRECTION ( 'NONE',  ( 0.4058374489394847018, -0.9139452746408238681, -0.000000000000000000 ) ) ;
#1727 = FACE_OUTER_BOUND ( 'NONE', #4953, .T. ) ;
#1728 = DIRECTION ( 'NONE',  ( 0.000000000000000000, 0.000000000000000000, 1.000000000000000000 ) ) ;
#1729 = CARTESIAN_POINT ( 'NONE',  ( 35.56565086375821494, 23.27158218451142346, -4.917400176946182810 ) ) ;
#1730 = DIRECTION ( 'NONE',  ( 1.000000000000000000, 0.000000000000000000, 0.000000000000000000 ) ) ;
#1731 = ORIENTED_EDGE ( 'NONE', *, *, #2481, .T. ) ;
#1732 = LINE ( 'NONE', #5527, #6656 ) ;
#1733 = VERTEX_POINT ( 'NONE', #4849 ) ;
#1734 = VECTOR ( 'NONE', #7295, 1000.000000000000000 ) ;
#1735 = EDGE_LOOP ( 'NONE', ( #2, #3002 ) ) ;
#1736 = ORIENTED_EDGE ( 'NONE', *, *, #8015, .T. ) ;
#1737 = ADVANCED_FACE ( 'NONE', ( #2359 ), #6837, .F. ) ;
#1738 = CARTESIAN_POINT ( 'NONE',  ( -23.41407094617371953, -12.57102287523975725, -11.35027873683099209 ) ) ;
#1739 = CARTESIAN_POINT ( 'NONE',  ( -15.70880249136767226, -8.503204509859550342, -14.66772136468452814 ) ) ;
#1740 = AXIS2_PLACEMENT_3D ( 'NONE', #7323, #8120, #370 ) ;
#1741 = FACE_OUTER_BOUND ( 'NONE', #976, .T. ) ;
#1742 = CARTESIAN_POINT ( 'NONE',  ( 33.98019955212699728, 7.249358620321206814, 5.886796564403914189 ) ) ;
#1743 = VERTEX_POINT ( 'NONE', #5402 ) ;
#1744 = EDGE_CURVE ( 'NONE', #8371, #1370, #8364, .T. ) ;
#1745 = ORIENTED_EDGE ( 'NONE', *, *, #1873, .T. ) ;
#1746 = VECTOR ( 'NONE', #1637, 1000.000000000000000 ) ;
#1747 = DIRECTION ( 'NONE',  ( 1.000000000000000000, 0.000000000000000000, 0.000000000000000000 ) ) ;
#1748 = DIRECTION ( 'NONE',  ( 0.000000000000000000, 0.000000000000000000, -1.000000000000000000 ) ) ;
#1749 = EDGE_CURVE ( 'NONE', #6297, #7766, #2940, .T. ) ;
#1751 = ORIENTED_EDGE ( 'NONE', *, *, #2435, .F. ) ;
#1750 = ORIENTED_EDGE ( 'NONE', *, *, #999, .F. ) ;
#1752 = VERTEX_POINT ( 'NONE', #2982 ) ;
#1753 = CARTESIAN_POINT ( 'NONE',  ( 50.35667089302411625, 31.97058981501175268, -4.077197461567558356 ) ) ;
#1754 = CARTESIAN_POINT ( 'NONE',  ( -36.64671464733725514, -16.67225604503226677, -14.70000000000000462 ) ) ;
#1755 = DIRECTION ( 'NONE',  ( 1.000000000000000000, 0.000000000000000000, 0.000000000000000000 ) ) ;
#1756 = CARTESIAN_POINT ( 'NONE',  ( 27.14835575828564629, 11.53325383155555883, 12.49999999999999822 ) ) ;
#1757 = VECTOR ( 'NONE', #6402, 1000.000000000000000 ) ;
#1758 = VECTOR ( 'NONE', #7326, 1000.000000000000114 ) ;
#1759 = CYLINDRICAL_SURFACE ( 'NONE', #5406, 1.500000000000837552 ) ;
#1760 = VECTOR ( 'NONE', #741, 1000.000000000000000 ) ;
#1761 = CARTESIAN_POINT ( 'NONE',  ( -48.01511177311656553, -17.54079491992775885, -9.476067658452238973 ) ) ;
#1762 = DIRECTION ( 'NONE',  ( 1.000000000000000000, 0.000000000000000000, 0.000000000000000000 ) ) ;
#1763 = CARTESIAN_POINT ( 'NONE',  ( 48.11173193213324595, 21.00992402021965688, -20.04512421095780184 ) ) ;
#1764 = VECTOR ( 'NONE', #7353, 1000.000000000000000 ) ;
#1765 = PLANE ( 'NONE',  #2352 ) ;
#1766 = CARTESIAN_POINT ( 'NONE',  ( 32.33490069644293641, 12.18431101642008763, -11.35027873683515409 ) ) ;
#1767 = LINE ( 'NONE', #1180, #1341 ) ;
#1768 = EDGE_CURVE ( 'NONE', #6654, #5631, #7960, .T. ) ;
#1769 = VECTOR ( 'NONE', #803, 999.9999999999998863 ) ;
#1770 = CONICAL_SURFACE ( 'NONE', #6620, 37.50000000000002132, 0.7853981633974430610 ) ;
#1771 = DIRECTION ( 'NONE',  ( -1.000000000000000000, 0.000000000000000000, -0.000000000000000000 ) ) ;
#1772 = CARTESIAN_POINT ( 'NONE',  ( 34.62326247473430385, 20.58881466545430428, 12.00343297527362729 ) ) ;
#1773 = DIRECTION ( 'NONE',  ( -1.172110456741086321E-16, 1.000000000000000000, 0.000000000000000000 ) ) ;
#1774 = EDGE_CURVE ( 'NONE', #1917, #1982, #6056, .T. ) ;
#1775 = CARTESIAN_POINT ( 'NONE',  ( 45.18548849002542767, 21.08701112349841011, 2.869686515792142512 ) ) ;
#1776 = ORIENTED_EDGE ( 'NONE', *, *, #7452, .T. ) ;
#1777 = DIRECTION ( 'NONE',  ( -0.9139452746408239792, -0.4058374489394844242, 0.000000000000000000 ) ) ;
#1778 = AXIS2_PLACEMENT_3D ( 'NONE', #3167, #6427, #1747 ) ;
#1779 = EDGE_CURVE ( 'NONE', #5824, #5466, #2442, .T. ) ;
#1780 = ORIENTED_EDGE ( 'NONE', *, *, #753, .F. ) ;
#1781 = EDGE_CURVE ( 'NONE', #1016, #7177, #2576, .T. ) ;
#1782 = ORIENTED_EDGE ( 'NONE', *, *, #4924, .F. ) ;
#1783 = CARTESIAN_POINT ( 'NONE',  ( -44.62940268341839811, -17.77328411993174484, -22.15000000000000213 ) ) ;
#1784 = EDGE_CURVE ( 'NONE', #428, #4364, #4305, .T. ) ;
#1785 = ORIENTED_EDGE ( 'NONE', *, *, #2625, .T. ) ;
#1786 = EDGE_CURVE ( 'NONE', #4104, #141, #1068, .T. ) ;
#1787 = VECTOR ( 'NONE', #3603, 1000.000000000000000 ) ;
#1788 = VERTEX_POINT ( 'NONE', #7562 ) ;
#1789 = CARTESIAN_POINT ( 'NONE',  ( 37.50508207464448418, 14.42598953048706534, -5.562900354066711017 ) ) ;
#1790 = CARTESIAN_POINT ( 'NONE',  ( 43.58311305207159592, 31.20836636923688445, -14.70000000000000284 ) ) ;
#1791 = CARTESIAN_POINT ( 'NONE',  ( -20.85651692632216836, -17.10088831604766213, -3.700000000000003730 ) ) ;
#1792 = CARTESIAN_POINT ( 'NONE',  ( 34.58689410985728330, 25.02528002653421879, -2.392760896843801291E-14 ) ) ;
#1793 = EDGE_LOOP ( 'NONE', ( #8345, #4030 ) ) ;
#1794 = ORIENTED_EDGE ( 'NONE', *, *, #2494, .F. ) ;
#1795 = CARTESIAN_POINT ( 'NONE',  ( -23.10050218603879912, 23.54230659235769707, 16.60000000000000142 ) ) ;
#1796 = FACE_OUTER_BOUND ( 'NONE', #10, .T. ) ;
#1798 = ORIENTED_EDGE ( 'NONE', *, *, #5121, .T. ) ;
#1797 = ORIENTED_EDGE ( 'NONE', *, *, #4653, .F. ) ;
#1799 = ORIENTED_EDGE ( 'NONE', *, *, #5377, .T. ) ;
#1800 = DIRECTION ( 'NONE',  ( 0.000000000000000000, 0.000000000000000000, 1.000000000000000000 ) ) ;
#1801 = EDGE_CURVE ( 'NONE', #4325, #5887, #1767, .T. ) ;
#1802 = DIRECTION ( 'NONE',  ( 1.000000000000000000, 0.000000000000000000, 0.000000000000000000 ) ) ;
#1803 = CARTESIAN_POINT ( 'NONE',  ( -49.69893672168602450, -13.74882387563068775, -4.871024401568834428 ) ) ;
#1804 = DIRECTION ( 'NONE',  ( -1.000000000000000000, 0.000000000000000000, 0.000000000000000000 ) ) ;
#1805 = AXIS2_PLACEMENT_3D ( 'NONE', #747, #5864, #7096 ) ;
#1806 = ORIENTED_EDGE ( 'NONE', *, *, #7204, .F. ) ;
#1807 = CARTESIAN_POINT ( 'NONE',  ( 2.630498711763926689, 6.533253831555559721, 10.09999999999999964 ) ) ;
#1808 = CARTESIAN_POINT ( 'NONE',  ( -49.83336818407781976, -4.384199516445697498, -1.729927390893904571 ) ) ;
#1809 = DIRECTION ( 'NONE',  ( -0.000000000000000000, -0.000000000000000000, 1.000000000000000000 ) ) ;
#1810 = LINE ( 'NONE', #451, #4312 ) ;
#1811 = CARTESIAN_POINT ( 'NONE',  ( -2.569501288236065495, 15.63800383155555096, -14.70000000000000284 ) ) ;
#1812 = CARTESIAN_POINT ( 'NONE',  ( 26.58059241573346299, 11.40383309703816472, -14.69999999999995488 ) ) ;
#1813 = DIRECTION ( 'NONE',  ( -1.213093339843845917E-16, -1.000000000000000000, 0.000000000000000000 ) ) ;
#1814 = FACE_OUTER_BOUND ( 'NONE', #6041, .T. ) ;
#1815 = CARTESIAN_POINT ( 'NONE',  ( 43.24784538967135461, 38.98249623446470480, -1.788138067309489321 ) ) ;
#1816 = DIRECTION ( 'NONE',  ( -0.4342997651233633793, 0.9007684019845452195, 0.000000000000000000 ) ) ;
#1817 = AXIS2_PLACEMENT_3D ( 'NONE', #208, #974, #1141 ) ;
#1818 = DIRECTION ( 'NONE',  ( 1.000000000000000000, 0.000000000000000000, -0.000000000000000000 ) ) ;
#1819 = ORIENTED_EDGE ( 'NONE', *, *, #9, .F. ) ;
#1820 = DIRECTION ( 'NONE',  ( 1.000000000000000000, 0.000000000000000000, 0.000000000000000000 ) ) ;
#1821 = ORIENTED_EDGE ( 'NONE', *, *, #6240, .F. ) ;
#1822 = ADVANCED_FACE ( 'NONE', ( #1892 ), #3062, .F. ) ;
#1823 = CIRCLE ( 'NONE', #4504, 1.574999999999999512 ) ;
#1824 =( BOUNDED_SURFACE ( )  B_SPLINE_SURFACE ( 3, 2, ( 
 ( #4776, #7447, #1652 ),
 ( #8205, #497, #2364 ),
 ( #459, #5653, #2988 ),
 ( #1013, #8083, #4223 ) ),
 .UNSPECIFIED., .F., .F., .T. ) 
 B_SPLINE_SURFACE_WITH_KNOTS ( ( 4, 4 ),
 ( 3, 3 ),
 ( -8.673617379884035472E-18, 0.0003003506504184445900 ),
 ( 0.8333773795114318705, 0.8982281693479345908 ),
 .UNSPECIFIED. ) 
 GEOMETRIC_REPRESENTATION_ITEM ( )  RATIONAL_B_SPLINE_SURFACE ( (
 ( 0.9198246300226433636, 0.9323075648341304644, 0.9472187633244215643),
 ( 0.9198226475526183332, 0.9323058910255321852, 0.9472174582201280391),
 ( 0.9198206751879411947, 0.9323042257489257967, 0.9472161597684106704),
 ( 0.9198187127756454196, 0.9323025688751609419, 0.9472148678685682333) ) ) 
 REPRESENTATION_ITEM ( '' )  SURFACE ( )  );
#1825 = VERTEX_POINT ( 'NONE', #7689 ) ;
#1826 = CARTESIAN_POINT ( 'NONE',  ( -44.34636304494792824, -18.41068892521058942, -22.03201252163746560 ) ) ;
#1827 = ORIENTED_EDGE ( 'NONE', *, *, #893, .T. ) ;
#1828 = VECTOR ( 'NONE', #7256, 1000.000000000000000 ) ;
#1829 = EDGE_LOOP ( 'NONE', ( #1625, #1436, #6990, #954 ) ) ;
#1830 = PLANE ( 'NONE',  #5322 ) ;
#1831 = DIRECTION ( 'NONE',  ( -1.000000000000000000, 0.000000000000000000, 0.000000000000000000 ) ) ;
#1832 = DIRECTION ( 'NONE',  ( 0.000000000000000000, 0.000000000000000000, 1.000000000000000000 ) ) ;
#1833 = EDGE_CURVE ( 'NONE', #1590, #6560, #2146, .T. ) ;
#1834 = FACE_BOUND ( 'NONE', #3131, .T. ) ;
#1835 = ORIENTED_EDGE ( 'NONE', *, *, #7607, .T. ) ;
#1836 = VERTEX_POINT ( 'NONE', #1262 ) ;
#1837 = LINE ( 'NONE', #2504, #2974 ) ;
#1838 = DIRECTION ( 'NONE',  ( -0.000000000000000000, -0.000000000000000000, -1.000000000000000000 ) ) ;
#1839 = EDGE_CURVE ( 'NONE', #3301, #4598, #933, .T. ) ;
#1840 = VERTEX_POINT ( 'NONE', #7650 ) ;
#1841 = ORIENTED_EDGE ( 'NONE', *, *, #6257, .F. ) ;
#1842 = FACE_BOUND ( 'NONE', #8186, .T. ) ;
#1843 = DIRECTION ( 'NONE',  ( 0.9725991773073601188, 0.2324883659477310072, 0.000000000000000000 ) ) ;
#1844 = CARTESIAN_POINT ( 'NONE',  ( 45.31277111254478029, 35.93732175248515404, -2.407444835499587654 ) ) ;
#1845 = CYLINDRICAL_SURFACE ( 'NONE', #7297, 2.874999999999995559 ) ;
#1846 = ORIENTED_EDGE ( 'NONE', *, *, #5486, .T. ) ;
#1847 = LINE ( 'NONE', #7001, #6733 ) ;
#1848 = CYLINDRICAL_SURFACE ( 'NONE', #552, 2.000000000000000000 ) ;
#1849 = CARTESIAN_POINT ( 'NONE',  ( 0.1480983826556548366, -0.3335173167576945819, -14.70000000000000284 ) ) ;
#1850 = CIRCLE ( 'NONE', #7250, 17.50000000000000000 ) ;
#1851 = CARTESIAN_POINT ( 'NONE',  ( -54.28514393493356494, -3.420692693985445842, -2.786075478431025321 ) ) ;
#1852 = FACE_BOUND ( 'NONE', #3075, .T. ) ;
#1853 = CARTESIAN_POINT ( 'NONE',  ( 34.83751689389019646, 25.13656908742246898, -4.914506795439191222 ) ) ;
#1854 = CARTESIAN_POINT ( 'NONE',  ( -11.66950128823607002, -2.305950852478507063, 16.60000000000000142 ) ) ;
#1855 = CARTESIAN_POINT ( 'NONE',  ( 34.93049871176395271, 15.63800383155550655, 10.97154826940789718 ) ) ;
#1856 = ADVANCED_FACE ( 'NONE', ( #3835 ), #6242, .F. ) ;
#1857 = DIRECTION ( 'NONE',  ( -1.000000000000000000, 0.000000000000000000, 0.000000000000000000 ) ) ;
#1858 = CARTESIAN_POINT ( 'NONE',  ( -54.66275991370911669, -2.570302124232364704, -22.15000000000000213 ) ) ;
#1859 = DIRECTION ( 'NONE',  ( -0.000000000000000000, -0.000000000000000000, 1.000000000000000000 ) ) ;
#1860 = ORIENTED_EDGE ( 'NONE', *, *, #6111, .T. ) ;
#1861 = EDGE_LOOP ( 'NONE', ( #5654, #1537, #4106, #1998 ) ) ;
#1862 = CARTESIAN_POINT ( 'NONE',  ( -46.60675370349215996, -20.71241500106250299, -20.87902610300148964 ) ) ;
#1863 = ADVANCED_FACE ( 'NONE', ( #6877 ), #8363, .F. ) ;
#1864 = VERTEX_POINT ( 'NONE', #3023 ) ;
#1865 = VECTOR ( 'NONE', #6740, 1000.000000000000000 ) ;
#1866 = VERTEX_POINT ( 'NONE', #5605 ) ;
#1867 = DIRECTION ( 'NONE',  ( 0.7444334620662311774, 0.03387422295043996529, -0.6668368297984065274 ) ) ;
#1868 = AXIS2_PLACEMENT_3D ( 'NONE', #1290, #7640, #8275 ) ;
#1869 = CARTESIAN_POINT ( 'NONE',  ( 0.1480983826556548366, -0.3335173167576945819, -14.70000000000000284 ) ) ;
#1870 = CARTESIAN_POINT ( 'NONE',  ( 0.000000000000000000, 0.000000000000000000, 20.10000000000000142 ) ) ;
#1871 = ORIENTED_EDGE ( 'NONE', *, *, #4014, .T. ) ;
#1872 = CARTESIAN_POINT ( 'NONE',  ( 24.84885695098861547, 27.81312729974014886, -22.15000000000000213 ) ) ;
#1873 = EDGE_CURVE ( 'NONE', #162, #6350, #5060, .T. ) ;
#1874 = CARTESIAN_POINT ( 'NONE',  ( 48.94919749378441765, 35.14021761988590953, -2.675592887100079142 ) ) ;
#1876 = EDGE_LOOP ( 'NONE', ( #2555, #99 ) ) ;
#1875 = ORIENTED_EDGE ( 'NONE', *, *, #74, .T. ) ;
#1877 = EDGE_CURVE ( 'NONE', #2152, #1633, #7609, .T. ) ;
#1878 = VERTEX_POINT ( 'NONE', #5729 ) ;
#1879 = CARTESIAN_POINT ( 'NONE',  ( 53.12451050998124202, 25.73741950139973156, -12.25715201020416245 ) ) ;
#1880 = CARTESIAN_POINT ( 'NONE',  ( -4.269501288236071446, 0.000000000000000000, 20.10000000000000142 ) ) ;
#1881 = EDGE_CURVE ( 'NONE', #7380, #6332, #3706, .T. ) ;
#1882 = CARTESIAN_POINT ( 'NONE',  ( -48.46616940623622583, -9.132891703259026883, -2.886959476949468861 ) ) ;
#1883 = CARTESIAN_POINT ( 'NONE',  ( -29.91938817737490908, -14.96009186228136301, -3.700000000000010836 ) ) ;
#1884 = ORIENTED_EDGE ( 'NONE', *, *, #277, .T. ) ;
#1885 = ADVANCED_FACE ( 'NONE', ( #5016 ), #3185, .F. ) ;
#1886 = FACE_OUTER_BOUND ( 'NONE', #6678, .T. ) ;
#1887 = CARTESIAN_POINT ( 'NONE',  ( -46.15240529485816268, 0.5758350319057680133, 3.518834459091518596 ) ) ;
#1888 = CARTESIAN_POINT ( 'NONE',  ( 38.13714425700482735, 23.85201360153988048, 6.000000000000411227 ) ) ;
#1889 = CARTESIAN_POINT ( 'NONE',  ( 50.54939726642491848, 3.446506124561635520, -3.700000000000003730 ) ) ;
#1890 = AXIS2_PLACEMENT_3D ( 'NONE', #3546, #4262, #6760 ) ;
#1891 = DIRECTION ( 'NONE',  ( -0.9139452746408240902, -0.4058374489394843132, 0.000000000000000000 ) ) ;
#1892 = FACE_OUTER_BOUND ( 'NONE', #4268, .T. ) ;
#1893 = CARTESIAN_POINT ( 'NONE',  ( 17.96149960956662639, 7.733701070753433271, 10.09999999999999964 ) ) ;
#1894 = CARTESIAN_POINT ( 'NONE',  ( 43.21189981425901294, 37.01100415036074054, -0.9244324841338353860 ) ) ;
#1895 = EDGE_CURVE ( 'NONE', #442, #6504, #5378, .T. ) ;
#1896 = CIRCLE ( 'NONE', #2432, 1.574999999999999956 ) ;
#1897 = CARTESIAN_POINT ( 'NONE',  ( 34.05108319743021639, 24.78735316171313485, 0.9148257472633043452 ) ) ;
#1898 = CARTESIAN_POINT ( 'NONE',  ( -29.98785952746079531, 3.462880363371011683, -17.14999999999996660 ) ) ;
#1899 = DIRECTION ( 'NONE',  ( -0.000000000000000000, -0.000000000000000000, 1.000000000000000000 ) ) ;
#1900 = ORIENTED_EDGE ( 'NONE', *, *, #6382, .F. ) ;
#1901 = EDGE_LOOP ( 'NONE', ( #5238, #2577 ) ) ;
#1902 = CARTESIAN_POINT ( 'NONE',  ( -11.86434165587272638, 46.42613209619339898, 12.49999999999999822 ) ) ;
#1903 = CIRCLE ( 'NONE', #5452, 37.50000000000002132 ) ;
#1904 = ORIENTED_EDGE ( 'NONE', *, *, #1779, .F. ) ;
#1905 = CIRCLE ( 'NONE', #2575, 2.099999999999997868 ) ;
#1906 = ORIENTED_EDGE ( 'NONE', *, *, #1981, .F. ) ;
#1907 = VECTOR ( 'NONE', #7419, 1000.000000000000000 ) ;
#1908 = CARTESIAN_POINT ( 'NONE',  ( -2.569501288236065495, 15.63800383155555096, -12.50000000000000178 ) ) ;
#1909 = DIRECTION ( 'NONE',  ( 1.000000000000000000, 0.000000000000000000, 0.000000000000000000 ) ) ;
#1910 = FACE_BOUND ( 'NONE', #1332, .T. ) ;
#1911 = LINE ( 'NONE', #7157, #3889 ) ;
#1912 = ORIENTED_EDGE ( 'NONE', *, *, #73, .T. ) ;
#1913 = AXIS2_PLACEMENT_3D ( 'NONE', #7011, #6451, #75 ) ;
#1914 = DIRECTION ( 'NONE',  ( 0.5243398662736707960, 0.5295246425432152959, -0.6668368297984068604 ) ) ;
#1915 = CARTESIAN_POINT ( 'NONE',  ( 50.18842308813394482, 32.34948359785499861, -3.839167220993298546 ) ) ;
#1917 = VERTEX_POINT ( 'NONE', #702 ) ;
#1916 = EDGE_LOOP ( 'NONE', ( #4483, #5198, #3733, #3969 ) ) ;
#1918 = ORIENTED_EDGE ( 'NONE', *, *, #1873, .F. ) ;
#1919 = CARTESIAN_POINT ( 'NONE',  ( -16.56950128823521595, 31.13800383155554385, 18.09999999999999787 ) ) ;
#1920 = CARTESIAN_POINT ( 'NONE',  ( -41.91187761998802586, -18.96506470031948410, -20.04512421095782315 ) ) ;
#1921 = FACE_OUTER_BOUND ( 'NONE', #866, .T. ) ;
#1922 = CARTESIAN_POINT ( 'NONE',  ( -34.29745550322606107, -14.61381769054919388, 6.625788995056971054 ) ) ;
#1923 = ORIENTED_EDGE ( 'NONE', *, *, #7409, .T. ) ;
#1924 = CARTESIAN_POINT ( 'NONE',  ( 39.63498345181734805, 23.21850193460821998, -3.183803752492271322 ) ) ;
#1925 = CARTESIAN_POINT ( 'NONE',  ( 3.759801472566044023, 36.16900472935827793, 12.49999999999999822 ) ) ;
#1926 = ADVANCED_FACE ( 'NONE', ( #7771 ), #7729, .T. ) ;
#1927 = DIRECTION ( 'NONE',  ( -0.000000000000000000, -0.000000000000000000, 1.000000000000000000 ) ) ;
#1928 = DIRECTION ( 'NONE',  ( -0.9610761936858023269, 0.000000000000000000, -0.2762834593862075749 ) ) ;
#1929 = ADVANCED_FACE ( 'NONE', ( #1931 ), #3399, .F. ) ;
#1930 = CARTESIAN_POINT ( 'NONE',  ( -10.47380404903821649, -4.892997066247143145, 14.45000000000000107 ) ) ;
#1931 = FACE_OUTER_BOUND ( 'NONE', #3011, .T. ) ;
#1932 = CARTESIAN_POINT ( 'NONE',  ( 53.39152833965948020, 25.13609578345398177, -22.09154062771130356 ) ) ;
#1933 = CARTESIAN_POINT ( 'NONE',  ( 7.560498711763927737, -4.451996168444437352, 20.10000000000000142 ) ) ;
#1934 = EDGE_CURVE ( 'NONE', #8210, #7203, #3767, .T. ) ;
#1935 = VECTOR ( 'NONE', #1777, 1000.000000000000114 ) ;
#1936 = PLANE ( 'NONE',  #7861 ) ;
#1937 = DIRECTION ( 'NONE',  ( -0.9139452746408239792, -0.4058374489394846463, -1.387778780781445676E-16 ) ) ;
#1938 = CARTESIAN_POINT ( 'NONE',  ( 47.51852617415750757, 22.34582242192854196, -22.09562416129185891 ) ) ;
#1939 = ORIENTED_EDGE ( 'NONE', *, *, #3303, .T. ) ;
#1940 = AXIS2_PLACEMENT_3D ( 'NONE', #5161, #5756, #1328 ) ;
#1941 = ORIENTED_EDGE ( 'NONE', *, *, #4994, .F. ) ;
#1942 = CARTESIAN_POINT ( 'NONE',  ( -43.88775121039649463, -19.44348203037604961, -21.00851243511850441 ) ) ;
#1943 = EDGE_CURVE ( 'NONE', #136, #7751, #3492, .T. ) ;
#1944 = EDGE_LOOP ( 'NONE', ( #5752, #6592, #42, #1104, #4279 ) ) ;
#1945 = EDGE_CURVE ( 'NONE', #725, #5921, #2735, .T. ) ;
#1946 = B_SPLINE_CURVE_WITH_KNOTS ( 'NONE', 3,
 ( #3128, #597, #516, #3168, #3088, #5751, #2635, #5838, #3855, #51, #7074, #1204, #5080, #1323, #8310, #7794, #1285, #6428, #8347, #2546, #1248, #1956 ),
 .UNSPECIFIED., .F., .F.,
 ( 4, 2, 2, 2, 2, 2, 2, 2, 2, 2, 4 ),
 ( -5.443579803052825259E-05, 0.0007903545291625583375, 0.001635144856355645084, 0.003324725510741815323, 0.005014306165127985562, 0.006703886819514156235, 0.008393467473900325174, 0.009238257801093406607, 0.01008304812828648631, 0.01177262878267266652, 0.01346220943705884847 ),
 .UNSPECIFIED. ) ;
#1947 = ORIENTED_EDGE ( 'NONE', *, *, #1699, .T. ) ;
#1948 = AXIS2_PLACEMENT_3D ( 'NONE', #5136, #7130, #7806 ) ;
#1949 = CARTESIAN_POINT ( 'NONE',  ( 49.85050917862265862, 24.08182646411998462, -22.15000000000000213 ) ) ;
#1950 = DIRECTION ( 'NONE',  ( -0.000000000000000000, -0.000000000000000000, 1.000000000000000000 ) ) ;
#1951 = FACE_BOUND ( 'NONE', #714, .T. ) ;
#1952 = AXIS2_PLACEMENT_3D ( 'NONE', #2216, #7299, #1505 ) ;
#1953 = DIRECTION ( 'NONE',  ( -0.000000000000000000, -0.000000000000000000, 1.000000000000000000 ) ) ;
#1954 = EDGE_LOOP ( 'NONE', ( #7593, #4017, #6994 ) ) ;
#1955 = CARTESIAN_POINT ( 'NONE',  ( 33.42865374392756195, 36.54669490421444777, 7.970196636405415092 ) ) ;
#1956 = CARTESIAN_POINT ( 'NONE',  ( 32.83112880201868933, 6.284012132296886932, -8.021428571428570464 ) ) ;
#1958 = VERTEX_POINT ( 'NONE', #6576 ) ;
#1957 = ORIENTED_EDGE ( 'NONE', *, *, #869, .T. ) ;
#1959 = EDGE_LOOP ( 'NONE', ( #3041, #1313, #2192, #6708 ) ) ;
#1960 = LINE ( 'NONE', #4486, #1139 ) ;
#1961 = LINE ( 'NONE', #4487, #4024 ) ;
#1962 = CARTESIAN_POINT ( 'NONE',  ( -47.37123850734086972, -18.99079646675019717, -22.15000000000000213 ) ) ;
#1963 = CARTESIAN_POINT ( 'NONE',  ( -29.23561771584496682, -14.93915774741137170, -2.560113271595362505 ) ) ;
#1964 = ORIENTED_EDGE ( 'NONE', *, *, #7277, .F. ) ;
#1965 = APPLICATION_PROTOCOL_DEFINITION ( 'draft international standard', 'automotive_design', 1998, #2932 ) ;
#1966 = CARTESIAN_POINT ( 'NONE',  ( 50.95171775397592739, 23.23842309156780317, -21.67929094319402950 ) ) ;
#1967 = CARTESIAN_POINT ( 'NONE',  ( 15.35737535980886825, 45.40694055502255111, 20.10000000000000142 ) ) ;
#1968 = CARTESIAN_POINT ( 'NONE',  ( -32.19359064792955394, 7.407133710968053286, -11.79316348048145002 ) ) ;
#1969 = VERTEX_POINT ( 'NONE', #4667 ) ;
#1970 = CARTESIAN_POINT ( 'NONE',  ( 35.96492948396657141, 37.67292828459827803, 5.152885616724308449 ) ) ;
#1971 = LINE ( 'NONE', #6574, #2568 ) ;
#1972 = FACE_OUTER_BOUND ( 'NONE', #1916, .T. ) ;
#1973 = DIRECTION ( 'NONE',  ( 1.000000000000000000, 0.000000000000000000, 0.000000000000000000 ) ) ;
#1974 = DIRECTION ( 'NONE',  ( 0.000000000000000000, 0.000000000000000000, 1.000000000000000000 ) ) ;
#1975 = DIRECTION ( 'NONE',  ( -0.000000000000000000, -0.000000000000000000, 1.000000000000000000 ) ) ;
#1976 = CARTESIAN_POINT ( 'NONE',  ( 33.98019955212698306, 7.249358620321208591, -3.700000000000003730 ) ) ;
#1977 = CARTESIAN_POINT ( 'NONE',  ( -2.569501288236065495, 15.63800383155555096, 6.000000000000031086 ) ) ;
#1979 = VECTOR ( 'NONE', #7719, 1000.000000000000114 ) ;
#1978 = DIRECTION ( 'NONE',  ( 0.000000000000000000, -0.000000000000000000, 1.000000000000000000 ) ) ;
#1980 = CARTESIAN_POINT ( 'NONE',  ( -16.67235263888314378, 47.39760212532419814, 12.49999999999999822 ) ) ;
#1981 = EDGE_CURVE ( 'NONE', #7064, #5293, #2012, .T. ) ;
#1982 = VERTEX_POINT ( 'NONE', #1466 ) ;
#1983 = EDGE_CURVE ( 'NONE', #7849, #5955, #124, .T. ) ;
#1984 = ORIENTED_EDGE ( 'NONE', *, *, #7412, .T. ) ;
#1985 = CARTESIAN_POINT ( 'NONE',  ( -41.08165922254965352, -17.13865410002063072, -22.04034235132312247 ) ) ;
#1986 = ORIENTED_EDGE ( 'NONE', *, *, #6420, .T. ) ;
#1987 = EDGE_LOOP ( 'NONE', ( #173, #460, #6928, #6642 ) ) ;
#1988 = DIRECTION ( 'NONE',  ( -0.9139452746408239792, -0.4058374489394846463, -1.387778780781445676E-16 ) ) ;
#1989 = DIRECTION ( 'NONE',  ( -0.2324883659477480491, 0.9725991773073561220, -1.110223024625156294E-16 ) ) ;
#1990 = LINE ( 'NONE', #7028, #5255 ) ;
#1991 = DIRECTION ( 'NONE',  ( -0.000000000000000000, -0.000000000000000000, -1.000000000000000000 ) ) ;
#1992 = EDGE_CURVE ( 'NONE', #6248, #1206, #6194, .T. ) ;
#1993 = VERTEX_POINT ( 'NONE', #5175 ) ;
#1994 = CARTESIAN_POINT ( 'NONE',  ( 31.66169968575362148, 28.10297694703659843, -10.00000000000000178 ) ) ;
#1995 = CARTESIAN_POINT ( 'NONE',  ( 48.05460693646725190, 37.15483409930360637, -2.407444835499587210 ) ) ;
#1996 = ORIENTED_EDGE ( 'NONE', *, *, #5160, .F. ) ;
#1997 = CIRCLE ( 'NONE', #2532, 15.00000000000000178 ) ;
#1998 = ORIENTED_EDGE ( 'NONE', *, *, #1533, .T. ) ;
#1999 = LINE ( 'NONE', #4651, #4405 ) ;
#2000 = CARTESIAN_POINT ( 'NONE',  ( -2.569501288236065495, 15.63800383155555096, 14.49999999999999822 ) ) ;
#2001 = LINE ( 'NONE', #3951, #661 ) ;
#2002 = VERTEX_POINT ( 'NONE', #5981 ) ;
#2003 = CARTESIAN_POINT ( 'NONE',  ( 51.23318108776902591, 22.60456812185747211, -19.90226640499235344 ) ) ;
#2004 = EDGE_CURVE ( 'NONE', #2844, #2410, #6616, .T. ) ;
#2005 = CARTESIAN_POINT ( 'NONE',  ( 48.09320766488833243, 29.67578316088039259, -4.871024401580113405 ) ) ;
#2006 = DIRECTION ( 'NONE',  ( -0.000000000000000000, -0.000000000000000000, 1.000000000000000000 ) ) ;
#2007 = ORIENTED_EDGE ( 'NONE', *, *, #4117, .T. ) ;
#2008 = FACE_OUTER_BOUND ( 'NONE', #6355, .T. ) ;
#2009 = DIRECTION ( 'NONE',  ( 0.4058374489394847018, -0.9139452746408238681, -0.000000000000000000 ) ) ;
#2010 = DIRECTION ( 'NONE',  ( -1.000000000000000000, 0.000000000000000000, 0.000000000000000000 ) ) ;
#2011 = CARTESIAN_POINT ( 'NONE',  ( 23.17029932294527939, 27.75016515335422085, -15.87024210915925160 ) ) ;
#2012 = CIRCLE ( 'NONE', #6734, 26.50000000000001421 ) ;
#2013 = CARTESIAN_POINT ( 'NONE',  ( 11.38695285296761917, 46.43450517825943535, 20.10000000000000142 ) ) ;
#2014 = CARTESIAN_POINT ( 'NONE',  ( -50.30462794778359381, -0.6350733876015860480, -1.309129516915340741 ) ) ;
#2015 = DIRECTION ( 'NONE',  ( -0.4058374489394844242, 0.9139452746408240902, 0.000000000000000000 ) ) ;
#2016 = LINE ( 'NONE', #5733, #1664 ) ;
#2017 = CARTESIAN_POINT ( 'NONE',  ( -1.960745114826851099, 14.26708591959435424, 6.000000000000063949 ) ) ;
#2018 = AXIS2_PLACEMENT_3D ( 'NONE', #2147, #5440, #7865 ) ;
#2019 = CARTESIAN_POINT ( 'NONE',  ( -17.37483699678492144, -9.256313468604993488, -14.43937872858274041 ) ) ;
#2020 = ADVANCED_FACE ( 'NONE', ( #4540 ), #7133, .F. ) ;
#2021 = VERTEX_POINT ( 'NONE', #70 ) ;
#2022 = ORIENTED_EDGE ( 'NONE', *, *, #7921, .F. ) ;
#2023 = CARTESIAN_POINT ( 'NONE',  ( -42.61355070806703793, -17.38489804771449698, -22.13619651029518565 ) ) ;
#2024 = VECTOR ( 'NONE', #7317, 1000.000000000000000 ) ;
#2025 = CIRCLE ( 'NONE', #1489, 2.099999999999997868 ) ;
#2026 = CIRCLE ( 'NONE', #5942, 37.50000000000002132 ) ;
#2027 = ORIENTED_EDGE ( 'NONE', *, *, #806, .T. ) ;
#2028 = EDGE_CURVE ( 'NONE', #1107, #255, #7244, .T. ) ;
#2029 = ORIENTED_EDGE ( 'NONE', *, *, #8194, .F. ) ;
#2030 = EDGE_CURVE ( 'NONE', #5148, #7751, #6538, .T. ) ;
#2031 = EDGE_CURVE ( 'NONE', #1117, #6459, #1446, .T. ) ;
#2032 = CARTESIAN_POINT ( 'NONE',  ( 32.35169605687837446, 36.06847178467420179, -9.664955880659885423 ) ) ;
#2033 = VECTOR ( 'NONE', #6776, 1000.000000000000227 ) ;
#2034 =( BOUNDED_CURVE ( )  B_SPLINE_CURVE ( 3, ( #975, #7569, #6207, #5572 ),
 .UNSPECIFIED., .F., .T. ) 
 B_SPLINE_CURVE_WITH_KNOTS ( ( 4, 4 ),
 ( 2.723697708212456270, 4.358923414262365625 ),
 .UNSPECIFIED. ) 
 CURVE ( )  GEOMETRIC_REPRESENTATION_ITEM ( )  RATIONAL_B_SPLINE_CURVE ( ( 1.000000000000000000, 0.7893097429185820246, 0.7893097429185820246, 1.000000000000000000 ) ) 
 REPRESENTATION_ITEM ( '' )  );
#2035 = CARTESIAN_POINT ( 'NONE',  ( -34.62592894729053938, -15.77492604495907891, -13.66539293457146620 ) ) ;
#2036 = ORIENTED_EDGE ( 'NONE', *, *, #4502, .F. ) ;
#2037 = DIRECTION ( 'NONE',  ( 0.000000000000000000, 0.000000000000000000, 1.000000000000000000 ) ) ;
#2038 = CARTESIAN_POINT ( 'NONE',  ( 46.44578014024421719, 40.77790942654582551, -2.675592887094392580 ) ) ;
#2039 = VERTEX_POINT ( 'NONE', #2054 ) ;
#2040 = ORIENTED_EDGE ( 'NONE', *, *, #5067, .T. ) ;
#2041 = CARTESIAN_POINT ( 'NONE',  ( 41.82936776473339080, 6.222470586177683671, 1.305171413906692779 ) ) ;
#2042 = DIRECTION ( 'NONE',  ( -0.4058374489394846463, 0.9139452746408242012, -0.000000000000000000 ) ) ;
#2043 = CARTESIAN_POINT ( 'NONE',  ( -39.86739374747621412, -5.136824085462066591, 6.906601717798152684 ) ) ;
#2044 = LINE ( 'NONE', #4489, #7965 ) ;
#2045 = ORIENTED_EDGE ( 'NONE', *, *, #999, .T. ) ;
#2046 = CARTESIAN_POINT ( 'NONE',  ( 5.334801472566043756, 36.16900472935827793, 16.60000000000000142 ) ) ;
#2047 = B_SPLINE_SURFACE_WITH_KNOTS ( 'NONE', 3, 1, ( 
 ( #6542, #236 ),
 ( #2777, #7858 ),
 ( #6028, #7901 ),
 ( #3486, #289 ) ),
 .UNSPECIFIED., .F., .F., .F.,
 ( 4, 4 ),
 ( 2, 2 ),
 ( 0.000000000000000000, 1.000000000000000000 ),
 ( 0.000000000000000000, 1.000000000000000000 ),
 .UNSPECIFIED. ) ;
#2048 = FACE_OUTER_BOUND ( 'NONE', #2951, .T. ) ;
#2049 = CARTESIAN_POINT ( 'NONE',  ( 50.99500997220174980, 23.14092908656751746, -21.58283252100687122 ) ) ;
#2050 = ORIENTED_EDGE ( 'NONE', *, *, #4192, .F. ) ;
#2051 = CARTESIAN_POINT ( 'NONE',  ( 39.42009117277841312, 39.20719302053873179, 1.101145421330172125 ) ) ;
#2052 = FACE_OUTER_BOUND ( 'NONE', #5228, .T. ) ;
#2053 = FACE_OUTER_BOUND ( 'NONE', #2271, .T. ) ;
#2054 = CARTESIAN_POINT ( 'NONE',  ( 47.34037069755125771, 38.76329294715094420, -2.407444835499610747 ) ) ;
#2055 = CARTESIAN_POINT ( 'NONE',  ( 48.11189297902170381, 21.00956134288888322, -20.31676954922404832 ) ) ;
#2056 = CARTESIAN_POINT ( 'NONE',  ( -43.80891949922375517, -19.62101091566363209, -20.18573529012025958 ) ) ;
#2057 = FACE_BOUND ( 'NONE', #6805, .T. ) ;
#2058 = PLANE ( 'NONE',  #1267 ) ;
#2059 = DIRECTION ( 'NONE',  ( -0.9139452746408240902, -0.4058374489394843132, 0.000000000000000000 ) ) ;
#2060 = CARTESIAN_POINT ( 'NONE',  ( 38.61966210484602158, 15.78190673494808038, -7.711523116322736904 ) ) ;
#2061 = EDGE_LOOP ( 'NONE', ( #3628, #8144, #4695, #3245 ) ) ;
#2062 = FACE_BOUND ( 'NONE', #4240, .T. ) ;
#2063 = ORIENTED_EDGE ( 'NONE', *, *, #505, .T. ) ;
#2064 = CARTESIAN_POINT ( 'NONE',  ( 6.909801472566043934, 36.16900472935827793, 10.09999999999999964 ) ) ;
#2065 = AXIS2_PLACEMENT_3D ( 'NONE', #1977, #5264, #5219 ) ;
#2066 = EDGE_LOOP ( 'NONE', ( #970, #2622, #2958, #8348, #952, #4808 ) ) ;
#2067 = CARTESIAN_POINT ( 'NONE',  ( 35.80872650148746317, 30.38402521736115958, 6.315218993979761386 ) ) ;
#2068 = EDGE_LOOP ( 'NONE', ( #8057, #3243, #4454 ) ) ;
#2069 = ADVANCED_FACE ( 'NONE', ( #108 ), #4403, .T. ) ;
#2070 = FACE_OUTER_BOUND ( 'NONE', #4877, .T. ) ;
#2071 = DIRECTION ( 'NONE',  ( -1.000000000000000000, 0.000000000000000000, 0.000000000000000000 ) ) ;
#2072 = ORIENTED_EDGE ( 'NONE', *, *, #6597, .F. ) ;
#2073 = AXIS2_PLACEMENT_3D ( 'NONE', #4972, #1773, #5652 ) ;
#2074 = FACE_OUTER_BOUND ( 'NONE', #4835, .T. ) ;
#2075 = LINE ( 'NONE', #5416, #3699 ) ;
#2076 = ADVANCED_FACE ( 'NONE', ( #4168 ), #5510, .F. ) ;
#2077 = ORIENTED_EDGE ( 'NONE', *, *, #1786, .F. ) ;
#2078 = CARTESIAN_POINT ( 'NONE',  ( -47.25429755992310987, -19.25414729005057168, -22.15000000000000213 ) ) ;
#2079 = CARTESIAN_POINT ( 'NONE',  ( 0.000000000000000000, 0.000000000000000000, -14.70000000000000284 ) ) ;
#2080 = VECTOR ( 'NONE', #2505, 1000.000000000000000 ) ;
#2081 =( BOUNDED_CURVE ( )  B_SPLINE_CURVE ( 3, ( #737, #5135, #1335, #5894 ),
 .UNSPECIFIED., .F., .T. ) 
 B_SPLINE_CURVE_WITH_KNOTS ( ( 4, 4 ),
 ( 6.054771736749771789E-17, 3.141592653589792228 ),
 .UNSPECIFIED. ) 
 CURVE ( )  GEOMETRIC_REPRESENTATION_ITEM ( )  RATIONAL_B_SPLINE_CURVE ( ( 1.000000000000000000, 0.3333333333333337034, 0.3333333333333337034, 1.000000000000000000 ) ) 
 REPRESENTATION_ITEM ( '' )  );
#2082 = LINE ( 'NONE', #2763, #4941 ) ;
#2083 = CARTESIAN_POINT ( 'NONE',  ( -33.49962342422105621, 6.827189785583906101, -12.50000000000000178 ) ) ;
#2084 = B_SPLINE_CURVE_WITH_KNOTS ( 'NONE', 3,
 ( #7793, #5235, #91, #6006 ),
 .UNSPECIFIED., .F., .F.,
 ( 4, 4 ),
 ( 0.01053648388524050170, 0.01273136435999298703 ),
 .UNSPECIFIED. ) ;
#2085 = ORIENTED_EDGE ( 'NONE', *, *, #2236, .F. ) ;
#2086 = CARTESIAN_POINT ( 'NONE',  ( 53.38986095187814840, 25.13985073802104608, -22.07663646782956590 ) ) ;
#2087 = PLANE ( 'NONE',  #5807 ) ;
#2088 = CARTESIAN_POINT ( 'NONE',  ( -4.397281045466727711, 9.902669759219890011, -22.15000000000000213 ) ) ;
#2089 = ORIENTED_EDGE ( 'NONE', *, *, #7762, .F. ) ;
#2090 = CARTESIAN_POINT ( 'NONE',  ( 41.39470148188659238, 17.99012193830744977, -9.167860545528693450 ) ) ;
#2091 = VERTEX_POINT ( 'NONE', #2852 ) ;
#2092 = CARTESIAN_POINT ( 'NONE',  ( 47.79563429083849968, 21.72177539406740721, -14.70000000000004547 ) ) ;
#2093 = DIRECTION ( 'NONE',  ( -0.9995817932100955483, 0.000000000000000000, -0.02891779180521731815 ) ) ;
#2094 = DIRECTION ( 'NONE',  ( 0.000000000000000000, 0.000000000000000000, 1.000000000000000000 ) ) ;
#2095 = LINE ( 'NONE', #4169, #4049 ) ;
#2096 = CARTESIAN_POINT ( 'NONE',  ( 49.04212394118088980, 22.61074381017499846, -21.93440356030907523 ) ) ;
#2097 = CARTESIAN_POINT ( 'NONE',  ( -48.96161590998458024, -3.975282099169306527, -0.7677157075141843867 ) ) ;
#2098 = CARTESIAN_POINT ( 'NONE',  ( -16.56950128823521595, 31.13800383155554385, 12.49999999999999822 ) ) ;
#2099 = DIRECTION ( 'NONE',  ( -0.000000000000000000, -0.000000000000000000, 1.000000000000000000 ) ) ;
#2100 = DIRECTION ( 'NONE',  ( -0.4058374489394844797, 0.9139452746408239792, -0.000000000000000000 ) ) ;
#2101 = ORIENTED_EDGE ( 'NONE', *, *, #6630, .F. ) ;
#2102 = CARTESIAN_POINT ( 'NONE',  ( 32.83112880201868933, 6.284012132296890485, -8.021428571428568688 ) ) ;
#2103 = VERTEX_POINT ( 'NONE', #2929 ) ;
#2104 = CARTESIAN_POINT ( 'NONE',  ( -36.04586731422575241, -16.40544975406709582, -3.700000000000003730 ) ) ;
#2105 = FACE_OUTER_BOUND ( 'NONE', #4983, .T. ) ;
#2106 = AXIS2_PLACEMENT_3D ( 'NONE', #4799, #2222, #5388 ) ;
#2107 = CARTESIAN_POINT ( 'NONE',  ( 37.22896156365542453, 23.63492323658256211, 6.940088632604535235 ) ) ;
#2108 = ORIENTED_EDGE ( 'NONE', *, *, #7668, .T. ) ;
#2109 = EDGE_CURVE ( 'NONE', #5506, #1878, #4127, .T. ) ;
#2110 = EDGE_LOOP ( 'NONE', ( #5625, #8003, #3541, #6930 ) ) ;
#2111 = B_SPLINE_SURFACE_WITH_KNOTS ( 'NONE', 3, 1, ( 
 ( #2224, #7351 ),
 ( #4800, #6106 ),
 ( #7431, #193 ),
 ( #4211, #7390 ) ),
 .UNSPECIFIED., .F., .F., .F.,
 ( 4, 4 ),
 ( 2, 2 ),
 ( 0.000000000000000000, 1.000000000000000000 ),
 ( 0.000000000000000000, 1.000000000000000000 ),
 .UNSPECIFIED. ) ;
#2112 = CARTESIAN_POINT ( 'NONE',  ( 42.32666002183004395, 18.39587527439765324, -11.66107907483949546 ) ) ;
#2113 = VERTEX_POINT ( 'NONE', #3442 ) ;
#2114 = DIRECTION ( 'NONE',  ( -1.000000000000000000, 0.000000000000000000, -0.000000000000000000 ) ) ;
#2115 = CARTESIAN_POINT ( 'NONE',  ( 52.48763433873692463, 27.17166360273034442, -9.355327557287422380 ) ) ;
#2116 = VERTEX_POINT ( 'NONE', #7430 ) ;
#2117 = DIRECTION ( 'NONE',  ( -0.000000000000000000, -0.000000000000000000, 1.000000000000000000 ) ) ;
#2118 = CARTESIAN_POINT ( 'NONE',  ( -29.14663068225453202, -31.94251942296111224, -12.50000000000000178 ) ) ;
#2119 = CARTESIAN_POINT ( 'NONE',  ( 37.43303607060096994, 33.90068903383242116, -25.68553390593274344 ) ) ;
#2120 = CARTESIAN_POINT ( 'NONE',  ( -19.68157744831831835, -12.72365429095270706, 16.50113713683564853 ) ) ;
#2121 = ORIENTED_EDGE ( 'NONE', *, *, #2559, .F. ) ;
#2122 = LINE ( 'NONE', #4701, #1734 ) ;
#2123 = EDGE_CURVE ( 'NONE', #5319, #2039, #4892, .T. ) ;
#2124 = CIRCLE ( 'NONE', #7135, 1.500000000000001332 ) ;
#2125 = CARTESIAN_POINT ( 'NONE',  ( 48.81377359646654668, 28.05306985545728438, -6.409287478501185298 ) ) ;
#2126 = EDGE_CURVE ( 'NONE', #7907, #2208, #6146, .T. ) ;
#2127 = CARTESIAN_POINT ( 'NONE',  ( 50.85848072798754060, 23.44839272238015937, -21.84636320225858697 ) ) ;
#2128 = ORIENTED_EDGE ( 'NONE', *, *, #6521, .T. ) ;
#2129 = ADVANCED_FACE ( 'NONE', ( #361 ), #4838, .F. ) ;
#2130 = ORIENTED_EDGE ( 'NONE', *, *, #1774, .T. ) ;
#2131 = CARTESIAN_POINT ( 'NONE',  ( -31.26600263493999776, 27.49445797275911119, 15.09999999999999964 ) ) ;
#2132 = DIRECTION ( 'NONE',  ( 0.000000000000000000, 0.000000000000000000, -1.000000000000000000 ) ) ;
#2133 = EDGE_CURVE ( 'NONE', #7530, #4480, #2773, .T. ) ;
#2134 = AXIS2_PLACEMENT_3D ( 'NONE', #2046, #19, #3348 ) ;
#2135 = CARTESIAN_POINT ( 'NONE',  ( -28.86285952746079531, 3.462880363371011683, -33.93855045229617673 ) ) ;
#2136 = CYLINDRICAL_SURFACE ( 'NONE', #6067, 2.099999999999996092 ) ;
#2137 = DIRECTION ( 'NONE',  ( -1.000000000000000000, 0.000000000000000000, -0.000000000000000000 ) ) ;
#2138 = CIRCLE ( 'NONE', #784, 41.22755838930771688 ) ;
#2139 = EDGE_CURVE ( 'NONE', #5319, #6717, #7981, .T. ) ;
#2140 = CARTESIAN_POINT ( 'NONE',  ( 47.03687384154593332, 20.48744597736368434, -18.92396247114352548 ) ) ;
#2141 = CARTESIAN_POINT ( 'NONE',  ( -45.20302229507004199, -0.7706440190320440475, 3.919630135262686110 ) ) ;
#2142 = CARTESIAN_POINT ( 'NONE',  ( 42.99600813659112220, 40.80481382024924386, -2.959199050266397180 ) ) ;
#2143 = DIRECTION ( 'NONE',  ( 0.000000000000000000, 0.000000000000000000, 1.000000000000000000 ) ) ;
#2144 = CARTESIAN_POINT ( 'NONE',  ( -24.17153316037548905, -15.68052425620619950, 4.228180795162781891 ) ) ;
#2145 = ORIENTED_EDGE ( 'NONE', *, *, #5637, .T. ) ;
#2146 = CIRCLE ( 'NONE', #6869, 1.574999999999999956 ) ;
#2147 = CARTESIAN_POINT ( 'NONE',  ( -16.67235263888314378, 47.39760212532419814, 15.59999999999999964 ) ) ;
#2148 = ORIENTED_EDGE ( 'NONE', *, *, #5278, .T. ) ;
#2149 = CARTESIAN_POINT ( 'NONE',  ( -42.06221342343774694, -18.62650871557423926, -21.32051342069055977 ) ) ;
#2150 = CARTESIAN_POINT ( 'NONE',  ( -43.69703864707316399, -2.624681370721262841, -25.68553390593274344 ) ) ;
#2151 = CARTESIAN_POINT ( 'NONE',  ( 34.64322405968882634, 39.17448028326717946, 5.203438196986809317 ) ) ;
#2152 = VERTEX_POINT ( 'NONE', #5342 ) ;
#2153 = CARTESIAN_POINT ( 'NONE',  ( 41.50755745556355691, 36.52656808508879749, 0.8272401976827200576 ) ) ;
#2154 = ORIENTED_EDGE ( 'NONE', *, *, #2899, .T. ) ;
#2155 = VERTEX_POINT ( 'NONE', #7936 ) ;
#2156 = CIRCLE ( 'NONE', #4854, 2.874999999999999112 ) ;
#2157 = VECTOR ( 'NONE', #5308, 1000.000000000000000 ) ;
#2158 = DIRECTION ( 'NONE',  ( 1.000000000000000000, 0.000000000000000000, 0.000000000000000000 ) ) ;
#2159 = AXIS2_PLACEMENT_3D ( 'NONE', #129, #2716, #5284 ) ;
#2160 = ORIENTED_EDGE ( 'NONE', *, *, #7043, .F. ) ;
#2161 = VECTOR ( 'NONE', #2485, 1000.000000000000114 ) ;
#2162 = CARTESIAN_POINT ( 'NONE',  ( 31.30352122306192442, 14.68995917991266076, 15.71824426451678214 ) ) ;
#2163 = CARTESIAN_POINT ( 'NONE',  ( 52.30485005736418458, 27.58329350695858295, -8.679726916429620687 ) ) ;
#2164 = ORIENTED_EDGE ( 'NONE', *, *, #1781, .T. ) ;
#2165 = LINE ( 'NONE', #348, #456 ) ;
#2166 = VECTOR ( 'NONE', #6415, 1000.000000000000000 ) ;
#2167 = AXIS2_PLACEMENT_3D ( 'NONE', #7344, #1459, #4032 ) ;
#2168 = FACE_OUTER_BOUND ( 'NONE', #7, .T. ) ;
#2169 = DIRECTION ( 'NONE',  ( 0.000000000000000000, 0.000000000000000000, 1.000000000000000000 ) ) ;
#2170 = CARTESIAN_POINT ( 'NONE',  ( 49.48264984409448175, 21.61868019362888660, -20.04512421095780184 ) ) ;
#2171 = VERTEX_POINT ( 'NONE', #3481 ) ;
#2172 = CIRCLE ( 'NONE', #6899, 2.100000000000000977 ) ;
#2173 = DIRECTION ( 'NONE',  ( 0.000000000000000000, 0.000000000000000000, -1.000000000000000000 ) ) ;
#2174 = CARTESIAN_POINT ( 'NONE',  ( 51.10964481989875452, 22.88277159608549383, -21.26716052623752518 ) ) ;
#2175 = ADVANCED_FACE ( 'NONE', ( #6023 ), #4709, .F. ) ;
#2176 = VERTEX_POINT ( 'NONE', #7350 ) ;
#2177 = ORIENTED_EDGE ( 'NONE', *, *, #2251, .F. ) ;
#2178 = LINE ( 'NONE', #4797, #2184 ) ;
#2179 = CARTESIAN_POINT ( 'NONE',  ( -28.86285952746079531, 3.462880363371011683, -22.15000000000000213 ) ) ;
#2180 = CARTESIAN_POINT ( 'NONE',  ( 40.56840958437817335, 21.11642780293432509, -3.183803752492271322 ) ) ;
#2181 = CARTESIAN_POINT ( 'NONE',  ( 23.31354048592362460, 9.953098509819316320, -14.70000000000000462 ) ) ;
#2182 = LINE ( 'NONE', #4758, #5424 ) ;
#2183 = CARTESIAN_POINT ( 'NONE',  ( 52.73298010981286410, 23.01680227575889504, -6.916224157201990685 ) ) ;
#2184 = VECTOR ( 'NONE', #3479, 1000.000000000000000 ) ;
#2185 = CARTESIAN_POINT ( 'NONE',  ( 14.78073128915317191, 41.02604243870728595, -22.15000000000000568 ) ) ;
#2186 = EDGE_CURVE ( 'NONE', #2332, #3976, #4756, .T. ) ;
#2187 = CARTESIAN_POINT ( 'NONE',  ( 53.97501691169149041, 23.82208046867591733, -19.90226640499234279 ) ) ;
#2188 = DIRECTION ( 'NONE',  ( -0.000000000000000000, 0.000000000000000000, 1.000000000000000000 ) ) ;
#2189 = CARTESIAN_POINT ( 'NONE',  ( 33.66229255997201619, 24.61471065799253211, 1.305171413906692779 ) ) ;
#2190 = ORIENTED_EDGE ( 'NONE', *, *, #5067, .F. ) ;
#2191 = CARTESIAN_POINT ( 'NONE',  ( 32.55576344257154631, 6.072025032490520502, -8.492938848722944911 ) ) ;
#2192 = ORIENTED_EDGE ( 'NONE', *, *, #7859, .T. ) ;
#2193 = CARTESIAN_POINT ( 'NONE',  ( -35.27112103740333282, -16.06142362768383336, -9.832766942058322357 ) ) ;
#2194 = EDGE_CURVE ( 'NONE', #547, #120, #4210, .T. ) ;
#2195 = ADVANCED_FACE ( 'NONE', ( #7470 ), #1587, .F. ) ;
#2196 = FACE_OUTER_BOUND ( 'NONE', #351, .T. ) ;
#2197 = CARTESIAN_POINT ( 'NONE',  ( -42.30183771142486648, -18.08687520893926504, -21.88076396437126192 ) ) ;
#2198 = VERTEX_POINT ( 'NONE', #6956 ) ;
#2199 = CARTESIAN_POINT ( 'NONE',  ( 35.23224345552863213, 30.13802912950759350, 6.940088632604535235 ) ) ;
#2200 = ORIENTED_EDGE ( 'NONE', *, *, #1983, .T. ) ;
#2201 = EDGE_CURVE ( 'NONE', #7347, #3976, #617, .T. ) ;
#2202 = EDGE_LOOP ( 'NONE', ( #4900, #1947 ) ) ;
#2203 = VECTOR ( 'NONE', #1937, 1000.000000000000000 ) ;
#2204 = CARTESIAN_POINT ( 'NONE',  ( 43.65016063383020395, 18.98357579317879740, -5.632703024273228998 ) ) ;
#2205 = ORIENTED_EDGE ( 'NONE', *, *, #3676, .T. ) ;
#2206 = DIRECTION ( 'NONE',  ( -0.000000000000000000, -0.000000000000000000, 1.000000000000000000 ) ) ;
#2207 = CARTESIAN_POINT ( 'NONE',  ( 51.69380448078295842, 28.95936715113757032, -6.805159659745762646 ) ) ;
#2208 = VERTEX_POINT ( 'NONE', #482 ) ;
#2209 = CARTESIAN_POINT ( 'NONE',  ( 37.52091643039950952, 14.36805325031439118, -0.8090119548930948534 ) ) ;
#2210 = DIRECTION ( 'NONE',  ( -0.4058374489394846463, 0.9139452746408242012, -0.000000000000000000 ) ) ;
#2211 = CARTESIAN_POINT ( 'NONE',  ( -22.48189665462924935, -16.13979772259612844, 7.658499120039594210 ) ) ;
#2212 = CARTESIAN_POINT ( 'NONE',  ( -23.85617377352846802, -15.70851953942431756, 11.77350109837776415 ) ) ;
#2213 = ORIENTED_EDGE ( 'NONE', *, *, #5249, .F. ) ;
#2214 = VECTOR ( 'NONE', #3412, 1000.000000000000114 ) ;
#2215 = DIRECTION ( 'NONE',  ( -0.9725991773073561220, -0.2324883659477480213, 0.000000000000000000 ) ) ;
#2216 = CARTESIAN_POINT ( 'NONE',  ( 0.000000000000000000, 0.000000000000000000, 18.09999999999999787 ) ) ;
#2217 = ORIENTED_EDGE ( 'NONE', *, *, #8089, .F. ) ;
#2218 = AXIS2_PLACEMENT_3D ( 'NONE', #4422, #5603, #6832 ) ;
#2219 = ORIENTED_EDGE ( 'NONE', *, *, #3817, .F. ) ;
#2220 = CARTESIAN_POINT ( 'NONE',  ( -33.69666389624195091, -15.36228584847205525, -14.19139809630702231 ) ) ;
#2221 = CARTESIAN_POINT ( 'NONE',  ( 32.78927125544259980, 22.57366761437649316, 20.10000000000000142 ) ) ;
#2222 = DIRECTION ( 'NONE',  ( 0.9139452746408240902, 0.4058374489394844242, 1.937450198730417436E-15 ) ) ;
#2223 = EDGE_CURVE ( 'NONE', #3715, #5033, #6833, .T. ) ;
#2224 = CARTESIAN_POINT ( 'NONE',  ( 48.05460693646719506, 37.15483409930373426, -2.407444835499601865 ) ) ;
#2225 = CONICAL_SURFACE ( 'NONE', #6952, 35.94015283223681934, 1.538618363230596975 ) ;
#2226 = CARTESIAN_POINT ( 'NONE',  ( -29.98785952746079531, 3.462880363371011683, -17.14999999999996660 ) ) ;
#2227 = CARTESIAN_POINT ( 'NONE',  ( 42.93115364082542840, 40.77629325989703801, -2.888455301525900243 ) ) ;
#2228 = DIRECTION ( 'NONE',  ( -0.4058374489394845908, 0.9139452746408239792, 0.000000000000000000 ) ) ;
#2229 = CARTESIAN_POINT ( 'NONE',  ( -26.77032569681804830, -15.10605888887107540, 1.168182940422378024 ) ) ;
#2230 = CARTESIAN_POINT ( 'NONE',  ( -33.49962342422105621, 6.827189785583907877, 12.49999999999999822 ) ) ;
#2231 = ORIENTED_EDGE ( 'NONE', *, *, #3787, .T. ) ;
#2232 = CARTESIAN_POINT ( 'NONE',  ( 32.84996773925006153, 24.25399777714573446, -4.993901786691834488 ) ) ;
#2233 = CARTESIAN_POINT ( 'NONE',  ( 2.630498711763926689, 6.533253831555559721, 18.09999999999999787 ) ) ;
#2234 = CARTESIAN_POINT ( 'NONE',  ( -21.52550218603879628, 23.54230659235769707, 16.60000000000000142 ) ) ;
#2235 = EDGE_LOOP ( 'NONE', ( #7824, #484, #4681, #5781 ) ) ;
#2236 = EDGE_CURVE ( 'NONE', #2468, #6604, #5892, .T. ) ;
#2237 = CARTESIAN_POINT ( 'NONE',  ( 36.43659729389219848, 26.94972496336085044, 6.940088632604535235 ) ) ;
#2238 = ORIENTED_EDGE ( 'NONE', *, *, #530, .F. ) ;
#2239 = ADVANCED_FACE ( 'NONE', ( #1254 ), #2389, .F. ) ;
#2240 = ORIENTED_EDGE ( 'NONE', *, *, #4884, .F. ) ;
#2241 = ADVANCED_FACE ( 'NONE', ( #6232 ), #6312, .F. ) ;
#2242 = CARTESIAN_POINT ( 'NONE',  ( 42.47788286298420957, 18.46302578524142390, -11.20588666978564341 ) ) ;
#2243 = ORIENTED_EDGE ( 'NONE', *, *, #8193, .T. ) ;
#2244 = AXIS2_PLACEMENT_3D ( 'NONE', #7840, #7717, #5843 ) ;
#2245 = CARTESIAN_POINT ( 'NONE',  ( 38.89450042884390513, 16.76098636431315470, 8.699214510868733541 ) ) ;
#2246 = CARTESIAN_POINT ( 'NONE',  ( -15.81730390699628153, -10.31172572276679489, -14.38293797904210258 ) ) ;
#2247 = VECTOR ( 'NONE', #6065, 1000.000000000000000 ) ;
#2248 = ORIENTED_EDGE ( 'NONE', *, *, #1694, .T. ) ;
#2249 = CARTESIAN_POINT ( 'NONE',  ( 39.51029803860436829, 18.58882873871196040, 2.482925003817141985 ) ) ;
#2250 = FACE_OUTER_BOUND ( 'NONE', #4608, .T. ) ;
#2251 = EDGE_CURVE ( 'NONE', #5955, #7849, #3324, .T. ) ;
#2252 = CARTESIAN_POINT ( 'NONE',  ( -28.86285952746079531, 3.462880363371011683, -15.33876833389873084 ) ) ;
#2253 = ORIENTED_EDGE ( 'NONE', *, *, #7890, .F. ) ;
#2254 = DIRECTION ( 'NONE',  ( -0.000000000000000000, -0.000000000000000000, 1.000000000000000000 ) ) ;
#2255 = CARTESIAN_POINT ( 'NONE',  ( 0.000000000000000000, 28.15825383155556239, 20.10000000000000142 ) ) ;
#2256 = ORIENTED_EDGE ( 'NONE', *, *, #759, .T. ) ;
#2257 = VERTEX_POINT ( 'NONE', #8276 ) ;
#2258 = CARTESIAN_POINT ( 'NONE',  ( -33.93373197449002987, -15.46755594151892232, -13.67412550944228755 ) ) ;
#2259 = DIRECTION ( 'NONE',  ( -0.000000000000000000, -0.000000000000000000, -1.000000000000000000 ) ) ;
#2260 = CARTESIAN_POINT ( 'NONE',  ( -42.64768284501047901, 2.866119541103306467, 7.538000285433837711 ) ) ;
#2261 = CARTESIAN_POINT ( 'NONE',  ( 35.08473793653323014, 18.68140310929742043, -3.183803752492270434 ) ) ;
#2262 = CARTESIAN_POINT ( 'NONE',  ( 48.80572127772170887, 35.22599306905545546, -5.548663825278209671 ) ) ;
#2263 = EDGE_CURVE ( 'NONE', #3758, #4598, #7641, .T. ) ;
#2264 = VECTOR ( 'NONE', #2690, 1000.000000000000000 ) ;
#2265 = CARTESIAN_POINT ( 'NONE',  ( 28.82083754317723034, 34.50059386952236906, -10.00000000000000178 ) ) ;
#2266 = CARTESIAN_POINT ( 'NONE',  ( -40.24063821884254821, -1.855776763623952164, -13.14809138724569948 ) ) ;
#2267 = CARTESIAN_POINT ( 'NONE',  ( 32.78927125544243637, 22.57366761437645053, 11.47554723280563849 ) ) ;
#2268 = DIRECTION ( 'NONE',  ( -0.4058374489394846463, 0.9139452746408242012, 0.000000000000000000 ) ) ;
#2269 = CIRCLE ( 'NONE', #7002, 1.125000000000000888 ) ;
#2270 = CARTESIAN_POINT ( 'NONE',  ( 32.07732816968131573, 13.84465890770163732, -14.70000000000033857 ) ) ;
#2271 = EDGE_LOOP ( 'NONE', ( #4548, #3647, #7241, #7615 ) ) ;
#2272 = CARTESIAN_POINT ( 'NONE',  ( 32.59635132015397829, 24.14137939244476883, -5.002747934976703448 ) ) ;
#2273 = CARTESIAN_POINT ( 'NONE',  ( 0.000000000000000000, 0.000000000000000000, -22.15000000000000213 ) ) ;
#2274 = CARTESIAN_POINT ( 'NONE',  ( 4.130498711763927133, 28.15825383155556239, 13.10000000000000142 ) ) ;
#2275 = CARTESIAN_POINT ( 'NONE',  ( -24.67550218603879841, 23.54230659235769707, 10.09999999999999964 ) ) ;
#2276 = LINE ( 'NONE', #420, #5523 ) ;
#2277 = EDGE_LOOP ( 'NONE', ( #5129, #3346 ) ) ;
#2278 = ORIENTED_EDGE ( 'NONE', *, *, #5471, .T. ) ;
#2279 = B_SPLINE_CURVE_WITH_KNOTS ( 'NONE', 3,
 ( #1090, #7605, #8235, #4887, #6281, #2317, #1721, #488, #6749, #1003, #4843, #8075, #965, #6197, #6114, #6831, #7476, #4291, #7437, #2935, #5515, #3611 ),
 .UNSPECIFIED., .F., .F.,
 ( 4, 2, 2, 2, 2, 2, 2, 2, 2, 2, 4 ),
 ( 0.000000000000000000, 0.2499999999999992228, 0.3124999999999992228, 0.3749999999999992228, 0.4999999999999991118, 0.5624999999999991118, 0.6249999999999991118, 0.7499999999999991118, 0.8124999999999992228, 0.8749999999999993339, 1.000000000000000000 ),
 .UNSPECIFIED. ) ;
#2280 = AXIS2_PLACEMENT_3D ( 'NONE', #1638, #4759, #4840 ) ;
#2281 = AXIS2_PLACEMENT_3D ( 'NONE', #6922, #4382, #5649 ) ;
#2282 = EDGE_CURVE ( 'NONE', #4786, #5045, #7007, .T. ) ;
#2283 = EDGE_CURVE ( 'NONE', #4834, #7034, #3779, .T. ) ;
#2284 = CARTESIAN_POINT ( 'NONE',  ( -30.06029244158838409, 4.585546151996900299, -14.70000000000000284 ) ) ;
#2285 = EDGE_CURVE ( 'NONE', #7657, #7722, #2724, .T. ) ;
#2286 = EDGE_LOOP ( 'NONE', ( #83, #4186, #4791, #4595, #3326, #4307, #3594, #1190 ) ) ;
#2287 = EDGE_CURVE ( 'NONE', #2293, #424, #3306, .T. ) ;
#2288 = CARTESIAN_POINT ( 'NONE',  ( 34.46208662785937094, 8.946407751901956473, 5.479595468752085807 ) ) ;
#2289 = ADVANCED_FACE ( 'NONE', ( #7799 ), #3861, .F. ) ;
#2290 = CARTESIAN_POINT ( 'NONE',  ( -16.02266186210733423, -11.91074869846404383, -13.89808374072928920 ) ) ;
#2291 = AXIS2_PLACEMENT_3D ( 'NONE', #4335, #5477, #1681 ) ;
#2292 = VECTOR ( 'NONE', #5982, 999.9999999999998863 ) ;
#2293 = VERTEX_POINT ( 'NONE', #1414 ) ;
#2294 = DIRECTION ( 'NONE',  ( 0.9139452746408240902, 0.4058374489394845908, 0.000000000000000000 ) ) ;
#2295 = DIRECTION ( 'NONE',  ( -0.9139452746408239792, -0.4058374489394844797, 8.326672684688671588E-17 ) ) ;
#2296 = DIRECTION ( 'NONE',  ( 0.8718344350502134077, 0.3871381283276792429, 0.3000479752566519998 ) ) ;
#2297 = EDGE_LOOP ( 'NONE', ( #4083, #6958, #4389, #4067 ) ) ;
#2298 = AXIS2_PLACEMENT_3D ( 'NONE', #7816, #6544, #8291 ) ;
#2299 = CIRCLE ( 'NONE', #7160, 2.099999999999999645 ) ;
#2300 = VECTOR ( 'NONE', #1988, 1000.000000000000000 ) ;
#2301 = CARTESIAN_POINT ( 'NONE',  ( 37.22896156365681009, 23.63492323658301331, 6.940088632605423413 ) ) ;
#2302 = DIRECTION ( 'NONE',  ( -1.000000000000000000, 0.000000000000000000, 0.000000000000000000 ) ) ;
#2304 = ORIENTED_EDGE ( 'NONE', *, *, #5905, .F. ) ;
#2303 = ORIENTED_EDGE ( 'NONE', *, *, #4810, .T. ) ;
#2305 = ORIENTED_EDGE ( 'NONE', *, *, #5294, .F. ) ;
#2306 = CARTESIAN_POINT ( 'NONE',  ( -21.52550218603879628, 23.54230659235769707, 10.09999999999999964 ) ) ;
#2307 = CLOSED_SHELL ( 'NONE', ( #7664, #5029, #3063, #3368 ) ) ;
#2308 = CARTESIAN_POINT ( 'NONE',  ( 17.96149960956662639, 7.733701070753433271, 15.99999999999999645 ) ) ;
#2309 = EDGE_CURVE ( 'NONE', #6142, #4160, #6702, .T. ) ;
#2310 = CARTESIAN_POINT ( 'NONE',  ( 26.91608446274506505, 21.16975155913125661, 23.50000000000000000 ) ) ;
#2311 = CARTESIAN_POINT ( 'NONE',  ( 0.6304987117639266891, 6.959150220622822403, 20.10000000000000142 ) ) ;
#2312 = CARTESIAN_POINT ( 'NONE',  ( 46.20736166986176130, 33.92270527306784089, -2.675592887101985617 ) ) ;
#2313 = EDGE_CURVE ( 'NONE', #2198, #2331, #7208, .T. ) ;
#2314 = AXIS2_PLACEMENT_3D ( 'NONE', #7501, #1588, #3205 ) ;
#2315 = DIRECTION ( 'NONE',  ( -1.000000000000000000, 0.000000000000000000, 0.000000000000000000 ) ) ;
#2316 = CYLINDRICAL_SURFACE ( 'NONE', #1618, 41.22755838930772398 ) ;
#2318 = CIRCLE ( 'NONE', #827, 6.000000000000002665 ) ;
#2317 = CARTESIAN_POINT ( 'NONE',  ( -44.59137699326845450, -17.85891791227474457, -12.68783868662447212 ) ) ;
#2319 = PLANE ( 'NONE',  #2218 ) ;
#2320 = CARTESIAN_POINT ( 'NONE',  ( 31.30830393493182129, 13.50317365441129169, -14.69999999999966889 ) ) ;
#2321 = ORIENTED_EDGE ( 'NONE', *, *, #6265, .F. ) ;
#2322 = DIRECTION ( 'NONE',  ( 0.9139452746408240902, 0.4058374489394845908, 0.000000000000000000 ) ) ;
#2323 = FACE_OUTER_BOUND ( 'NONE', #7617, .T. ) ;
#2324 = CARTESIAN_POINT ( 'NONE',  ( 34.79303032985334454, 37.83950522338404454, 6.164482761787081877 ) ) ;
#2325 = EDGE_CURVE ( 'NONE', #2668, #2091, #7391, .T. ) ;
#2326 = CARTESIAN_POINT ( 'NONE',  ( -42.72364194264089576, -17.13697276659249269, -22.15000000000000213 ) ) ;
#2327 = AXIS2_PLACEMENT_3D ( 'NONE', #5730, #3109, #1771 ) ;
#2328 = ORIENTED_EDGE ( 'NONE', *, *, #3365, .T. ) ;
#2329 = CARTESIAN_POINT ( 'NONE',  ( 38.14026528317616993, 38.63888626461507414, -7.672778918891237865 ) ) ;
#2330 = ORIENTED_EDGE ( 'NONE', *, *, #7665, .T. ) ;
#2331 = VERTEX_POINT ( 'NONE', #5243 ) ;
#2332 = VERTEX_POINT ( 'NONE', #5929 ) ;
#2333 = CARTESIAN_POINT ( 'NONE',  ( 35.66018174033763444, 11.65330871410789015, 3.086110325882843064 ) ) ;
#2334 = CARTESIAN_POINT ( 'NONE',  ( -17.38822290669820703, -15.64335012656298218, -11.13232148521224119 ) ) ;
#2335 = CARTESIAN_POINT ( 'NONE',  ( -17.16877876442464768, -15.31586276074519581, -11.53703843314779576 ) ) ;
#2336 = CARTESIAN_POINT ( 'NONE',  ( -17.72235263888314094, 47.39760212532419814, 12.49999999999999822 ) ) ;
#2337 = DIRECTION ( 'NONE',  ( 1.000000000000000000, 0.000000000000000000, 0.000000000000000000 ) ) ;
#2338 = ORIENTED_EDGE ( 'NONE', *, *, #3738, .T. ) ;
#2339 = CIRCLE ( 'NONE', #1397, 4.000000000000011546 ) ;
#2340 = ORIENTED_EDGE ( 'NONE', *, *, #4478, .T. ) ;
#2341 = CARTESIAN_POINT ( 'NONE',  ( -3.332024761651513067, 13.93929768803294422, 12.49999999999999822 ) ) ;
#2342 = EDGE_CURVE ( 'NONE', #2370, #2346, #7788, .T. ) ;
#2343 = CARTESIAN_POINT ( 'NONE',  ( -2.569501288236065495, 15.63800383155555096, -14.70000000000000284 ) ) ;
#2345 = ORIENTED_EDGE ( 'NONE', *, *, #4924, .T. ) ;
#2344 = ORIENTED_EDGE ( 'NONE', *, *, #3259, .T. ) ;
#2346 = VERTEX_POINT ( 'NONE', #2043 ) ;
#2347 = CARTESIAN_POINT ( 'NONE',  ( -51.92092408978491136, -1.352789777417733097, -3.097864185164253215 ) ) ;
#2348 = DIRECTION ( 'NONE',  ( -0.000000000000000000, -0.000000000000000000, 1.000000000000000000 ) ) ;
#2349 = CARTESIAN_POINT ( 'NONE',  ( -48.97837079010631101, -15.37153718105715861, -6.409287478489480883 ) ) ;
#2350 = CARTESIAN_POINT ( 'NONE',  ( 45.11865509966229126, 25.65352662824512819, -3.183803752492271322 ) ) ;
#2351 = CYLINDRICAL_SURFACE ( 'NONE', #4976, 1.125000000000000888 ) ;
#2352 = AXIS2_PLACEMENT_3D ( 'NONE', #1682, #1042, #6365 ) ;
#2353 = CARTESIAN_POINT ( 'NONE',  ( -36.67450437646652261, 22.30218152664974696, 15.59999999999999964 ) ) ;
#2354 = DIRECTION ( 'NONE',  ( 1.000000000000000000, 0.000000000000000000, 0.000000000000000000 ) ) ;
#2355 = DIRECTION ( 'NONE',  ( 0.4058374489394847018, -0.9139452746408238681, 0.000000000000000000 ) ) ;
#2356 = CARTESIAN_POINT ( 'NONE',  ( -40.54095970802679005, -18.35630852691025794, -20.04512421095780184 ) ) ;
#2357 = CARTESIAN_POINT ( 'NONE',  ( 25.56456366751796239, 8.063894825627471619, -14.38293797904146487 ) ) ;
#2358 = ORIENTED_EDGE ( 'NONE', *, *, #2754, .T. ) ;
#2359 = FACE_OUTER_BOUND ( 'NONE', #1959, .T. ) ;
#2360 = DIRECTION ( 'NONE',  ( 0.000000000000000000, 1.000000000000000000, 0.000000000000000000 ) ) ;
#2361 = AXIS2_PLACEMENT_3D ( 'NONE', #2923, #2886, #1029 ) ;
#2362 = CARTESIAN_POINT ( 'NONE',  ( 41.51983329496078312, 24.05546961002614026, 2.450628444198687195 ) ) ;
#2363 = CARTESIAN_POINT ( 'NONE',  ( -14.88171938129457672, -7.828126774681247291, -21.35000000000000497 ) ) ;
#2364 = CARTESIAN_POINT ( 'NONE',  ( -51.40839996888600893, -2.683927264908589905, -2.745378220930730695 ) ) ;
#2365 = ORIENTED_EDGE ( 'NONE', *, *, #6187, .T. ) ;
#2366 = CARTESIAN_POINT ( 'NONE',  ( 16.40737535980886719, 45.40694055502255111, 22.50000000000000000 ) ) ;
#2367 = ADVANCED_BREP_SHAPE_REPRESENTATION ( 'Part1', ( #6977, #6758 ), #6081 ) ;
#2368 = EDGE_LOOP ( 'NONE', ( #228, #4187, #8223, #6250 ) ) ;
#2369 = ADVANCED_FACE ( 'NONE', ( #1921 ), #5206, .F. ) ;
#2370 = VERTEX_POINT ( 'NONE', #3905 ) ;
#2371 = EDGE_CURVE ( 'NONE', #49, #3473, #1374, .T. ) ;
#2372 = ORIENTED_EDGE ( 'NONE', *, *, #1839, .T. ) ;
#2373 = CARTESIAN_POINT ( 'NONE',  ( -16.17528589195076805, -12.64880421784321740, -13.55757678511039721 ) ) ;
#2374 = CARTESIAN_POINT ( 'NONE',  ( -17.06474783610588375, -15.13805101663001551, -11.73409691423528933 ) ) ;
#2375 = CARTESIAN_POINT ( 'NONE',  ( -32.84381725170908339, -15.13503087076853859, -10.61123364343831810 ) ) ;
#2376 = CARTESIAN_POINT ( 'NONE',  ( -0.4365318825140183101, 9.473125808711095885, -10.95433043669959972 ) ) ;
#2377 = EDGE_LOOP ( 'NONE', ( #2456, #3151, #5932, #8148, #4082 ) ) ;
#2378 = B_SPLINE_CURVE_WITH_KNOTS ( 'NONE', 3,
 ( #471, #8265, #6813, #6852, #4870, #1662, #1023, #5039, #4948, #3593, #6901, #6221, #7629, #7538, #4200, #1742 ),
 .UNSPECIFIED., .F., .F.,
 ( 4, 2, 2, 2, 2, 2, 2, 4 ),
 ( 0.002954816163281770349, 0.005679028513415025799, 0.007041134688481651138, 0.008403240863548275610, 0.009765347038614898348, 0.01112745321368152282, 0.01248955938874814556, 0.01385166556381476829 ),
 .UNSPECIFIED. ) ;
#2379 = ORIENTED_EDGE ( 'NONE', *, *, #8307, .T. ) ;
#2380 = AXIS2_PLACEMENT_3D ( 'NONE', #4450, #5597, #8190 ) ;
#2381 = CARTESIAN_POINT ( 'NONE',  ( 50.97420605113211423, 23.18777948296457936, -16.23035432845728465 ) ) ;
#2382 = ADVANCED_FACE ( 'NONE', ( #14 ), #5201, .F. ) ;
#2383 = CARTESIAN_POINT ( 'NONE',  ( 23.16610561339430419, 22.14219310503611737, -14.70000000000000284 ) ) ;
#2385 = VERTEX_POINT ( 'NONE', #4654 ) ;
#2384 = ORIENTED_EDGE ( 'NONE', *, *, #1106, .F. ) ;
#2386 = VERTEX_POINT ( 'NONE', #642 ) ;
#2387 = CARTESIAN_POINT ( 'NONE',  ( 52.88081205672513363, 26.28622802159106442, -10.98622590194991666 ) ) ;
#2388 = DIRECTION ( 'NONE',  ( 0.4058374489394833695, -0.9139452746408245343, 0.000000000000000000 ) ) ;
#2389 = PLANE ( 'NONE',  #2661 ) ;
#2390 = CARTESIAN_POINT ( 'NONE',  ( -0.4606577907535720495, 1.037400595203546549, -14.70000000000000284 ) ) ;
#2391 = EDGE_CURVE ( 'NONE', #3758, #3997, #6295, .T. ) ;
#2392 = CARTESIAN_POINT ( 'NONE',  ( 16.38649960956662355, 7.733701070753433271, 12.49999999999999822 ) ) ;
#2393 = EDGE_CURVE ( 'NONE', #5721, #255, #6477, .T. ) ;
#2394 = CYLINDRICAL_SURFACE ( 'NONE', #4732, 1.125000000000000888 ) ;
#2395 = EDGE_CURVE ( 'NONE', #5830, #8278, #7757, .T. ) ;
#2396 = CARTESIAN_POINT ( 'NONE',  ( 40.13558322051861893, 32.12426374691726494, 3.825002615727787436 ) ) ;
#2397 = CARTESIAN_POINT ( 'NONE',  ( 34.58689410985728330, 25.02528002653421879, -2.392760896843801291E-14 ) ) ;
#2398 = CARTESIAN_POINT ( 'NONE',  ( -51.73464006205951904, -1.772301104737613153, -2.927881913502034195 ) ) ;
#2399 = EDGE_CURVE ( 'NONE', #3601, #6297, #4614, .T. ) ;
#2400 = CARTESIAN_POINT ( 'NONE',  ( 24.95452425114955375, 10.68177744006888474, -14.70000000000028884 ) ) ;
#2401 = ADVANCED_FACE ( 'NONE', ( #2553 ), #3265, .T. ) ;
#2402 = CARTESIAN_POINT ( 'NONE',  ( 50.66235035098036121, 22.25311542416377364, -19.94971948457783384 ) ) ;
#2403 = CARTESIAN_POINT ( 'NONE',  ( 4.130498711763927133, 23.60496686648925646, 20.19999999999999929 ) ) ;
#2404 = CARTESIAN_POINT ( 'NONE',  ( 39.15479744159741671, 36.29363429353989545, 3.043695845954616175 ) ) ;
#2405 = PLANE ( 'NONE',  #2073 ) ;
#2406 = CARTESIAN_POINT ( 'NONE',  ( 39.03918166967067549, 16.01274075460250046, -5.818812750507142084 ) ) ;
#2407 = ORIENTED_EDGE ( 'NONE', *, *, #4043, .T. ) ;
#2408 = CARTESIAN_POINT ( 'NONE',  ( 39.87910269125998752, 16.88174564242236997, -8.705050485631756985 ) ) ;
#2409 = CIRCLE ( 'NONE', #3756, 1.574999999999999512 ) ;
#2410 = VERTEX_POINT ( 'NONE', #5126 ) ;
#2411 = CARTESIAN_POINT ( 'NONE',  ( 35.39856900773624915, 23.19738947725257106, -2.213058202862784096 ) ) ;
#2412 = ORIENTED_EDGE ( 'NONE', *, *, #2309, .F. ) ;
#2413 = ORIENTED_EDGE ( 'NONE', *, *, #7668, .F. ) ;
#2414 = CARTESIAN_POINT ( 'NONE',  ( -28.15729035823340354, -12.90252672747677565, -14.70000000000005791 ) ) ;
#2415 = VECTOR ( 'NONE', #1718, 1000.000000000000114 ) ;
#2416 = CARTESIAN_POINT ( 'NONE',  ( -18.71750935024010332, -16.74767498215505412, -8.937546650316575025 ) ) ;
#2417 = AXIS2_PLACEMENT_3D ( 'NONE', #2522, #5094, #4931 ) ;
#2418 = FACE_OUTER_BOUND ( 'NONE', #7114, .T. ) ;
#2419 = CARTESIAN_POINT ( 'NONE',  ( 31.36257319558299983, 26.98344565842034726, -3.822536409636374088 ) ) ;
#2420 = ORIENTED_EDGE ( 'NONE', *, *, #7880, .F. ) ;
#2421 = EDGE_LOOP ( 'NONE', ( #1030, #3880, #3068, #3926 ) ) ;
#2422 = VECTOR ( 'NONE', #7308, 1000.000000000000000 ) ;
#2423 = CARTESIAN_POINT ( 'NONE',  ( -14.42595542943953291, -15.15849751514841337, 15.09999999999999964 ) ) ;
#2424 = CARTESIAN_POINT ( 'NONE',  ( 37.34797216499320882, 14.15809300662897563, -1.495209385440788852 ) ) ;
#2425 = ORIENTED_EDGE ( 'NONE', *, *, #217, .F. ) ;
#2426 = ORIENTED_EDGE ( 'NONE', *, *, #5642, .T. ) ;
#2427 = CARTESIAN_POINT ( 'NONE',  ( -51.79227987455450233, -1.295665306639499192, -2.957127002700945084 ) ) ;
#2428 = CARTESIAN_POINT ( 'NONE',  ( -40.54095970802679005, -18.35630852691025794, -20.04512421095782315 ) ) ;
#2429 = CARTESIAN_POINT ( 'NONE',  ( -48.25038968347016066, -17.01094944864491865, -8.599857038697138023 ) ) ;
#2430 = CARTESIAN_POINT ( 'NONE',  ( 23.16610561339427932, 22.14219310503610316, 5.813021428605115004E-14 ) ) ;
#2431 = AXIS2_PLACEMENT_3D ( 'NONE', #837, #3448, #1599 ) ;
#2432 = AXIS2_PLACEMENT_3D ( 'NONE', #4773, #5405, #6798 ) ;
#2433 = ORIENTED_EDGE ( 'NONE', *, *, #6343, .T. ) ;
#2434 = CARTESIAN_POINT ( 'NONE',  ( -18.06950128823605439, 31.13800383155554385, 18.09999999999999787 ) ) ;
#2435 = EDGE_CURVE ( 'NONE', #7142, #5045, #2082, .T. ) ;
#2436 = CIRCLE ( 'NONE', #7166, 1.125000000000000888 ) ;
#2437 = FACE_OUTER_BOUND ( 'NONE', #7932, .T. ) ;
#2438 = CARTESIAN_POINT ( 'NONE',  ( -2.569501288236065495, 15.63800383155555096, 20.09999999999999432 ) ) ;
#2439 = CARTESIAN_POINT ( 'NONE',  ( 33.98019955212699728, 7.249358620321206814, 5.886796564403914189 ) ) ;
#2440 = CARTESIAN_POINT ( 'NONE',  ( -51.54330811101109333, -2.203180347166993958, -2.786075478431025321 ) ) ;
#2441 = CARTESIAN_POINT ( 'NONE',  ( 31.06013540899835590, 11.15789952213685154, -12.21234137676571585 ) ) ;
#2442 = LINE ( 'NONE', #4968, #4977 ) ;
#2443 = CIRCLE ( 'NONE', #8257, 1.125000000000000888 ) ;
#2444 = CARTESIAN_POINT ( 'NONE',  ( 45.09549613017185266, 25.64324288658262674, -2.632956581901357396 ) ) ;
#2445 = DIRECTION ( 'NONE',  ( 1.000000000000000000, 0.000000000000000000, 0.000000000000000000 ) ) ;
#2446 = CARTESIAN_POINT ( 'NONE',  ( 21.46862163830764203, 4.483693177446331113, -21.35000000000000497 ) ) ;
#2447 = DIRECTION ( 'NONE',  ( -1.000000000000000000, 0.000000000000000000, 0.000000000000000000 ) ) ;
#2448 = ORIENTED_EDGE ( 'NONE', *, *, #4868, .F. ) ;
#2449 = DIRECTION ( 'NONE',  ( 1.000000000000000000, 0.000000000000000000, 0.000000000000000000 ) ) ;
#2450 = CIRCLE ( 'NONE', #1778, 1.125000000000000888 ) ;
#2451 = EDGE_CURVE ( 'NONE', #3674, #6222, #6823, .T. ) ;
#2452 = EDGE_CURVE ( 'NONE', #3714, #187, #4789, .T. ) ;
#2453 = ORIENTED_EDGE ( 'NONE', *, *, #949, .F. ) ;
#2454 = VERTEX_POINT ( 'NONE', #2842 ) ;
#2455 = DIRECTION ( 'NONE',  ( 1.000000000000000000, 0.000000000000000000, 0.000000000000000000 ) ) ;
#2456 = ORIENTED_EDGE ( 'NONE', *, *, #1200, .T. ) ;
#2457 = EDGE_CURVE ( 'NONE', #6329, #303, #5546, .T. ) ;
#2458 = ORIENTED_EDGE ( 'NONE', *, *, #2670, .T. ) ;
#2459 = CARTESIAN_POINT ( 'NONE',  ( 37.75550971977039438, 14.77563999778339543, -6.283764466820320749 ) ) ;
#2460 = CARTESIAN_POINT ( 'NONE',  ( -11.66950128823607002, 2.638003831554670331, 16.60000000000000142 ) ) ;
#2461 = CARTESIAN_POINT ( 'NONE',  ( -42.08083357066377772, -18.40009904032329757, -0.6867131455449692057 ) ) ;
#2462 = CARTESIAN_POINT ( 'NONE',  ( -17.72235263888314094, 47.39760212532419814, 22.50000000000000000 ) ) ;
#2463 = ORIENTED_EDGE ( 'NONE', *, *, #4845, .T. ) ;
#2464 = ORIENTED_EDGE ( 'NONE', *, *, #7100, .T. ) ;
#2465 = DIRECTION ( 'NONE',  ( 0.4342997651233633793, -0.9007684019845453305, 0.000000000000000000 ) ) ;
#2466 = DIRECTION ( 'NONE',  ( 1.000000000000000000, 0.000000000000000000, 0.000000000000000000 ) ) ;
#2468 = VERTEX_POINT ( 'NONE', #5499 ) ;
#2467 = ORIENTED_EDGE ( 'NONE', *, *, #4398, .F. ) ;
#2469 = ORIENTED_EDGE ( 'NONE', *, *, #4772, .T. ) ;
#2470 = CARTESIAN_POINT ( 'NONE',  ( 48.54031171348350426, 28.66890557096316883, -5.754329382450517727 ) ) ;
#2471 = LINE ( 'NONE', #7678, #6590 ) ;
#2472 = CARTESIAN_POINT ( 'NONE',  ( -45.50855385954768906, -15.79343710182646454, -8.599857038697138023 ) ) ;
#2473 = CARTESIAN_POINT ( 'NONE',  ( -32.85222994078263525, -0.5444370143566233944, -10.00000000000000178 ) ) ;
#2474 = ORIENTED_EDGE ( 'NONE', *, *, #8138, .F. ) ;
#2475 = CARTESIAN_POINT ( 'NONE',  ( -44.82203864707316399, -2.624681370721262841, -10.90000000000000036 ) ) ;
#2476 = B_SPLINE_CURVE_WITH_KNOTS ( 'NONE', 3,
 ( #7989, #5948, #6070, #2141, #834, #3965, #2097, #1516 ),
 .UNSPECIFIED., .F., .F.,
 ( 4, 2, 2, 4 ),
 ( 0.000000000000000000, 0.003404530059512400012, 0.006809060119024800024, 0.01361812023804960005 ),
 .UNSPECIFIED. ) ;
#2477 = CARTESIAN_POINT ( 'NONE',  ( -43.79785137327126421, 3.151767825239579324, 6.546553914693868492 ) ) ;
#2478 = DIRECTION ( 'NONE',  ( 1.000000000000000000, 0.000000000000000000, 0.000000000000000000 ) ) ;
#2479 = CARTESIAN_POINT ( 'NONE',  ( 49.34014147213326851, 21.93960881539865326, -16.45322290687306577 ) ) ;
#2480 = CARTESIAN_POINT ( 'NONE',  ( -51.34636424633380614, -2.646697609956965014, -2.675592887099892181 ) ) ;
#2481 = EDGE_CURVE ( 'NONE', #4160, #3671, #858, .T. ) ;
#2482 = CARTESIAN_POINT ( 'NONE',  ( -0.3473386233563973136, 22.53905397561441859, 14.49999999999999822 ) ) ;
#2483 = CARTESIAN_POINT ( 'NONE',  ( 4.130498711763927133, 11.53325383155556061, 20.19999999999999929 ) ) ;
#2484 = CARTESIAN_POINT ( 'NONE',  ( 53.90957957185568006, 23.96944525151092975, -21.01796339779073008 ) ) ;
#2485 = DIRECTION ( 'NONE',  ( -0.4058374489394844797, 0.9139452746408239792, -0.000000000000000000 ) ) ;
#2486 = B_SPLINE_CURVE_WITH_KNOTS ( 'NONE', 3,
 ( #6900, #6345, #7497, #8139, #4989, #5671 ),
 .UNSPECIFIED., .F., .F.,
 ( 4, 2, 4 ),
 ( 4.906538933386797396E-18, 0.004467901066054405686, 0.008935802132108806167 ),
 .UNSPECIFIED. ) ;
#2487 = AXIS2_PLACEMENT_3D ( 'NONE', #7483, #5522, #8166 ) ;
#2488 = CARTESIAN_POINT ( 'NONE',  ( 0.6304987117639266891, 6.959150220622822403, 12.49999999999999822 ) ) ;
#2489 = CYLINDRICAL_SURFACE ( 'NONE', #315, 1.049999999999998934 ) ;
#2490 = DIRECTION ( 'NONE',  ( -1.000000000000000000, 0.000000000000000000, 0.000000000000000000 ) ) ;
#2491 = ORIENTED_EDGE ( 'NONE', *, *, #4775, .F. ) ;
#2492 = ORIENTED_EDGE ( 'NONE', *, *, #1781, .F. ) ;
#2493 = CARTESIAN_POINT ( 'NONE',  ( -43.80987282540473871, -19.61886402665527740, -20.04434947234183539 ) ) ;
#2494 = EDGE_CURVE ( 'NONE', #2103, #1562, #1623, .T. ) ;
#2495 = ORIENTED_EDGE ( 'NONE', *, *, #7637, .F. ) ;
#2496 = ADVANCED_FACE ( 'NONE', ( #2250 ), #579, .T. ) ;
#2497 = ORIENTED_EDGE ( 'NONE', *, *, #3050, .F. ) ;
#2498 = EDGE_CURVE ( 'NONE', #5855, #5547, #2486, .T. ) ;
#2499 = ADVANCED_FACE ( 'NONE', ( #1741, #6851 ), #4315, .T. ) ;
#2500 = CARTESIAN_POINT ( 'NONE',  ( -4.269501288236071446, 2.638003831554671219, 20.10000000000000142 ) ) ;
#2501 = DIRECTION ( 'NONE',  ( 1.000000000000000000, 0.000000000000000000, 0.000000000000000000 ) ) ;
#2502 = FACE_OUTER_BOUND ( 'NONE', #2924, .T. ) ;
#2503 = VERTEX_POINT ( 'NONE', #470 ) ;
#2504 = CARTESIAN_POINT ( 'NONE',  ( -4.269501288236071446, 2.638003831554671219, 16.60000000000000142 ) ) ;
#2505 = DIRECTION ( 'NONE',  ( 0.000000000000000000, 0.000000000000000000, 1.000000000000000000 ) ) ;
#2507 = ORIENTED_EDGE ( 'NONE', *, *, #1801, .F. ) ;
#2506 = ORIENTED_EDGE ( 'NONE', *, *, #1395, .T. ) ;
#2508 = EDGE_CURVE ( 'NONE', #2606, #6779, #556, .T. ) ;
#2509 = ORIENTED_EDGE ( 'NONE', *, *, #3786, .T. ) ;
#2510 = CARTESIAN_POINT ( 'NONE',  ( -11.66950128823607002, 0.000000000000000000, 20.10000000000000142 ) ) ;
#2511 = DIRECTION ( 'NONE',  ( 1.000000000000000000, 0.000000000000000000, -0.000000000000000000 ) ) ;
#2512 = CARTESIAN_POINT ( 'NONE',  ( -48.14242111222630172, -17.25409449540169859, -8.985648140408121876 ) ) ;
#2513 = DIRECTION ( 'NONE',  ( -5.782411586589356653E-16, 1.000000000000000000, 0.000000000000000000 ) ) ;
#2514 = EDGE_LOOP ( 'NONE', ( #5518, #756 ) ) ;
#2515 = DIRECTION ( 'NONE',  ( 1.000000000000000000, 0.000000000000000000, 0.000000000000000000 ) ) ;
#2516 = AXIS2_PLACEMENT_3D ( 'NONE', #2000, #6564, #7168 ) ;
#2517 = CYLINDRICAL_SURFACE ( 'NONE', #1362, 9.000000000000000000 ) ;
#2518 = CARTESIAN_POINT ( 'NONE',  ( 37.53390943626646248, 23.70781743005583664, 6.628595580677766996 ) ) ;
#2519 = AXIS2_PLACEMENT_3D ( 'NONE', #401, #2968, #5553 ) ;
#2520 = PLANE ( 'NONE',  #5180 ) ;
#2521 = CARTESIAN_POINT ( 'NONE',  ( -0.4395012882360722628, -1.451996168444437352, 20.10000000000000142 ) ) ;
#2522 = CARTESIAN_POINT ( 'NONE',  ( -23.10050218603879912, 23.54230659235769707, 20.10000000000000142 ) ) ;
#2523 = DIRECTION ( 'NONE',  ( -0.4058374489394845908, 0.9139452746408239792, -0.000000000000000000 ) ) ;
#2524 = CARTESIAN_POINT ( 'NONE',  ( 39.43259150113627953, 39.64851848369711007, 0.7527710219251704249 ) ) ;
#2525 = CARTESIAN_POINT ( 'NONE',  ( -33.36600263493999563, 27.49445797275911119, 15.09999999999999964 ) ) ;
#2526 = CARTESIAN_POINT ( 'NONE',  ( 19.53649960956662568, 7.733701070753433271, 10.09999999999999964 ) ) ;
#2527 = CARTESIAN_POINT ( 'NONE',  ( 47.81262319495764501, 21.68351640963529903, -21.72600188222616424 ) ) ;
#2528 = VERTEX_POINT ( 'NONE', #2336 ) ;
#2529 = VERTEX_POINT ( 'NONE', #4273 ) ;
#2530 = CARTESIAN_POINT ( 'NONE',  ( -47.08819886887039985, -19.62820127202904175, -22.03201252163746560 ) ) ;
#2531 = ORIENTED_EDGE ( 'NONE', *, *, #7393, .F. ) ;
#2532 = AXIS2_PLACEMENT_3D ( 'NONE', #2266, #4842, #1431 ) ;
#2533 = EDGE_LOOP ( 'NONE', ( #1611, #6945, #6474, #123 ) ) ;
#2534 = CIRCLE ( 'NONE', #2810, 2.850000000000000089 ) ;
#2535 = DIRECTION ( 'NONE',  ( 0.000000000000000000, 0.000000000000000000, -1.000000000000000000 ) ) ;
#2536 = CIRCLE ( 'NONE', #5775, 4.000000000000011546 ) ;
#2537 = EDGE_CURVE ( 'NONE', #5360, #4470, #6360, .T. ) ;
#2538 = DIRECTION ( 'NONE',  ( -0.000000000000000000, -0.000000000000000000, 1.000000000000000000 ) ) ;
#2539 = CARTESIAN_POINT ( 'NONE',  ( -2.569501288236065495, 15.63800383155555096, 20.10000000000000142 ) ) ;
#2540 = EDGE_CURVE ( 'NONE', #159, #6032, #3113, .T. ) ;
#2541 = FACE_OUTER_BOUND ( 'NONE', #5678, .T. ) ;
#2542 = ADVANCED_FACE ( 'NONE', ( #2418 ), #6177, .F. ) ;
#2543 = EDGE_CURVE ( 'NONE', #5704, #7115, #3692, .T. ) ;
#2544 = ORIENTED_EDGE ( 'NONE', *, *, #197, .F. ) ;
#2545 = CARTESIAN_POINT ( 'NONE',  ( 8.535532021701097705, 4.115352563500928262, 20.10000000000000142 ) ) ;
#2546 = CARTESIAN_POINT ( 'NONE',  ( 32.28376629366113093, 5.899443136894856110, -8.937561083270750828 ) ) ;
#2548 = EDGE_LOOP ( 'NONE', ( #5629, #4310, #8051, #2748 ) ) ;
#2547 = ORIENTED_EDGE ( 'NONE', *, *, #3578, .F. ) ;
#2549 = AXIS2_PLACEMENT_3D ( 'NONE', #8326, #1094, #3662 ) ;
#2550 = EDGE_LOOP ( 'NONE', ( #5937, #7194, #7257, #5550 ) ) ;
#2551 = LINE ( 'NONE', #1919, #3010 ) ;
#2552 = CARTESIAN_POINT ( 'NONE',  ( -40.68183344645368749, -18.03906109719992301, -16.46973243518483088 ) ) ;
#2553 = FACE_OUTER_BOUND ( 'NONE', #7546, .T. ) ;
#2554 = CARTESIAN_POINT ( 'NONE',  ( -38.48158945713018397, -5.272143916782781048, 8.046488446082500801 ) ) ;
#2555 = ORIENTED_EDGE ( 'NONE', *, *, #6004, .F. ) ;
#2556 = PRODUCT_CONTEXT ( 'NONE', #4501, 'mechanical' ) ;
#2557 = LINE ( 'NONE', #3057, #5542 ) ;
#2558 = DIRECTION ( 'NONE',  ( -0.000000000000000000, -0.000000000000000000, -1.000000000000000000 ) ) ;
#2559 = EDGE_CURVE ( 'NONE', #3683, #7766, #1509, .T. ) ;
#2560 = LINE ( 'NONE', #4537, #1412 ) ;
#2561 = VECTOR ( 'NONE', #5643, 1000.000000000000114 ) ;
#2562 = AXIS2_PLACEMENT_3D ( 'NONE', #3987, #5331, #3343 ) ;
#2563 = DIRECTION ( 'NONE',  ( 0.000000000000000000, 0.000000000000000000, -1.000000000000000000 ) ) ;
#2564 = CARTESIAN_POINT ( 'NONE',  ( 2.630498711763927577, 3.033253831555559721, 18.09999999999999787 ) ) ;
#2565 = ADVANCED_FACE ( 'NONE', ( #5622 ), #3768, .F. ) ;
#2566 = CARTESIAN_POINT ( 'NONE',  ( 47.29996760947973655, 22.83801595394804096, -22.15000000000000213 ) ) ;
#2567 = CARTESIAN_POINT ( 'NONE',  ( -45.12868678955067736, -20.43867623633701314, -6.916224157216961821 ) ) ;
#2568 = VECTOR ( 'NONE', #5939, 1000.000000000000000 ) ;
#2569 = VECTOR ( 'NONE', #8096, 1000.000000000000114 ) ;
#2570 = CARTESIAN_POINT ( 'NONE',  ( 33.77282658565057005, 7.076409672870934919, -5.622820053212404190 ) ) ;
#2571 = PLANE ( 'NONE',  #8021 ) ;
#2572 = DIRECTION ( 'NONE',  ( 0.000000000000000000, 1.000000000000000000, 0.000000000000000000 ) ) ;
#2573 = EDGE_LOOP ( 'NONE', ( #2742, #5353, #8208, #3784 ) ) ;
#2574 = CIRCLE ( 'NONE', #287, 1.050000000000002265 ) ;
#2575 = AXIS2_PLACEMENT_3D ( 'NONE', #5298, #3310, #4750 ) ;
#2576 = B_SPLINE_CURVE_WITH_KNOTS ( 'NONE', 3,
 ( #3795, #5767, #2402, #7523 ),
 .UNSPECIFIED., .F., .F.,
 ( 4, 4 ),
 ( 0.001472041828666711093, 0.003485056606599954126 ),
 .UNSPECIFIED. ) ;
#2577 = ORIENTED_EDGE ( 'NONE', *, *, #7874, .T. ) ;
#2578 = DIRECTION ( 'NONE',  ( 1.000000000000000000, 0.000000000000000000, 0.000000000000000000 ) ) ;
#2579 = ADVANCED_FACE ( 'NONE', ( #6220 ), #6812, .F. ) ;
#2580 = VERTEX_POINT ( 'NONE', #8177 ) ;
#2581 = AXIS2_PLACEMENT_3D ( 'NONE', #8346, #1914, #8268 ) ;
#2582 = ORIENTED_EDGE ( 'NONE', *, *, #5646, .F. ) ;
#2583 = AXIS2_PLACEMENT_3D ( 'NONE', #4947, #7537, #3201 ) ;
#2584 = DIRECTION ( 'NONE',  ( 0.4058374489394847018, -0.9139452746408240902, -2.220446049250313081E-16 ) ) ;
#2585 = DIRECTION ( 'NONE',  ( 1.000000000000000000, 0.000000000000000000, 0.000000000000000000 ) ) ;
#2586 = VECTOR ( 'NONE', #7894, 1000.000000000000000 ) ;
#2587 = CARTESIAN_POINT ( 'NONE',  ( 14.30737535980886754, 45.40694055502255111, 15.59999999999999964 ) ) ;
#2588 = PLANE ( 'NONE',  #7279 ) ;
#2589 = ORIENTED_EDGE ( 'NONE', *, *, #352, .T. ) ;
#2590 = AXIS2_PLACEMENT_3D ( 'NONE', #1648, #7444, #7524 ) ;
#2591 = DIRECTION ( 'NONE',  ( 0.000000000000000000, 0.000000000000000000, 1.000000000000000000 ) ) ;
#2592 = DIRECTION ( 'NONE',  ( -0.4058374489394846463, 0.9139452746408242012, -0.000000000000000000 ) ) ;
#2594 = ORIENTED_EDGE ( 'NONE', *, *, #8142, .F. ) ;
#2593 = EDGE_LOOP ( 'NONE', ( #3770, #1232, #4664, #5185 ) ) ;
#2595 = ORIENTED_EDGE ( 'NONE', *, *, #6111, .F. ) ;
#2596 = DIRECTION ( 'NONE',  ( -0.000000000000000000, -0.000000000000000000, -1.000000000000000000 ) ) ;
#2597 = CARTESIAN_POINT ( 'NONE',  ( 12.93049871176392429, 31.13800383155554385, 20.10000000000000142 ) ) ;
#2598 = DIRECTION ( 'NONE',  ( 0.000000000000000000, 0.000000000000000000, 1.000000000000000000 ) ) ;
#2599 = ORIENTED_EDGE ( 'NONE', *, *, #3319, .T. ) ;
#2600 =( NAMED_UNIT ( * ) PLANE_ANGLE_UNIT ( ) SI_UNIT ( $, .RADIAN. ) );
#2601 = CARTESIAN_POINT ( 'NONE',  ( 53.98227164449777860, 23.80574282220092641, -20.04435110445156809 ) ) ;
#2602 = EDGE_CURVE ( 'NONE', #4749, #2385, #8130, .T. ) ;
#2603 = CARTESIAN_POINT ( 'NONE',  ( -51.31902185140666006, -2.999798381017915627, -2.557264017705360271 ) ) ;
#2604 = EDGE_CURVE ( 'NONE', #7448, #7714, #3799, .T. ) ;
#2605 = CARTESIAN_POINT ( 'NONE',  ( 33.63515778764828923, 33.14885443053402980, 6.940088632605423413 ) ) ;
#2606 = VERTEX_POINT ( 'NONE', #245 ) ;
#2607 = PLANE ( 'NONE',  #865 ) ;
#2608 = CARTESIAN_POINT ( 'NONE',  ( 33.78218175866699369, 36.80420748824695920, 7.537156188171895366 ) ) ;
#2609 = DIRECTION ( 'NONE',  ( 1.000000000000000000, 0.000000000000000000, -0.000000000000000000 ) ) ;
#2610 = CARTESIAN_POINT ( 'NONE',  ( -42.72862242992086124, 2.242809118330171270, 7.266452992043932468 ) ) ;
#2611 = CARTESIAN_POINT ( 'NONE',  ( 33.98019955212699728, 7.249358620321206814, 5.886796564403914189 ) ) ;
#2612 = CARTESIAN_POINT ( 'NONE',  ( -42.48143524650446068, -19.26316404460726162, -4.034261475884341586 ) ) ;
#2613 = CARTESIAN_POINT ( 'NONE',  ( 32.83112880201868933, 6.284012132296886932, -8.021428571428570464 ) ) ;
#2614 = FACE_OUTER_BOUND ( 'NONE', #4521, .T. ) ;
#2615 = CARTESIAN_POINT ( 'NONE',  ( 34.58689410985729040, 25.02528002653422234, -4.923186939960173092 ) ) ;
#2616 = PLANE ( 'NONE',  #6399 ) ;
#2617 = VERTEX_POINT ( 'NONE', #6463 ) ;
#2618 = VECTOR ( 'NONE', #5330, 1000.000000000000000 ) ;
#2619 = ORIENTED_EDGE ( 'NONE', *, *, #5279, .T. ) ;
#2620 = CARTESIAN_POINT ( 'NONE',  ( -40.57111351542869926, -18.28840220170685527, -20.71584643663986114 ) ) ;
#2621 = EDGE_CURVE ( 'NONE', #473, #5194, #8344, .T. ) ;
#2622 = ORIENTED_EDGE ( 'NONE', *, *, #7463, .T. ) ;
#2623 = VERTEX_POINT ( 'NONE', #7027 ) ;
#2624 = AXIS2_PLACEMENT_3D ( 'NONE', #6471, #8269, #7634 ) ;
#2625 = EDGE_CURVE ( 'NONE', #5400, #7142, #4107, .T. ) ;
#2626 = FACE_OUTER_BOUND ( 'NONE', #147, .T. ) ;
#2627 = FACE_OUTER_BOUND ( 'NONE', #5739, .T. ) ;
#2628 = FACE_BOUND ( 'NONE', #2790, .T. ) ;
#2629 = EDGE_CURVE ( 'NONE', #4412, #3715, #4465, .T. ) ;
#2630 = CIRCLE ( 'NONE', #62, 2.099999999999996092 ) ;
#2631 =( BOUNDED_SURFACE ( )  B_SPLINE_SURFACE ( 3, 2, ( 
 ( #5963, #4819, #894 ),
 ( #2204, #4066, #7411 ),
 ( #212, #2752, #6003 ),
 ( #4191, #3462, #258 ),
 ( #6594, #6044, #5492 ),
 ( #2242, #2833, #1614 ),
 ( #2112, #2912, #4781 ),
 ( #1574, #6682, #3380 ),
 ( #6641, #172, #849 ),
 ( #5414, #5324, #7334 ) ),
 .UNSPECIFIED., .F., .F., .T. ) 
 B_SPLINE_SURFACE_WITH_KNOTS ( ( 4, 2, 2, 2, 4 ),
 ( 3, 3 ),
 ( 0.1213943583778178265, 0.1271262654635428591, 0.1285592422349741137, 0.1299922190064053962, 0.1328581725492679055 ),
 ( 0.000000000000000000, 1.000000000000000000 ),
 .UNSPECIFIED. ) 
 GEOMETRIC_REPRESENTATION_ITEM ( )  RATIONAL_B_SPLINE_SURFACE ( (
 ( 1.000000000000000000, 0.8944271909999177428, 1.000000000000000000),
 ( 1.000000000000000000, 0.8944225122558707719, 1.000000000000000000),
 ( 1.000000000000000000, 0.8938570179381649661, 1.000000000000000000),
 ( 1.000000000000000000, 0.8924326617849971388, 1.000000000000000000),
 ( 1.000000000000000000, 0.8921114901316514745, 1.000000000000000000),
 ( 1.000000000000000000, 0.8913936881908440801, 1.000000000000000000),
 ( 1.000000000000000000, 0.8909958416247136803, 1.000000000000000000),
 ( 1.000000000000000000, 0.8897019739022775653, 1.000000000000000000),
 ( 1.000000000000000000, 0.8887022215977873341, 1.000000000000000000),
 ( 1.000000000000000000, 0.8875621284095470687, 1.000000000000000000) ) ) 
 REPRESENTATION_ITEM ( '' )  SURFACE ( )  );
#2632 = FACE_OUTER_BOUND ( 'NONE', #5998, .T. ) ;
#2633 = ORIENTED_EDGE ( 'NONE', *, *, #80, .T. ) ;
#2634 = CARTESIAN_POINT ( 'NONE',  ( -44.00391513659091913, -19.97453660084128302, -22.15000000000000213 ) ) ;
#2635 = CARTESIAN_POINT ( 'NONE',  ( 25.45331195091475962, 8.141428719605420028, -14.42330871118498337 ) ) ;
#2636 = ORIENTED_EDGE ( 'NONE', *, *, #1945, .T. ) ;
#2637 = VERTEX_POINT ( 'NONE', #3813 ) ;
#2638 = CARTESIAN_POINT ( 'NONE',  ( 53.71604187505458583, 24.40529182978303169, -16.23035432845728465 ) ) ;
#2639 = DIRECTION ( 'NONE',  ( 0.000000000000000000, 0.000000000000000000, -1.000000000000000000 ) ) ;
#2640 = CARTESIAN_POINT ( 'NONE',  ( -27.09780321164975803, -15.06228789351374786, 0.7135060320356541030 ) ) ;
#2641 = ORIENTED_EDGE ( 'NONE', *, *, #2856, .F. ) ;
#2642 = CARTESIAN_POINT ( 'NONE',  ( 53.69355357789839189, 24.45593543838625550, -21.67929094319402950 ) ) ;
#2643 = EDGE_CURVE ( 'NONE', #7795, #8312, #2718, .T. ) ;
#2644 = DIRECTION ( 'NONE',  ( -0.4058374489395082940, 0.9139452746408134320, 0.000000000000000000 ) ) ;
#2645 = CARTESIAN_POINT ( 'NONE',  ( 33.91214110249638480, 33.29577962152241355, 6.628595580677766996 ) ) ;
#2646 = VERTEX_POINT ( 'NONE', #6037 ) ;
#2647 = CARTESIAN_POINT ( 'NONE',  ( 37.34498094767393894, 38.28574021215738554, 3.530088410306435165 ) ) ;
#2648 = CARTESIAN_POINT ( 'NONE',  ( 33.86325837121805904, 36.49100859103230476, 7.622384956027236314 ) ) ;
#2649 = LINE ( 'NONE', #8362, #638 ) ;
#2650 = EDGE_CURVE ( 'NONE', #7199, #3158, #6765, .T. ) ;
#2651 = CARTESIAN_POINT ( 'NONE',  ( -10.47380404903821649, -4.892997066247143145, 14.45000000000000107 ) ) ;
#2652 = CARTESIAN_POINT ( 'NONE',  ( 48.02431436529233366, 21.20678823850119343, -21.09685713910378269 ) ) ;
#2653 = B_SPLINE_CURVE_WITH_KNOTS ( 'NONE', 3,
 ( #2356, #5691, #7517, #4928, #8198, #1722, #4292, #6873, #1092, #3660 ),
 .UNSPECIFIED., .F., .F.,
 ( 4, 2, 2, 2, 4 ),
 ( 0.000000000000000000, 0.2500000000000000000, 0.5000000000000000000, 0.7500000000000000000, 1.000000000000000000 ),
 .UNSPECIFIED. ) ;
#2654 = EDGE_CURVE ( 'NONE', #500, #4551, #4090, .T. ) ;
#2655 = CARTESIAN_POINT ( 'NONE',  ( -44.75646910089502484, 1.828586850279917631, 5.152885616723252404 ) ) ;
#2656 = ADVANCED_FACE ( 'NONE', ( #6673 ), #7325, .T. ) ;
#2657 = CARTESIAN_POINT ( 'NONE',  ( -54.66275991370740428, -2.570302124236191865, -3.097864185164248330 ) ) ;
#2658 = ADVANCED_FACE ( 'NONE', ( #5832 ), #16, .F. ) ;
#2659 = CARTESIAN_POINT ( 'NONE',  ( -5.652632605177709380, 13.38458374406212670, -6.281814626196215556 ) ) ;
#2661 = AXIS2_PLACEMENT_3D ( 'NONE', #6866, #3739, #3651 ) ;
#2660 = CARTESIAN_POINT ( 'NONE',  ( 35.74885467916148940, 23.28112113697905272, -0.7974996673934352520 ) ) ;
#2662 = CARTESIAN_POINT ( 'NONE',  ( -0.4395012882360722628, -1.451996168444437352, 18.09999999999999787 ) ) ;
#2663 = VERTEX_POINT ( 'NONE', #1527 ) ;
#2664 = B_SPLINE_SURFACE_WITH_KNOTS ( 'NONE', 3, 1, ( 
 ( #1420, #2003 ),
 ( #2601, #6482 ),
 ( #5849, #5933 ),
 ( #5889, #4573 ),
 ( #5166, #143 ),
 ( #3269, #101 ),
 ( #7761, #4618 ),
 ( #3992, #61 ),
 ( #2642, #1966 ),
 ( #7173, #4533 ),
 ( #7802, #2683 ),
 ( #2728, #7888 ),
 ( #2086, #732 ),
 ( #7124, #1333 ),
 ( #4659, #7252 ),
 ( #1378, #5335 ) ),
 .UNSPECIFIED., .F., .F., .F.,
 ( 4, 2, 2, 2, 2, 2, 2, 4 ),
 ( 2, 2 ),
 ( 0.000000000000000000, 0.1249999999999992228, 0.2499999999999984457, 0.4999999999999977796, 0.6249999999999983347, 0.7499999999999988898, 0.8749999999999994449, 1.000000000000000000 ),
 ( 0.000000000000000000, 1.000000000000000000 ),
 .UNSPECIFIED. ) ;
#2665 = ORIENTED_EDGE ( 'NONE', *, *, #4247, .T. ) ;
#2666 = CARTESIAN_POINT ( 'NONE',  ( 30.32700005846794511, 3.781549690352192350, 20.10000000000000142 ) ) ;
#2667 = VERTEX_POINT ( 'NONE', #4099 ) ;
#2668 = VERTEX_POINT ( 'NONE', #4518 ) ;
#2669 = CARTESIAN_POINT ( 'NONE',  ( -25.97550218603879202, 23.54230659235769707, 20.10000000000000142 ) ) ;
#2670 = EDGE_CURVE ( 'NONE', #6086, #1825, #6385, .T. ) ;
#2671 = ORIENTED_EDGE ( 'NONE', *, *, #4868, .T. ) ;
#2672 = DIRECTION ( 'NONE',  ( 1.000000000000000000, 0.000000000000000000, -0.000000000000000000 ) ) ;
#2673 = CARTESIAN_POINT ( 'NONE',  ( 50.97501735223683994, 30.57807459502652847, -5.147560080066601707 ) ) ;
#2674 = ORIENTED_EDGE ( 'NONE', *, *, #5560, .F. ) ;
#2675 = VECTOR ( 'NONE', #7649, 1000.000000000000000 ) ;
#2676 = ORIENTED_EDGE ( 'NONE', *, *, #7263, .T. ) ;
#2677 = DIRECTION ( 'NONE',  ( -0.000000000000000000, -0.000000000000000000, -1.000000000000000000 ) ) ;
#2678 = B_SPLINE_CURVE_WITH_KNOTS ( 'NONE', 3,
 ( #4671, #2655, #32, #3280, #5217, #2014, #4587, #1429 ),
 .UNSPECIFIED., .F., .F.,
 ( 4, 2, 2, 4 ),
 ( 1.788112030672749005E-18, 0.006649449922896609813, 0.009974174884344920791, 0.01329889984579323003 ),
 .UNSPECIFIED. ) ;
#2679 = CARTESIAN_POINT ( 'NONE',  ( 34.58689410985728330, 25.02528002653421879, -4.154549302121753662 ) ) ;
#2680 = CARTESIAN_POINT ( 'NONE',  ( -18.06950128823605439, 0.1380038315555598971, 12.49999999999999822 ) ) ;
#2681 = CARTESIAN_POINT ( 'NONE',  ( 23.40205103100204553, 32.09438142391053361, -11.79316348048145358 ) ) ;
#2682 = ORIENTED_EDGE ( 'NONE', *, *, #7512, .F. ) ;
#2683 = CARTESIAN_POINT ( 'NONE',  ( 50.80885326287335602, 23.56015369306442508, -21.91692808353571209 ) ) ;
#2684 = CARTESIAN_POINT ( 'NONE',  ( 28.63629330679349394, 30.49721774628801896, -8.613734420395745772 ) ) ;
#2685 = CARTESIAN_POINT ( 'NONE',  ( 43.70394431632174559, 39.56039707972737318, -2.675592887094393024 ) ) ;
#2686 = B_SPLINE_CURVE_WITH_KNOTS ( 'NONE', 3,
 ( #4421, #5210, #5809, #23 ),
 .UNSPECIFIED., .F., .F.,
 ( 4, 4 ),
 ( 1.084202172485504434E-19, 0.0005218811205463774316 ),
 .UNSPECIFIED. ) ;
#2687 = EDGE_LOOP ( 'NONE', ( #2433, #3302 ) ) ;
#2688 = CARTESIAN_POINT ( 'NONE',  ( 45.62051489688336403, 23.59124014219495180, -5.328613699660340153 ) ) ;
#2689 = CARTESIAN_POINT ( 'NONE',  ( 34.58689410985728330, 25.02528002653421879, -4.154549302121753662 ) ) ;
#2690 = DIRECTION ( 'NONE',  ( -0.000000000000000000, -0.000000000000000000, 1.000000000000000000 ) ) ;
#2691 = CARTESIAN_POINT ( 'NONE',  ( -43.34018697016851007, 2.460498277330251948, 6.735614510484126072 ) ) ;
#2692 = VECTOR ( 'NONE', #8241, 1000.000000000000000 ) ;
#2693 = CARTESIAN_POINT ( 'NONE',  ( 34.61071693960704465, 10.73805466931898067, 8.798746112627839011 ) ) ;
#2694 = CARTESIAN_POINT ( 'NONE',  ( -47.77333932537931815, -21.61303433882114788, -9.798281837808421102 ) ) ;
#2695 = ADVANCED_FACE ( 'NONE', ( #2627 ), #8381, .F. ) ;
#2696 = B_SPLINE_CURVE_WITH_KNOTS ( 'NONE', 3,
 ( #4259, #2825, #5482, #1009 ),
 .UNSPECIFIED., .F., .F.,
 ( 4, 4 ),
 ( 0.001111230971889151783, 0.001162029809042616291 ),
 .UNSPECIFIED. ) ;
#2697 = CARTESIAN_POINT ( 'NONE',  ( -47.86846912815974520, -17.87103391775612948, -10.06459383811364461 ) ) ;
#2698 = LINE ( 'NONE', #6410, #3549 ) ;
#2699 = CARTESIAN_POINT ( 'NONE',  ( -11.56950128823606505, 15.63800383155555096, 14.49999999999999822 ) ) ;
#2700 = CIRCLE ( 'NONE', #939, 1.050000000000002265 ) ;
#2701 = VECTOR ( 'NONE', #6753, 1000.000000000000000 ) ;
#2702 = CARTESIAN_POINT ( 'NONE',  ( 37.31357485840549515, 14.14219423987358581, -4.795981348874017058 ) ) ;
#2703 = VERTEX_POINT ( 'NONE', #7789 ) ;
#2704 = DIRECTION ( 'NONE',  ( 0.000000000000000000, 0.000000000000000000, -1.000000000000000000 ) ) ;
#2705 = VERTEX_POINT ( 'NONE', #4557 ) ;
#2706 = DIRECTION ( 'NONE',  ( -1.000000000000000000, 0.000000000000000000, 0.000000000000000000 ) ) ;
#2707 = VECTOR ( 'NONE', #5349, 1000.000000000000227 ) ;
#2708 = VECTOR ( 'NONE', #2296, 1000.000000000000000 ) ;
#2709 = AXIS2_PLACEMENT_3D ( 'NONE', #4314, #4904, #1831 ) ;
#2710 = ORIENTED_EDGE ( 'NONE', *, *, #1521, .T. ) ;
#2711 = CARTESIAN_POINT ( 'NONE',  ( 11.43049871176418186, 0.1380038315555598971, 12.49999999999999822 ) ) ;
#2712 = ORIENTED_EDGE ( 'NONE', *, *, #1050, .T. ) ;
#2713 = ADVANCED_FACE ( 'NONE', ( #7154 ), #7706, .F. ) ;
#2714 = CARTESIAN_POINT ( 'NONE',  ( 35.66967915879077822, 23.26219516234990081, -4.914214297436441115 ) ) ;
#2715 = CIRCLE ( 'NONE', #6484, 1.750000000000001554 ) ;
#2716 = DIRECTION ( 'NONE',  ( -0.9139452746408267547, -0.4058374489394785400, -7.381469661313487168E-14 ) ) ;
#2717 = ORIENTED_EDGE ( 'NONE', *, *, #318, .F. ) ;
#2718 = CIRCLE ( 'NONE', #7327, 1.574999999999999956 ) ;
#2719 = CARTESIAN_POINT ( 'NONE',  ( -43.34816095966831995, -19.47292243167061088, -19.93663851233967677 ) ) ;
#2720 = CARTESIAN_POINT ( 'NONE',  ( 53.46353432166846176, 24.97393842913507100, -14.39442688609124232 ) ) ;
#2721 = ORIENTED_EDGE ( 'NONE', *, *, #4821, .T. ) ;
#2722 = CARTESIAN_POINT ( 'NONE',  ( -11.66950128823607002, -12.94853146043112702, 16.60000000000000497 ) ) ;
#2723 = PLANE ( 'NONE',  #4184 ) ;
#2724 = LINE ( 'NONE', #1962, #1580 ) ;
#2725 = CARTESIAN_POINT ( 'NONE',  ( -23.05274016930253111, -16.07079458676295047, 5.116692474276109515 ) ) ;
#2726 = VERTEX_POINT ( 'NONE', #1359 ) ;
#2727 = AXIS2_PLACEMENT_3D ( 'NONE', #1229, #705, #8368 ) ;
#2728 = CARTESIAN_POINT ( 'NONE',  ( 53.44546272378898522, 25.01463563815197233, -22.03231568273206165 ) ) ;
#2729 = CARTESIAN_POINT ( 'NONE',  ( -42.22019336085499219, 2.954820230664176428, 7.970196636405506574 ) ) ;
#2730 = DIRECTION ( 'NONE',  ( -0.9139452746408239792, -0.4058374489394843687, 0.000000000000000000 ) ) ;
#2731 = VERTEX_POINT ( 'NONE', #6511 ) ;
#2732 = CARTESIAN_POINT ( 'NONE',  ( 43.88418146518258567, 20.03587647625973034, -8.601391868508045491 ) ) ;
#2733 = CARTESIAN_POINT ( 'NONE',  ( 43.58311305207159592, 31.20836636923688445, -14.70000000000000284 ) ) ;
#2734 = DIRECTION ( 'NONE',  ( 0.000000000000000000, 0.000000000000000000, -1.000000000000000000 ) ) ;
#2735 = LINE ( 'NONE', #5814, #1477 ) ;
#2736 = CARTESIAN_POINT ( 'NONE',  ( 34.10507885336463119, 7.807377408395151264, 6.502957568209974504 ) ) ;
#2737 = LINE ( 'NONE', #4801, #1227 ) ;
#2738 = CARTESIAN_POINT ( 'NONE',  ( -18.42235263888314378, 47.39760212532419814, 15.59999999999999964 ) ) ;
#2739 = DIRECTION ( 'NONE',  ( -0.000000000000000000, -0.000000000000000000, 1.000000000000000000 ) ) ;
#2740 = DIRECTION ( 'NONE',  ( 0.000000000000000000, 0.000000000000000000, 1.000000000000000000 ) ) ;
#2741 = CARTESIAN_POINT ( 'NONE',  ( 37.23403953504683273, 14.01552954675453222, -4.261784345941542540 ) ) ;
#2742 = ORIENTED_EDGE ( 'NONE', *, *, #5224, .F. ) ;
#2743 = FACE_OUTER_BOUND ( 'NONE', #90, .T. ) ;
#2744 = VERTEX_POINT ( 'NONE', #5994 ) ;
#2745 = CARTESIAN_POINT ( 'NONE',  ( -41.94203142738993506, -18.89715837511608143, -20.71584643663986114 ) ) ;
#2746 = VECTOR ( 'NONE', #7356, 1000.000000000000000 ) ;
#2747 = CARTESIAN_POINT ( 'NONE',  ( -2.569501288236065495, 15.63800383155555096, 12.49999999999999822 ) ) ;
#2748 = ORIENTED_EDGE ( 'NONE', *, *, #3687, .F. ) ;
#2749 = ORIENTED_EDGE ( 'NONE', *, *, #8015, .F. ) ;
#2750 = ADVANCED_FACE ( 'NONE', ( #206 ), #2785, .F. ) ;
#2751 = ADVANCED_FACE ( 'NONE', ( #8042 ), #1047, .T. ) ;
#2752 = CARTESIAN_POINT ( 'NONE',  ( 35.71638524269884840, 15.46058239900096076, -6.073342700143634865 ) ) ;
#2753 = AXIS2_PLACEMENT_3D ( 'NONE', #7358, #1520, #4094 ) ;
#2754 = EDGE_CURVE ( 'NONE', #2580, #1633, #2696, .T. ) ;
#2755 = VERTEX_POINT ( 'NONE', #6079 ) ;
#2756 = FACE_OUTER_BOUND ( 'NONE', #2687, .T. ) ;
#2757 = EDGE_CURVE ( 'NONE', #907, #5873, #3521, .T. ) ;
#2758 = CARTESIAN_POINT ( 'NONE',  ( 53.87816127672928701, 24.04019920101178798, -18.00533868178988328 ) ) ;
#2759 = ORIENTED_EDGE ( 'NONE', *, *, #3165, .F. ) ;
#2760 = LINE ( 'NONE', #2839, #4779 ) ;
#2761 = LINE ( 'NONE', #2841, #4575 ) ;
#2762 = AXIS2_PLACEMENT_3D ( 'NONE', #7583, #3325, #5822 ) ;
#2763 = CARTESIAN_POINT ( 'NONE',  ( -40.54095970802679005, -18.35630852691025794, -20.04512421095780184 ) ) ;
#2764 = CARTESIAN_POINT ( 'NONE',  ( 49.08992314463565521, 22.50310008177280352, -21.86914278315574833 ) ) ;
#2765 = VERTEX_POINT ( 'NONE', #4180 ) ;
#2766 = DIRECTION ( 'NONE',  ( -0.000000000000000000, -1.000000000000000000, -0.000000000000000000 ) ) ;
#2767 = CARTESIAN_POINT ( 'NONE',  ( -2.569501288236065495, 15.63800383155555096, 12.49999999999999822 ) ) ;
#2768 = DIRECTION ( 'NONE',  ( 1.000000000000000000, 0.000000000000000000, 0.000000000000000000 ) ) ;
#2769 = ORIENTED_EDGE ( 'NONE', *, *, #6486, .T. ) ;
#2770 = ORIENTED_EDGE ( 'NONE', *, *, #3864, .T. ) ;
#2771 = CARTESIAN_POINT ( 'NONE',  ( 34.72839117100477324, 36.41283174857335325, 6.906601717797463458 ) ) ;
#2772 = CARTESIAN_POINT ( 'NONE',  ( -44.62940268341836969, -17.77328411993173773, -22.15000000000000213 ) ) ;
#2773 = LINE ( 'NONE', #2135, #1707 ) ;
#2774 = DIRECTION ( 'NONE',  ( -0.9139452746408239792, -0.4058374489394844797, 8.326672684688671588E-17 ) ) ;
#2775 = DIRECTION ( 'NONE',  ( 0.000000000000000000, 0.000000000000000000, 1.000000000000000000 ) ) ;
#2776 = CARTESIAN_POINT ( 'NONE',  ( -0.06139318012796318724, 8.835659109473141370, 11.09999999999999787 ) ) ;
#2777 = CARTESIAN_POINT ( 'NONE',  ( 46.73756900777976853, 40.12080137164902283, -2.511903653822804561 ) ) ;
#2778 = CARTESIAN_POINT ( 'NONE',  ( -43.33156520472385154, -4.985162341292525667, 3.919630135262750947 ) ) ;
#2779 = LINE ( 'NONE', #4047, #1627 ) ;
#2780 = CARTESIAN_POINT ( 'NONE',  ( -23.52904232680673502, -15.89590851574214092, 4.768199937032026270 ) ) ;
#2781 = EDGE_LOOP ( 'NONE', ( #240, #767 ) ) ;
#2782 = CARTESIAN_POINT ( 'NONE',  ( 40.43829302653121260, 17.55734580737372497, -14.69999999999995310 ) ) ;
#2783 = ORIENTED_EDGE ( 'NONE', *, *, #3466, .T. ) ;
#2784 = CARTESIAN_POINT ( 'NONE',  ( -41.91187761998802586, -18.96506470031948410, -20.04512421095780184 ) ) ;
#2785 = CYLINDRICAL_SURFACE ( 'NONE', #4336, 1.125000000000000888 ) ;
#2786 = FACE_BOUND ( 'NONE', #6587, .T. ) ;
#2787 = LINE ( 'NONE', #887, #7029 ) ;
#2788 = CARTESIAN_POINT ( 'NONE',  ( 37.83639329594304002, 23.78012263028893969, 6.315218993979762274 ) ) ;
#2789 = ORIENTED_EDGE ( 'NONE', *, *, #789, .F. ) ;
#2790 = EDGE_LOOP ( 'NONE', ( #4728, #1238 ) ) ;
#2791 = DIRECTION ( 'NONE',  ( 1.000000000000000000, 0.000000000000000000, 0.000000000000000000 ) ) ;
#2792 = ADVANCED_FACE ( 'NONE', ( #2196, #6202, #4298 ), #4893, .F. ) ;
#2793 = VERTEX_POINT ( 'NONE', #2233 ) ;
#2794 = DIRECTION ( 'NONE',  ( 0.000000000000000000, 0.000000000000000000, -1.000000000000000000 ) ) ;
#2795 = CARTESIAN_POINT ( 'NONE',  ( 52.73785393301508861, 26.60816948356864486, -10.36060386943387712 ) ) ;
#2796 = ORIENTED_EDGE ( 'NONE', *, *, #607, .F. ) ;
#2797 = DIRECTION ( 'NONE',  ( -1.000000000000000000, -1.084202172485504434E-16, 0.000000000000000000 ) ) ;
#2798 = CARTESIAN_POINT ( 'NONE',  ( -41.67575888588034161, -5.020321194102308482, 5.373182724161432944 ) ) ;
#2799 = CARTESIAN_POINT ( 'NONE',  ( -24.63969328031589257, -15.43324888528031025, 11.58735936913815934 ) ) ;
#2800 = ORIENTED_EDGE ( 'NONE', *, *, #6777, .F. ) ;
#2801 = EDGE_CURVE ( 'NONE', #2637, #6179, #966, .T. ) ;
#2802 = AXIS2_PLACEMENT_3D ( 'NONE', #1930, #3227, #7769 ) ;
#2803 = CARTESIAN_POINT ( 'NONE',  ( 48.54031171348350426, 28.66890557096316883, -5.754329382450517727 ) ) ;
#2804 = ADVANCED_FACE ( 'NONE', ( #2904 ), #297, .F. ) ;
#2805 = DIRECTION ( 'NONE',  ( 0.9139452746408240902, 0.4058374489394845908, 0.000000000000000000 ) ) ;
#2806 = EDGE_LOOP ( 'NONE', ( #8211, #5108, #7021, #6836, #1705, #7918, #7076, #6084, #697, #1996, #4818, #5587, #7210, #5658, #5617, #4309, #5869, #1918, #4123 ) ) ;
#2807 = ORIENTED_EDGE ( 'NONE', *, *, #1381, .T. ) ;
#2808 = CARTESIAN_POINT ( 'NONE',  ( 33.42073655997054971, 36.54770813241732696, 7.976533609994252316 ) ) ;
#2809 = CARTESIAN_POINT ( 'NONE',  ( 33.29696213019947493, 23.25028029122081819, -4.988586274307625246 ) ) ;
#2810 = AXIS2_PLACEMENT_3D ( 'NONE', #4031, #5246, #7845 ) ;
#2811 = CARTESIAN_POINT ( 'NONE',  ( -44.59137699326845450, -17.85891791227474457, -12.68783868662447212 ) ) ;
#2812 = CYLINDRICAL_SURFACE ( 'NONE', #7560, 17.00000000000000711 ) ;
#2813 = DIRECTION ( 'NONE',  ( -0.000000000000000000, -0.000000000000000000, 1.000000000000000000 ) ) ;
#2814 = AXIS2_PLACEMENT_3D ( 'NONE', #3860, #3174, #5681 ) ;
#2815 = DIRECTION ( 'NONE',  ( 0.4058374489394844242, -0.9139452746408239792, 0.000000000000000000 ) ) ;
#2816 = LINE ( 'NONE', #2185, #4462 ) ;
#2817 = FACE_OUTER_BOUND ( 'NONE', #6377, .T. ) ;
#2818 = CARTESIAN_POINT ( 'NONE',  ( 7.560498711763927737, -1.451996168444436464, 18.09999999999999787 ) ) ;
#2819 = CARTESIAN_POINT ( 'NONE',  ( -14.42595542943953291, -15.15849751514841337, 15.09999999999999964 ) ) ;
#2820 = ORIENTED_EDGE ( 'NONE', *, *, #6597, .T. ) ;
#2821 = AXIS2_PLACEMENT_3D ( 'NONE', #7183, #1387, #1973 ) ;
#2822 = CARTESIAN_POINT ( 'NONE',  ( 33.42865374392756195, 36.54669490421444777, 7.970196636405415092 ) ) ;
#2823 = VERTEX_POINT ( 'NONE', #1567 ) ;
#2824 = CARTESIAN_POINT ( 'NONE',  ( -33.44205603334886234, -15.24922721309908624, -14.70000000000002593 ) ) ;
#2825 = CARTESIAN_POINT ( 'NONE',  ( 35.66285018265829621, 23.27768968323522358, -4.914312138081847081 ) ) ;
#2826 = CARTESIAN_POINT ( 'NONE',  ( -41.92812565359704280, -18.92847415507044673, -20.58272969854866119 ) ) ;
#2827 = CARTESIAN_POINT ( 'NONE',  ( -5.208169604424377930, 21.78802131406087739, 23.50000000000000000 ) ) ;
#2828 = VECTOR ( 'NONE', #7680, 1000.000000000000000 ) ;
#2829 = FACE_OUTER_BOUND ( 'NONE', #7696, .T. ) ;
#2830 = VERTEX_POINT ( 'NONE', #4932 ) ;
#2831 = ORIENTED_EDGE ( 'NONE', *, *, #5947, .T. ) ;
#2832 = VECTOR ( 'NONE', #8216, 1000.000000000000000 ) ;
#2833 = CARTESIAN_POINT ( 'NONE',  ( 35.02355465864151540, 15.15293094045140343, -8.338506838566424051 ) ) ;
#2834 = EDGE_LOOP ( 'NONE', ( #6270, #4413 ) ) ;
#2835 = CIRCLE ( 'NONE', #4564, 9.000000000000000000 ) ;
#2836 = CARTESIAN_POINT ( 'NONE',  ( 30.84151206750834007, 12.94883276872296562, 16.08619718673295296 ) ) ;
#2837 = CARTESIAN_POINT ( 'NONE',  ( 33.42865374392756195, 36.54669490421444777, 7.970196636405415092 ) ) ;
#2838 = ORIENTED_EDGE ( 'NONE', *, *, #7770, .T. ) ;
#2839 = CARTESIAN_POINT ( 'NONE',  ( -11.66950128823607002, -2.305950852478507507, 14.45000000000000107 ) ) ;
#2840 = CIRCLE ( 'NONE', #7580, 1.125000000000000888 ) ;
#2841 = CARTESIAN_POINT ( 'NONE',  ( 29.74241460900789846, 27.25071830426368535, -10.00000000000000178 ) ) ;
#2842 = CARTESIAN_POINT ( 'NONE',  ( 15.08649960956662639, 7.733701070753433271, 15.99999999999999645 ) ) ;
#2843 = CARTESIAN_POINT ( 'NONE',  ( -22.29355310578316818, -16.34848785623346856, 12.04168801648001796 ) ) ;
#2844 = VERTEX_POINT ( 'NONE', #1606 ) ;
#2845 = AXIS2_PLACEMENT_3D ( 'NONE', #4562, #5922, #4691 ) ;
#2846 = LINE ( 'NONE', #4832, #2033 ) ;
#2847 = CARTESIAN_POINT ( 'NONE',  ( 7.560498711763927737, -1.451996168444436464, 20.10000000000000142 ) ) ;
#2848 = EDGE_LOOP ( 'NONE', ( #5189, #911 ) ) ;
#2849 = ORIENTED_EDGE ( 'NONE', *, *, #7518, .T. ) ;
#2850 = DIRECTION ( 'NONE',  ( -0.000000000000000000, 0.000000000000000000, 1.000000000000000000 ) ) ;
#2851 = DIRECTION ( 'NONE',  ( 1.000000000000000000, 0.000000000000000000, 0.000000000000000000 ) ) ;
#2852 = CARTESIAN_POINT ( 'NONE',  ( -16.56950128823605439, 0.1380038315555600914, 12.49999999999999822 ) ) ;
#2853 = CARTESIAN_POINT ( 'NONE',  ( 32.99461796210732700, 22.62275332347342527, -5.002747934976703448 ) ) ;
#2854 = EDGE_CURVE ( 'NONE', #2257, #7301, #2318, .T. ) ;
#2855 = DIRECTION ( 'NONE',  ( 0.000000000000000000, 0.000000000000000000, -1.000000000000000000 ) ) ;
#2856 = EDGE_CURVE ( 'NONE', #5502, #4193, #3543, .T. ) ;
#2857 = DIRECTION ( 'NONE',  ( -0.4058374489394846463, 0.9139452746408242012, 0.000000000000000000 ) ) ;
#2858 = CARTESIAN_POINT ( 'NONE',  ( 40.40028742351054092, 17.34171384551677875, -10.21112800142909194 ) ) ;
#2859 = CIRCLE ( 'NONE', #4472, 1.499999999999742872 ) ;
#2860 = CARTESIAN_POINT ( 'NONE',  ( -10.02082207520243173, 20.68555953008160841, 14.49999999999999822 ) ) ;
#2861 = CARTESIAN_POINT ( 'NONE',  ( 28.82083754317723034, 34.50059386952236906, 5.499999999999999112 ) ) ;
#2862 = CARTESIAN_POINT ( 'NONE',  ( -52.17934553282628229, -8.162947269026442854, -2.419953286813272264 ) ) ;
#2863 = ORIENTED_EDGE ( 'NONE', *, *, #1626, .F. ) ;
#2864 = CARTESIAN_POINT ( 'NONE',  ( -51.58478271671601334, -9.501901763435503412, -2.675592887094626171 ) ) ;
#2865 = CARTESIAN_POINT ( 'NONE',  ( 47.26776191625446444, 20.95960388951445097, -14.70000000000000639 ) ) ;
#2866 = LINE ( 'NONE', #5483, #5128 ) ;
#2867 = ORIENTED_EDGE ( 'NONE', *, *, #6268, .T. ) ;
#2868 = CARTESIAN_POINT ( 'NONE',  ( 38.19256262825157933, 36.26117000440388694, 3.919630135262754500 ) ) ;
#2869 = ORIENTED_EDGE ( 'NONE', *, *, #7010, .F. ) ;
#2870 = ADVANCED_FACE ( 'NONE', ( #2323 ), #6159, .T. ) ;
#2871 = ORIENTED_EDGE ( 'NONE', *, *, #7149, .T. ) ;
#2872 = TOROIDAL_SURFACE ( 'NONE', #7878, -5958.381907369777764, 8507.626810897731048 ) ;
#2873 = CARTESIAN_POINT ( 'NONE',  ( -29.20360929271093298, 2.656297094703238493, -14.70000000000000462 ) ) ;
#2874 = VERTEX_POINT ( 'NONE', #6119 ) ;
#2875 = CARTESIAN_POINT ( 'NONE',  ( 34.05266545385284616, 22.83033886743459462, 12.28428879822124742 ) ) ;
#2876 = CARTESIAN_POINT ( 'NONE',  ( -32.83399970630370035, -14.97921976798537358, -14.69999999999993889 ) ) ;
#2877 = VERTEX_POINT ( 'NONE', #6838 ) ;
#2878 = ADVANCED_FACE ( 'NONE', ( #1727 ), #5404, .T. ) ;
#2879 = CARTESIAN_POINT ( 'NONE',  ( 39.23836468622631202, 17.88392023405030784, 2.265527312209827837 ) ) ;
#2880 = CARTESIAN_POINT ( 'NONE',  ( -24.77683118513851923, -14.60490473212289508, 9.477922944240470216 ) ) ;
#2881 = CARTESIAN_POINT ( 'NONE',  ( 49.04212394118088980, 22.61074381017499846, -21.93440356030907523 ) ) ;
#2882 = ORIENTED_EDGE ( 'NONE', *, *, #7045, .F. ) ;
#2883 = B_SPLINE_CURVE_WITH_KNOTS ( 'NONE', 3,
 ( #8328, #1265, #7564, #6407 ),
 .UNSPECIFIED., .F., .F.,
 ( 4, 4 ),
 ( 0.000000000000000000, 1.000000000000000000 ),
 .UNSPECIFIED. ) ;
#2884 = CIRCLE ( 'NONE', #6126, 2.100000000000004530 ) ;
#2885 = CARTESIAN_POINT ( 'NONE',  ( -26.47883966963879487, 5.021060822191300232, -14.70000000000000284 ) ) ;
#2886 = DIRECTION ( 'NONE',  ( -1.084202172485504434E-16, 1.000000000000000000, 0.000000000000000000 ) ) ;
#2887 = ORIENTED_EDGE ( 'NONE', *, *, #4679, .T. ) ;
#2888 = AXIS2_PLACEMENT_3D ( 'NONE', #7397, #3538, #6115 ) ;
#2889 = ORIENTED_EDGE ( 'NONE', *, *, #4227, .T. ) ;
#2890 = DIRECTION ( 'NONE',  ( 1.000000000000000000, 0.000000000000000000, 0.000000000000000000 ) ) ;
#2891 = PLANE ( 'NONE',  #7811 ) ;
#2892 = CARTESIAN_POINT ( 'NONE',  ( 40.51189086920484073, 5.637444899023548395, -5.175980714260913551 ) ) ;
#2893 = CARTESIAN_POINT ( 'NONE',  ( -41.35272403067966707, -16.52821659318327718, -22.15000000000000213 ) ) ;
#2894 = FACE_OUTER_BOUND ( 'NONE', #2993, .T. ) ;
#2895 = CARTESIAN_POINT ( 'NONE',  ( -51.21885734837206883, -10.32596509752911906, -2.880871599354510426 ) ) ;
#2896 = CARTESIAN_POINT ( 'NONE',  ( -49.73753745010102989, -6.269772937221060438, -2.407444835499586322 ) ) ;
#2897 = CARTESIAN_POINT ( 'NONE',  ( -36.19105667116313896, 18.39201722113755721, -14.70000000000000284 ) ) ;
#2898 = CARTESIAN_POINT ( 'NONE',  ( -26.42669516650564887, -15.15762770916417956, 1.634404498565189323 ) ) ;
#2899 = EDGE_CURVE ( 'NONE', #3460, #1590, #6712, .T. ) ;
#2900 = CARTESIAN_POINT ( 'NONE',  ( 23.95146937257255360, 9.926414443059700332, -14.70000000002044871 ) ) ;
#2901 = EDGE_CURVE ( 'NONE', #6314, #8184, #4494, .T. ) ;
#2902 = ORIENTED_EDGE ( 'NONE', *, *, #6373, .T. ) ;
#2903 = CARTESIAN_POINT ( 'NONE',  ( -34.72236670160302907, -15.81774923500950791, -11.66107907483994310 ) ) ;
#2904 = FACE_OUTER_BOUND ( 'NONE', #8014, .T. ) ;
#2905 = EDGE_CURVE ( 'NONE', #6255, #4769, #5609, .T. ) ;
#2906 = CARTESIAN_POINT ( 'NONE',  ( 39.68303607060097704, 33.90068903383242116, -22.15000000000000213 ) ) ;
#2907 = CARTESIAN_POINT ( 'NONE',  ( 43.00074025762722840, 40.79718044151821488, -2.957127002701203544 ) ) ;
#2908 = ADVANCED_FACE ( 'NONE', ( #7008, #539 ), #5694, .T. ) ;
#2909 = CARTESIAN_POINT ( 'NONE',  ( 44.39424747628451939, 20.82793997661062591, 3.585002623458268811 ) ) ;
#2910 = EDGE_LOOP ( 'NONE', ( #4950, #3732 ) ) ;
#2911 = ORIENTED_EDGE ( 'NONE', *, *, #4744, .F. ) ;
#2912 = CARTESIAN_POINT ( 'NONE',  ( 34.91273122442827059, 15.10371978845916630, -8.617120465654668493 ) ) ;
#2913 = ORIENTED_EDGE ( 'NONE', *, *, #901, .F. ) ;
#2914 = CIRCLE ( 'NONE', #2244, 1.125000000000000888 ) ;
#2915 = CARTESIAN_POINT ( 'NONE',  ( 34.61305954222525827, 9.369648992362108686, 5.245809049172503791 ) ) ;
#2916 = CARTESIAN_POINT ( 'NONE',  ( -24.10702130925512421, -12.57223172264491495, -11.03250072227767831 ) ) ;
#2917 = VERTEX_POINT ( 'NONE', #1854 ) ;
#2918 = CARTESIAN_POINT ( 'NONE',  ( -2.569501288236065495, 15.63800383155555096, -12.50000000000000178 ) ) ;
#2919 = CARTESIAN_POINT ( 'NONE',  ( -28.96217680049057464, -11.01122688519902404, 11.44427197157451026 ) ) ;
#2920 = CARTESIAN_POINT ( 'NONE',  ( -0.7399887099005016955, 21.37410736319722560, 12.49999999999999822 ) ) ;
#2921 = ORIENTED_EDGE ( 'NONE', *, *, #3676, .F. ) ;
#2922 = CARTESIAN_POINT ( 'NONE',  ( 51.13856137684281578, 22.81765155689991431, -18.04912948750101620 ) ) ;
#2923 = CARTESIAN_POINT ( 'NONE',  ( 7.560498711763927737, -1.451996168444436464, 18.09999999999999787 ) ) ;
#2924 = EDGE_LOOP ( 'NONE', ( #6802, #3391, #2867, #8093 ) ) ;
#2925 = ADVANCED_FACE ( 'NONE', ( #7563 ), #7093, .T. ) ;
#2926 = VERTEX_POINT ( 'NONE', #8202 ) ;
#2927 = DIRECTION ( 'NONE',  ( -0.000000000000000000, -0.000000000000000000, 1.000000000000000000 ) ) ;
#2928 = DIRECTION ( 'NONE',  ( 0.000000000000000000, 0.000000000000000000, 1.000000000000000000 ) ) ;
#2929 = CARTESIAN_POINT ( 'NONE',  ( -54.08820007025626353, -3.864209956775448429, -2.675592887099885964 ) ) ;
#2930 = DIRECTION ( 'NONE',  ( 5.202532281259187973E-17, -9.807811901909581461E-17, -1.000000000000000000 ) ) ;
#2931 = CIRCLE ( 'NONE', #3199, 1.500000000000001332 ) ;
#2932 = APPLICATION_CONTEXT ( 'automotive_design' ) ;
#2933 = LINE ( 'NONE', #6870, #4594 ) ;
#2934 = CARTESIAN_POINT ( 'NONE',  ( 51.33570076208550148, 22.39634030536332077, -2.666400855529781566 ) ) ;
#2935 = CARTESIAN_POINT ( 'NONE',  ( -48.10975825773617487, -9.935529029735780782, -3.212004222428096689 ) ) ;
#2936 = CARTESIAN_POINT ( 'NONE',  ( -51.34636424633360008, -2.646697609957353148, -2.675592887101799988 ) ) ;
#2937 = CIRCLE ( 'NONE', #5370, 15.00000000000000355 ) ;
#2938 = CARTESIAN_POINT ( 'NONE',  ( 33.58217745097987716, 14.51288731295348988, -14.70000000000048423 ) ) ;
#2939 = EDGE_LOOP ( 'NONE', ( #902, #7957, #93 ) ) ;
#2940 = LINE ( 'NONE', #7997, #3079 ) ;
#2941 = ADVANCED_FACE ( 'NONE', ( #1224 ), #6285, .F. ) ;
#2942 = DIRECTION ( 'NONE',  ( -0.000000000000000000, -0.000000000000000000, 1.000000000000000000 ) ) ;
#2943 = CARTESIAN_POINT ( 'NONE',  ( 15.35737535980886825, 45.40694055502255111, 22.50000000000000000 ) ) ;
#2944 = CARTESIAN_POINT ( 'NONE',  ( -5.492706831695911340, 12.39356458456495780, 5.999999999998425260 ) ) ;
#2945 = DIRECTION ( 'NONE',  ( 1.000000000000000000, 0.000000000000000000, 0.000000000000000000 ) ) ;
#2946 = VERTEX_POINT ( 'NONE', #6370 ) ;
#2947 = DIRECTION ( 'NONE',  ( -0.000000000000000000, -0.000000000000000000, -1.000000000000000000 ) ) ;
#2948 = ORIENTED_EDGE ( 'NONE', *, *, #4102, .F. ) ;
#2949 = EDGE_CURVE ( 'NONE', #2623, #6296, #578, .T. ) ;
#2950 = VERTEX_POINT ( 'NONE', #1302 ) ;
#2951 = EDGE_LOOP ( 'NONE', ( #7000, #4978, #3848, #6696, #5245 ) ) ;
#2952 = LINE ( 'NONE', #5538, #4065 ) ;
#2953 = CARTESIAN_POINT ( 'NONE',  ( -19.76103803644148726, -11.31007558077653208, -13.38461246862810761 ) ) ;
#2954 = VECTOR ( 'NONE', #3582, 1000.000000000000227 ) ;
#2955 = CARTESIAN_POINT ( 'NONE',  ( -15.99894497129184678, -11.77254858075329480, -13.95231913421408088 ) ) ;
#2956 = CARTESIAN_POINT ( 'NONE',  ( 5.334801472566043756, 36.16900472935827793, 16.60000000000000142 ) ) ;
#2957 = CARTESIAN_POINT ( 'NONE',  ( -0.3473386233563973136, 22.53905397561441859, 20.10000000000000142 ) ) ;
#2958 = ORIENTED_EDGE ( 'NONE', *, *, #2283, .F. ) ;
#2959 = VECTOR ( 'NONE', #3877, 1000.000000000000000 ) ;
#2960 = VECTOR ( 'NONE', #8305, 1000.000000000000000 ) ;
#2961 = VERTEX_POINT ( 'NONE', #2444 ) ;
#2962 = DIRECTION ( 'NONE',  ( -1.000000000000000000, 0.000000000000000000, 0.000000000000000000 ) ) ;
#2963 = CARTESIAN_POINT ( 'NONE',  ( 38.01275381110087181, 24.35821838144577356, 1.998919009232231314 ) ) ;
#2964 = AXIS2_PLACEMENT_3D ( 'NONE', #7424, #4951, #989 ) ;
#2966 = ORIENTED_EDGE ( 'NONE', *, *, #3238, .T. ) ;
#2965 = ORIENTED_EDGE ( 'NONE', *, *, #116, .T. ) ;
#2967 = ORIENTED_EDGE ( 'NONE', *, *, #630, .F. ) ;
#2968 = DIRECTION ( 'NONE',  ( -0.000000000000000000, -0.000000000000000000, 1.000000000000000000 ) ) ;
#2969 = CLOSED_SHELL ( 'NONE', ( #3007, #6993, #1822 ) ) ;
#2970 = CARTESIAN_POINT ( 'NONE',  ( -37.55682616960668696, -5.393630011557478454, 8.786609215673003348 ) ) ;
#2971 = CARTESIAN_POINT ( 'NONE',  ( -50.85159408165864647, -11.15304137655423489, -3.212004222428096245 ) ) ;
#2972 = DIRECTION ( 'NONE',  ( -0.000000000000000000, -0.000000000000000000, 1.000000000000000000 ) ) ;
#2973 = DIRECTION ( 'NONE',  ( 1.000000000000000000, 0.000000000000000000, 0.000000000000000000 ) ) ;
#2974 = VECTOR ( 'NONE', #7031, 1000.000000000000000 ) ;
#2975 = DIRECTION ( 'NONE',  ( 0.000000000000000000, 0.000000000000000000, 1.000000000000000000 ) ) ;
#2976 = FACE_OUTER_BOUND ( 'NONE', #931, .T. ) ;
#2978 = VECTOR ( 'NONE', #2360, 1000.000000000000000 ) ;
#2977 = CARTESIAN_POINT ( 'NONE',  ( 37.18451996978642882, 13.95269738713616547, -3.183803752492270434 ) ) ;
#2979 = CARTESIAN_POINT ( 'NONE',  ( 24.84885695098861547, 27.81312729974014886, -17.14999999999996660 ) ) ;
#2980 = CARTESIAN_POINT ( 'NONE',  ( 39.49052845225705255, 17.13649089659157454, -14.69999999999954099 ) ) ;
#2981 = ORIENTED_EDGE ( 'NONE', *, *, #4404, .F. ) ;
#2982 = CARTESIAN_POINT ( 'NONE',  ( 38.13714425700482735, 23.85201360153988048, 6.000000000000411227 ) ) ;
#2983 = EDGE_CURVE ( 'NONE', #3804, #7630, #8286, .T. ) ;
#2984 = CARTESIAN_POINT ( 'NONE',  ( -36.67450437646652261, 22.30218152664974696, 20.10000000000000142 ) ) ;
#2985 = CARTESIAN_POINT ( 'NONE',  ( 35.63884691056914278, 36.34501655933662789, 6.141930112106783746 ) ) ;
#2986 = DIRECTION ( 'NONE',  ( -0.000000000000000000, 0.000000000000000000, 1.000000000000000000 ) ) ;
#2987 = CIRCLE ( 'NONE', #1651, 2.000000000000000000 ) ;
#2988 = CARTESIAN_POINT ( 'NONE',  ( -51.47302481639144389, -2.712925347357362238, -2.816137819104231887 ) ) ;
#2989 = VERTEX_POINT ( 'NONE', #3873 ) ;
#2990 = CARTESIAN_POINT ( 'NONE',  ( 40.29577715975751318, 17.19353962638625433, -8.900791013652650463 ) ) ;
#2991 = VERTEX_POINT ( 'NONE', #4384 ) ;
#2992 = B_SPLINE_CURVE_WITH_KNOTS ( 'NONE', 3,
 ( #2615, #3190, #7014, #6411 ),
 .UNSPECIFIED., .F., .F.,
 ( 4, 4 ),
 ( 0.000000000000000000, 1.000000000000000000 ),
 .UNSPECIFIED. ) ;
#2993 = EDGE_LOOP ( 'NONE', ( #668, #5551, #462, #498, #6845, #1884, #7088, #204, #1875 ) ) ;
#2994 = ORIENTED_EDGE ( 'NONE', *, *, #392, .T. ) ;
#2995 = FACE_OUTER_BOUND ( 'NONE', #5976, .T. ) ;
#2996 = CARTESIAN_POINT ( 'NONE',  ( -17.49985712096411916, -15.78923634669644471, -10.93122798603450718 ) ) ;
#2997 = EDGE_CURVE ( 'NONE', #1982, #1917, #3392, .T. ) ;
#2998 = DIRECTION ( 'NONE',  ( 1.000000000000000000, 0.000000000000000000, 0.000000000000000000 ) ) ;
#2999 = ADVANCED_FACE ( 'NONE', ( #6966 ), #5095, .F. ) ;
#3000 = CARTESIAN_POINT ( 'NONE',  ( -20.17334054860539538, -17.00502309092301800, -6.707576703688615360 ) ) ;
#3001 = CARTESIAN_POINT ( 'NONE',  ( -36.67450437646652261, 22.30218152664974696, 22.50000000000000000 ) ) ;
#3002 = ORIENTED_EDGE ( 'NONE', *, *, #6375, .F. ) ;
#3003 = ADVANCED_FACE ( 'NONE', ( #5019 ), #4463, .F. ) ;
#3004 = EDGE_CURVE ( 'NONE', #6546, #6005, #3024, .T. ) ;
#3005 = ORIENTED_EDGE ( 'NONE', *, *, #6503, .T. ) ;
#3006 = CARTESIAN_POINT ( 'NONE',  ( 50.60184818803239182, 24.02632878477160361, -13.56279912685676514 ) ) ;
#3007 = ADVANCED_FACE ( 'NONE', ( #1814 ), #6923, .F. ) ;
#3008 = DIRECTION ( 'NONE',  ( 0.4058374489394847018, -0.9139452746408240902, -2.220446049250313081E-16 ) ) ;
#3009 = ORIENTED_EDGE ( 'NONE', *, *, #1881, .T. ) ;
#3010 = VECTOR ( 'NONE', #2596, 1000.000000000000000 ) ;
#3011 = EDGE_LOOP ( 'NONE', ( #1143, #6185, #3621, #3933 ) ) ;
#3012 = CARTESIAN_POINT ( 'NONE',  ( -2.569501288236065495, 15.63800383155555096, -12.49999999999999645 ) ) ;
#3013 = LINE ( 'NONE', #1635, #6992 ) ;
#3014 = CARTESIAN_POINT ( 'NONE',  ( -47.43547349355122833, -11.45401722149708768, -4.077197461557076075 ) ) ;
#3015 = CARTESIAN_POINT ( 'NONE',  ( -41.91187761998802586, -18.96506470031948410, -20.04512421095780184 ) ) ;
#3016 = DIRECTION ( 'NONE',  ( -0.000000000000000000, -0.000000000000000000, -1.000000000000000000 ) ) ;
#3017 = VECTOR ( 'NONE', #6198, 1000.000000000000114 ) ;
#3018 = CARTESIAN_POINT ( 'NONE',  ( -16.88713200266511194, -6.256776172494361354, -14.70000000000000284 ) ) ;
#3019 = CARTESIAN_POINT ( 'NONE',  ( -8.898804049038215425, -4.892997066247143145, 12.49999999999999822 ) ) ;
#3020 = DIRECTION ( 'NONE',  ( -0.000000000000000000, -0.000000000000000000, 1.000000000000000000 ) ) ;
#3021 = CARTESIAN_POINT ( 'NONE',  ( 29.59107861169172793, 15.63800383155555096, 12.49999999999999822 ) ) ;
#3022 = CARTESIAN_POINT ( 'NONE',  ( 25.11593464026683264, 8.407168328718663375, -14.49827215189131202 ) ) ;
#3023 = CARTESIAN_POINT ( 'NONE',  ( 18.13049871176392713, 28.15825383155556239, 12.49999999999999822 ) ) ;
#3024 = LINE ( 'NONE', #2403, #7600 ) ;
#3025 = VECTOR ( 'NONE', #7113, 1000.000000000000000 ) ;
#3026 = CARTESIAN_POINT ( 'NONE',  ( 37.13370489795095608, 39.31265909639366640, 2.951800248528664294 ) ) ;
#3027 = CARTESIAN_POINT ( 'NONE',  ( 33.52057740277559361, 22.74847772646365840, -4.985340818257750328 ) ) ;
#3028 = FACE_BOUND ( 'NONE', #4235, .T. ) ;
#3029 = ORIENTED_EDGE ( 'NONE', *, *, #3954, .F. ) ;
#3030 = CARTESIAN_POINT ( 'NONE',  ( 32.84996773925006153, 24.25399777714573446, -4.993901786691834488 ) ) ;
#3031 = VERTEX_POINT ( 'NONE', #3186 ) ;
#3032 = CARTESIAN_POINT ( 'NONE',  ( 3.759801472566044023, 36.16900472935827793, 16.60000000000000142 ) ) ;
#3033 = ORIENTED_EDGE ( 'NONE', *, *, #4853, .T. ) ;
#3034 = ORIENTED_EDGE ( 'NONE', *, *, #8243, .F. ) ;
#3035 = CARTESIAN_POINT ( 'NONE',  ( -17.17626311554009177, -15.32754341338199033, -11.52311681044817249 ) ) ;
#3036 = CARTESIAN_POINT ( 'NONE',  ( -11.86434165587271750, 46.42613209619339898, 32.61767435054034792 ) ) ;
#3037 = CARTESIAN_POINT ( 'NONE',  ( -16.67235263888314378, 47.39760212532419814, 22.50000000000000000 ) ) ;
#3038 = CYLINDRICAL_SURFACE ( 'NONE', #7973, 1.125000000000000888 ) ;
#3039 = ADVANCED_FACE ( 'NONE', ( #5768 ), #3328, .F. ) ;
#3040 = ORIENTED_EDGE ( 'NONE', *, *, #4044, .F. ) ;
#3041 = ORIENTED_EDGE ( 'NONE', *, *, #6561, .F. ) ;
#3042 = VECTOR ( 'NONE', #5470, 1000.000000000000000 ) ;
#3043 = CARTESIAN_POINT ( 'NONE',  ( 49.51908797720795974, 21.51445975863986959, -22.15000000000000213 ) ) ;
#3044 = DIRECTION ( 'NONE',  ( 0.000000000000000000, 0.000000000000000000, 1.000000000000000000 ) ) ;
#3046 = ORIENTED_EDGE ( 'NONE', *, *, #1312, .F. ) ;
#3045 = EDGE_LOOP ( 'NONE', ( #3763, #6937 ) ) ;
#3047 = VERTEX_POINT ( 'NONE', #2013 ) ;
#3048 = CARTESIAN_POINT ( 'NONE',  ( 17.96149960956662639, 7.733701070753433271, 15.99999999999999645 ) ) ;
#3049 = DIRECTION ( 'NONE',  ( -1.000000000000000000, 0.000000000000000000, 0.000000000000000000 ) ) ;
#3050 = EDGE_CURVE ( 'NONE', #2989, #4142, #4003, .T. ) ;
#3051 = CARTESIAN_POINT ( 'NONE',  ( -2.569501288236065495, 15.63800383155555096, 12.49999999999999822 ) ) ;
#3052 = CARTESIAN_POINT ( 'NONE',  ( -23.10050218603879912, 23.54230659235769707, 16.60000000000000142 ) ) ;
#3053 = ORIENTED_EDGE ( 'NONE', *, *, #119, .F. ) ;
#3054 = LINE ( 'NONE', #5089, #526 ) ;
#3055 = EDGE_CURVE ( 'NONE', #4104, #6179, #5307, .T. ) ;
#3056 = ADVANCED_FACE ( 'NONE', ( #5945 ), #5259, .T. ) ;
#3057 = CARTESIAN_POINT ( 'NONE',  ( -4.397281045466723270, 9.902669759219868695, -14.70000000000000284 ) ) ;
#3058 = CARTESIAN_POINT ( 'NONE',  ( 39.78180458407187103, 16.79916185761607039, -8.433252907773635343 ) ) ;
#3059 = DIRECTION ( 'NONE',  ( 0.4058374489394844242, -0.9139452746408239792, 0.000000000000000000 ) ) ;
#3060 = CARTESIAN_POINT ( 'NONE',  ( -54.66275991370740428, -2.570302124236191865, -3.097864185164248330 ) ) ;
#3061 = CARTESIAN_POINT ( 'NONE',  ( 28.97493055425040254, 12.46703907774183406, -14.69999999999984119 ) ) ;
#3062 = PLANE ( 'NONE',  #1215 ) ;
#3063 = ADVANCED_FACE ( 'NONE', ( #4040 ), #3316, .T. ) ;
#3064 = CARTESIAN_POINT ( 'NONE',  ( 47.35540144959480102, 22.71317903620979450, -22.14999999999999858 ) ) ;
#3065 = CARTESIAN_POINT ( 'NONE',  ( 41.02628797269855454, 38.30072827173140837, 0.4984532329707841991 ) ) ;
#3066 = CARTESIAN_POINT ( 'NONE',  ( -53.49841858956015272, -5.192396891621999799, -2.420152625384702549 ) ) ;
#3067 = DIRECTION ( 'NONE',  ( 0.000000000000000000, 0.000000000000000000, 1.000000000000000000 ) ) ;
#3068 = ORIENTED_EDGE ( 'NONE', *, *, #8270, .F. ) ;
#3069 = CARTESIAN_POINT ( 'NONE',  ( -11.86434165587271750, 28.15825383155556239, 12.49999999999999822 ) ) ;
#3070 = AXIS2_PLACEMENT_3D ( 'NONE', #4675, #3447, #8033 ) ;
#3071 = ORIENTED_EDGE ( 'NONE', *, *, #6317, .F. ) ;
#3072 = ORIENTED_EDGE ( 'NONE', *, *, #7921, .T. ) ;
#3073 = CARTESIAN_POINT ( 'NONE',  ( 7.560498711763927737, -4.451996168444437352, 20.10000000000000142 ) ) ;
#3074 = ORIENTED_EDGE ( 'NONE', *, *, #2457, .T. ) ;
#3075 = EDGE_LOOP ( 'NONE', ( #5967, #1586 ) ) ;
#3076 = FACE_OUTER_BOUND ( 'NONE', #3237, .T. ) ;
#3077 = COLOUR_RGB ( '',0.7921568627450980005, 0.8196078431372548767, 0.9333333333333333481 ) ;
#3078 = CARTESIAN_POINT ( 'NONE',  ( 48.94919749378441765, 35.14021761988590953, -2.675592887100079142 ) ) ;
#3079 = VECTOR ( 'NONE', #2322, 999.9999999999998863 ) ;
#3080 = CARTESIAN_POINT ( 'NONE',  ( -33.50382331903139743, -15.30816082291921632, -11.92317083583090742 ) ) ;
#3081 = CYLINDRICAL_SURFACE ( 'NONE', #3097, 1.050000000000002265 ) ;
#3082 = ORIENTED_EDGE ( 'NONE', *, *, #379, .F. ) ;
#3083 = EDGE_CURVE ( 'NONE', #4391, #2950, #7023, .T. ) ;
#3084 = ORIENTED_EDGE ( 'NONE', *, *, #8367, .T. ) ;
#3085 = VECTOR ( 'NONE', #328, 1000.000000000000227 ) ;
#3086 = PRESENTATION_LAYER_ASSIGNMENT (  '', '', ( #7433 ) ) ;
#3087 = LINE ( 'NONE', #5079, #5010 ) ;
#3088 = CARTESIAN_POINT ( 'NONE',  ( 24.36560737575533153, 9.018077257723033924, -14.63325918272010284 ) ) ;
#3090 = ORIENTED_EDGE ( 'NONE', *, *, #9, .T. ) ;
#3089 = ORIENTED_EDGE ( 'NONE', *, *, #3232, .T. ) ;
#3091 = ORIENTED_EDGE ( 'NONE', *, *, #3810, .F. ) ;
#3092 = CARTESIAN_POINT ( 'NONE',  ( 51.93440291320771962, 28.41753987281349936, -7.476053542693283482 ) ) ;
#3093 = DIRECTION ( 'NONE',  ( -0.000000000000000000, -0.000000000000000000, -1.000000000000000000 ) ) ;
#3094 = DIRECTION ( 'NONE',  ( 1.000000000000000000, 0.000000000000000000, 0.000000000000000000 ) ) ;
#3095 = FACE_BOUND ( 'NONE', #883, .T. ) ;
#3096 = AXIS2_PLACEMENT_3D ( 'NONE', #879, #2228, #7991 ) ;
#3097 = AXIS2_PLACEMENT_3D ( 'NONE', #3001, #3724, #3557 ) ;
#3098 = VECTOR ( 'NONE', #3979, 1000.000000000000000 ) ;
#3099 = EDGE_LOOP ( 'NONE', ( #1939, #589, #7116, #169 ) ) ;
#3100 = CARTESIAN_POINT ( 'NONE',  ( 38.55803607060096994, 33.90068903383242116, -25.68553390593274344 ) ) ;
#3101 = DIRECTION ( 'NONE',  ( 1.000000000000000000, 0.000000000000000000, 0.000000000000000000 ) ) ;
#3102 = CARTESIAN_POINT ( 'NONE',  ( 40.56046138855131744, 17.46014305396564126, -10.61123364343786690 ) ) ;
#3103 = CARTESIAN_POINT ( 'NONE',  ( 48.07311551300315244, 21.09688813326471291, -18.23554638298324448 ) ) ;
#3104 = AXIS2_PLACEMENT_3D ( 'NONE', #4089, #2855, #832 ) ;
#3105 = DIRECTION ( 'NONE',  ( 0.000000000000000000, 0.000000000000000000, -1.000000000000000000 ) ) ;
#3106 = CARTESIAN_POINT ( 'NONE',  ( 7.560498711763927737, -4.451996168444437352, 20.10000000000000142 ) ) ;
#3107 = EDGE_CURVE ( 'NONE', #7978, #4817, #5961, .T. ) ;
#3108 = DIRECTION ( 'NONE',  ( 0.9139452746408206485, 0.4058374489394923623, 2.088566662278759779E-13 ) ) ;
#3109 = DIRECTION ( 'NONE',  ( 0.000000000000000000, 0.000000000000000000, -1.000000000000000000 ) ) ;
#3110 = EDGE_CURVE ( 'NONE', #8046, #5371, #3808, .T. ) ;
#3111 = CARTESIAN_POINT ( 'NONE',  ( 20.83649960956662284, 7.733701070753433271, 15.99999999999999645 ) ) ;
#3112 = EDGE_CURVE ( 'NONE', #3439, #5532, #2182, .T. ) ;
#3113 = CIRCLE ( 'NONE', #4202, 2.099999999999999645 ) ;
#3114 = CYLINDRICAL_SURFACE ( 'NONE', #1913, 1.125000000000000888 ) ;
#3115 = CARTESIAN_POINT ( 'NONE',  ( -8.049818085922090916, 18.12817723098731193, -22.15000000000000213 ) ) ;
#3116 = EDGE_LOOP ( 'NONE', ( #979, #1668, #7030, #1234 ) ) ;
#3117 = EDGE_LOOP ( 'NONE', ( #720, #1054, #6807, #5536, #6430, #5463 ) ) ;
#3118 = CARTESIAN_POINT ( 'NONE',  ( -43.94485346349433286, -19.31488784931540081, -21.25607010062777391 ) ) ;
#3119 = AXIS2_PLACEMENT_3D ( 'NONE', #7772, #2775, #6448 ) ;
#3120 = ORIENTED_EDGE ( 'NONE', *, *, #2399, .T. ) ;
#3121 = ORIENTED_EDGE ( 'NONE', *, *, #6465, .F. ) ;
#3122 = ADVANCED_FACE ( 'NONE', ( #872 ), #6026, .F. ) ;
#3123 = DIRECTION ( 'NONE',  ( 1.000000000000000000, 0.000000000000000000, 0.000000000000000000 ) ) ;
#3124 = CARTESIAN_POINT ( 'NONE',  ( -43.73140744185693052, -19.81821426597472069, -2.666400855529190039 ) ) ;
#3125 = FACE_BOUND ( 'NONE', #8229, .T. ) ;
#3126 = ORIENTED_EDGE ( 'NONE', *, *, #2236, .T. ) ;
#3127 = CARTESIAN_POINT ( 'NONE',  ( 48.56520065153463861, 23.39279651178441455, -22.15000000000000213 ) ) ;
#3128 = CARTESIAN_POINT ( 'NONE',  ( 23.31354048592362460, 9.953098509819310991, -14.70000000000000284 ) ) ;
#3129 = ADVANCED_FACE ( 'NONE', ( #7352 ), #5390, .T. ) ;
#3131 = EDGE_LOOP ( 'NONE', ( #3029, #7192, #1697, #3970, #7796, #3511, #7251 ) ) ;
#3130 = ORIENTED_EDGE ( 'NONE', *, *, #6160, .F. ) ;
#3132 = ORIENTED_EDGE ( 'NONE', *, *, #3562, .T. ) ;
#3133 = CARTESIAN_POINT ( 'NONE',  ( 47.93723886180762150, 30.02702465162871803, -4.592060007051736115 ) ) ;
#3134 = CARTESIAN_POINT ( 'NONE',  ( 12.54113411298414960, 6.810846997591942120, -14.70000000000000462 ) ) ;
#3135 = CARTESIAN_POINT ( 'NONE',  ( -43.17361608668043971, -19.41475057886067290, -19.94971948457784094 ) ) ;
#3136 = CARTESIAN_POINT ( 'NONE',  ( 24.70808380729353715, 32.67432534929468346, -10.37867965644034740 ) ) ;
#3137 = ORIENTED_EDGE ( 'NONE', *, *, #7777, .T. ) ;
#3138 = DIRECTION ( 'NONE',  ( 0.000000000000000000, -1.000000000000000000, 0.000000000000000000 ) ) ;
#3139 = DIRECTION ( 'NONE',  ( 1.000000000000000000, 0.000000000000000000, 0.000000000000000000 ) ) ;
#3140 = CARTESIAN_POINT ( 'NONE',  ( 51.23118777632806342, 22.60905705597906490, -20.46726709676940459 ) ) ;
#3141 = DIRECTION ( 'NONE',  ( -0.000000000000000000, 0.000000000000000000, 1.000000000000000000 ) ) ;
#3142 = CARTESIAN_POINT ( 'NONE',  ( 5.334801472566043756, 36.16900472935827793, 16.60000000000000142 ) ) ;
#3143 = CARTESIAN_POINT ( 'NONE',  ( -46.75885042113062440, -20.36989344042953221, -21.47740918924559139 ) ) ;
#3144 = CARTESIAN_POINT ( 'NONE',  ( 52.08902932180043877, 10.77827385890527800, -1.191626790723634421 ) ) ;
#3145 = B_SPLINE_CURVE_WITH_KNOTS ( 'NONE', 3,
 ( #5951, #2741, #2702, #1789, #5266, #2459, #6339, #7863, #1195, #6938, #2060, #4633, #4546, #6500 ),
 .UNSPECIFIED., .F., .F.,
 ( 4, 2, 2, 2, 2, 2, 4 ),
 ( 8.673617379884035472E-19, 0.001664069186498590451, 0.002496103779747884267, 0.003328138372997177866, 0.004160172966246471031, 0.004992207559495764196, 0.006656276745994346190 ),
 .UNSPECIFIED. ) ;
#3146 = LINE ( 'NONE', #5607, #3508 ) ;
#3147 = CYLINDRICAL_SURFACE ( 'NONE', #5282, 5.999999999999995559 ) ;
#3148 = DIRECTION ( 'NONE',  ( -1.563116529408154362E-17, -0.000000000000000000, 1.000000000000000000 ) ) ;
#3149 = DIRECTION ( 'NONE',  ( 0.000000000000000000, 0.000000000000000000, -1.000000000000000000 ) ) ;
#3150 = EDGE_CURVE ( 'NONE', #2946, #5033, #7456, .T. ) ;
#3151 = ORIENTED_EDGE ( 'NONE', *, *, #3888, .T. ) ;
#3152 = CIRCLE ( 'NONE', #1948, 2.100000000000004530 ) ;
#3153 = ADVANCED_FACE ( 'NONE', ( #4544 ), #3147, .F. ) ;
#3154 = ORIENTED_EDGE ( 'NONE', *, *, #170, .F. ) ;
#3155 = DIRECTION ( 'NONE',  ( 0.000000000000000000, 0.000000000000000000, -1.000000000000000000 ) ) ;
#3156 = EDGE_CURVE ( 'NONE', #3997, #3758, #2859, .T. ) ;
#3157 = EDGE_CURVE ( 'NONE', #4861, #3210, #5098, .T. ) ;
#3158 = VERTEX_POINT ( 'NONE', #4427 ) ;
#3159 =( BOUNDED_SURFACE ( )  B_SPLINE_SURFACE ( 3, 3, ( 
 ( #2107, #2237, #2199, #4816 ),
 ( #755, #5917, #4684, #5276 ),
 ( #2788, #5359, #2067, #7956 ),
 ( #1532, #4641, #4103, #251 ) ),
 .UNSPECIFIED., .F., .F., .T. ) 
 B_SPLINE_SURFACE_WITH_KNOTS ( ( 4, 4 ),
 ( 4, 4 ),
 ( -9.274943283201991854E-07, 0.09360275521591553127 ),
 ( 0.000000000000000000, 1.000000000000000000 ),
 .UNSPECIFIED. ) 
 GEOMETRIC_REPRESENTATION_ITEM ( )  RATIONAL_B_SPLINE_SURFACE ( (
 ( 1.000000000000000000, 0.9946699664531433172, 0.9946699664531433172, 1.000000000000000000),
 ( 1.000000000000000000, 0.9946699664531433172, 0.9946699664531433172, 1.000000000000000000),
 ( 1.000000000000000000, 0.9946699664531433172, 0.9946699664531433172, 1.000000000000000000),
 ( 1.000000000000000000, 0.9946699664531433172, 0.9946699664531433172, 1.000000000000000000) ) ) 
 REPRESENTATION_ITEM ( '' )  SURFACE ( )  );
#3160 = ORIENTED_EDGE ( 'NONE', *, *, #5570, .F. ) ;
#3161 = PLANE ( 'NONE',  #5669 ) ;
#3162 = DIRECTION ( 'NONE',  ( 0.000000000000000000, 0.000000000000000000, 1.000000000000000000 ) ) ;
#3163 = LINE ( 'NONE', #2274, #4189 ) ;
#3164 = CARTESIAN_POINT ( 'NONE',  ( 34.58689410985729040, 25.02528002653422234, -4.923186939960173092 ) ) ;
#3165 = EDGE_CURVE ( 'NONE', #5824, #4616, #7137, .T. ) ;
#3166 = ORIENTED_EDGE ( 'NONE', *, *, #5985, .F. ) ;
#3167 = CARTESIAN_POINT ( 'NONE',  ( -43.69703864707316399, -2.624681370721262841, -10.90000000000000036 ) ) ;
#3168 = CARTESIAN_POINT ( 'NONE',  ( 24.15224331844866512, 9.200104708187776481, -14.65854409011135751 ) ) ;
#3169 = EDGE_CURVE ( 'NONE', #369, #424, #3667, .T. ) ;
#3171 = VERTEX_POINT ( 'NONE', #3281 ) ;
#3170 = ORIENTED_EDGE ( 'NONE', *, *, #3327, .T. ) ;
#3172 = ORIENTED_EDGE ( 'NONE', *, *, #622, .T. ) ;
#3173 = CARTESIAN_POINT ( 'NONE',  ( 50.19134122275429633, 32.34291196343814789, -3.842806056099265177 ) ) ;
#3174 = DIRECTION ( 'NONE',  ( -0.000000000000000000, -0.000000000000000000, 1.000000000000000000 ) ) ;
#3175 = CARTESIAN_POINT ( 'NONE',  ( -41.91187761998802586, -18.96506470031948410, -20.04512421095780184 ) ) ;
#3176 = DIRECTION ( 'NONE',  ( 0.4058374489394845908, -0.9139452746408239792, 0.000000000000000000 ) ) ;
#3177 = VERTEX_POINT ( 'NONE', #5863 ) ;
#3178 = SURFACE_STYLE_FILL_AREA ( #1377 ) ;
#3179 = VECTOR ( 'NONE', #139, 1000.000000000000114 ) ;
#3180 = FACE_OUTER_BOUND ( 'NONE', #801, .T. ) ;
#3181 = ADVANCED_FACE ( 'NONE', ( #3839 ), #3114, .F. ) ;
#3182 = LINE ( 'NONE', #1849, #8237 ) ;
#3183 = DIRECTION ( 'NONE',  ( 0.000000000000000000, 0.000000000000000000, 1.000000000000000000 ) ) ;
#3184 = CARTESIAN_POINT ( 'NONE',  ( 38.13338489074126159, 26.60009945077927895, -3.183803752492271322 ) ) ;
#3185 = PLANE ( 'NONE',  #2549 ) ;
#3186 = CARTESIAN_POINT ( 'NONE',  ( -1.317115961808391411, 24.55044070337397955, 12.49999999999999822 ) ) ;
#3187 = CARTESIAN_POINT ( 'NONE',  ( 2.130498711763925357, 23.60496686648925646, 14.49999999999999822 ) ) ;
#3188 = FACE_OUTER_BOUND ( 'NONE', #7868, .T. ) ;
#3189 = CARTESIAN_POINT ( 'NONE',  ( 39.63498345181736227, 23.21850193460821643, -3.183803752492271322 ) ) ;
#3190 = CARTESIAN_POINT ( 'NONE',  ( 34.67043503786828751, 25.06237638016364144, -4.920293558453181504 ) ) ;
#3191 = ORIENTED_EDGE ( 'NONE', *, *, #6413, .F. ) ;
#3192 = ORIENTED_EDGE ( 'NONE', *, *, #5471, .F. ) ;
#3193 = CARTESIAN_POINT ( 'NONE',  ( -23.10050218603879912, 23.54230659235769707, 20.10000000000000142 ) ) ;
#3194 = ORIENTED_EDGE ( 'NONE', *, *, #898, .F. ) ;
#3195 = CIRCLE ( 'NONE', #5912, 4.000000000000011546 ) ;
#3196 = ORIENTED_EDGE ( 'NONE', *, *, #8117, .F. ) ;
#3197 = AXIS2_PLACEMENT_3D ( 'NONE', #3251, #1282, #3895 ) ;
#3198 = DIRECTION ( 'NONE',  ( 0.000000000000000000, 0.000000000000000000, -1.000000000000000000 ) ) ;
#3199 = AXIS2_PLACEMENT_3D ( 'NONE', #6912, #2928, #4798 ) ;
#3200 = ADVANCED_FACE ( 'NONE', ( #8329 ), #7614, .T. ) ;
#3201 = DIRECTION ( 'NONE',  ( -1.000000000000000000, 0.000000000000000000, 0.000000000000000000 ) ) ;
#3202 = PLANE ( 'NONE',  #1091 ) ;
#3203 = LINE ( 'NONE', #5786, #384 ) ;
#3204 = ORIENTED_EDGE ( 'NONE', *, *, #4440, .F. ) ;
#3205 = DIRECTION ( 'NONE',  ( -0.7381062247016298983, 0.000000000000000000, -0.6746845196510047327 ) ) ;
#3206 = LINE ( 'NONE', #7162, #3025 ) ;
#3208 = EDGE_LOOP ( 'NONE', ( #3009, #4730, #4225, #1476 ) ) ;
#3207 = ORIENTED_EDGE ( 'NONE', *, *, #2028, .T. ) ;
#3209 = AXIS2_PLACEMENT_3D ( 'NONE', #3143, #3108, #6405 ) ;
#3210 = VERTEX_POINT ( 'NONE', #4388 ) ;
#3211 = DIRECTION ( 'NONE',  ( -0.000000000000000000, -0.000000000000000000, 1.000000000000000000 ) ) ;
#3212 = CARTESIAN_POINT ( 'NONE',  ( -42.05275135841492329, -18.64781727060914918, -16.46973243518483088 ) ) ;
#3213 = DIRECTION ( 'NONE',  ( -1.563116529408154362E-17, -0.000000000000000000, 1.000000000000000000 ) ) ;
#3214 = CARTESIAN_POINT ( 'NONE',  ( -51.73464006205951904, -1.772301104737612931, -2.927881913502034195 ) ) ;
#3215 = EDGE_LOOP ( 'NONE', ( #7399, #3071 ) ) ;
#3216 = SURFACE_STYLE_USAGE ( .BOTH. , #646 ) ;
#3217 = DIRECTION ( 'NONE',  ( 0.000000000000000000, 0.000000000000000000, -1.000000000000000000 ) ) ;
#3218 = VECTOR ( 'NONE', #6914, 1000.000000000000000 ) ;
#3219 = LINE ( 'NONE', #7645, #1096 ) ;
#3220 = EDGE_CURVE ( 'NONE', #5321, #547, #1268, .T. ) ;
#3221 = CARTESIAN_POINT ( 'NONE',  ( 39.63498345181736227, 23.21850193460821643, -3.183803752492271322 ) ) ;
#3222 = ORIENTED_EDGE ( 'NONE', *, *, #4102, .T. ) ;
#3223 = CARTESIAN_POINT ( 'NONE',  ( -2.569501288236065495, 15.63800383155555096, 16.60000000000000142 ) ) ;
#3224 = CARTESIAN_POINT ( 'NONE',  ( 34.29880907220130837, 36.44631276368293271, 7.265602060072565926 ) ) ;
#3225 = CIRCLE ( 'NONE', #7972, 4.000000000000011546 ) ;
#3226 = VECTOR ( 'NONE', #5861, 1000.000000000000114 ) ;
#3227 = DIRECTION ( 'NONE',  ( -0.000000000000000000, -0.000000000000000000, -1.000000000000000000 ) ) ;
#3228 = CARTESIAN_POINT ( 'NONE',  ( 23.67652276670589373, 26.61015078172238191, -15.87024210915925160 ) ) ;
#3229 = CARTESIAN_POINT ( 'NONE',  ( 48.78079961880882109, 23.19924575893497476, -22.13619748345076488 ) ) ;
#3230 = CARTESIAN_POINT ( 'NONE',  ( -48.90646164961822251, -8.175542395304503884, -2.661716101806522516 ) ) ;
#3231 = AXIS2_PLACEMENT_3D ( 'NONE', #343, #4736, #4108 ) ;
#3232 = EDGE_CURVE ( 'NONE', #1402, #7042, #7238, .T. ) ;
#3233 = DIRECTION ( 'NONE',  ( 0.9139452746408243122, 0.4058374489394839246, 0.000000000000000000 ) ) ;
#3234 = DIRECTION ( 'NONE',  ( 0.9720956957812553201, 0.2323680146252102285, 0.03217241089342023908 ) ) ;
#3235 = CARTESIAN_POINT ( 'NONE',  ( 29.01983560004472196, 21.67262846431797385, -12.50000000000000178 ) ) ;
#3236 = CARTESIAN_POINT ( 'NONE',  ( -22.61106023155934253, -16.24674826929843974, 5.390803953223777256 ) ) ;
#3237 = EDGE_LOOP ( 'NONE', ( #6117, #6338, #5040, #1366 ) ) ;
#3238 = EDGE_CURVE ( 'NONE', #5145, #1441, #4466, .T. ) ;
#3239 = VECTOR ( 'NONE', #8374, 1000.000000000000000 ) ;
#3240 = AXIS2_PLACEMENT_3D ( 'NONE', #63, #5209, #7803 ) ;
#3241 = ORIENTED_EDGE ( 'NONE', *, *, #3878, .F. ) ;
#3242 = CARTESIAN_POINT ( 'NONE',  ( -42.20934650005054323, -18.29516526645433316, -21.72209831239483080 ) ) ;
#3243 = ORIENTED_EDGE ( 'NONE', *, *, #2133, .T. ) ;
#3244 = AXIS2_PLACEMENT_3D ( 'NONE', #5116, #7633, #7073 ) ;
#3245 = ORIENTED_EDGE ( 'NONE', *, *, #374, .T. ) ;
#3246 = CYLINDRICAL_SURFACE ( 'NONE', #133, 37.50000000000000711 ) ;
#3247 = DIRECTION ( 'NONE',  ( 0.9139452746408245343, 0.4058374489394834250, 0.000000000000000000 ) ) ;
#3249 = EDGE_CURVE ( 'NONE', #2989, #355, #27, .T. ) ;
#3248 = VECTOR ( 'NONE', #2009, 1000.000000000000227 ) ;
#3250 = FACE_BOUND ( 'NONE', #6502, .T. ) ;
#3251 = CARTESIAN_POINT ( 'NONE',  ( -2.569501288236065495, 15.63800383155555096, -12.50000000000000178 ) ) ;
#3252 = EDGE_LOOP ( 'NONE', ( #501, #682, #4263, #6980 ) ) ;
#3253 = VECTOR ( 'NONE', #2942, 1000.000000000000000 ) ;
#3254 = LINE ( 'NONE', #5837, #7184 ) ;
#3255 = ADVANCED_FACE ( 'NONE', ( #3188 ), #1936, .T. ) ;
#3256 = CARTESIAN_POINT ( 'NONE',  ( 27.14835575828564629, 11.53325383155555883, -70.65354363657083070 ) ) ;
#3258 = ORIENTED_EDGE ( 'NONE', *, *, #4998, .T. ) ;
#3257 = ORIENTED_EDGE ( 'NONE', *, *, #5357, .T. ) ;
#3259 = EDGE_CURVE ( 'NONE', #5839, #2529, #2987, .T. ) ;
#3260 = EDGE_LOOP ( 'NONE', ( #1273, #1061, #3741, #1900 ) ) ;
#3261 = DIRECTION ( 'NONE',  ( 0.000000000000000000, 0.000000000000000000, -1.000000000000000000 ) ) ;
#3262 = DIRECTION ( 'NONE',  ( -0.7381062247014651412, 0.000000000000000000, -0.6746845196511849219 ) ) ;
#3263 =( BOUNDED_SURFACE ( )  B_SPLINE_SURFACE ( 3, 2, ( 
 ( #190, #3870, #2771 ),
 ( #5340, #7934, #3224 ),
 ( #5812, #2608, #2648 ),
 ( #4084, #1508, #2808 ) ),
 .UNSPECIFIED., .F., .F., .T. ) 
 B_SPLINE_SURFACE_WITH_KNOTS ( ( 4, 4 ),
 ( 3, 3 ),
 ( 0.04866700580333907511, 0.05027798730141878891 ),
 ( 0.9614848860620346382, 1.000000000000000000 ),
 .UNSPECIFIED. ) 
 GEOMETRIC_REPRESENTATION_ITEM ( )  RATIONAL_B_SPLINE_SURFACE ( (
 ( 0.9860066694361946382, 0.9927230626468201979, 1.000000000000000000),
 ( 0.9862683899189632619, 0.9928591648812715720, 1.000000000000000000),
 ( 0.9865325320345763593, 0.9929965264349694953, 1.000000000000000000),
 ( 0.9867990562605439830, 0.9931351267550739825, 1.000000000000000000) ) ) 
 REPRESENTATION_ITEM ( '' )  SURFACE ( )  );
#3264 = ADVANCED_FACE ( 'NONE', ( #877 ), #1770, .T. ) ;
#3265 = CYLINDRICAL_SURFACE ( 'NONE', #216, 37.50000000000000711 ) ;
#3266 = CARTESIAN_POINT ( 'NONE',  ( -28.18089561643858687, -14.96614153665237801, -0.8876107563567749992 ) ) ;
#3267 = EDGE_LOOP ( 'NONE', ( #2887, #3438 ) ) ;
#3268 = EDGE_CURVE ( 'NONE', #5194, #4224, #2476, .T. ) ;
#3269 = CARTESIAN_POINT ( 'NONE',  ( 53.91002017593690709, 23.96845301183380172, -21.01423600150946669 ) ) ;
#3270 = EDGE_CURVE ( 'NONE', #49, #7346, #112, .T. ) ;
#3271 = B_SPLINE_CURVE_WITH_KNOTS ( 'NONE', 3,
 ( #6384, #1949, #7827, #4475 ),
 .UNSPECIFIED., .F., .F.,
 ( 4, 4 ),
 ( 0.000000000000000000, 0.002010513966059653945 ),
 .UNSPECIFIED. ) ;
#3272 = CARTESIAN_POINT ( 'NONE',  ( -39.68789183168686208, 4.079288862494490964, 10.72390012751698585 ) ) ;
#3273 = CARTESIAN_POINT ( 'NONE',  ( 34.46005763278733269, 33.58642074155849855, 6.000000000000411227 ) ) ;
#3274 = ORIENTED_EDGE ( 'NONE', *, *, #5637, .F. ) ;
#3275 = CARTESIAN_POINT ( 'NONE',  ( 0.4524764693605800581, -1.018976272739017697, -21.35000000000000497 ) ) ;
#3276 = DIRECTION ( 'NONE',  ( 0.000000000000000000, 0.000000000000000000, 1.000000000000000000 ) ) ;
#3277 = DIRECTION ( 'NONE',  ( -0.9139452746408236461, -0.4058374489394851459, 0.000000000000000000 ) ) ;
#3278 = DIRECTION ( 'NONE',  ( 0.000000000000000000, 0.000000000000000000, -1.000000000000000000 ) ) ;
#3279 = CARTESIAN_POINT ( 'NONE',  ( 47.67120602921965400, 22.00198763676577229, -21.93440356030907523 ) ) ;
#3280 = CARTESIAN_POINT ( 'NONE',  ( -48.21163078970911187, 0.2943221143384535665, 1.101145421326458873 ) ) ;
#3281 = CARTESIAN_POINT ( 'NONE',  ( 2.630498711763926689, 6.533253831555559721, 12.49999999999999822 ) ) ;
#3282 = DIRECTION ( 'NONE',  ( -0.000000000000000000, -0.000000000000000000, 1.000000000000000000 ) ) ;
#3283 = CARTESIAN_POINT ( 'NONE',  ( -2.569501288236065495, 15.63800383155555096, -14.70000000000000462 ) ) ;
#3284 = CARTESIAN_POINT ( 'NONE',  ( -49.73753745010102989, -6.269772937221060438, -2.407444835499586322 ) ) ;
#3285 = VERTEX_POINT ( 'NONE', #5394 ) ;
#3286 = VERTEX_POINT ( 'NONE', #4045 ) ;
#3287 = CARTESIAN_POINT ( 'NONE',  ( -41.98012496375979197, -18.81137179319621922, -20.96969781442291136 ) ) ;
#3288 = B_SPLINE_CURVE_WITH_KNOTS ( 'NONE', 3,
 ( #1688, #4100, #4894, #2826, #973, #1049, #7445, #6120, #4812, #7999, #2197, #6203, #372, #4260, #927, #337 ),
 .UNSPECIFIED., .F., .F.,
 ( 4, 2, 2, 2, 2, 2, 2, 4 ),
 ( 0.000000000000000000, 0.1249999999999998890, 0.2499999999999997780, 0.3749999999999996669, 0.4999999999999995559, 0.7500000000000011102, 0.8750000000000005551, 1.000000000000000000 ),
 .UNSPECIFIED. ) ;
#3289 = ADVANCED_FACE ( 'NONE', ( #7268, #2057, #4131, #3446 ), #5311, .T. ) ;
#3290 = VECTOR ( 'NONE', #1816, 1000.000000000000227 ) ;
#3291 = ORIENTED_EDGE ( 'NONE', *, *, #1839, .F. ) ;
#3292 = VERTEX_POINT ( 'NONE', #2738 ) ;
#3293 = CIRCLE ( 'NONE', #2888, 26.50000000000001421 ) ;
#3294 = DIRECTION ( 'NONE',  ( -0.9725991773073601188, -0.2324883659477310349, 0.000000000000000000 ) ) ;
#3295 = CARTESIAN_POINT ( 'NONE',  ( 46.25230957542169818, 41.21360482371471079, -2.784127008645723489 ) ) ;
#3296 = VECTOR ( 'NONE', #226, 1000.000000000000114 ) ;
#3297 = CARTESIAN_POINT ( 'NONE',  ( -33.03794547365227885, 19.79215641997878450, -22.15000000000000213 ) ) ;
#3298 = VERTEX_POINT ( 'NONE', #6622 ) ;
#3299 = CARTESIAN_POINT ( 'NONE',  ( 0.4524764693605800581, -1.018976272739017697, -14.70000000000000284 ) ) ;
#3300 = CARTESIAN_POINT ( 'NONE',  ( 53.12351136635111715, 25.73966957123058918, -12.25191637361042218 ) ) ;
#3301 = VERTEX_POINT ( 'NONE', #5986 ) ;
#3302 = ORIENTED_EDGE ( 'NONE', *, *, #5172, .T. ) ;
#3303 = EDGE_CURVE ( 'NONE', #4752, #5721, #6085, .T. ) ;
#3304 = CARTESIAN_POINT ( 'NONE',  ( -0.000000000000000000, 11.53325383155555883, 20.10000000000000142 ) ) ;
#3305 = CARTESIAN_POINT ( 'NONE',  ( 2.130498711763925357, 23.60496686648925646, 20.10000000000000142 ) ) ;
#3306 = LINE ( 'NONE', #728, #8332 ) ;
#3307 = DIRECTION ( 'NONE',  ( 1.000000000000000000, 0.000000000000000000, 0.000000000000000000 ) ) ;
#3308 = ORIENTED_EDGE ( 'NONE', *, *, #3680, .T. ) ;
#3309 = DIRECTION ( 'NONE',  ( -1.000000000000000000, 0.000000000000000000, 0.000000000000000000 ) ) ;
#3310 = DIRECTION ( 'NONE',  ( 0.000000000000000000, 0.000000000000000000, 1.000000000000000000 ) ) ;
#3311 = FACE_OUTER_BOUND ( 'NONE', #6655, .T. ) ;
#3312 = ORIENTED_EDGE ( 'NONE', *, *, #1749, .F. ) ;
#3313 = DIRECTION ( 'NONE',  ( 0.9139452746408237571, 0.4058374489394850348, 0.000000000000000000 ) ) ;
#3314 = DIRECTION ( 'NONE',  ( -0.9610761936858023269, 0.000000000000000000, -0.2762834593862076304 ) ) ;
#3315 = LINE ( 'NONE', #828, #922 ) ;
#3316 = PLANE ( 'NONE',  #700 ) ;
#3317 = CARTESIAN_POINT ( 'NONE',  ( -56.84010362937050331, -11.66760311121688609, -11.32278134548559656 ) ) ;
#3318 = ADVANCED_FACE ( 'NONE', ( #4630 ), #2047, .F. ) ;
#3319 = EDGE_CURVE ( 'NONE', #7346, #5760, #2816, .T. ) ;
#3320 = CIRCLE ( 'NONE', #8067, 9.000000000000000000 ) ;
#3321 = CARTESIAN_POINT ( 'NONE',  ( -47.57359607223917664, -18.53508755987675372, -11.40118100234971799 ) ) ;
#3322 = CARTESIAN_POINT ( 'NONE',  ( -2.569501288236059722, 15.63800383155555096, -10.37867965644034740 ) ) ;
#3324 = CIRCLE ( 'NONE', #4532, 1.574999999999999956 ) ;
#3323 = FACE_OUTER_BOUND ( 'NONE', #7739, .T. ) ;
#3325 = DIRECTION ( 'NONE',  ( -0.000000000000000000, -0.000000000000000000, -1.000000000000000000 ) ) ;
#3326 = ORIENTED_EDGE ( 'NONE', *, *, #622, .F. ) ;
#3327 = EDGE_CURVE ( 'NONE', #7582, #1148, #5904, .T. ) ;
#3328 = B_SPLINE_SURFACE_WITH_KNOTS ( 'NONE', 3, 1, ( 
 ( #2566, #5139 ),
 ( #3064, #6326 ),
 ( #6494, #3229 ),
 ( #152, #4541 ),
 ( #1388, #703 ),
 ( #3279, #2096 ),
 ( #5345, #7134 ),
 ( #5860, #1342 ),
 ( #7938, #7222 ),
 ( #4670, #71 ),
 ( #2652, #6539 ),
 ( #1428, #6577 ),
 ( #7185, #7309 ),
 ( #2055, #5176 ),
 ( #30, #831 ),
 ( #7266, #1468 ) ),
 .UNSPECIFIED., .F., .F., .F.,
 ( 4, 2, 2, 2, 2, 2, 2, 4 ),
 ( 2, 2 ),
 ( 0.000000000000000000, 0.1249999999999998335, 0.2499999999999996669, 0.3749999999999995004, 0.4999999999999993339, 0.7500000000000007772, 0.8750000000000003331, 1.000000000000000000 ),
 ( 0.000000000000000000, 1.000000000000000000 ),
 .UNSPECIFIED. ) ;
#3329 = ORIENTED_EDGE ( 'NONE', *, *, #2194, .F. ) ;
#3330 = CARTESIAN_POINT ( 'NONE',  ( -2.569501288236065495, 15.63800383155555096, 12.49999999999999822 ) ) ;
#3331 = ORIENTED_EDGE ( 'NONE', *, *, #7518, .F. ) ;
#3332 = FACE_OUTER_BOUND ( 'NONE', #1275, .T. ) ;
#3333 = ORIENTED_EDGE ( 'NONE', *, *, #5722, .T. ) ;
#3334 = CARTESIAN_POINT ( 'NONE',  ( 35.55409154297780105, 23.23456530562048883, -4.670679570268559289 ) ) ;
#3335 = VECTOR ( 'NONE', #5304, 1000.000000000000114 ) ;
#3336 = FACE_OUTER_BOUND ( 'NONE', #7359, .T. ) ;
#3337 = ORIENTED_EDGE ( 'NONE', *, *, #7830, .T. ) ;
#3338 = CARTESIAN_POINT ( 'NONE',  ( -44.08928579810616100, -19.68031176598393373, -19.88224448138256406 ) ) ;
#3339 = CARTESIAN_POINT ( 'NONE',  ( 52.10849374540065782, 28.02548760199314160, -8.007257640313399705 ) ) ;
#3340 = AXIS2_PLACEMENT_3D ( 'NONE', #2118, #6601, #1544 ) ;
#3341 = VERTEX_POINT ( 'NONE', #3018 ) ;
#3342 = CARTESIAN_POINT ( 'NONE',  ( 51.13856137684281578, 22.81765155689991431, -18.04912948750101620 ) ) ;
#3343 = DIRECTION ( 'NONE',  ( 1.000000000000000000, 0.000000000000000000, 0.000000000000000000 ) ) ;
#3344 = DIRECTION ( 'NONE',  ( -0.000000000000000000, -0.000000000000000000, 1.000000000000000000 ) ) ;
#3345 = CARTESIAN_POINT ( 'NONE',  ( -23.46433918204306579, -15.85888286871366759, 11.85230686771551412 ) ) ;
#3346 = ORIENTED_EDGE ( 'NONE', *, *, #4559, .T. ) ;
#3347 = EDGE_CURVE ( 'NONE', #6770, #8377, #2715, .T. ) ;
#3348 = DIRECTION ( 'NONE',  ( 1.000000000000000000, 0.000000000000000000, 0.000000000000000000 ) ) ;
#3349 = PLANE ( 'NONE',  #2167 ) ;
#3350 = DIRECTION ( 'NONE',  ( -0.000000000000000000, -0.000000000000000000, 1.000000000000000000 ) ) ;
#3351 = ORIENTED_EDGE ( 'NONE', *, *, #6561, .T. ) ;
#3352 = CARTESIAN_POINT ( 'NONE',  ( 42.05943153618755304, 18.47848939924080724, -9.182709329446517188 ) ) ;
#3353 = CARTESIAN_POINT ( 'NONE',  ( 48.07269381481670933, 21.09783779689114169, -18.21578547031231210 ) ) ;
#3354 = CARTESIAN_POINT ( 'NONE',  ( -43.98578814390985769, -17.58618646834975863, -22.15000000000000213 ) ) ;
#3355 = DIRECTION ( 'NONE',  ( -0.000000000000000000, -0.000000000000000000, 1.000000000000000000 ) ) ;
#3356 = CIRCLE ( 'NONE', #2280, 32.16057989992779653 ) ;
#3357 = CARTESIAN_POINT ( 'NONE',  ( -52.47937327402352992, -7.487285284039525202, -2.407444835499582325 ) ) ;
#3358 = DIRECTION ( 'NONE',  ( -1.000000000000000000, 0.000000000000000000, 0.000000000000000000 ) ) ;
#3359 = CARTESIAN_POINT ( 'NONE',  ( -47.95332907033875358, -17.67992946605163240, -9.719454187040293291 ) ) ;
#3360 = CARTESIAN_POINT ( 'NONE',  ( -39.86739374747621412, -5.136824085462066591, 6.906601717798152684 ) ) ;
#3361 = FACE_OUTER_BOUND ( 'NONE', #8181, .T. ) ;
#3362 = AXIS2_PLACEMENT_3D ( 'NONE', #6637, #846, #3459 ) ;
#3363 = AXIS2_PLACEMENT_3D ( 'NONE', #1512, #6660, #6313 ) ;
#3364 = CARTESIAN_POINT ( 'NONE',  ( -40.64764974412297249, -18.11604273922563024, -17.36375776142100946 ) ) ;
#3365 = EDGE_CURVE ( 'NONE', #164, #8273, #5000, .T. ) ;
#3366 = ORIENTED_EDGE ( 'NONE', *, *, #7929, .F. ) ;
#3367 = FACE_BOUND ( 'NONE', #2834, .T. ) ;
#3368 = ADVANCED_FACE ( 'NONE', ( #7435 ), #1640, .F. ) ;
#3369 = VERTEX_POINT ( 'NONE', #7513 ) ;
#3370 = CARTESIAN_POINT ( 'NONE',  ( -40.83842858808930742, -17.68640909304510700, -21.72209831239483080 ) ) ;
#3371 = ADVANCED_FACE ( 'NONE', ( #1719 ), #5435, .F. ) ;
#3372 = AXIS2_PLACEMENT_3D ( 'NONE', #200, #2143, #1519 ) ;
#3373 = AXIS2_PLACEMENT_3D ( 'NONE', #960, #4212, #5434 ) ;
#3374 = AXIS2_PLACEMENT_3D ( 'NONE', #671, #3198, #3812 ) ;
#3375 = LINE ( 'NONE', #6082, #6621 ) ;
#3376 = EDGE_CURVE ( 'NONE', #4769, #5157, #2933, .T. ) ;
#3377 = CARTESIAN_POINT ( 'NONE',  ( 9.286952852967614191, 46.43450517825943535, 15.09999999999999964 ) ) ;
#3378 = ORIENTED_EDGE ( 'NONE', *, *, #736, .T. ) ;
#3379 = VECTOR ( 'NONE', #7403, 1000.000000000000114 ) ;
#3380 = CARTESIAN_POINT ( 'NONE',  ( 33.18371362695462068, 6.582029131489086637, -7.353751536248306131 ) ) ;
#3381 = ADVANCED_FACE ( 'NONE', ( #5513 ), #2394, .F. ) ;
#3382 = VERTEX_POINT ( 'NONE', #326 ) ;
#3383 = AXIS2_PLACEMENT_3D ( 'NONE', #3579, #4850, #8121 ) ;
#3384 = DIRECTION ( 'NONE',  ( 0.7071067811865430208, 0.000000000000000000, 0.7071067811865521247 ) ) ;
#3385 = CARTESIAN_POINT ( 'NONE',  ( 50.91650252619115946, 30.70984988806721461, -5.033644385480377181 ) ) ;
#3386 = ORIENTED_EDGE ( 'NONE', *, *, #6636, .F. ) ;
#3387 = DIRECTION ( 'NONE',  ( -1.000000000000000000, 0.000000000000000000, 0.000000000000000000 ) ) ;
#3388 = LINE ( 'NONE', #4114, #8358 ) ;
#3389 = CARTESIAN_POINT ( 'NONE',  ( -20.90920565085673388, -17.07145789044955464, 5.955007691420007632 ) ) ;
#3390 = DIRECTION ( 'NONE',  ( -0.9139452746408244233, -0.4058374489394838136, 0.000000000000000000 ) ) ;
#3391 = ORIENTED_EDGE ( 'NONE', *, *, #4872, .T. ) ;
#3392 = CIRCLE ( 'NONE', #5558, 2.875000000000002665 ) ;
#3393 = FACE_OUTER_BOUND ( 'NONE', #3260, .T. ) ;
#3394 = CARTESIAN_POINT ( 'NONE',  ( -29.98785952746079531, 3.462880363371011683, -14.70000000000000284 ) ) ;
#3395 = CARTESIAN_POINT ( 'NONE',  ( 46.05750432451065990, 41.65230593178286256, -2.927881913500060662 ) ) ;
#3396 = ORIENTED_EDGE ( 'NONE', *, *, #5099, .F. ) ;
#3397 = ORIENTED_EDGE ( 'NONE', *, *, #1136, .F. ) ;
#3398 = CARTESIAN_POINT ( 'NONE',  ( 38.55803607060096994, 33.90068903383242116, -25.68553390593274344 ) ) ;
#3399 = CYLINDRICAL_SURFACE ( 'NONE', #7148, 2.874999999999995559 ) ;
#3400 = CARTESIAN_POINT ( 'NONE',  ( -8.049818085922094468, 18.12817723098731548, -12.50000000000000178 ) ) ;
#3401 = CARTESIAN_POINT ( 'NONE',  ( 34.93049871176394561, 14.83689056437826537, 10.72407175869120444 ) ) ;
#3402 = DIRECTION ( 'NONE',  ( 0.000000000000000000, 0.000000000000000000, -1.000000000000000000 ) ) ;
#3403 = DIRECTION ( 'NONE',  ( -0.9139452746408239792, -0.4058374489394843687, 0.000000000000000000 ) ) ;
#3404 = CARTESIAN_POINT ( 'NONE',  ( 40.12643505119891074, 17.11301661294423582, -9.462330984498889208 ) ) ;
#3405 = DIRECTION ( 'NONE',  ( 1.000000000000000000, 0.000000000000000000, 0.000000000000000000 ) ) ;
#3406 = DIRECTION ( 'NONE',  ( 1.000000000000000000, 0.000000000000000000, 0.000000000000000000 ) ) ;
#3407 = ORIENTED_EDGE ( 'NONE', *, *, #2030, .T. ) ;
#3408 = ORIENTED_EDGE ( 'NONE', *, *, #5489, .T. ) ;
#3409 = DIRECTION ( 'NONE',  ( 0.9139452746408240902, 0.4058374489394844242, 1.165145504009764549E-33 ) ) ;
#3410 = CARTESIAN_POINT ( 'NONE',  ( -40.85705734932152211, -17.64445715306250762, -14.70000000000000284 ) ) ;
#3411 = AXIS2_PLACEMENT_3D ( 'NONE', #5574, #8207, #7486 ) ;
#3412 = DIRECTION ( 'NONE',  ( -0.9139452746408245343, -0.4058374489394833140, 0.000000000000000000 ) ) ;
#3413 = CARTESIAN_POINT ( 'NONE',  ( 36.48009108641065978, 36.28920061856258172, 5.427860062973960176 ) ) ;
#3414 = ORIENTED_EDGE ( 'NONE', *, *, #6107, .F. ) ;
#3415 = VECTOR ( 'NONE', #1113, 1000.000000000000000 ) ;
#3416 = EDGE_CURVE ( 'NONE', #1376, #547, #4885, .T. ) ;
#3417 = ORIENTED_EDGE ( 'NONE', *, *, #6785, .T. ) ;
#3418 = ADVANCED_FACE ( 'NONE', ( #1679 ), #7871, .T. ) ;
#3419 = EDGE_CURVE ( 'NONE', #6631, #5532, #5533, .T. ) ;
#3420 = DIRECTION ( 'NONE',  ( 0.000000000000000000, -0.000000000000000000, -1.000000000000000000 ) ) ;
#3421 = ADVANCED_FACE ( 'NONE', ( #3180 ), #3743, .F. ) ;
#3422 = AXIS2_PLACEMENT_3D ( 'NONE', #2819, #6707, #3406 ) ;
#3423 = VERTEX_POINT ( 'NONE', #22 ) ;
#3424 = CARTESIAN_POINT ( 'NONE',  ( -43.28548600681882164, -19.70111568884706443, -22.15000000000000568 ) ) ;
#3425 = CARTESIAN_POINT ( 'NONE',  ( 52.44731892296826459, 27.26245385344089911, -9.201940729583958145 ) ) ;
#3426 = ORIENTED_EDGE ( 'NONE', *, *, #7876, .T. ) ;
#3427 = DIRECTION ( 'NONE',  ( 1.000000000000000000, 0.000000000000000000, -0.000000000000000000 ) ) ;
#3428 = LINE ( 'NONE', #4652, #250 ) ;
#3429 = AXIS2_PLACEMENT_3D ( 'NONE', #3598, #7502, #7545 ) ;
#3430 = CARTESIAN_POINT ( 'NONE',  ( -39.86739374747622122, -5.136824085462056821, 6.906601717798150908 ) ) ;
#3431 = CARTESIAN_POINT ( 'NONE',  ( -24.84163823362265333, -15.49162358446124088, 3.549934050464934820 ) ) ;
#3432 = EDGE_LOOP ( 'NONE', ( #1396, #5114, #6277, #6042 ) ) ;
#3433 = EDGE_CURVE ( 'NONE', #5145, #639, #2557, .T. ) ;
#3434 = CARTESIAN_POINT ( 'NONE',  ( -34.77151501752836538, -1.396695657129539914, -10.00000000000000178 ) ) ;
#3435 = ADVANCED_FACE ( 'NONE', ( #7003 ), #1848, .T. ) ;
#3436 = DIRECTION ( 'NONE',  ( -1.000000000000000000, 0.000000000000000000, 0.000000000000000000 ) ) ;
#3437 = CARTESIAN_POINT ( 'NONE',  ( 50.70362689986652072, 23.79712329133352355, -22.03231568273206165 ) ) ;
#3438 = ORIENTED_EDGE ( 'NONE', *, *, #1992, .T. ) ;
#3439 = VERTEX_POINT ( 'NONE', #5134 ) ;
#3440 = CARTESIAN_POINT ( 'NONE',  ( -10.47380404903821649, -4.892997066247143145, 16.60000000000000142 ) ) ;
#3441 = CARTESIAN_POINT ( 'NONE',  ( 33.07342487222842919, 23.75212030168184896, -4.991442832807406305 ) ) ;
#3442 = CARTESIAN_POINT ( 'NONE',  ( 3.571152655094366857, 22.21769752870136827, 12.49999999999999822 ) ) ;
#3443 = CARTESIAN_POINT ( 'NONE',  ( 27.56338665886103811, 12.23952334581621848, -14.70000000000000284 ) ) ;
#3444 = CARTESIAN_POINT ( 'NONE',  ( 4.130498711763927133, 11.53325383155556061, 20.19999999999999929 ) ) ;
#3445 = CARTESIAN_POINT ( 'NONE',  ( -31.26600263493999776, 27.49445797275911119, 20.10000000000000142 ) ) ;
#3446 = FACE_OUTER_BOUND ( 'NONE', #7866, .T. ) ;
#3447 = DIRECTION ( 'NONE',  ( -0.6463027959179772353, -0.2869907916979924645, -0.7070565617184844109 ) ) ;
#3448 = DIRECTION ( 'NONE',  ( 0.000000000000000000, 0.000000000000000000, 1.000000000000000000 ) ) ;
#3449 = LINE ( 'NONE', #967, #4375 ) ;
#3450 = ORIENTED_EDGE ( 'NONE', *, *, #1078, .F. ) ;
#3451 = B_SPLINE_CURVE_WITH_KNOTS ( 'NONE', 3,
 ( #1132, #6282, #5058, #2936 ),
 .UNSPECIFIED., .F., .F.,
 ( 4, 4 ),
 ( 0.000000000000000000, 1.000000000000000000 ),
 .UNSPECIFIED. ) ;
#3452 = PLANE ( 'NONE',  #5248 ) ;
#3453 = EDGE_LOOP ( 'NONE', ( #3386, #7595, #5041, #1398 ) ) ;
#3454 = CARTESIAN_POINT ( 'NONE',  ( 32.68089013294508760, 24.17891885686510633, -4.999799439439669868 ) ) ;
#3455 = CARTESIAN_POINT ( 'NONE',  ( -40.54095970802679005, -18.35630852691025794, -20.04512421095780184 ) ) ;
#3456 = DIRECTION ( 'NONE',  ( -0.000000000000000000, -0.000000000000000000, 1.000000000000000000 ) ) ;
#3457 = DIRECTION ( 'NONE',  ( 0.2324883659477310349, -0.9725991773073602298, 0.000000000000000000 ) ) ;
#3458 = AXIS2_PLACEMENT_3D ( 'NONE', #3051, #7039, #1168 ) ;
#3459 = DIRECTION ( 'NONE',  ( -1.000000000000000000, 0.000000000000000000, 0.000000000000000000 ) ) ;
#3460 = VERTEX_POINT ( 'NONE', #1925 ) ;
#3461 = ORIENTED_EDGE ( 'NONE', *, *, #2451, .F. ) ;
#3462 = CARTESIAN_POINT ( 'NONE',  ( 35.31472491911619471, 15.28222511046202925, -7.495391079703710879 ) ) ;
#3463 = VERTEX_POINT ( 'NONE', #648 ) ;
#3464 = CARTESIAN_POINT ( 'NONE',  ( 37.17008410282441844, 14.56662116533338747, 10.18913680133493571 ) ) ;
#3465 = DIRECTION ( 'NONE',  ( -1.000000000000000000, 0.000000000000000000, 0.000000000000000000 ) ) ;
#3466 = EDGE_CURVE ( 'NONE', #2503, #599, #3219, .T. ) ;
#3467 = ORIENTED_EDGE ( 'NONE', *, *, #2395, .T. ) ;
#3468 = CARTESIAN_POINT ( 'NONE',  ( -54.47319058289571103, -2.997211948770515555, -2.924884108004956129 ) ) ;
#3469 = FILL_AREA_STYLE_COLOUR ( '', #1060 ) ;
#3470 = EDGE_CURVE ( 'NONE', #7072, #3520, #6353, .T. ) ;
#3471 = DIRECTION ( 'NONE',  ( -1.000000000000000000, 0.000000000000000000, 0.000000000000000000 ) ) ;
#3472 = CARTESIAN_POINT ( 'NONE',  ( -27.07253306739572807, -8.904982175564185809, 14.93208371223082587 ) ) ;
#3473 = VERTEX_POINT ( 'NONE', #5641 ) ;
#3474 = CIRCLE ( 'NONE', #241, 1.125000000000000888 ) ;
#3475 = FACE_OUTER_BOUND ( 'NONE', #1158, .T. ) ;
#3476 = DIRECTION ( 'NONE',  ( 0.000000000000000000, -1.000000000000000000, 0.000000000000000000 ) ) ;
#3477 = EDGE_LOOP ( 'NONE', ( #7528, #5109, #7643, #2589 ) ) ;
#3478 = ORIENTED_EDGE ( 'NONE', *, *, #5907, .T. ) ;
#3479 = DIRECTION ( 'NONE',  ( 0.000000000000000000, 1.000000000000000000, -0.000000000000000000 ) ) ;
#3480 = CYLINDRICAL_SURFACE ( 'NONE', #3884, 1.125000000000000888 ) ;
#3481 = CARTESIAN_POINT ( 'NONE',  ( 7.186952852967609218, 46.43450517825943535, 15.09999999999999964 ) ) ;
#3482 = DIRECTION ( 'NONE',  ( -0.9139452746408243122, -0.4058374489394839246, 0.000000000000000000 ) ) ;
#3483 = CARTESIAN_POINT ( 'NONE',  ( -20.25529010394440022, -8.994362672912270540, -14.70000000000000284 ) ) ;
#3484 =( BOUNDED_SURFACE ( )  B_SPLINE_SURFACE ( 3, 2, ( 
 ( #4271, #8092, #389 ),
 ( #346, #4231, #6133 ),
 ( #3632, #6769, #2876 ),
 ( #6217, #982, #8175 ),
 ( #1065, #4985, #1579 ),
 ( #6848, #6724, #431 ),
 ( #5540, #2916, #3677 ),
 ( #2996, #1738, #6256 ),
 ( #2334, #1617, #468 ),
 ( #3035, #5581, #2414 ),
 ( #4824, #6897, #8056 ),
 ( #4155, #6810, #938 ),
 ( #5620, #1111, #7495 ),
 ( #4903, #7416, #5495 ),
 ( #3553, #8212, #1701 ),
 ( #1020, #3590, #4863 ),
 ( #2373, #2953, #3514 ),
 ( #2290, #6173, #8134 ),
 ( #6092, #5457, #309 ),
 ( #7455, #1659, #4945 ),
 ( #2246, #4195, #7534 ),
 ( #4311, #2019, #158 ),
 ( #4009, #3925, #7229 ),
 ( #6583, #7190, #708 ),
 ( #7140, #78, #7817 ),
 ( #5184, #36, #5221 ) ),
 .UNSPECIFIED., .F., .F., .T. ) 
 B_SPLINE_SURFACE_WITH_KNOTS ( ( 4, 2, 2, 2, 2, 2, 2, 2, 2, 2, 2, 2, 4 ),
 ( 3, 3 ),
 ( 0.04473162107085131706, 0.04679125751612323025, 0.04885089396139513651, 0.05297016685193894903, 0.05502980329721085528, 0.05708943974248276154, 0.06120871263302657406, 0.06326834907829848031, 0.06532798552357038657, 0.06944725841411419909, 0.07150689485938610535, 0.07356653130465801160, 0.07768580419520183800 ),
 ( 0.000000000000000000, 1.000000000000000000 ),
 .UNSPECIFIED. ) 
 GEOMETRIC_REPRESENTATION_ITEM ( )  RATIONAL_B_SPLINE_SURFACE ( (
 ( 1.000000000000000000, 0.8875621284095469576, 1.000000000000000000),
 ( 1.000000000000000000, 0.8906592811215715555, 1.000000000000000000),
 ( 1.000000000000000000, 0.8938092165748100504, 1.000000000000000000),
 ( 1.000000000000000000, 0.9002078670135372773, 1.000000000000000000),
 ( 1.000000000000000000, 0.9034690857755650617, 1.000000000000000000),
 ( 1.000000000000000000, 0.9132983453768772630, 1.000000000000000000),
 ( 1.000000000000000000, 0.9198387670499013069, 1.000000000000000000),
 ( 1.000000000000000000, 0.9295407273066695897, 1.000000000000000000),
 ( 1.000000000000000000, 0.9327563119819103354, 1.000000000000000000),
 ( 1.000000000000000000, 0.9391316679302600390, 1.000000000000000000),
 ( 1.000000000000000000, 0.9422924701942851922, 1.000000000000000000),
 ( 1.000000000000000000, 0.9514990832385170627, 1.000000000000000000),
 ( 1.000000000000000000, 0.9573283533084649966, 1.000000000000000000),
 ( 1.000000000000000000, 0.9655053468884927659, 1.000000000000000000),
 ( 1.000000000000000000, 0.9681360686669260307, 1.000000000000000000),
 ( 1.000000000000000000, 0.9731832528147363881, 1.000000000000000000),
 ( 1.000000000000000000, 0.9755874422748360697, 1.000000000000000000),
 ( 1.000000000000000000, 0.9823417584991792628, 1.000000000000000000),
 ( 1.000000000000000000, 0.9862701481335536258, 1.000000000000000000),
 ( 1.000000000000000000, 0.9911778991705940678, 1.000000000000000000),
 ( 1.000000000000000000, 0.9926488646693178985, 1.000000000000000000),
 ( 1.000000000000000000, 0.9952282896653308342, 1.000000000000000000),
 ( 1.000000000000000000, 0.9963357971059388918, 1.000000000000000000),
 ( 1.000000000000000000, 0.9990259895782700461, 1.000000000000000000),
 ( 1.000000000000000000, 0.9999969374880127715, 1.000000000000000000),
 ( 1.000000000000000000, 1.000000000000000000, 1.000000000000000000) ) ) 
 REPRESENTATION_ITEM ( '' )  SURFACE ( )  );
#3485 = ADVANCED_FACE ( 'NONE', ( #2437 ), #2517, .F. ) ;
#3486 = CARTESIAN_POINT ( 'NONE',  ( 47.34037069755125771, 38.76329294715094420, -2.407444835499610747 ) ) ;
#3487 = CARTESIAN_POINT ( 'NONE',  ( -32.22180026985761003, -15.03670521928381554, -9.304010379380819984 ) ) ;
#3488 = LINE ( 'NONE', #2860, #132 ) ;
#3489 = CARTESIAN_POINT ( 'NONE',  ( -28.71776423276869394, -14.93597343293877167, -1.712284547715192229 ) ) ;
#3490 = ORIENTED_EDGE ( 'NONE', *, *, #3945, .F. ) ;
#3491 = VECTOR ( 'NONE', #2815, 1000.000000000000114 ) ;
#3492 = CIRCLE ( 'NONE', #4566, 32.16057989992779653 ) ;
#3493 = FACE_BOUND ( 'NONE', #664, .T. ) ;
#3494 = ORIENTED_EDGE ( 'NONE', *, *, #7253, .F. ) ;
#3495 = CARTESIAN_POINT ( 'NONE',  ( -48.84294689279354174, -8.284389416617049307, -2.675592887094626615 ) ) ;
#3496 = CARTESIAN_POINT ( 'NONE',  ( 48.23485871879512388, 21.61166603091658445, -14.70000000000000462 ) ) ;
#3497 = LINE ( 'NONE', #8045, #542 ) ;
#3498 = EDGE_CURVE ( 'NONE', #570, #4480, #2443, .T. ) ;
#3499 = ORIENTED_EDGE ( 'NONE', *, *, #2650, .T. ) ;
#3500 = CIRCLE ( 'NONE', #3362, 1.500000000000582423 ) ;
#3501 = AXIS2_PLACEMENT_3D ( 'NONE', #1717, #6957, #8191 ) ;
#3502 = CARTESIAN_POINT ( 'NONE',  ( 0.000000000000000000, 0.000000000000000000, -14.70000000000000284 ) ) ;
#3503 = ORIENTED_EDGE ( 'NONE', *, *, #715, .T. ) ;
#3504 = EDGE_CURVE ( 'NONE', #4364, #428, #1905, .T. ) ;
#3505 = ORIENTED_EDGE ( 'NONE', *, *, #4265, .T. ) ;
#3506 = B_SPLINE_CURVE_WITH_KNOTS ( 'NONE', 3,
 ( #6727, #2209, #941, #7919, #5968, #5497, #4157, #4866, #3517, #855, #2879, #2249, #6689, #6646, #7418, #903 ),
 .UNSPECIFIED., .F., .F.,
 ( 4, 2, 2, 2, 2, 2, 2, 4 ),
 ( 0.000000000000000000, 0.001173208350098534167, 0.002346416700197068335, 0.003519625050295605104, 0.004692833400394142741, 0.005866041750492679945, 0.007039250100591216280, 0.009385666800788308034 ),
 .UNSPECIFIED. ) ;
#3507 = CIRCLE ( 'NONE', #1226, 2.850000000000000089 ) ;
#3508 = VECTOR ( 'NONE', #8165, 1000.000000000000000 ) ;
#3509 = CIRCLE ( 'NONE', #2709, 1.049999999999998934 ) ;
#3510 = CARTESIAN_POINT ( 'NONE',  ( -16.67235263888314378, 47.39760212532419814, 15.59999999999999964 ) ) ;
#3511 = ORIENTED_EDGE ( 'NONE', *, *, #572, .F. ) ;
#3512 = CONICAL_SURFACE ( 'NONE', #7170, 33.34419726574434151, 0.2316997567385969403 ) ;
#3513 = CARTESIAN_POINT ( 'NONE',  ( 34.75455091194758950, 24.35440865404303423, 11.27755086098517978 ) ) ;
#3514 = CARTESIAN_POINT ( 'NONE',  ( -23.31606296513182741, -10.75277944011950026, -14.69999999999991225 ) ) ;
#3515 = EDGE_CURVE ( 'NONE', #6208, #4722, #1504, .T. ) ;
#3516 = ORIENTED_EDGE ( 'NONE', *, *, #7071, .T. ) ;
#3517 = CARTESIAN_POINT ( 'NONE',  ( 38.82685642689714456, 16.87698390556462513, 1.828256541044128936 ) ) ;
#3518 = CARTESIAN_POINT ( 'NONE',  ( -32.74878683259597523, -6.620943224223841739, 12.10000000000029985 ) ) ;
#3519 = CARTESIAN_POINT ( 'NONE',  ( 48.78079961880882109, 23.19924575893497476, -22.13619748345076488 ) ) ;
#3520 = VERTEX_POINT ( 'NONE', #7928 ) ;
#3521 = CIRCLE ( 'NONE', #8261, 1.750000000000001554 ) ;
#3522 = CIRCLE ( 'NONE', #4599, 2.099999999999999645 ) ;
#3523 = DIRECTION ( 'NONE',  ( 0.000000000000000000, -1.000000000000000000, 0.000000000000000000 ) ) ;
#3524 = ADVANCED_FACE ( 'NONE', ( #2048 ), #102, .F. ) ;
#3525 = CARTESIAN_POINT ( 'NONE',  ( 43.31566850058818829, 40.43479358496441023, -2.927881913500061106 ) ) ;
#3526 = EDGE_LOOP ( 'NONE', ( #2749, #709, #2783, #600 ) ) ;
#3527 = EDGE_CURVE ( 'NONE', #2208, #2606, #7974, .T. ) ;
#3528 = ORIENTED_EDGE ( 'NONE', *, *, #5275, .T. ) ;
#3529 = DIRECTION ( 'NONE',  ( 1.000000000000000000, 0.000000000000000000, 0.000000000000000000 ) ) ;
#3530 = CARTESIAN_POINT ( 'NONE',  ( 45.31277111254478029, 35.93732175248515404, -2.407444835499587654 ) ) ;
#3531 = EDGE_CURVE ( 'NONE', #5704, #2370, #4324, .T. ) ;
#3532 = CARTESIAN_POINT ( 'NONE',  ( 47.34037069755125771, 38.76329294715094420, -2.407444835499610747 ) ) ;
#3533 = LINE ( 'NONE', #6024, #406 ) ;
#3534 = CARTESIAN_POINT ( 'NONE',  ( 40.88081228647654797, 22.38425255557722693, 2.771178071942646870 ) ) ;
#3535 = DIRECTION ( 'NONE',  ( 1.000000000000000000, 0.000000000000000000, 0.000000000000000000 ) ) ;
#3536 = CARTESIAN_POINT ( 'NONE',  ( 19.53649960956662568, 7.733701070753433271, 15.99999999999999645 ) ) ;
#3537 = LINE ( 'NONE', #2897, #809 ) ;
#3538 = DIRECTION ( 'NONE',  ( 0.000000000000000000, 0.000000000000000000, -1.000000000000000000 ) ) ;
#3539 = B_SPLINE_SURFACE_WITH_KNOTS ( 'NONE', 3, 1, ( 
 ( #1422, #6571 ),
 ( #3395, #3525 ),
 ( #7930, #6100 ),
 ( #5975, #2685 ) ),
 .UNSPECIFIED., .F., .F., .F.,
 ( 4, 4 ),
 ( 2, 2 ),
 ( 0.000000000000000000, 1.000000000000000000 ),
 ( 0.000000000000000000, 1.000000000000000000 ),
 .UNSPECIFIED. ) ;
#3540 = CARTESIAN_POINT ( 'NONE',  ( 24.58534138942418323, 9.911224821055039769, -14.64730610257586108 ) ) ;
#3541 = ORIENTED_EDGE ( 'NONE', *, *, #997, .F. ) ;
#3542 = CARTESIAN_POINT ( 'NONE',  ( -33.86052091326647684, -15.43504656579859358, -13.86407909775888037 ) ) ;
#3543 = LINE ( 'NONE', #1686, #2978 ) ;
#3544 = CARTESIAN_POINT ( 'NONE',  ( -54.08820007025626353, -3.864209956775448429, -2.675592887099885964 ) ) ;
#3545 = EDGE_LOOP ( 'NONE', ( #5458, #6266, #2372, #7062 ) ) ;
#3546 = CARTESIAN_POINT ( 'NONE',  ( -2.084007586511666954, 4.693181693767192186, -3.147570598082984654E-16 ) ) ;
#3547 = EDGE_LOOP ( 'NONE', ( #5788, #3856 ) ) ;
#3548 = VERTEX_POINT ( 'NONE', #3955 ) ;
#3549 = VECTOR ( 'NONE', #34, 1000.000000000000000 ) ;
#3550 = DIRECTION ( 'NONE',  ( -1.000000000000000000, 0.000000000000000000, 0.000000000000000000 ) ) ;
#3551 = VERTEX_POINT ( 'NONE', #6570 ) ;
#3552 = DIRECTION ( 'NONE',  ( -0.4686024488652370534, 0.8834091605351979126, -1.110223024625156171E-16 ) ) ;
#3553 = CARTESIAN_POINT ( 'NONE',  ( -16.35376538369949984, -13.35565453659067359, -13.16963693493961074 ) ) ;
#3554 = ORIENTED_EDGE ( 'NONE', *, *, #7047, .T. ) ;
#3555 = CARTESIAN_POINT ( 'NONE',  ( 12.93049871176392429, 31.13800383155554385, 18.09999999999999787 ) ) ;
#3556 = CARTESIAN_POINT ( 'NONE',  ( -30.93796901600140714, -14.97761827861755890, -6.290827083657521079 ) ) ;
#3557 = DIRECTION ( 'NONE',  ( -1.000000000000000000, 0.000000000000000000, 0.000000000000000000 ) ) ;
#3558 = ORIENTED_EDGE ( 'NONE', *, *, #7813, .T. ) ;
#3559 = CIRCLE ( 'NONE', #2487, 1.749999999999999778 ) ;
#3560 = LINE ( 'NONE', #1630, #416 ) ;
#3561 = CARTESIAN_POINT ( 'NONE',  ( 37.20542105155123380, 13.97943732489717661, -2.494413397865223647 ) ) ;
#3562 = EDGE_CURVE ( 'NONE', #473, #3576, #4406, .T. ) ;
#3563 = ORIENTED_EDGE ( 'NONE', *, *, #6808, .F. ) ;
#3564 = CIRCLE ( 'NONE', #4782, 1.125000000000000888 ) ;
#3565 = ORIENTED_EDGE ( 'NONE', *, *, #8080, .F. ) ;
#3566 = DIRECTION ( 'NONE',  ( 0.000000000000000000, 0.000000000000000000, -1.000000000000000000 ) ) ;
#3567 = CARTESIAN_POINT ( 'NONE',  ( -35.62450437646651835, 22.30218152664974696, 12.49999999999999822 ) ) ;
#3568 = CARTESIAN_POINT ( 'NONE',  ( -42.39283647884003159, 3.227412626045741639, 7.888774689360100290 ) ) ;
#3569 = DIRECTION ( 'NONE',  ( 1.000000000000000000, 0.000000000000000000, 0.000000000000000000 ) ) ;
#3570 = DIRECTION ( 'NONE',  ( 1.000000000000000000, 0.000000000000000000, 0.000000000000000000 ) ) ;
#3571 = CARTESIAN_POINT ( 'NONE',  ( -50.50138226950062403, -11.94171780768553681, -3.646060191175398923 ) ) ;
#3572 = CARTESIAN_POINT ( 'NONE',  ( 47.32999430129216734, 21.71319831375607379, 0.9576660188070608148 ) ) ;
#3573 = CARTESIAN_POINT ( 'NONE',  ( 2.630498711763928466, 6.518839812605192899E-16, 18.09999999999999787 ) ) ;
#3574 = PLANE ( 'NONE',  #2753 ) ;
#3575 = CARTESIAN_POINT ( 'NONE',  ( 27.38645408868764619, 11.76167601676734265, -14.70000000000004725 ) ) ;
#3576 = VERTEX_POINT ( 'NONE', #4703 ) ;
#3577 = CARTESIAN_POINT ( 'NONE',  ( 32.76542893926216493, 24.21645831841065188, -4.996850721670954343 ) ) ;
#3578 = EDGE_CURVE ( 'NONE', #4156, #1564, #6214, .T. ) ;
#3579 = CARTESIAN_POINT ( 'NONE',  ( 15.35737535980886825, 45.40694055502255111, 22.50000000000000000 ) ) ;
#3580 = DIRECTION ( 'NONE',  ( 0.000000000000000000, 1.000000000000000000, -0.000000000000000000 ) ) ;
#3581 = DIRECTION ( 'NONE',  ( -0.000000000000000000, -0.000000000000000000, 1.000000000000000000 ) ) ;
#3582 = DIRECTION ( 'NONE',  ( 0.9139452746408239792, 0.4058374489394844797, -8.326672684688671588E-17 ) ) ;
#3583 = ORIENTED_EDGE ( 'NONE', *, *, #5902, .F. ) ;
#3584 = ORIENTED_EDGE ( 'NONE', *, *, #3165, .T. ) ;
#3585 = VECTOR ( 'NONE', #2169, 1000.000000000000000 ) ;
#3586 = ORIENTED_EDGE ( 'NONE', *, *, #5618, .F. ) ;
#3587 = ORIENTED_EDGE ( 'NONE', *, *, #4251, .T. ) ;
#3588 = AXIS2_PLACEMENT_3D ( 'NONE', #6739, #321, #2890 ) ;
#3589 = CARTESIAN_POINT ( 'NONE',  ( 37.58803225925357339, 15.15449335575116230, 9.839781648377032397 ) ) ;
#3590 = CARTESIAN_POINT ( 'NONE',  ( -19.98559204945379264, -11.45550855754504127, -13.26042230034156688 ) ) ;
#3591 = DIRECTION ( 'NONE',  ( 0.4058374489394845908, -0.9139452746408239792, 0.000000000000000000 ) ) ;
#3592 = DIRECTION ( 'NONE',  ( -0.000000000000000000, -0.000000000000000000, -1.000000000000000000 ) ) ;
#3593 = CARTESIAN_POINT ( 'NONE',  ( 35.03108284447141330, 10.39596218746974898, 4.468727162210686110 ) ) ;
#3594 = ORIENTED_EDGE ( 'NONE', *, *, #3738, .F. ) ;
#3595 = ADVANCED_FACE ( 'NONE', ( #185 ), #2087, .F. ) ;
#3596 = EDGE_LOOP ( 'NONE', ( #5002, #7574, #977, #7373 ) ) ;
#3597 = FACE_OUTER_BOUND ( 'NONE', #1793, .T. ) ;
#3598 = CARTESIAN_POINT ( 'NONE',  ( 17.96149960956662639, 7.733701070753433271, 15.99999999999999645 ) ) ;
#3599 = ADVANCED_FACE ( 'NONE', ( #862 ), #3349, .T. ) ;
#3601 = VERTEX_POINT ( 'NONE', #4080 ) ;
#3600 = ORIENTED_EDGE ( 'NONE', *, *, #8005, .F. ) ;
#3602 = EDGE_LOOP ( 'NONE', ( #2200, #6210 ) ) ;
#3603 = DIRECTION ( 'NONE',  ( -0.000000000000000000, -0.000000000000000000, 1.000000000000000000 ) ) ;
#3604 = CARTESIAN_POINT ( 'NONE',  ( -33.97857416062088021, -6.216427037521618182, 11.35040003871259628 ) ) ;
#3605 = CARTESIAN_POINT ( 'NONE',  ( -42.81544770574982550, 3.139294856105475429, 7.442308602932460104 ) ) ;
#3606 = CARTESIAN_POINT ( 'NONE',  ( -25.97550218603879202, 23.54230659235769707, 16.60000000000000142 ) ) ;
#3607 = CARTESIAN_POINT ( 'NONE',  ( 1.872907540648769853, -4.217784733981901013, -21.35000000000000497 ) ) ;
#3608 = AXIS2_PLACEMENT_3D ( 'NONE', #6784, #957, #3650 ) ;
#3609 = CARTESIAN_POINT ( 'NONE',  ( -47.99647027695431944, -17.58277553895202416, -9.548796757612347363 ) ) ;
#3610 = CARTESIAN_POINT ( 'NONE',  ( 50.82680931760787502, 22.35987280180564696, -2.188504495763558211 ) ) ;
#3611 = CARTESIAN_POINT ( 'NONE',  ( -48.84294689279367674, -8.284389416616669166, -2.675592887096549077 ) ) ;
#3612 = LINE ( 'NONE', #7606, #3977 ) ;
#3613 = AXIS2_PLACEMENT_3D ( 'NONE', #4697, #2042, #6647 ) ;
#3614 = CARTESIAN_POINT ( 'NONE',  ( 32.26141730866311974, 5.906147303251816361, -8.959443460944500615 ) ) ;
#3615 = ORIENTED_EDGE ( 'NONE', *, *, #3515, .F. ) ;
#3616 = DIRECTION ( 'NONE',  ( 0.000000000000000000, 0.000000000000000000, -1.000000000000000000 ) ) ;
#3617 = CARTESIAN_POINT ( 'NONE',  ( -2.569501288236065495, 15.63800383155555096, 14.49999999999999822 ) ) ;
#3618 = CARTESIAN_POINT ( 'NONE',  ( 37.20008297008920550, 13.97246488458189084, -3.700000000000003730 ) ) ;
#3619 = CARTESIAN_POINT ( 'NONE',  ( 21.93049871176480892, 3.033253831555559721, 20.10000000000000142 ) ) ;
#3620 = ADVANCED_FACE ( 'NONE', ( #695 ), #225, .F. ) ;
#3621 = ORIENTED_EDGE ( 'NONE', *, *, #8044, .T. ) ;
#3622 = CARTESIAN_POINT ( 'NONE',  ( 40.08426341531995973, 17.03725959125347345, -8.811656707664084820 ) ) ;
#3623 = VECTOR ( 'NONE', #244, 1000.000000000000114 ) ;
#3624 = EDGE_CURVE ( 'NONE', #8141, #7177, #280, .T. ) ;
#3625 = ORIENTED_EDGE ( 'NONE', *, *, #6777, .T. ) ;
#3626 = EDGE_CURVE ( 'NONE', #864, #6005, #7462, .T. ) ;
#3627 = EDGE_CURVE ( 'NONE', #2529, #3171, #316, .T. ) ;
#3628 = ORIENTED_EDGE ( 'NONE', *, *, #100, .T. ) ;
#3629 = ADVANCED_FACE ( 'NONE', ( #3597 ), #948, .T. ) ;
#3630 = ORIENTED_EDGE ( 'NONE', *, *, #5486, .F. ) ;
#3631 = CARTESIAN_POINT ( 'NONE',  ( 35.28654614879588536, 11.18893260601582007, 11.58342430709799586 ) ) ;
#3632 = CARTESIAN_POINT ( 'NONE',  ( -19.02792438517109730, -16.83371435451852705, -8.492938848721257372 ) ) ;
#3633 = VECTOR ( 'NONE', #6237, 1000.000000000000000 ) ;
#3634 = VECTOR ( 'NONE', #6867, 1000.000000000000227 ) ;
#3635 = DIRECTION ( 'NONE',  ( 0.000000000000000000, 1.000000000000000000, -0.000000000000000000 ) ) ;
#3636 = CARTESIAN_POINT ( 'NONE',  ( 12.93049871176392429, 0.1380038315555598971, 18.09999999999999787 ) ) ;
#3637 = DIRECTION ( 'NONE',  ( -5.567976301071580056E-16, -2.472460179489899479E-16, -1.000000000000000000 ) ) ;
#3638 = ORIENTED_EDGE ( 'NONE', *, *, #4510, .F. ) ;
#3639 = AXIS2_PLACEMENT_3D ( 'NONE', #3510, #6088, #306 ) ;
#3640 = AXIS2_PLACEMENT_3D ( 'NONE', #2539, #7743, #5875 ) ;
#3641 = VERTEX_POINT ( 'NONE', #4162 ) ;
#3642 = CARTESIAN_POINT ( 'NONE',  ( -0.4395012882360722628, -4.451996168444437352, 20.10000000000000142 ) ) ;
#3643 = CARTESIAN_POINT ( 'NONE',  ( 31.66169968575362148, 28.10297694703659843, -10.00000000000000178 ) ) ;
#3644 = AXIS2_PLACEMENT_3D ( 'NONE', #3716, #3155, #1191 ) ;
#3645 = AXIS2_PLACEMENT_3D ( 'NONE', #3831, #1295, #8359 ) ;
#3647 = ORIENTED_EDGE ( 'NONE', *, *, #304, .F. ) ;
#3646 = VERTEX_POINT ( 'NONE', #7544 ) ;
#3648 = EDGE_LOOP ( 'NONE', ( #6252, #3528 ) ) ;
#3649 = CARTESIAN_POINT ( 'NONE',  ( 51.55560942038901828, 29.27058220227573671, -6.409287478501185298 ) ) ;
#3650 = DIRECTION ( 'NONE',  ( -0.4058374489394845908, 0.9139452746408239792, 0.000000000000000000 ) ) ;
#3651 = DIRECTION ( 'NONE',  ( 0.000000000000000000, -0.000000000000000000, -1.000000000000000000 ) ) ;
#3652 = CARTESIAN_POINT ( 'NONE',  ( 43.70394431632191612, 39.56039707972697528, -2.675592887096305716 ) ) ;
#3653 = CARTESIAN_POINT ( 'NONE',  ( 45.16621202798754808, 25.52615598397269636, -2.818560964285889536 ) ) ;
#3654 = CIRCLE ( 'NONE', #2581, 14.99999999999999822 ) ;
#3655 = B_SPLINE_CURVE_WITH_KNOTS ( 'NONE', 3,
 ( #5431, #2809, #3441, #6064 ),
 .UNSPECIFIED., .F., .F.,
 ( 4, 4 ),
 ( 0.0001378646646271412389, 0.001786008266188801206 ),
 .UNSPECIFIED. ) ;
#3656 = CARTESIAN_POINT ( 'NONE',  ( -49.70384183066359896, -13.73777757820337087, -4.861310987193600219 ) ) ;
#3657 = CARTESIAN_POINT ( 'NONE',  ( 42.62906309137159155, 34.36726425238887117, 0.6748340197241364802 ) ) ;
#3659 = AXIS2_PLACEMENT_3D ( 'NONE', #5111, #1950, #1909 ) ;
#3658 = CARTESIAN_POINT ( 'NONE',  ( 17.96149960956662639, 7.733701070753433271, 15.99999999999999645 ) ) ;
#3660 = CARTESIAN_POINT ( 'NONE',  ( -41.35272403067966707, -16.52821659318327718, -22.15000000000000213 ) ) ;
#3661 = CARTESIAN_POINT ( 'NONE',  ( 31.29098466743104012, 5.632262830035900336, -10.31147908022073523 ) ) ;
#3662 = DIRECTION ( 'NONE',  ( 0.000000000000000000, 0.000000000000000000, -1.000000000000000000 ) ) ;
#3663 = AXIS2_PLACEMENT_3D ( 'NONE', #5385, #3566, #6698 ) ;
#3664 = DIRECTION ( 'NONE',  ( 0.000000000000000000, 0.000000000000000000, -1.000000000000000000 ) ) ;
#3665 = DIRECTION ( 'NONE',  ( -0.000000000000000000, -0.000000000000000000, 1.000000000000000000 ) ) ;
#3666 = CARTESIAN_POINT ( 'NONE',  ( -53.19360951293939621, -5.878826436192476912, -2.407444835499600089 ) ) ;
#3667 = CIRCLE ( 'NONE', #836, 2.099999999999996092 ) ;
#3668 = DIRECTION ( 'NONE',  ( -0.4058374489394846463, 0.9139452746408242012, 0.000000000000000000 ) ) ;
#3669 = EDGE_LOOP ( 'NONE', ( #5713, #2338, #1207, #8119, #6139, #3981, #1146, #1964, #7945, #5455, #5300, #3396 ) ) ;
#3670 = PLANE ( 'NONE',  #7065 ) ;
#3671 = VERTEX_POINT ( 'NONE', #4120 ) ;
#3672 = EDGE_CURVE ( 'NONE', #1692, #5710, #272, .T. ) ;
#3673 = CARTESIAN_POINT ( 'NONE',  ( -47.14389711136827543, -19.50276892055493505, -22.07649650625657500 ) ) ;
#3674 = VERTEX_POINT ( 'NONE', #6099 ) ;
#3675 = ORIENTED_EDGE ( 'NONE', *, *, #6007, .T. ) ;
#3676 = EDGE_CURVE ( 'NONE', #4861, #1836, #7987, .T. ) ;
#3677 = CARTESIAN_POINT ( 'NONE',  ( -30.24265786352437146, -13.82853428168318821, -14.69999999999990514 ) ) ;
#3678 = CARTESIAN_POINT ( 'NONE',  ( -15.80023022155579682, -10.17736156191507391, -14.42327378386188919 ) ) ;
#3679 = CARTESIAN_POINT ( 'NONE',  ( -10.47380404903821649, -4.892997066247143145, 20.10000000000000142 ) ) ;
#3680 = EDGE_CURVE ( 'NONE', #751, #1164, #5410, .T. ) ;
#3681 = EDGE_CURVE ( 'NONE', #3158, #6398, #8062, .T. ) ;
#3682 = CARTESIAN_POINT ( 'NONE',  ( 32.27583084826577675, 24.66337832151651455, -4.303174345558726799 ) ) ;
#3683 = VERTEX_POINT ( 'NONE', #2885 ) ;
#3684 = ORIENTED_EDGE ( 'NONE', *, *, #7651, .T. ) ;
#3685 = DIRECTION ( 'NONE',  ( 0.000000000000000000, 0.000000000000000000, -1.000000000000000000 ) ) ;
#3686 = CARTESIAN_POINT ( 'NONE',  ( 37.18451996978642882, 13.95269738713616547, -3.183803752492270434 ) ) ;
#3687 = EDGE_CURVE ( 'NONE', #558, #2991, #3560, .T. ) ;
#3688 = EDGE_LOOP ( 'NONE', ( #2340, #1406, #7661, #5960 ) ) ;
#3689 = VECTOR ( 'NONE', #177, 1000.000000000000114 ) ;
#3690 = ORIENTED_EDGE ( 'NONE', *, *, #5876, .T. ) ;
#3691 = DIRECTION ( 'NONE',  ( 0.000000000000000000, 1.000000000000000000, -0.000000000000000000 ) ) ;
#3692 = B_SPLINE_CURVE_WITH_KNOTS ( 'NONE', 3,
 ( #1791, #6941, #391, #3723, #3000, #4358, #1156, #5708 ),
 .UNSPECIFIED., .F., .F.,
 ( 4, 2, 2, 4 ),
 ( 0.000000000000000000, 0.002312687040596445812, 0.003469030560894666333, 0.004625374081192887288 ),
 .UNSPECIFIED. ) ;
#3693 = B_SPLINE_CURVE_WITH_KNOTS ( 'NONE', 3,
 ( #6178, #1115, #393, #2419, #4359, #6773, #3682, #986 ),
 .UNSPECIFIED., .F., .F.,
 ( 4, 2, 2, 4 ),
 ( 0.0001338470946441727965, 0.003896560492184755926, 0.005777917190955044781, 0.007659273889725334503 ),
 .UNSPECIFIED. ) ;
#3694 = FACE_OUTER_BOUND ( 'NONE', #7715, .T. ) ;
#3695 = CARTESIAN_POINT ( 'NONE',  ( 44.83631695841717146, 37.01029573230344738, -2.397531466759300844 ) ) ;
#3696 = CARTESIAN_POINT ( 'NONE',  ( 17.96149960956662639, 7.733701070753433271, 12.49999999999999822 ) ) ;
#3697 = VERTEX_POINT ( 'NONE', #3642 ) ;
#3698 = CARTESIAN_POINT ( 'NONE',  ( 45.28550362194012280, 25.27778402756817044, -3.183803752491074945 ) ) ;
#3699 = VECTOR ( 'NONE', #4610, 1000.000000000000000 ) ;
#3700 = CARTESIAN_POINT ( 'NONE',  ( -48.67237529880842573, -16.06063852955746185, -7.272540773087703414 ) ) ;
#3701 = CARTESIAN_POINT ( 'NONE',  ( 45.43483078644315754, 35.99283242367165059, -2.541489669460791578 ) ) ;
#3702 = DIRECTION ( 'NONE',  ( 1.000000000000000000, 0.000000000000000000, 0.000000000000000000 ) ) ;
#3703 = B_SPLINE_CURVE_WITH_KNOTS ( 'NONE', 3,
 ( #984, #7967, #3468, #6771 ),
 .UNSPECIFIED., .F., .F.,
 ( 4, 4 ),
 ( 0.000000000000000000, 1.000000000000000000 ),
 .UNSPECIFIED. ) ;
#3704 = DIRECTION ( 'NONE',  ( -1.000000000000000000, 0.000000000000000000, 0.000000000000000000 ) ) ;
#3705 = CARTESIAN_POINT ( 'NONE',  ( 29.94692368269526384, 10.63362868467281430, -12.87486597965815527 ) ) ;
#3706 = LINE ( 'NONE', #611, #2692 ) ;
#3707 = CARTESIAN_POINT ( 'NONE',  ( 24.84885695098861547, 27.81312729974014886, -33.93855045229617673 ) ) ;
#3708 = VECTOR ( 'NONE', #1119, 1000.000000000000000 ) ;
#3709 = LINE ( 'NONE', #657, #7025 ) ;
#3710 = CARTESIAN_POINT ( 'NONE',  ( 35.48210993574723915, 23.23448583088200436, -4.920293558453178839 ) ) ;
#3711 = CARTESIAN_POINT ( 'NONE',  ( 45.56335828553353906, 21.20552890895814002, 2.530730372429450536 ) ) ;
#3712 = ORIENTED_EDGE ( 'NONE', *, *, #7744, .F. ) ;
#3713 = LINE ( 'NONE', #1858, #851 ) ;
#3714 = VERTEX_POINT ( 'NONE', #4203 ) ;
#3715 = VERTEX_POINT ( 'NONE', #2301 ) ;
#3716 = CARTESIAN_POINT ( 'NONE',  ( -29.98785952746079531, 3.462880363371011683, -22.15000000000000213 ) ) ;
#3717 = ADVANCED_FACE ( 'NONE', ( #3475 ), #908, .T. ) ;
#3718 = B_SPLINE_CURVE_WITH_KNOTS ( 'NONE', 3,
 ( #5571, #3710, #1729, #458 ),
 .UNSPECIFIED., .F., .F.,
 ( 4, 4 ),
 ( 0.000000000000000000, 1.000000000000000000 ),
 .UNSPECIFIED. ) ;
#3719 = ORIENTED_EDGE ( 'NONE', *, *, #2604, .F. ) ;
#3720 = ORIENTED_EDGE ( 'NONE', *, *, #1582, .T. ) ;
#3721 = LINE ( 'NONE', #5666, #188 ) ;
#3722 = CARTESIAN_POINT ( 'NONE',  ( 25.46223044953828563, 31.25160461891051611, -3.700000000000003730 ) ) ;
#3723 = CARTESIAN_POINT ( 'NONE',  ( -20.33458870743740832, -17.02742751705726221, -6.346206560365168059 ) ) ;
#3724 = DIRECTION ( 'NONE',  ( -0.000000000000000000, -0.000000000000000000, -1.000000000000000000 ) ) ;
#3725 = ORIENTED_EDGE ( 'NONE', *, *, #802, .T. ) ;
#3726 = AXIS2_PLACEMENT_3D ( 'NONE', #4327, #1800, #7549 ) ;
#3727 = ORIENTED_EDGE ( 'NONE', *, *, #4407, .F. ) ;
#3728 = AXIS2_PLACEMENT_3D ( 'NONE', #4488, #6435, #689 ) ;
#3729 = DIRECTION ( 'NONE',  ( -0.000000000000000000, -0.000000000000000000, -1.000000000000000000 ) ) ;
#3730 = EDGE_CURVE ( 'NONE', #725, #5197, #2846, .T. ) ;
#3731 = CARTESIAN_POINT ( 'NONE',  ( -52.83649139348180768, -6.683055860115233671, -54.40744483566125211 ) ) ;
#3733 = ORIENTED_EDGE ( 'NONE', *, *, #3945, .T. ) ;
#3732 = ORIENTED_EDGE ( 'NONE', *, *, #2602, .F. ) ;
#3734 = EDGE_CURVE ( 'NONE', #6255, #7177, #4875, .T. ) ;
#3735 = ORIENTED_EDGE ( 'NONE', *, *, #6156, .F. ) ;
#3736 = CARTESIAN_POINT ( 'NONE',  ( 52.28359052702366938, 27.63116993469134997, -8.599857038707915180 ) ) ;
#3737 = CARTESIAN_POINT ( 'NONE',  ( -8.898804049038215425, -4.892997066247143145, 10.09999999999999964 ) ) ;
#3738 = EDGE_CURVE ( 'NONE', #2386, #6086, #3796, .T. ) ;
#3739 = DIRECTION ( 'NONE',  ( 0.000000000000000000, -1.000000000000000000, 0.000000000000000000 ) ) ;
#3740 = CARTESIAN_POINT ( 'NONE',  ( 34.46005763278732559, 33.58642074155849855, -1.536002386895972238E-15 ) ) ;
#3741 = ORIENTED_EDGE ( 'NONE', *, *, #2997, .T. ) ;
#3742 = FACE_OUTER_BOUND ( 'NONE', #4218, .T. ) ;
#3743 = PLANE ( 'NONE',  #3645 ) ;
#3744 = DIRECTION ( 'NONE',  ( 0.000000000000000000, 0.000000000000000000, -1.000000000000000000 ) ) ;
#3745 = CARTESIAN_POINT ( 'NONE',  ( 48.11173193213323884, 21.00992402021966043, -20.04512421095780184 ) ) ;
#3746 = DIRECTION ( 'NONE',  ( -0.9007684019845453305, -0.4342997651233633793, 0.000000000000000000 ) ) ;
#3747 = PLANE ( 'NONE',  #378 ) ;
#3748 = DIRECTION ( 'NONE',  ( 0.000000000000000000, 0.000000000000000000, -1.000000000000000000 ) ) ;
#3749 = DIRECTION ( 'NONE',  ( 1.000000000000000000, 0.000000000000000000, 0.000000000000000000 ) ) ;
#3750 = LINE ( 'NONE', #3111, #7439 ) ;
#3751 = EDGE_CURVE ( 'NONE', #6559, #3976, #8022, .T. ) ;
#3752 = CARTESIAN_POINT ( 'NONE',  ( 42.93641811536046049, 40.76861819074435545, -2.886758449375626867 ) ) ;
#3753 = DIRECTION ( 'NONE',  ( 0.4058374489394844797, -0.9139452746408240902, 0.000000000000000000 ) ) ;
#3754 = VERTEX_POINT ( 'NONE', #4793 ) ;
#3755 = DIRECTION ( 'NONE',  ( -0.000000000000000000, -0.000000000000000000, -1.000000000000000000 ) ) ;
#3756 = AXIS2_PLACEMENT_3D ( 'NONE', #8027, #2734, #4125 ) ;
#3757 = EDGE_LOOP ( 'NONE', ( #39, #2412, #5528, #5382 ) ) ;
#3758 = VERTEX_POINT ( 'NONE', #5548 ) ;
#3759 = CARTESIAN_POINT ( 'NONE',  ( -46.62958703431896623, -20.66099437719450194, -21.00851243511850441 ) ) ;
#3760 = EDGE_CURVE ( 'NONE', #8141, #8338, #5953, .T. ) ;
#3761 = EDGE_LOOP ( 'NONE', ( #637, #7384, #210, #7892 ) ) ;
#3762 = EDGE_CURVE ( 'NONE', #3551, #8258, #5042, .T. ) ;
#3763 = ORIENTED_EDGE ( 'NONE', *, *, #997, .T. ) ;
#3764 = CARTESIAN_POINT ( 'NONE',  ( -49.97531953488940104, -5.734288069192080783, -2.397531466759294183 ) ) ;
#3765 = CIRCLE ( 'NONE', #7843, 1.750000000000001554 ) ;
#3766 = CARTESIAN_POINT ( 'NONE',  ( -16.19862604068934431, -12.77990574752652542, -13.50448118071854786 ) ) ;
#3767 = CIRCLE ( 'NONE', #2821, 2.874999999999995559 ) ;
#3768 = CYLINDRICAL_SURFACE ( 'NONE', #4738, 1.499999999999742872 ) ;
#3769 = DIRECTION ( 'NONE',  ( -0.9139452746408245343, -0.4058374489394831475, 0.000000000000000000 ) ) ;
#3770 = ORIENTED_EDGE ( 'NONE', *, *, #1494, .F. ) ;
#3771 = ORIENTED_EDGE ( 'NONE', *, *, #3110, .T. ) ;
#3772 = AXIS2_PLACEMENT_3D ( 'NONE', #7910, #5320, #300 ) ;
#3773 = CARTESIAN_POINT ( 'NONE',  ( 36.81590799521270441, 26.01507376362513568, -9.664955880659885423 ) ) ;
#3774 = CARTESIAN_POINT ( 'NONE',  ( 48.94919749378441765, 35.14021761988590953, -2.675592887100079142 ) ) ;
#3775 = ORIENTED_EDGE ( 'NONE', *, *, #2139, .T. ) ;
#3776 = ORIENTED_EDGE ( 'NONE', *, *, #448, .T. ) ;
#3777 = DIRECTION ( 'NONE',  ( -0.000000000000000000, -0.000000000000000000, 1.000000000000000000 ) ) ;
#3778 = DIRECTION ( 'NONE',  ( -0.000000000000000000, -0.000000000000000000, -1.000000000000000000 ) ) ;
#3779 = LINE ( 'NONE', #8354, #1979 ) ;
#3780 = LINE ( 'NONE', #6999, #3634 ) ;
#3781 = VECTOR ( 'NONE', #1432, 1000.000000000000000 ) ;
#3782 = AXIS2_PLACEMENT_3D ( 'NONE', #6944, #6346, #7156 ) ;
#3783 = VECTOR ( 'NONE', #44, 1000.000000000000000 ) ;
#3784 = ORIENTED_EDGE ( 'NONE', *, *, #4550, .T. ) ;
#3785 = CARTESIAN_POINT ( 'NONE',  ( -4.269501288236071446, 0.000000000000000000, 16.60000000000000142 ) ) ;
#3786 = EDGE_CURVE ( 'NONE', #3285, #4720, #5815, .T. ) ;
#3787 = EDGE_CURVE ( 'NONE', #7714, #7448, #2172, .T. ) ;
#3788 = CARTESIAN_POINT ( 'NONE',  ( -44.38733346912520972, 2.473402239579047812, 5.785098111026568901 ) ) ;
#3789 = EDGE_CURVE ( 'NONE', #5547, #4954, #3654, .T. ) ;
#3790 = CARTESIAN_POINT ( 'NONE',  ( 51.24139002578825597, 22.58608160679559163, -20.18575762563243003 ) ) ;
#3791 = EDGE_CURVE ( 'NONE', #7783, #7658, #4409, .T. ) ;
#3792 = CARTESIAN_POINT ( 'NONE',  ( -37.72450437646652688, 22.30218152664974696, 12.49999999999999822 ) ) ;
#3793 = ADVANCED_FACE ( 'NONE', ( #8309 ), #4481, .T. ) ;
#3794 = CARTESIAN_POINT ( 'NONE',  ( 12.93049871176392429, 31.13800383155554385, 12.49999999999999822 ) ) ;
#3795 = CARTESIAN_POINT ( 'NONE',  ( 49.48264984409448175, 21.61868019362888660, -20.04512421095780184 ) ) ;
#3796 = CIRCLE ( 'NONE', #144, 17.50000000000000000 ) ;
#3797 = DIRECTION ( 'NONE',  ( 1.000000000000000000, 0.000000000000000000, 0.000000000000000000 ) ) ;
#3798 = CARTESIAN_POINT ( 'NONE',  ( 34.87037583160664411, 18.10129542863645824, 11.62858997927716054 ) ) ;
#3799 = CIRCLE ( 'NONE', #1105, 2.100000000000000977 ) ;
#3800 = CARTESIAN_POINT ( 'NONE',  ( 12.93049871176392429, 0.1380038315555598971, 20.10000000000000142 ) ) ;
#3801 = CYLINDRICAL_SURFACE ( 'NONE', #8288, 2.874999999999999112 ) ;
#3802 = DIRECTION ( 'NONE',  ( 1.000000000000000000, 0.000000000000000000, 0.000000000000000000 ) ) ;
#3803 = ORIENTED_EDGE ( 'NONE', *, *, #7510, .T. ) ;
#3804 = VERTEX_POINT ( 'NONE', #6305 ) ;
#3805 = CARTESIAN_POINT ( 'NONE',  ( -51.34636424633360008, -2.646697609957353148, -2.675592887101799988 ) ) ;
#3806 = B_SPLINE_CURVE_WITH_KNOTS ( 'NONE', 3,
 ( #5971, #7923, #3519, #223, #180, #2881, #2764, #4830, #7342, #5375, #6565, #4699, #6649, #7420, #859, #2170 ),
 .UNSPECIFIED., .F., .F.,
 ( 4, 2, 2, 2, 2, 2, 2, 4 ),
 ( 0.000000000000000000, 0.1249999999999998335, 0.2499999999999996669, 0.3749999999999995004, 0.4999999999999993339, 0.7500000000000007772, 0.8750000000000003331, 1.000000000000000000 ),
 .UNSPECIFIED. ) ;
#3807 = EDGE_CURVE ( 'NONE', #2946, #663, #7672, .T. ) ;
#3808 = CIRCLE ( 'NONE', #7050, 2.099999999999997868 ) ;
#3809 = ORIENTED_EDGE ( 'NONE', *, *, #1266, .T. ) ;
#3810 = EDGE_CURVE ( 'NONE', #5493, #5630, #3522, .T. ) ;
#3811 = ORIENTED_EDGE ( 'NONE', *, *, #7924, .T. ) ;
#3812 = DIRECTION ( 'NONE',  ( -1.000000000000000000, 0.000000000000000000, 0.000000000000000000 ) ) ;
#3813 = CARTESIAN_POINT ( 'NONE',  ( 23.31354048592362460, 9.953098509819310991, -14.70000000000000284 ) ) ;
#3814 = DIRECTION ( 'NONE',  ( -0.000000000000000000, 0.000000000000000000, 1.000000000000000000 ) ) ;
#3815 =( BOUNDED_SURFACE ( )  B_SPLINE_SURFACE ( 3, 2, ( 
 ( #764, #2634, #3338 ),
 ( #4647, #3424, #2719 ),
 ( #4069, #5286, #1449 ),
 ( #7879, #4022, #6596 ) ),
 .UNSPECIFIED., .F., .F., .T. ) 
 B_SPLINE_SURFACE_WITH_KNOTS ( ( 4, 4 ),
 ( 3, 3 ),
 ( 0.01141163600842516265, 0.01353109873688817383 ),
 ( 0.000000000000000000, 1.000000000000000000 ),
 .UNSPECIFIED. ) 
 GEOMETRIC_REPRESENTATION_ITEM ( )  RATIONAL_B_SPLINE_SURFACE ( (
 ( 1.000000000000000000, 0.6580737955166126030, 1.000000000000000000),
 ( 1.000000000000000000, 0.6684059617550891508, 1.000000000000000000),
 ( 1.000000000000000000, 0.6786113329448949516, 1.000000000000000000),
 ( 1.000000000000000000, 0.6885079235112390172, 1.000000000000000000) ) ) 
 REPRESENTATION_ITEM ( '' )  SURFACE ( )  );
#3816 = DIRECTION ( 'NONE',  ( 0.4058374489394847018, -0.9139452746408238681, -0.000000000000000000 ) ) ;
#3817 = EDGE_CURVE ( 'NONE', #8222, #1192, #1837, .T. ) ;
#3818 = VERTEX_POINT ( 'NONE', #5791 ) ;
#3819 = CARTESIAN_POINT ( 'NONE',  ( 49.19794446437634150, 23.71412670035824988, -22.15000000000000213 ) ) ;
#3820 = CARTESIAN_POINT ( 'NONE',  ( 49.97799824700204141, 32.82335999768478274, -3.578999083910850310 ) ) ;
#3822 = ORIENTED_EDGE ( 'NONE', *, *, #4404, .T. ) ;
#3821 = ORIENTED_EDGE ( 'NONE', *, *, #5665, .T. ) ;
#3823 = VERTEX_POINT ( 'NONE', #5711 ) ;
#3824 = CARTESIAN_POINT ( 'NONE',  ( 46.58413915641863667, 33.07420298642686873, -2.886959476956739490 ) ) ;
#3825 = LINE ( 'NONE', #3904, #7955 ) ;
#3826 = CARTESIAN_POINT ( 'NONE',  ( -0.4606577907535720495, 1.037400595203546549, -12.50000000000000178 ) ) ;
#3827 = CARTESIAN_POINT ( 'NONE',  ( 40.64763876465324444, 32.65323574664834183, 3.154816932867269497 ) ) ;
#3828 = AXIS2_PLACEMENT_3D ( 'NONE', #1889, #3833, #1298 ) ;
#3829 = ORIENTED_EDGE ( 'NONE', *, *, #1159, .T. ) ;
#3830 = FILL_AREA_STYLE_COLOUR ( '', #3077 ) ;
#3831 = CARTESIAN_POINT ( 'NONE',  ( 40.51189086920484073, 5.637444899023548395, -5.175980714260913551 ) ) ;
#3832 = LINE ( 'NONE', #5056, #4717 ) ;
#3833 = DIRECTION ( 'NONE',  ( 0.000000000000000000, 0.000000000000000000, 1.000000000000000000 ) ) ;
#3834 = DIRECTION ( 'NONE',  ( 1.000000000000000000, 0.000000000000000000, 0.000000000000000000 ) ) ;
#3835 = FACE_OUTER_BOUND ( 'NONE', #1615, .T. ) ;
#3836 = DIRECTION ( 'NONE',  ( 0.000000000000000000, 0.000000000000000000, 1.000000000000000000 ) ) ;
#3837 = CARTESIAN_POINT ( 'NONE',  ( 36.98108006002311754, 36.27980396646606209, 4.987336529263451723 ) ) ;
#3838 = CIRCLE ( 'NONE', #6129, 1.049999999999998934 ) ;
#3839 = FACE_OUTER_BOUND ( 'NONE', #5211, .T. ) ;
#3840 = DIRECTION ( 'NONE',  ( 0.000000000000000000, -0.000000000000000000, 1.000000000000000000 ) ) ;
#3841 = PLANE ( 'NONE',  #4055 ) ;
#3842 = EDGE_CURVE ( 'NONE', #7077, #1840, #3087, .T. ) ;
#3843 = EDGE_LOOP ( 'NONE', ( #3900, #8, #3378, #5267 ) ) ;
#3844 = AXIS2_PLACEMENT_3D ( 'NONE', #3643, #4952, #6184 ) ;
#3845 = ORIENTED_EDGE ( 'NONE', *, *, #4792, .F. ) ;
#3846 = CARTESIAN_POINT ( 'NONE',  ( -44.51422676758393493, -18.03266009497891176, -22.13507550033143545 ) ) ;
#3847 = ORIENTED_EDGE ( 'NONE', *, *, #4845, .F. ) ;
#3848 = ORIENTED_EDGE ( 'NONE', *, *, #5222, .T. ) ;
#3849 = CARTESIAN_POINT ( 'NONE',  ( 9.630498711763927133, 11.53325383155555883, 12.49999999999999822 ) ) ;
#3850 = DIRECTION ( 'NONE',  ( -0.000000000000000000, -0.000000000000000000, 1.000000000000000000 ) ) ;
#3851 = FACE_BOUND ( 'NONE', #2806, .T. ) ;
#3852 = DIRECTION ( 'NONE',  ( -0.000000000000000000, -0.000000000000000000, 1.000000000000000000 ) ) ;
#3853 = ORIENTED_EDGE ( 'NONE', *, *, #1670, .T. ) ;
#3854 = CARTESIAN_POINT ( 'NONE',  ( 51.63440626789913068, 22.49366522355576592, -22.15000000000000213 ) ) ;
#3855 = CARTESIAN_POINT ( 'NONE',  ( 26.76994016150813493, 7.219093743592915224, -13.95236750546395932 ) ) ;
#3857 = EDGE_LOOP ( 'NONE', ( #6970, #1394, #4280, #2130 ) ) ;
#3856 = ORIENTED_EDGE ( 'NONE', *, *, #8295, .F. ) ;
#3858 = ORIENTED_EDGE ( 'NONE', *, *, #1048, .T. ) ;
#3859 = CARTESIAN_POINT ( 'NONE',  ( 50.66835270579959882, 23.87656071897471932, -14.00636133654080240 ) ) ;
#3860 = CARTESIAN_POINT ( 'NONE',  ( -33.36600263493999563, 27.49445797275911119, 15.09999999999999964 ) ) ;
#3861 = CYLINDRICAL_SURFACE ( 'NONE', #7106, 2.100000000000000977 ) ;
#3862 = CARTESIAN_POINT ( 'NONE',  ( 24.05517337842323755, 32.38440043782463817, -11.08603859902972744 ) ) ;
#3863 = ORIENTED_EDGE ( 'NONE', *, *, #7573, .T. ) ;
#3864 = EDGE_CURVE ( 'NONE', #5506, #558, #1247, .T. ) ;
#3865 = ADVANCED_FACE ( 'NONE', ( #5155 ), #356, .T. ) ;
#3866 = CARTESIAN_POINT ( 'NONE',  ( -47.76806566784414798, -3.091256589275300115, 0.6748340197246833760 ) ) ;
#3867 = CARTESIAN_POINT ( 'NONE',  ( 32.83112880201868933, 6.284012132296886932, -8.021428571428570464 ) ) ;
#3868 = ORIENTED_EDGE ( 'NONE', *, *, #1216, .T. ) ;
#3869 = CARTESIAN_POINT ( 'NONE',  ( -43.69703864707316399, -2.624681370721262841, -25.68553390593274344 ) ) ;
#3870 = CARTESIAN_POINT ( 'NONE',  ( 34.64212810108013230, 36.73226100567974584, 6.826527109536123739 ) ) ;
#3871 = CARTESIAN_POINT ( 'NONE',  ( 49.16655220279973548, 22.33053156747663337, -14.70000000000004547 ) ) ;
#3872 = CARTESIAN_POINT ( 'NONE',  ( -42.46971490976353891, 2.595955864781223976, 7.623234965636442872 ) ) ;
#3873 = CARTESIAN_POINT ( 'NONE',  ( -52.47937327402352992, -7.487285284039525202, -2.407444835499582325 ) ) ;
#3874 = LINE ( 'NONE', #4629, #3226 ) ;
#3875 = DIRECTION ( 'NONE',  ( -1.000000000000000000, 0.000000000000000000, -0.000000000000000000 ) ) ;
#3876 = DIRECTION ( 'NONE',  ( 1.000000000000000000, 0.000000000000000000, 0.000000000000000000 ) ) ;
#3877 = DIRECTION ( 'NONE',  ( -0.000000000000000000, -0.000000000000000000, 1.000000000000000000 ) ) ;
#3878 = EDGE_CURVE ( 'NONE', #2755, #7146, #1503, .T. ) ;
#3879 = ORIENTED_EDGE ( 'NONE', *, *, #197, .T. ) ;
#3880 = ORIENTED_EDGE ( 'NONE', *, *, #3730, .F. ) ;
#3881 = CARTESIAN_POINT ( 'NONE',  ( -33.03794547365227885, 19.79215641997878450, -3.007338698771059244E-16 ) ) ;
#3882 = EDGE_CURVE ( 'NONE', #8278, #4753, #2450, .T. ) ;
#3883 = ORIENTED_EDGE ( 'NONE', *, *, #2201, .T. ) ;
#3884 = AXIS2_PLACEMENT_3D ( 'NONE', #3398, #6699, #6537 ) ;
#3885 = ADVANCED_FACE ( 'NONE', ( #4321, #4996 ), #7590, .T. ) ;
#3886 = ORIENTED_EDGE ( 'NONE', *, *, #7122, .F. ) ;
#3887 = EDGE_CURVE ( 'NONE', #8184, #8338, #2084, .T. ) ;
#3888 = EDGE_CURVE ( 'NONE', #1101, #1993, #6517, .T. ) ;
#3889 = VECTOR ( 'NONE', #3852, 1000.000000000000000 ) ;
#3890 = DIRECTION ( 'NONE',  ( -0.9139452746408239792, -0.4058374489394843687, 0.000000000000000000 ) ) ;
#3891 = VECTOR ( 'NONE', #6563, 1000.000000000000000 ) ;
#3892 = DIRECTION ( 'NONE',  ( -1.563116529408154362E-17, -0.000000000000000000, 1.000000000000000000 ) ) ;
#3893 = EDGE_CURVE ( 'NONE', #3286, #476, #6, .T. ) ;
#3894 = DIRECTION ( 'NONE',  ( -0.9139452746408244233, -0.4058374489394838136, 0.000000000000000000 ) ) ;
#3895 = DIRECTION ( 'NONE',  ( -1.000000000000000000, 0.000000000000000000, 0.000000000000000000 ) ) ;
#3896 = ORIENTED_EDGE ( 'NONE', *, *, #6287, .F. ) ;
#3897 = PLANE ( 'NONE',  #5413 ) ;
#3898 = CARTESIAN_POINT ( 'NONE',  ( 48.65283153011053940, 35.80763328783847044, -2.509335970680259376 ) ) ;
#3900 = ORIENTED_EDGE ( 'NONE', *, *, #6931, .F. ) ;
#3899 = ORIENTED_EDGE ( 'NONE', *, *, #448, .F. ) ;
#3901 = AXIS2_PLACEMENT_3D ( 'NONE', #743, #2094, #4002 ) ;
#3902 = EDGE_LOOP ( 'NONE', ( #2509, #7638, #6307, #1819 ) ) ;
#3903 = CARTESIAN_POINT ( 'NONE',  ( -46.54435392366927715, -20.85293920368855680, -20.18839254224507229 ) ) ;
#3904 = CARTESIAN_POINT ( 'NONE',  ( -5.208169604424377042, 21.78802131406087739, 20.10000000000000142 ) ) ;
#3905 = CARTESIAN_POINT ( 'NONE',  ( -29.91938817737490908, -14.96009186228135945, -3.700000000000003730 ) ) ;
#3906 = CARTESIAN_POINT ( 'NONE',  ( -36.30100254313263264, -5.645823812041079748, 9.718990961276265494 ) ) ;
#3907 = ORIENTED_EDGE ( 'NONE', *, *, #6429, .T. ) ;
#3908 = SHAPE_DEFINITION_REPRESENTATION ( #160, #2367 ) ;
#3909 = PLANE ( 'NONE',  #8035 ) ;
#3910 = CARTESIAN_POINT ( 'NONE',  ( -43.55272073422491275, 1.179996637213350574, 6.141930112105665529 ) ) ;
#3911 = CARTESIAN_POINT ( 'NONE',  ( 37.83639329594304002, 23.78012263028893969, 6.315218993979762274 ) ) ;
#3912 = ORIENTED_EDGE ( 'NONE', *, *, #7151, .T. ) ;
#3913 = DIRECTION ( 'NONE',  ( 0.000000000000000000, 0.000000000000000000, -1.000000000000000000 ) ) ;
#3914 = CARTESIAN_POINT ( 'NONE',  ( -3.092031875888281965E-16, 2.638003831554671663, 20.10000000000000142 ) ) ;
#3915 = CONICAL_SURFACE ( 'NONE', #270, 37.50000000000002132, 0.7853981633974430610 ) ;
#3916 = VECTOR ( 'NONE', #3637, 1000.000000000000000 ) ;
#3917 = DIRECTION ( 'NONE',  ( -0.000000000000000000, -0.000000000000000000, -1.000000000000000000 ) ) ;
#3918 = DIRECTION ( 'NONE',  ( -0.000000000000000000, -0.000000000000000000, -1.000000000000000000 ) ) ;
#3919 = CARTESIAN_POINT ( 'NONE',  ( 0.000000000000000000, 0.000000000000000000, -14.70000000000000284 ) ) ;
#3920 = CARTESIAN_POINT ( 'NONE',  ( -44.09838205097987185, -18.96914172011676314, -21.67887339977874106 ) ) ;
#3921 = CIRCLE ( 'NONE', #3639, 1.049999999999998934 ) ;
#3922 = DIRECTION ( 'NONE',  ( -1.000000000000000000, 0.000000000000000000, -0.000000000000000000 ) ) ;
#3923 = CARTESIAN_POINT ( 'NONE',  ( -48.84294689279367674, -8.284389416616669166, -2.675592887096549077 ) ) ;
#3924 = CARTESIAN_POINT ( 'NONE',  ( 38.13714425700482735, 23.85201360153988404, 0.6585667602674296628 ) ) ;
#3925 = CARTESIAN_POINT ( 'NONE',  ( -17.16170766850443385, -9.032287409646233556, -14.50017933187843866 ) ) ;
#3926 = ORIENTED_EDGE ( 'NONE', *, *, #5890, .T. ) ;
#3927 = VECTOR ( 'NONE', #3294, 1000.000000000000114 ) ;
#3928 = AXIS2_PLACEMENT_3D ( 'NONE', #6363, #5725, #8321 ) ;
#3929 = ORIENTED_EDGE ( 'NONE', *, *, #7213, .F. ) ;
#3930 = CARTESIAN_POINT ( 'NONE',  ( -41.90896669993639989, -18.97162008753915075, -20.18153086136964447 ) ) ;
#3931 = EDGE_LOOP ( 'NONE', ( #6722, #7819, #2921 ) ) ;
#3932 = VECTOR ( 'NONE', #7201, 1000.000000000000000 ) ;
#3933 = ORIENTED_EDGE ( 'NONE', *, *, #1576, .T. ) ;
#3934 = ADVANCED_FACE ( 'NONE', ( #1490 ), #3897, .T. ) ;
#3935 = CARTESIAN_POINT ( 'NONE',  ( 29.62951795730057469, 34.85968845142074457, -12.50000000000000178 ) ) ;
#3936 = CARTESIAN_POINT ( 'NONE',  ( -42.22019336085499219, 2.954820230664176428, 7.970196636405506574 ) ) ;
#3937 = AXIS2_PLACEMENT_3D ( 'NONE', #3960, #5897, #26 ) ;
#3938 = FACE_BOUND ( 'NONE', #7912, .T. ) ;
#3939 = LINE ( 'NONE', #6514, #1356 ) ;
#3940 = ORIENTED_EDGE ( 'NONE', *, *, #13, .T. ) ;
#3941 = AXIS2_PLACEMENT_3D ( 'NONE', #2525, #5100, #1818 ) ;
#3942 = DIRECTION ( 'NONE',  ( 0.000000000000000000, 0.000000000000000000, 1.000000000000000000 ) ) ;
#3943 = CARTESIAN_POINT ( 'NONE',  ( 51.80047285094067178, 28.71915015511118341, -7.098878279266917168 ) ) ;
#3944 = ORIENTED_EDGE ( 'NONE', *, *, #890, .F. ) ;
#3945 = EDGE_CURVE ( 'NONE', #2091, #2668, #6493, .T. ) ;
#3946 = ADVANCED_FACE ( 'NONE', ( #2756 ), #7286, .T. ) ;
#3947 = ORIENTED_EDGE ( 'NONE', *, *, #1365, .F. ) ;
#3948 = CARTESIAN_POINT ( 'NONE',  ( -46.92896410323000111, -19.98679770514723586, -21.85734657766896305 ) ) ;
#3949 =( NAMED_UNIT ( * ) SI_UNIT ( $, .STERADIAN. ) SOLID_ANGLE_UNIT ( ) );
#3950 = CARTESIAN_POINT ( 'NONE',  ( 12.93049871176392429, 0.1380038315555598971, 20.10000000000000142 ) ) ;
#3951 = CARTESIAN_POINT ( 'NONE',  ( 46.05208123222310945, 23.55145249657123330, -3.183803752492271322 ) ) ;
#3952 = ORIENTED_EDGE ( 'NONE', *, *, #1670, .F. ) ;
#3953 = FACE_OUTER_BOUND ( 'NONE', #5552, .T. ) ;
#3954 = EDGE_CURVE ( 'NONE', #623, #1202, #4735, .T. ) ;
#3955 = CARTESIAN_POINT ( 'NONE',  ( 37.20107891322190596, 26.18610893072743195, 0.6839368558718621482 ) ) ;
#3956 = CARTESIAN_POINT ( 'NONE',  ( -28.98274299362214634, 2.871047950116857983, -14.98901364969824179 ) ) ;
#3957 = EDGE_LOOP ( 'NONE', ( #3821, #2154, #2305, #7632 ) ) ;
#3958 = DIRECTION ( 'NONE',  ( -0.4058374489394846463, 0.9139452746408242012, -0.000000000000000000 ) ) ;
#3959 = VECTOR ( 'NONE', #7778, 1000.000000000000000 ) ;
#3960 = CARTESIAN_POINT ( 'NONE',  ( -2.569501288236065495, 15.63800383155555096, -21.35000000000000853 ) ) ;
#3961 = DIRECTION ( 'NONE',  ( 0.000000000000000000, -1.000000000000000000, 0.000000000000000000 ) ) ;
#3962 = CARTESIAN_POINT ( 'NONE',  ( -2.569501288236065495, 15.63800383155555096, 14.49999999999999822 ) ) ;
#3963 = DIRECTION ( 'NONE',  ( -0.9725991773073561220, -0.2324883659477480213, 0.000000000000000000 ) ) ;
#3964 = CARTESIAN_POINT ( 'NONE',  ( -43.88775121039650173, -19.44348203037605316, -21.00851243511850441 ) ) ;
#3965 = CARTESIAN_POINT ( 'NONE',  ( -47.62291038721456005, -3.051821010813601465, 0.8272401976826427861 ) ) ;
#3966 = DIRECTION ( 'NONE',  ( -0.000000000000000000, -0.000000000000000000, 1.000000000000000000 ) ) ;
#3967 = CARTESIAN_POINT ( 'NONE',  ( 0.000000000000000000, 28.15825383155556239, 13.10000000000000142 ) ) ;
#3968 = CARTESIAN_POINT ( 'NONE',  ( -34.77151501752836538, -1.396695657129539914, 5.499999999999999112 ) ) ;
#3969 = ORIENTED_EDGE ( 'NONE', *, *, #759, .F. ) ;
#3970 = ORIENTED_EDGE ( 'NONE', *, *, #2537, .F. ) ;
#3971 = DIRECTION ( 'NONE',  ( 0.000000000000000000, 0.000000000000000000, -1.000000000000000000 ) ) ;
#3972 = CIRCLE ( 'NONE', #6536, 1.749999999999999778 ) ;
#3973 = EDGE_CURVE ( 'NONE', #678, #625, #134, .T. ) ;
#3974 = ORIENTED_EDGE ( 'NONE', *, *, #6069, .F. ) ;
#3975 = CARTESIAN_POINT ( 'NONE',  ( 41.75736980498162154, 18.14308192262637220, -13.14809138725793680 ) ) ;
#3976 = VERTEX_POINT ( 'NONE', #3982 ) ;
#3977 = VECTOR ( 'NONE', #489, 1000.000000000000000 ) ;
#3978 = EDGE_CURVE ( 'NONE', #7752, #2176, #293, .T. ) ;
#3979 = DIRECTION ( 'NONE',  ( -0.000000000000000000, -0.000000000000000000, 1.000000000000000000 ) ) ;
#3980 = DIRECTION ( 'NONE',  ( -0.000000000000000000, -0.000000000000000000, 1.000000000000000000 ) ) ;
#3981 = ORIENTED_EDGE ( 'NONE', *, *, #6045, .F. ) ;
#3982 = CARTESIAN_POINT ( 'NONE',  ( 26.91608446274506505, 21.16975155913125661, 12.49999999999999822 ) ) ;
#3983 = CARTESIAN_POINT ( 'NONE',  ( -35.46600263493998995, 27.49445797275911119, 20.10000000000000142 ) ) ;
#3984 = ORIENTED_EDGE ( 'NONE', *, *, #1395, .F. ) ;
#3985 = ORIENTED_EDGE ( 'NONE', *, *, #8136, .T. ) ;
#3986 = DIRECTION ( 'NONE',  ( 1.000000000000000000, 0.000000000000000000, 0.000000000000000000 ) ) ;
#3987 = CARTESIAN_POINT ( 'NONE',  ( -16.67235263888314378, 47.39760212532419814, 15.59999999999999964 ) ) ;
#3988 = DIRECTION ( 'NONE',  ( 0.9139452746408239792, 0.4058374489394844797, -8.326672684688671588E-17 ) ) ;
#3989 = DIRECTION ( 'NONE',  ( -0.000000000000000000, -0.000000000000000000, 1.000000000000000000 ) ) ;
#3990 = EDGE_LOOP ( 'NONE', ( #6759, #5144, #1079, #6846 ) ) ;
#3991 = CARTESIAN_POINT ( 'NONE',  ( 7.630498711763927133, 9.533253831555560609, 12.49999999999999822 ) ) ;
#3992 = CARTESIAN_POINT ( 'NONE',  ( 53.73684579612421430, 24.35844143338596623, -21.58283252100687122 ) ) ;
#3993 = ADVANCED_FACE ( 'NONE', ( #2074 ), #3815, .T. ) ;
#3994 = DIRECTION ( 'NONE',  ( 0.9139452746408135431, 0.4058374489395083495, 4.055197974581198284E-13 ) ) ;
#3995 = EDGE_CURVE ( 'NONE', #7882, #1692, #811, .T. ) ;
#3996 = CARTESIAN_POINT ( 'NONE',  ( 24.70808380729353715, 32.67432534929468346, -10.37867965644034740 ) ) ;
#3997 = VERTEX_POINT ( 'NONE', #5965 ) ;
#3998 = DIRECTION ( 'NONE',  ( -0.9610761936858023269, 0.000000000000000000, -0.2762834593862075749 ) ) ;
#3999 = EDGE_CURVE ( 'NONE', #4865, #7042, #5508, .T. ) ;
#4000 = CARTESIAN_POINT ( 'NONE',  ( 48.11173193213324595, 21.00992402021965688, -20.04512421095780184 ) ) ;
#4001 = LINE ( 'NONE', #6615, #2264 ) ;
#4002 = DIRECTION ( 'NONE',  ( 1.000000000000000000, 0.000000000000000000, -0.000000000000000000 ) ) ;
#4003 = LINE ( 'NONE', #3357, #8007 ) ;
#4004 = CARTESIAN_POINT ( 'NONE',  ( -43.97882907932588381, -19.23837481774723202, -21.37222881862727419 ) ) ;
#4005 = AXIS2_PLACEMENT_3D ( 'NONE', #7428, #6189, #6103 ) ;
#4006 = DIRECTION ( 'NONE',  ( 0.4058374489394844242, -0.9139452746408240902, 0.000000000000000000 ) ) ;
#4007 = CARTESIAN_POINT ( 'NONE',  ( -30.23637110175000231, -14.97451565003260043, -4.505697400634004701 ) ) ;
#4008 = CARTESIAN_POINT ( 'NONE',  ( -2.569501288236065495, 15.63800383155555096, -12.50000000000000178 ) ) ;
#4009 = CARTESIAN_POINT ( 'NONE',  ( -15.75246412549843456, -9.460874883830303617, -14.54656637013961529 ) ) ;
#4010 = ORIENTED_EDGE ( 'NONE', *, *, #7620, .T. ) ;
#4011 = FACE_BOUND ( 'NONE', #1506, .T. ) ;
#4012 = ORIENTED_EDGE ( 'NONE', *, *, #7946, .F. ) ;
#4013 = FACE_OUTER_BOUND ( 'NONE', #1725, .T. ) ;
#4014 = EDGE_CURVE ( 'NONE', #4193, #3298, #3254, .T. ) ;
#4015 = ORIENTED_EDGE ( 'NONE', *, *, #7773, .T. ) ;
#4016 = DIRECTION ( 'NONE',  ( 0.9139452746408239792, 0.4058374489394845352, 0.000000000000000000 ) ) ;
#4017 = ORIENTED_EDGE ( 'NONE', *, *, #3887, .T. ) ;
#4018 = FACE_BOUND ( 'NONE', #3215, .T. ) ;
#4019 = AXIS2_PLACEMENT_3D ( 'NONE', #6112, #6029, #964 ) ;
#4020 = FACE_OUTER_BOUND ( 'NONE', #4780, .T. ) ;
#4021 = ORIENTED_EDGE ( 'NONE', *, *, #685, .F. ) ;
#4022 = CARTESIAN_POINT ( 'NONE',  ( -41.85899994840397653, -19.06198517630604883, -22.15000000000000213 ) ) ;
#4023 = CARTESIAN_POINT ( 'NONE',  ( 50.94550063892301495, 30.64454618538025343, -5.089850253246506639 ) ) ;
#4024 = VECTOR ( 'NONE', #7079, 1000.000000000000000 ) ;
#4025 = ORIENTED_EDGE ( 'NONE', *, *, #3789, .F. ) ;
#4026 = CYLINDRICAL_SURFACE ( 'NONE', #4491, 1.125000000000000888 ) ;
#4027 = DIRECTION ( 'NONE',  ( 0.000000000000000000, 0.000000000000000000, -1.000000000000000000 ) ) ;
#4028 = CARTESIAN_POINT ( 'NONE',  ( -37.91304405700148550, -15.72061730775909894, 3.585002623456354343 ) ) ;
#4029 = CARTESIAN_POINT ( 'NONE',  ( -24.06099207374270676, -15.71596052048385772, 4.325481993969972905 ) ) ;
#4030 = ORIENTED_EDGE ( 'NONE', *, *, #951, .F. ) ;
#4031 = CARTESIAN_POINT ( 'NONE',  ( -10.47380404903821649, -4.892997066247143145, 16.60000000000000142 ) ) ;
#4032 = DIRECTION ( 'NONE',  ( 0.9139452746408245343, 0.4058374489394834250, 0.000000000000000000 ) ) ;
#4033 = FACE_OUTER_BOUND ( 'NONE', #6488, .T. ) ;
#4034 = ORIENTED_EDGE ( 'NONE', *, *, #3157, .F. ) ;
#4035 = ORIENTED_EDGE ( 'NONE', *, *, #3055, .T. ) ;
#4036 = CARTESIAN_POINT ( 'NONE',  ( 45.61758018916560076, 35.25089220791453926, -2.420152625384706546 ) ) ;
#4037 = DIRECTION ( 'NONE',  ( -0.9139452746408238681, -0.4058374489394849793, 0.000000000000000000 ) ) ;
#4038 = CARTESIAN_POINT ( 'NONE',  ( -2.569501288236065495, 15.63800383155555096, -14.70000000000000284 ) ) ;
#4039 = DIRECTION ( 'NONE',  ( -0.000000000000000000, -0.000000000000000000, 1.000000000000000000 ) ) ;
#4040 = FACE_OUTER_BOUND ( 'NONE', #6414, .T. ) ;
#4041 = EDGE_CURVE ( 'NONE', #2529, #269, #5195, .T. ) ;
#4042 = LINE ( 'NONE', #6619, #8114 ) ;
#4043 = EDGE_CURVE ( 'NONE', #6179, #848, #722, .T. ) ;
#4044 = EDGE_CURVE ( 'NONE', #3576, #1293, #2952, .T. ) ;
#4045 = CARTESIAN_POINT ( 'NONE',  ( 14.43049871176450694, 31.13800383155554385, 20.10000000000000142 ) ) ;
#4046 = ADVANCED_FACE ( 'NONE', ( #7454, #6216 ), #8133, .F. ) ;
#4047 = CARTESIAN_POINT ( 'NONE',  ( 47.29996760947973655, 22.83801595394804096, -22.15000000000000213 ) ) ;
#4048 = AXIS2_PLACEMENT_3D ( 'NONE', #531, #4962, #6196 ) ;
#4049 = VECTOR ( 'NONE', #7265, 1000.000000000000000 ) ;
#4050 = CARTESIAN_POINT ( 'NONE',  ( 32.34481566444346612, 24.02968497083840305, -5.175980714260913551 ) ) ;
#4051 = ORIENTED_EDGE ( 'NONE', *, *, #515, .T. ) ;
#4052 = FACE_OUTER_BOUND ( 'NONE', #6062, .T. ) ;
#4053 = ORIENTED_EDGE ( 'NONE', *, *, #3531, .F. ) ;
#4054 = DIRECTION ( 'NONE',  ( 0.4058374489394845352, -0.9139452746408240902, 1.110223024625156540E-16 ) ) ;
#4055 = AXIS2_PLACEMENT_3D ( 'NONE', #3967, #2572, #1978 ) ;
#4056 = AXIS2_PLACEMENT_3D ( 'NONE', #2943, #1011, #5521 ) ;
#4057 = LINE ( 'NONE', #4182, #2214 ) ;
#4058 = DIRECTION ( 'NONE',  ( 1.000000000000000000, 0.000000000000000000, 0.000000000000000000 ) ) ;
#4059 = ORIENTED_EDGE ( 'NONE', *, *, #677, .T. ) ;
#4060 = AXIS2_PLACEMENT_3D ( 'NONE', #2767, #7214, #7254 ) ;
#4061 = ORIENTED_EDGE ( 'NONE', *, *, #7406, .T. ) ;
#4062 = CLOSED_SHELL ( 'NONE', ( #8311, #7098, #130, #7061, #2658, #2289, #5535, #1315, #4507, #4554, #2175, #495, #3371, #3620, #7522, #7300, #6211, #6416, #5361, #4146, #6060, #1109, #3003, #381, #4826, #7255, #263, #1416, #2750, #3381, #6425, #1043, #2713, #7324, #7775, #6009, #503, #4255, #4939, #247, #5627, #6672, #5930, #5743, #3793, #1407, #4934, #3629, #2542, #2804, #7579, #7049, #7690, #4366, #8047, #1528, #3289, #2241, #478, #7145, #4686, #4063, #4589, #4171, #3129, #5958, #5383, #7110, #2656, #3599, #1675, #8179, #6892, #3181, #8293, #6124, #5871, #2925, #8143, #2792, #7984, #383, #2401, #7514, #2496, #3264, #2069, #3418, #4605, #4635, #694, #7873, #6264, #2076, #3524, #334, #4555, #1622, #3255, #2579, #1929, #791, #3122, #4148, #1063, #8298, #3885, #4151, #6371, #7489, #845, #5018, #6091, #1885, #184, #2870, #2695, #18, #1737, #8012, #6775, #5179, #5537, #7699, #4351, #2239, #2382, #8240, #1863, #5443, #684, #4607, #2565, #6633, #7313, #5075, #874, #2999, #7740, #182, #3946, #6524, #1269, #7196, #5427, #3153, #4603, #6135, #8259, #4046, #5178, #4768, #8299, #6154, #427, #3056, #20, #2941, #6861, #6783, #3200, #6732, #1155, #7371, #1926, #2369, #3865, #3993, #6109, #5698, #5023, #817, #2499, #5901, #2908, #6988, #4399, #7669, #3717, #3934, #6803, #1639, #5444, #3039, #4498, #3595, #3485, #2020, #2751, #6780, #2129, #3435, #4288, #7566, #961, #3421, #4301, #5555, #626, #6681, #624, #5795, #5616, #1442, #5738, #8322, #4380, #6528, #4673, #1531, #2195, #1689, #5125, #122, #5608, #1856, #7152, #935, #271, #5027, #3318, #2878, #474 ) ) ;
#4063 = ADVANCED_FACE ( 'NONE', ( #6847 ), #85, .T. ) ;
#4064 = EDGE_CURVE ( 'NONE', #6896, #2152, #2992, .T. ) ;
#4065 = VECTOR ( 'NONE', #2206, 1000.000000000000000 ) ;
#4066 = CARTESIAN_POINT ( 'NONE',  ( 35.88162579957761267, 15.53395747725718046, -4.899323521370361867 ) ) ;
#4067 = ORIENTED_EDGE ( 'NONE', *, *, #7463, .F. ) ;
#4068 = AXIS2_PLACEMENT_3D ( 'NONE', #3679, #1069, #2501 ) ;
#4069 = CARTESIAN_POINT ( 'NONE',  ( -43.27541454958644351, -17.34867335459256310, -22.15000000000000213 ) ) ;
#4070 = CARTESIAN_POINT ( 'NONE',  ( 12.93049871176392429, 0.1380038315555598971, 18.09999999999999787 ) ) ;
#4071 = ORIENTED_EDGE ( 'NONE', *, *, #2498, .F. ) ;
#4072 = DIRECTION ( 'NONE',  ( -1.000000000000000000, 0.000000000000000000, 0.000000000000000000 ) ) ;
#4073 = CARTESIAN_POINT ( 'NONE',  ( -0.06139318012796362439, 8.835659109473141370, 14.49999999999999822 ) ) ;
#4074 = CARTESIAN_POINT ( 'NONE',  ( -29.91938817737490908, -14.96009186228135057, -3.700000000000005063 ) ) ;
#4075 = EDGE_CURVE ( 'NONE', #848, #6795, #541, .T. ) ;
#4076 = CARTESIAN_POINT ( 'NONE',  ( -22.42976188852100350, -11.24030630378563522, 16.18595637155993217 ) ) ;
#4077 = EDGE_LOOP ( 'NONE', ( #3308, #6650 ) ) ;
#4078 = AXIS2_PLACEMENT_3D ( 'NONE', #4969, #7691, #7652 ) ;
#4079 = CARTESIAN_POINT ( 'NONE',  ( 1.114282495547711305, 21.88238026434143180, 14.49999999999999822 ) ) ;
#4080 = CARTESIAN_POINT ( 'NONE',  ( -28.30510818986649468, 9.133814558075041390, -22.15000000000000213 ) ) ;
#4081 = CARTESIAN_POINT ( 'NONE',  ( 50.80885326287336312, 23.56015369306442864, -21.91692808353571209 ) ) ;
#4082 = ORIENTED_EDGE ( 'NONE', *, *, #8117, .T. ) ;
#4083 = ORIENTED_EDGE ( 'NONE', *, *, #7686, .T. ) ;
#4084 = CARTESIAN_POINT ( 'NONE',  ( 33.25476979690503043, 37.16192111850996582, 7.790777426946458029 ) ) ;
#4085 = CARTESIAN_POINT ( 'NONE',  ( 37.42768215408020893, 14.25486365521655507, -1.178941080319552137 ) ) ;
#4086 = CARTESIAN_POINT ( 'NONE',  ( -44.38195585684706401, -18.33053397072966462, -14.00636133653486937 ) ) ;
#4087 = CARTESIAN_POINT ( 'NONE',  ( 23.31354048592362815, 9.953098509819314543, -14.70000000000000462 ) ) ;
#4088 = CARTESIAN_POINT ( 'NONE',  ( 0.000000000000000000, 0.000000000000000000, -17.14999999999996660 ) ) ;
#4089 = CARTESIAN_POINT ( 'NONE',  ( -2.569501288236065495, 15.63800383155555096, -3.700000000000003730 ) ) ;
#4090 =( BOUNDED_CURVE ( )  B_SPLINE_CURVE ( 3, ( #5074, #7666, #4476, #1241 ),
 .UNSPECIFIED., .F., .T. ) 
 B_SPLINE_CURVE_WITH_KNOTS ( ( 4, 4 ),
 ( 3.141592653589792228, 6.283185307179586232 ),
 .UNSPECIFIED. ) 
 CURVE ( )  GEOMETRIC_REPRESENTATION_ITEM ( )  RATIONAL_B_SPLINE_CURVE ( ( 1.000000000000000000, 0.3333333333333330373, 0.3333333333333330373, 1.000000000000000000 ) ) 
 REPRESENTATION_ITEM ( '' )  );
#4091 = CARTESIAN_POINT ( 'NONE',  ( -47.03673028947410018, -19.74410842908433494, -14.64147309892461557 ) ) ;
#4092 = CARTESIAN_POINT ( 'NONE',  ( 32.78927125544068133, 22.57366761437603131, -6.203431797941097960E-12 ) ) ;
#4093 = CARTESIAN_POINT ( 'NONE',  ( 43.12938447285910115, 40.85430491229249839, -3.097864185165814632 ) ) ;
#4094 = DIRECTION ( 'NONE',  ( -0.7662190125374203076, 0.000000000000000000, 0.6425795085638668080 ) ) ;
#4095 = ORIENTED_EDGE ( 'NONE', *, *, #528, .T. ) ;
#4096 = CARTESIAN_POINT ( 'NONE',  ( 34.46005763278732559, 33.58642074155849855, 2.679767682288438646 ) ) ;
#4097 = ORIENTED_EDGE ( 'NONE', *, *, #1408, .F. ) ;
#4098 = CARTESIAN_POINT ( 'NONE',  ( -20.41910897800957514, -17.03924385417982990, -6.109301298667705105 ) ) ;
#4099 = CARTESIAN_POINT ( 'NONE',  ( 34.54722229585956939, 37.04339533057031986, 6.736382682932183563 ) ) ;
#4100 = CARTESIAN_POINT ( 'NONE',  ( -41.90896669993639279, -18.97162008753914719, -20.18153086136964447 ) ) ;
#4101 = PLANE ( 'NONE',  #4458 ) ;
#4102 = EDGE_CURVE ( 'NONE', #6559, #5710, #5667, .T. ) ;
#4103 = CARTESIAN_POINT ( 'NONE',  ( 36.09415418149192334, 30.50582254191118636, 5.999999999999999112 ) ) ;
#4104 = VERTEX_POINT ( 'NONE', #5774 ) ;
#4105 = EDGE_CURVE ( 'NONE', #7714, #1646, #35, .T. ) ;
#4106 = ORIENTED_EDGE ( 'NONE', *, *, #3762, .T. ) ;
#4107 = B_SPLINE_CURVE_WITH_KNOTS ( 'NONE', 3,
 ( #3410, #672, #5151, #3455 ),
 .UNSPECIFIED., .F., .F.,
 ( 4, 4 ),
 ( 0.000000000000000000, 1.000000000000000000 ),
 .UNSPECIFIED. ) ;
#4108 = DIRECTION ( 'NONE',  ( 1.000000000000000000, 0.000000000000000000, 0.000000000000000000 ) ) ;
#4109 = ORIENTED_EDGE ( 'NONE', *, *, #788, .T. ) ;
#4110 = CARTESIAN_POINT ( 'NONE',  ( 33.20793881989101948, 20.71269177078980306, 13.46672863675923004 ) ) ;
#4111 = CARTESIAN_POINT ( 'NONE',  ( 33.80413217832082751, 36.71342612343964618, 7.561771395984088429 ) ) ;
#4112 = VERTEX_POINT ( 'NONE', #7189 ) ;
#4113 = CYLINDRICAL_SURFACE ( 'NONE', #7745, 1.500000000000582423 ) ;
#4114 = CARTESIAN_POINT ( 'NONE',  ( -3.332024761651512623, 13.93929768803294422, 20.10000000000000142 ) ) ;
#4115 = VECTOR ( 'NONE', #1748, 1000.000000000000000 ) ;
#4116 = CARTESIAN_POINT ( 'NONE',  ( -27.40565151374740793, -12.46701257536725649, 10.84862869419610654 ) ) ;
#4117 = EDGE_CURVE ( 'NONE', #7589, #7570, #4468, .T. ) ;
#4118 = CARTESIAN_POINT ( 'NONE',  ( -31.54960746065182420, -7.026682053747276058, 12.81836498012068581 ) ) ;
#4119 = ORIENTED_EDGE ( 'NONE', *, *, #6496, .F. ) ;
#4120 = CARTESIAN_POINT ( 'NONE',  ( -11.56950128823606505, 15.63800383155555096, 12.49999999999999822 ) ) ;
#4121 = CARTESIAN_POINT ( 'NONE',  ( -14.42595542943953291, -15.15849751514841337, 20.10000000000000142 ) ) ;
#4122 = ORIENTED_EDGE ( 'NONE', *, *, #3624, .F. ) ;
#4123 = ORIENTED_EDGE ( 'NONE', *, *, #1261, .F. ) ;
#4124 = CARTESIAN_POINT ( 'NONE',  ( 37.20107891322189886, 26.18610893072742130, 1.998919009232231314 ) ) ;
#4125 = DIRECTION ( 'NONE',  ( -1.000000000000000000, 0.000000000000000000, 0.000000000000000000 ) ) ;
#4126 = EDGE_CURVE ( 'NONE', #6559, #1712, #5183, .T. ) ;
#4127 = LINE ( 'NONE', #2892, #3042 ) ;
#4128 = FACE_OUTER_BOUND ( 'NONE', #6333, .T. ) ;
#4129 = CARTESIAN_POINT ( 'NONE',  ( 45.28550362194012280, 25.27778402756817044, -3.183803752491074945 ) ) ;
#4130 = EDGE_CURVE ( 'NONE', #1993, #6157, #1598, .T. ) ;
#4131 = FACE_BOUND ( 'NONE', #4662, .T. ) ;
#4132 = CARTESIAN_POINT ( 'NONE',  ( -13.32380404903821614, -4.892997066247143145, 14.45000000000000107 ) ) ;
#4133 = CARTESIAN_POINT ( 'NONE',  ( 29.19808062163768270, 34.66810867904160887, 1.305171413906692779 ) ) ;
#4134 = CARTESIAN_POINT ( 'NONE',  ( 17.10737535980886648, 45.40694055502255111, 20.10000000000000142 ) ) ;
#4135 = ORIENTED_EDGE ( 'NONE', *, *, #4970, .T. ) ;
#4136 = CARTESIAN_POINT ( 'NONE',  ( 23.27391297607459464, 11.57673803580539307, -12.50000000000000178 ) ) ;
#4137 = ORIENTED_EDGE ( 'NONE', *, *, #6187, .F. ) ;
#4138 = CARTESIAN_POINT ( 'NONE',  ( -52.17456419740601348, -8.173714828602713922, -2.420152625384549339 ) ) ;
#4139 = DIRECTION ( 'NONE',  ( 0.4058374489394845352, -0.9139452746408239792, 0.000000000000000000 ) ) ;
#4140 =( BOUNDED_SURFACE ( )  B_SPLINE_SURFACE ( 3, 2, ( 
 ( #1437, #163, #2104 ),
 ( #4682, #1311, #4770 ),
 ( #6078, #5519, #1605 ),
 ( #4098, #7443, #2193 ),
 ( #5442, #4219, #6118 ),
 ( #7362, #4179, #1046 ),
 ( #6755, #4891, #2903 ),
 ( #971, #8041, #1647 ),
 ( #7480, #4258, #3542 ),
 ( #6796, #884, #2824 ) ),
 .UNSPECIFIED., .F., .F., .T. ) 
 B_SPLINE_SURFACE_WITH_KNOTS ( ( 4, 2, 2, 2, 4 ),
 ( 3, 3 ),
 ( 0.1213943583778177571, 0.1271262654635428035, 0.1285592422349740582, 0.1299922190064053407, 0.1328581725492678500 ),
 ( 0.000000000000000000, 1.000000000000000000 ),
 .UNSPECIFIED. ) 
 GEOMETRIC_REPRESENTATION_ITEM ( )  RATIONAL_B_SPLINE_SURFACE ( (
 ( 1.000000000000000000, 0.8944271909999176318, 1.000000000000000000),
 ( 1.000000000000000000, 0.8944225122559503749, 1.000000000000000000),
 ( 1.000000000000000000, 0.8938570179380589398, 1.000000000000000000),
 ( 1.000000000000000000, 0.8924326617850236731, 1.000000000000000000),
 ( 1.000000000000000000, 0.8921114901316515855, 1.000000000000000000),
 ( 1.000000000000000000, 0.8913936881908441912, 1.000000000000000000),
 ( 1.000000000000000000, 0.8909958416247402146, 1.000000000000000000),
 ( 1.000000000000000000, 0.8897019739022240525, 1.000000000000000000),
 ( 1.000000000000000000, 0.8887022215978271911, 1.000000000000000000),
 ( 1.000000000000000000, 0.8875621284095470687, 1.000000000000000000) ) ) 
 REPRESENTATION_ITEM ( '' )  SURFACE ( )  );
#4141 = CARTESIAN_POINT ( 'NONE',  ( -53.79183410658627196, -4.531625624729383794, -2.509335970680184769 ) ) ;
#4142 = VERTEX_POINT ( 'NONE', #7656 ) ;
#4143 = VECTOR ( 'NONE', #5258, 1000.000000000000000 ) ;
#4144 = CARTESIAN_POINT ( 'NONE',  ( 43.09033042519095602, 36.90038968026364330, -0.7677157075141338716 ) ) ;
#4145 = ORIENTED_EDGE ( 'NONE', *, *, #4044, .T. ) ;
#4146 = ADVANCED_FACE ( 'NONE', ( #707 ), #7139, .F. ) ;
#4147 = EDGE_LOOP ( 'NONE', ( #5614, #6947, #5317, #7785, #1711, #5408, #6533, #5545, #921 ) ) ;
#4148 = ADVANCED_FACE ( 'NONE', ( #2995 ), #3841, .F. ) ;
#4149 = EDGE_CURVE ( 'NONE', #4553, #1571, #953, .T. ) ;
#4150 = CYLINDRICAL_SURFACE ( 'NONE', #4724, 4.000000000000011546 ) ;
#4151 = ADVANCED_FACE ( 'NONE', ( #5580 ), #1346, .F. ) ;
#4152 = ORIENTED_EDGE ( 'NONE', *, *, #6503, .F. ) ;
#4153 = CARTESIAN_POINT ( 'NONE',  ( 37.80218515672952151, 15.43922264726431770, 9.657107528729744317 ) ) ;
#4154 = EDGE_CURVE ( 'NONE', #1866, #7907, #7833, .T. ) ;
#4155 = CARTESIAN_POINT ( 'NONE',  ( -16.79524537478897273, -14.62072215628214167, -12.25488669283489962 ) ) ;
#4156 = VERTEX_POINT ( 'NONE', #6376 ) ;
#4157 = CARTESIAN_POINT ( 'NONE',  ( 38.40816803707457439, 15.94251260430504225, 1.233083143165693896 ) ) ;
#4158 = CARTESIAN_POINT ( 'NONE',  ( -42.12008263649232020, -5.003796303362824105, 4.987336529262434759 ) ) ;
#4159 = CARTESIAN_POINT ( 'NONE',  ( -22.96853877745471095, -10.95641362898306959, 16.08825074626198059 ) ) ;
#4160 = VERTEX_POINT ( 'NONE', #2699 ) ;
#4161 = VECTOR ( 'NONE', #6231, 1000.000000000000227 ) ;
#4162 = CARTESIAN_POINT ( 'NONE',  ( 43.29076455038066484, 24.84185173036615879, -3.183803752492270878 ) ) ;
#4163 = CARTESIAN_POINT ( 'NONE',  ( 32.09976656750468749, 23.92087090600762878, -8.684416540546942898 ) ) ;
#4164 = ORIENTED_EDGE ( 'NONE', *, *, #74, .F. ) ;
#4165 = ORIENTED_EDGE ( 'NONE', *, *, #7924, .F. ) ;
#4166 = CYLINDRICAL_SURFACE ( 'NONE', #2519, 1.750000000000001554 ) ;
#4167 = CARTESIAN_POINT ( 'NONE',  ( 13.60737535980886825, 45.40694055502255111, 20.10000000000000142 ) ) ;
#4168 = FACE_OUTER_BOUND ( 'NONE', #6680, .T. ) ;
#4169 = CARTESIAN_POINT ( 'NONE',  ( 25.97385695098861902, 27.81312729974014886, -17.14999999999996660 ) ) ;
#4170 = CARTESIAN_POINT ( 'NONE',  ( 47.79563429083849968, 21.72177539406740721, -14.70000000000004547 ) ) ;
#4171 = ADVANCED_FACE ( 'NONE', ( #157 ), #6706, .F. ) ;
#4172 = CARTESIAN_POINT ( 'NONE',  ( -49.29939765411006647, -14.64858520569766931, -5.684229895845961167 ) ) ;
#4173 = CARTESIAN_POINT ( 'NONE',  ( -31.19213768191032443, -14.98012690788216439, -6.923041732767956979 ) ) ;
#4174 = CARTESIAN_POINT ( 'NONE',  ( 2.130498711763925357, 23.60496686648925646, 11.09999999999999787 ) ) ;
#4175 = FACE_OUTER_BOUND ( 'NONE', #6431, .T. ) ;
#4176 = AXIS2_PLACEMENT_3D ( 'NONE', #4499, #7221, #5215 ) ;
#4177 = CARTESIAN_POINT ( 'NONE',  ( -52.47937327402352992, -7.487285284039525202, -2.407444835499582325 ) ) ;
#4178 = EDGE_LOOP ( 'NONE', ( #4242, #3257, #4930 ) ) ;
#4179 = CARTESIAN_POINT ( 'NONE',  ( -27.41926133841440816, -12.57480490106450333, -8.338506838566441814 ) ) ;
#4180 = CARTESIAN_POINT ( 'NONE',  ( 19.51356857293894720, 30.36770057680353574, -14.70000000000000284 ) ) ;
#4181 = FACE_OUTER_BOUND ( 'NONE', #633, .T. ) ;
#4182 = CARTESIAN_POINT ( 'NONE',  ( -0.4606577907535720495, 1.037400595203546549, -12.50000000000000178 ) ) ;
#4183 = AXIS2_PLACEMENT_3D ( 'NONE', #166, #8048, #7329 ) ;
#4184 = AXIS2_PLACEMENT_3D ( 'NONE', #2079, #4027, #5969 ) ;
#4185 = DIRECTION ( 'NONE',  ( 1.000000000000000000, -0.000000000000000000, -0.000000000000000000 ) ) ;
#4186 = ORIENTED_EDGE ( 'NONE', *, *, #6265, .T. ) ;
#4187 = ORIENTED_EDGE ( 'NONE', *, *, #7940, .F. ) ;
#4188 = VECTOR ( 'NONE', #748, 1000.000000000000000 ) ;
#4189 = VECTOR ( 'NONE', #3456, 1000.000000000000000 ) ;
#4190 = CIRCLE ( 'NONE', #8248, 4.000000000000011546 ) ;
#4191 = CARTESIAN_POINT ( 'NONE',  ( 42.87541435763295539, 18.63954966707313687, -9.832766942059153692 ) ) ;
#4192 = EDGE_CURVE ( 'NONE', #4834, #1205, #3488, .T. ) ;
#4193 = VERTEX_POINT ( 'NONE', #2818 ) ;
#4194 = CARTESIAN_POINT ( 'NONE',  ( 31.76669907503611157, 16.34710544380936170, 15.27436531527047592 ) ) ;
#4195 = CARTESIAN_POINT ( 'NONE',  ( -17.80188318875526221, -9.686724856650268833, -14.29807034925455334 ) ) ;
#4196 = ORIENTED_EDGE ( 'NONE', *, *, #1521, .F. ) ;
#4197 = CARTESIAN_POINT ( 'NONE',  ( 43.58311305207159592, 31.20836636923689156, -22.15000000000000213 ) ) ;
#4198 = VECTOR ( 'NONE', #1666, 1000.000000000000000 ) ;
#4199 = CARTESIAN_POINT ( 'NONE',  ( -30.14580106381771785, -14.97039440909719232, -4.275489282271716540 ) ) ;
#4200 = CARTESIAN_POINT ( 'NONE',  ( 34.08461252756440985, 7.704290605164020533, 5.886796564403915077 ) ) ;
#4201 = ORIENTED_EDGE ( 'NONE', *, *, #6942, .F. ) ;
#4202 = AXIS2_PLACEMENT_3D ( 'NONE', #7586, #8264, #1661 ) ;
#4203 = CARTESIAN_POINT ( 'NONE',  ( 37.43303607060096994, 33.90068903383242116, -22.15000000000000213 ) ) ;
#4204 = EDGE_CURVE ( 'NONE', #1993, #2877, #2779, .T. ) ;
#4205 = DIRECTION ( 'NONE',  ( -0.9139452746408240902, -0.4058374489394843132, 0.000000000000000000 ) ) ;
#4206 = ORIENTED_EDGE ( 'NONE', *, *, #6317, .T. ) ;
#4207 = ORIENTED_EDGE ( 'NONE', *, *, #5618, .T. ) ;
#4208 = CARTESIAN_POINT ( 'NONE',  ( 4.130498711763927133, 28.15825383155556239, 12.49999999999999822 ) ) ;
#4209 = FACE_OUTER_BOUND ( 'NONE', #24, .T. ) ;
#4210 = LINE ( 'NONE', #995, #1026 ) ;
#4211 = CARTESIAN_POINT ( 'NONE',  ( 48.94919749378440343, 35.14021761988593795, -2.675592887100077366 ) ) ;
#4212 = DIRECTION ( 'NONE',  ( 0.000000000000000000, 0.000000000000000000, -1.000000000000000000 ) ) ;
#4213 = CARTESIAN_POINT ( 'NONE',  ( -49.05566225621954146, -15.19747692514531678, -6.237293346507795988 ) ) ;
#4214 = CARTESIAN_POINT ( 'NONE',  ( 7.630498711763928021, 9.533253831555560609, 10.09999999999999964 ) ) ;
#4215 = CARTESIAN_POINT ( 'NONE',  ( -13.32380404903821614, -4.892997066247143145, 20.10000000000000142 ) ) ;
#4216 = CARTESIAN_POINT ( 'NONE',  ( -12.32595542943953326, -15.15849751514841337, 15.09999999999999964 ) ) ;
#4217 = CARTESIAN_POINT ( 'NONE',  ( 27.78572030137552318, 11.93897020023877609, -14.70000000000008100 ) ) ;
#4218 = EDGE_LOOP ( 'NONE', ( #847, #4822, #7675, #3940, #3499, #5449 ) ) ;
#4219 = CARTESIAN_POINT ( 'NONE',  ( -27.62007565749635773, -12.66397651037977923, -7.777966232609422548 ) ) ;
#4220 = DIRECTION ( 'NONE',  ( 1.000000000000000000, 0.000000000000000000, 0.000000000000000000 ) ) ;
#4221 = CARTESIAN_POINT ( 'NONE',  ( 34.34051754302414139, 37.84911479466700968, 6.546553914693967080 ) ) ;
#4222 = FACE_OUTER_BOUND ( 'NONE', #3252, .T. ) ;
#4223 = CARTESIAN_POINT ( 'NONE',  ( -51.53764995198784504, -2.741922033462478314, -2.886897491484038625 ) ) ;
#4224 = VERTEX_POINT ( 'NONE', #114 ) ;
#4225 = ORIENTED_EDGE ( 'NONE', *, *, #7409, .F. ) ;
#4226 = AXIS2_PLACEMENT_3D ( 'NONE', #3322, #3148, #615 ) ;
#4227 = EDGE_CURVE ( 'NONE', #4112, #7658, #6073, .T. ) ;
#4228 = EDGE_LOOP ( 'NONE', ( #8097, #3137, #6460, #563, #5952 ) ) ;
#4229 = ORIENTED_EDGE ( 'NONE', *, *, #1491, .T. ) ;
#4230 = CARTESIAN_POINT ( 'NONE',  ( 30.23906313016892256, 10.54765236375959958, 16.42173635167943857 ) ) ;
#4231 = CARTESIAN_POINT ( 'NONE',  ( -26.14999111320364378, -12.17484878664909509, -10.47851744507698513 ) ) ;
#4232 = CARTESIAN_POINT ( 'NONE',  ( -14.42595542943953291, -15.15849751514841337, 15.09999999999999964 ) ) ;
#4233 = DIRECTION ( 'NONE',  ( -0.000000000000000000, -0.000000000000000000, -1.000000000000000000 ) ) ;
#4234 = CARTESIAN_POINT ( 'NONE',  ( -7.623804049038215958, -4.892997066247143145, 16.60000000000000142 ) ) ;
#4235 = EDGE_LOOP ( 'NONE', ( #3033, #1620 ) ) ;
#4236 = ORIENTED_EDGE ( 'NONE', *, *, #1470, .T. ) ;
#4237 = CARTESIAN_POINT ( 'NONE',  ( 50.45893156937859914, 24.34817677742876540, -12.68783868663173386 ) ) ;
#4238 = DIRECTION ( 'NONE',  ( -1.000000000000000000, 0.000000000000000000, 0.000000000000000000 ) ) ;
#4240 = EDGE_LOOP ( 'NONE', ( #7461, #3291 ) ) ;
#4239 = VERTEX_POINT ( 'NONE', #1560 ) ;
#4241 = CIRCLE ( 'NONE', #5054, 26.16057989992778943 ) ;
#4242 = ORIENTED_EDGE ( 'NONE', *, *, #1264, .F. ) ;
#4243 = CARTESIAN_POINT ( 'NONE',  ( 34.93049871176394561, 15.63800383155555096, 20.09999999999999432 ) ) ;
#4244 = CARTESIAN_POINT ( 'NONE',  ( -41.08373392936310609, -18.04661880398741758, -14.70000000000000462 ) ) ;
#4245 = CARTESIAN_POINT ( 'NONE',  ( -43.81712747487679138, -19.60252656784884095, -19.90226640499236055 ) ) ;
#4246 = DIRECTION ( 'NONE',  ( 1.000000000000000000, 0.000000000000000000, 0.000000000000000000 ) ) ;
#4247 = EDGE_CURVE ( 'NONE', #1743, #6717, #5705, .T. ) ;
#4248 = CARTESIAN_POINT ( 'NONE',  ( 54.07994780320024830, 37.58645176345556393, -11.32278134548815984 ) ) ;
#4249 = EDGE_CURVE ( 'NONE', #4871, #7589, #3507, .T. ) ;
#4250 = CARTESIAN_POINT ( 'NONE',  ( -44.37962267130641436, 4.447223724061605488, 5.975304817286065884 ) ) ;
#4251 = EDGE_CURVE ( 'NONE', #355, #4224, #5988, .T. ) ;
#4252 = CARTESIAN_POINT ( 'NONE',  ( 41.98020584109172404, 33.85997196323787506, 1.468577726120892102 ) ) ;
#4253 = CARTESIAN_POINT ( 'NONE',  ( -1.133338879611484818E-15, 6.533253831555558833, 18.09999999999999787 ) ) ;
#4254 = CARTESIAN_POINT ( 'NONE',  ( 5.334801472566043756, 36.16900472935827793, 12.49999999999999822 ) ) ;
#4255 = ADVANCED_FACE ( 'NONE', ( #4716 ), #5313, .F. ) ;
#4256 = CARTESIAN_POINT ( 'NONE',  ( 27.53833011180791601, 6.762229347444125516, -13.55757678510989628 ) ) ;
#4257 = ORIENTED_EDGE ( 'NONE', *, *, #4915, .F. ) ;
#4258 = CARTESIAN_POINT ( 'NONE',  ( -26.67609089234047204, -12.24480002405686641, -9.958823649702898351 ) ) ;
#4259 = CARTESIAN_POINT ( 'NONE',  ( 35.66967915879077822, 23.26219516234990081, -4.914214297436441115 ) ) ;
#4260 = CARTESIAN_POINT ( 'NONE',  ( -42.61355070806703083, -17.38489804771449343, -22.13619651029518565 ) ) ;
#4261 = CARTESIAN_POINT ( 'NONE',  ( 24.70808380729353004, 32.67432534929470478, 12.49999999999999822 ) ) ;
#4262 = DIRECTION ( 'NONE',  ( 0.4058374489394845352, -0.9139452746408240902, 1.110223024625156787E-16 ) ) ;
#4263 = ORIENTED_EDGE ( 'NONE', *, *, #3419, .T. ) ;
#4264 = DIRECTION ( 'NONE',  ( 0.9139452746408240902, 0.4058374489394845908, 0.000000000000000000 ) ) ;
#4265 = EDGE_CURVE ( 'NONE', #104, #7064, #7862, .T. ) ;
#4266 = ORIENTED_EDGE ( 'NONE', *, *, #6715, .T. ) ;
#4267 = ORIENTED_EDGE ( 'NONE', *, *, #5902, .T. ) ;
#4268 = EDGE_LOOP ( 'NONE', ( #5918, #1663 ) ) ;
#4269 = DIRECTION ( 'NONE',  ( -0.9139452746408245343, -0.4058374489394832030, 0.000000000000000000 ) ) ;
#4270 = PRODUCT_DEFINITION ( 'UNKNOWN', '', #1613, #1708 ) ;
#4271 = CARTESIAN_POINT ( 'NONE',  ( -19.36983980808585315, -16.89583081970100409, -8.021428571428579346 ) ) ;
#4272 = CARTESIAN_POINT ( 'NONE',  ( -16.77555722600631327, -14.57846660307715858, -12.29374985533981857 ) ) ;
#4273 = CARTESIAN_POINT ( 'NONE',  ( 2.630498711763926689, 6.959150220622822403, 12.49999999999999822 ) ) ;
#4274 = LINE ( 'NONE', #1070, #3916 ) ;
#4275 = ORIENTED_EDGE ( 'NONE', *, *, #4820, .F. ) ;
#4276 = ORIENTED_EDGE ( 'NONE', *, *, #6243, .T. ) ;
#4277 = DIRECTION ( 'NONE',  ( -0.000000000000000000, -0.000000000000000000, 1.000000000000000000 ) ) ;
#4278 = DIRECTION ( 'NONE',  ( 1.000000000000000000, 0.000000000000000000, 0.000000000000000000 ) ) ;
#4280 = ORIENTED_EDGE ( 'NONE', *, *, #6382, .T. ) ;
#4279 = ORIENTED_EDGE ( 'NONE', *, *, #2543, .F. ) ;
#4281 = EDGE_LOOP ( 'NONE', ( #7407, #5591 ) ) ;
#4282 = CARTESIAN_POINT ( 'NONE',  ( 49.54175470310120488, 26.41365758787289764, -8.599857038707915180 ) ) ;
#4283 = CARTESIAN_POINT ( 'NONE',  ( -38.72187354518684543, -5.226104294198028910, 7.863909170154999906 ) ) ;
#4284 = CARTESIAN_POINT ( 'NONE',  ( -49.85490552476702675, -13.39758238488170150, -4.592060007040719150 ) ) ;
#4285 = CARTESIAN_POINT ( 'NONE',  ( -36.67450437646652261, 22.30218152664974696, 22.50000000000000000 ) ) ;
#4286 = CARTESIAN_POINT ( 'NONE',  ( 34.98664984793548172, 37.23852315898246701, 3.297348375675340115 ) ) ;
#4287 = AXIS2_PLACEMENT_3D ( 'NONE', #5692, #28, #7132 ) ;
#4288 = ADVANCED_FACE ( 'NONE', ( #7903 ), #6666, .T. ) ;
#4289 = CARTESIAN_POINT ( 'NONE',  ( -48.71051617539718137, -15.97474533754171944, -7.163734557862659891 ) ) ;
#4290 = LINE ( 'NONE', #7557, #2561 ) ;
#4291 = CARTESIAN_POINT ( 'NONE',  ( -47.43547349355122833, -11.45401722149708590, -4.077197461557076075 ) ) ;
#4292 = CARTESIAN_POINT ( 'NONE',  ( -40.92893652543263983, -17.48258536542058295, -21.87858259278750239 ) ) ;
#4293 = AXIS2_PLACEMENT_3D ( 'NONE', #6605, #6568, #3309 ) ;
#4294 = VECTOR ( 'NONE', #5005, 1000.000000000000000 ) ;
#4295 = CARTESIAN_POINT ( 'NONE',  ( 32.17109001805690838, 12.02128043393125978, -11.46367599439403229 ) ) ;
#4296 = ORIENTED_EDGE ( 'NONE', *, *, #7333, .F. ) ;
#4297 = DIRECTION ( 'NONE',  ( 1.000000000000000000, 0.000000000000000000, 0.000000000000000000 ) ) ;
#4298 = FACE_BOUND ( 'NONE', #5575, .T. ) ;
#4299 = CARTESIAN_POINT ( 'NONE',  ( 42.68174379140139507, 24.57141602919962864, 0.7308797124207259133 ) ) ;
#4300 = DIRECTION ( 'NONE',  ( 0.000000000000000000, 0.000000000000000000, 1.000000000000000000 ) ) ;
#4301 = ADVANCED_FACE ( 'NONE', ( #3361 ), #7357, .T. ) ;
#4302 = DIRECTION ( 'NONE',  ( 0.000000000000000000, 0.000000000000000000, -1.000000000000000000 ) ) ;
#4303 = ORIENTED_EDGE ( 'NONE', *, *, #4760, .T. ) ;
#4304 = DIRECTION ( 'NONE',  ( 1.000000000000000000, 0.000000000000000000, 0.000000000000000000 ) ) ;
#4305 = CIRCLE ( 'NONE', #6331, 2.099999999999997868 ) ;
#4306 = EDGE_CURVE ( 'NONE', #1014, #8224, #6030, .T. ) ;
#4307 = ORIENTED_EDGE ( 'NONE', *, *, #2670, .F. ) ;
#4308 = VECTOR ( 'NONE', #8318, 1000.000000000000000 ) ;
#4309 = ORIENTED_EDGE ( 'NONE', *, *, #171, .F. ) ;
#4310 = ORIENTED_EDGE ( 'NONE', *, *, #1801, .T. ) ;
#4311 = CARTESIAN_POINT ( 'NONE',  ( -15.77110626161556262, -9.748724408754103621, -14.49827215189066543 ) ) ;
#4312 = VECTOR ( 'NONE', #4927, 1000.000000000000227 ) ;
#4313 = AXIS2_PLACEMENT_3D ( 'NONE', #4439, #7068, #3769 ) ;
#4314 = CARTESIAN_POINT ( 'NONE',  ( -16.67235263888314378, 47.39760212532419814, 12.49999999999999822 ) ) ;
#4315 = PLANE ( 'NONE',  #7852 ) ;
#4316 = LINE ( 'NONE', #2920, #6074 ) ;
#4317 = ORIENTED_EDGE ( 'NONE', *, *, #3627, .T. ) ;
#4318 = AXIS2_PLACEMENT_3D ( 'NONE', #8009, #7240, #6766 ) ;
#4319 = STYLED_ITEM ( 'NONE', ( #5804 ), #2367 ) ;
#4320 = ORIENTED_EDGE ( 'NONE', *, *, #7367, .F. ) ;
#4321 = FACE_OUTER_BOUND ( 'NONE', #5664, .T. ) ;
#4322 = LINE ( 'NONE', #990, #3708 ) ;
#4323 = AXIS2_PLACEMENT_3D ( 'NONE', #3881, #3409, #7144 ) ;
#4324 = CIRCLE ( 'NONE', #7312, 17.00000000000000000 ) ;
#4325 = VERTEX_POINT ( 'NONE', #4676 ) ;
#4326 = ORIENTED_EDGE ( 'NONE', *, *, #6302, .T. ) ;
#4327 = CARTESIAN_POINT ( 'NONE',  ( 9.286952852967614191, 46.43450517825943535, 20.10000000000000142 ) ) ;
#4328 = LINE ( 'NONE', #6145, #4161 ) ;
#4329 = CARTESIAN_POINT ( 'NONE',  ( -47.83541469730210594, -17.94547244225605453, -10.16694649595447686 ) ) ;
#4330 = CARTESIAN_POINT ( 'NONE',  ( 44.59853487362877900, 37.54578060033247766, -2.407444835499608971 ) ) ;
#4331 = CARTESIAN_POINT ( 'NONE',  ( -1.960745114826851099, 14.26708591959435424, 6.000000000000063949 ) ) ;
#4332 = VECTOR ( 'NONE', #2465, 1000.000000000000114 ) ;
#4333 = CARTESIAN_POINT ( 'NONE',  ( -48.02757330558309690, -17.51273156909027762, -9.427672658826869778 ) ) ;
#4334 = CARTESIAN_POINT ( 'NONE',  ( 3.571152655094365969, 22.21769752870136827, 14.49999999999999822 ) ) ;
#4336 = AXIS2_PLACEMENT_3D ( 'NONE', #2150, #6878, #4220 ) ;
#4335 = CARTESIAN_POINT ( 'NONE',  ( -2.569501288236065495, 15.63800383155555096, -21.35000000000000497 ) ) ;
#4337 = DIRECTION ( 'NONE',  ( -0.000000000000000000, -0.000000000000000000, 1.000000000000000000 ) ) ;
#4338 = CARTESIAN_POINT ( 'NONE',  ( 31.82243663345613882, 11.71149597246027163, -11.70302481599486200 ) ) ;
#4339 = DIRECTION ( 'NONE',  ( -0.7381539449255086760, 0.000000000000000000, -0.6746323099221599451 ) ) ;
#4340 = CIRCLE ( 'NONE', #8004, 1.050000000000000488 ) ;
#4341 = CARTESIAN_POINT ( 'NONE',  ( 5.334801472566043756, 36.16900472935827793, 20.10000000000000142 ) ) ;
#4342 = DIRECTION ( 'NONE',  ( 0.4058374489394847018, -0.9139452746408238681, -0.000000000000000000 ) ) ;
#4343 = CARTESIAN_POINT ( 'NONE',  ( 37.43303607060096994, 33.90068903383242116, -10.90000000000000036 ) ) ;
#4344 = AXIS2_PLACEMENT_3D ( 'NONE', #4586, #744, #3963 ) ;
#4345 = CARTESIAN_POINT ( 'NONE',  ( 37.85348098634231917, 29.37513456951748125, 6.906601717798150908 ) ) ;
#4346 = ORIENTED_EDGE ( 'NONE', *, *, #4502, .T. ) ;
#4347 = FACE_OUTER_BOUND ( 'NONE', #6738, .T. ) ;
#4348 = EDGE_LOOP ( 'NONE', ( #3084, #7376, #4700, #3366 ) ) ;
#4349 = ORIENTED_EDGE ( 'NONE', *, *, #1881, .F. ) ;
#4350 = CARTESIAN_POINT ( 'NONE',  ( -46.98316116474575921, -19.86474601080238855, -21.91673915299398345 ) ) ;
#4351 = ADVANCED_FACE ( 'NONE', ( #7270, #238 ), #1474, .T. ) ;
#4352 = ORIENTED_EDGE ( 'NONE', *, *, #2654, .T. ) ;
#4353 = EDGE_CURVE ( 'NONE', #117, #4156, #5438, .T. ) ;
#4354 = ORIENTED_EDGE ( 'NONE', *, *, #1943, .T. ) ;
#4355 = DIRECTION ( 'NONE',  ( 0.000000000000000000, 0.000000000000000000, -1.000000000000000000 ) ) ;
#4356 = AXIS2_PLACEMENT_3D ( 'NONE', #3869, #3183, #6489 ) ;
#4357 = LINE ( 'NONE', #3036, #8115 ) ;
#4358 = CARTESIAN_POINT ( 'NONE',  ( -19.80483110084205478, -16.95447341665675367, -7.390227436427547758 ) ) ;
#4359 = CARTESIAN_POINT ( 'NONE',  ( 31.60009295659142836, 26.40181147146974183, -3.907821063791906191 ) ) ;
#4360 = VERTEX_POINT ( 'NONE', #8034 ) ;
#4361 = ORIENTED_EDGE ( 'NONE', *, *, #7071, .F. ) ;
#4362 = DIRECTION ( 'NONE',  ( 0.000000000000000000, 0.000000000000000000, 1.000000000000000000 ) ) ;
#4363 = DIRECTION ( 'NONE',  ( -0.000000000000000000, -0.000000000000000000, 1.000000000000000000 ) ) ;
#4365 = ORIENTED_EDGE ( 'NONE', *, *, #7045, .T. ) ;
#4364 = VERTEX_POINT ( 'NONE', #7396 ) ;
#4366 = ADVANCED_FACE ( 'NONE', ( #3323 ), #5909, .F. ) ;
#4367 = ORIENTED_EDGE ( 'NONE', *, *, #1066, .F. ) ;
#4368 = CARTESIAN_POINT ( 'NONE',  ( 48.94919749378441765, 35.14021761988590953, -2.675592887100079142 ) ) ;
#4369 = FACE_OUTER_BOUND ( 'NONE', #2297, .T. ) ;
#4370 = CARTESIAN_POINT ( 'NONE',  ( -50.34263898774386803, -12.29920741988837740, -3.842806056089146161 ) ) ;
#4371 = FACE_OUTER_BOUND ( 'NONE', #376, .T. ) ;
#4372 = CIRCLE ( 'NONE', #8302, 32.16057989992779653 ) ;
#4373 = VERTEX_POINT ( 'NONE', #2977 ) ;
#4374 = DIRECTION ( 'NONE',  ( 1.000000000000000000, 0.000000000000000000, 0.000000000000000000 ) ) ;
#4375 = VECTOR ( 'NONE', #7992, 1000.000000000000000 ) ;
#4376 = CARTESIAN_POINT ( 'NONE',  ( -45.26662137384160189, 1.499967699576565394, 4.651027029388504097 ) ) ;
#4377 = CARTESIAN_POINT ( 'NONE',  ( 40.73336948722383255, 32.73869261541278064, 3.043695845953815482 ) ) ;
#4378 = CARTESIAN_POINT ( 'NONE',  ( 49.16655220279974259, 22.33053156747663692, -14.70000000000004547 ) ) ;
#4379 = LINE ( 'NONE', #7648, #5995 ) ;
#4380 = ADVANCED_FACE ( 'NONE', ( #1642 ), #8197, .F. ) ;
#4381 = CARTESIAN_POINT ( 'NONE',  ( 25.51698881498018778, 9.919190086328008249, -14.50017933194821396 ) ) ;
#4382 = DIRECTION ( 'NONE',  ( 0.000000000000000000, 0.000000000000000000, -1.000000000000000000 ) ) ;
#4383 = EDGE_CURVE ( 'NONE', #570, #545, #3537, .T. ) ;
#4384 = CARTESIAN_POINT ( 'NONE',  ( 32.35169605687837446, 36.06847178467420179, -9.664955880659885423 ) ) ;
#4385 = AXIS2_PLACEMENT_3D ( 'NONE', #3731, #4912, #397 ) ;
#4386 = CARTESIAN_POINT ( 'NONE',  ( 42.24830683904357898, 40.50507494659182584, -2.165282555782471086 ) ) ;
#4387 = LINE ( 'NONE', #820, #6939 ) ;
#4388 = CARTESIAN_POINT ( 'NONE',  ( 33.98019955212698306, 7.249358620321208591, -3.700000000000003730 ) ) ;
#4389 = ORIENTED_EDGE ( 'NONE', *, *, #7670, .T. ) ;
#4390 = CARTESIAN_POINT ( 'NONE',  ( 4.130498711763927133, 23.60496686648926001, 12.49999999999999822 ) ) ;
#4391 = VERTEX_POINT ( 'NONE', #2439 ) ;
#4392 = ORIENTED_EDGE ( 'NONE', *, *, #7622, .F. ) ;
#4393 = CARTESIAN_POINT ( 'NONE',  ( -47.25606259150640653, -19.25017244179736409, -22.13507550033143545 ) ) ;
#4394 = VERTEX_POINT ( 'NONE', #4963 ) ;
#4395 = ORIENTED_EDGE ( 'NONE', *, *, #4733, .T. ) ;
#4396 = CARTESIAN_POINT ( 'NONE',  ( -21.87107106081532493, -16.57550488376913123, 5.722832274371097760 ) ) ;
#4397 = LINE ( 'NONE', #5707, #4583 ) ;
#4398 = EDGE_CURVE ( 'NONE', #6157, #1016, #5013, .T. ) ;
#4399 = ADVANCED_FACE ( 'NONE', ( #7516 ), #7558, .T. ) ;
#4400 = CARTESIAN_POINT ( 'NONE',  ( -34.15307648475368296, -15.56495588323782719, -13.14809138725794568 ) ) ;
#4401 = CARTESIAN_POINT ( 'NONE',  ( 21.93049871176480892, 0.000000000000000000, 8.907611844574882198 ) ) ;
#4402 = VERTEX_POINT ( 'NONE', #8112 ) ;
#4403 =( BOUNDED_SURFACE ( )  B_SPLINE_SURFACE ( 3, 2, ( 
 ( #7092, #1301, #2691 ),
 ( #2610, #4627, #1340 ),
 ( #3872, #2260, #3605 ),
 ( #8028, #3568, #1594 ) ),
 .UNSPECIFIED., .F., .F., .T. ) 
 B_SPLINE_SURFACE_WITH_KNOTS ( ( 4, 4 ),
 ( 3, 3 ),
 ( 0.05831971076286970174, 0.05993744968966883274 ),
 ( 0.000000000000000000, 0.03851511491174963026 ),
 .UNSPECIFIED. ) 
 GEOMETRIC_REPRESENTATION_ITEM ( )  RATIONAL_B_SPLINE_SURFACE ( (
 ( 1.000000000000000000, 0.9927230624628363698, 0.9860066690965716418),
 ( 1.000000000000000000, 0.9928594873472060822, 0.9862690100251144676),
 ( 1.000000000000000000, 0.9929968590981701482, 0.9865331717494945085),
 ( 1.000000000000000000, 0.9931351205536544935, 0.9867990443487715257) ) ) 
 REPRESENTATION_ITEM ( '' )  SURFACE ( )  );
#4404 = EDGE_CURVE ( 'NONE', #6296, #2793, #6151, .T. ) ;
#4405 = VECTOR ( 'NONE', #7165, 1000.000000000000114 ) ;
#4406 = B_SPLINE_CURVE_WITH_KNOTS ( 'NONE', 3,
 ( #2729, #4619, #3272, #5379 ),
 .UNSPECIFIED., .F., .F.,
 ( 4, 4 ),
 ( 0.01270697174935495402, 0.01856655259915389669 ),
 .UNSPECIFIED. ) ;
#4407 = EDGE_CURVE ( 'NONE', #6459, #1117, #1041, .T. ) ;
#4408 = ORIENTED_EDGE ( 'NONE', *, *, #1408, .T. ) ;
#4409 = LINE ( 'NONE', #2545, #4332 ) ;
#4410 = DIRECTION ( 'NONE',  ( -1.563116529408154362E-17, -0.000000000000000000, 1.000000000000000000 ) ) ;
#4412 = VERTEX_POINT ( 'NONE', #2267 ) ;
#4411 = ORIENTED_EDGE ( 'NONE', *, *, #2004, .T. ) ;
#4413 = ORIENTED_EDGE ( 'NONE', *, *, #5392, .F. ) ;
#4414 = CARTESIAN_POINT ( 'NONE',  ( -34.92450437646652261, 22.30218152664974696, 20.10000000000000142 ) ) ;
#4415 = CARTESIAN_POINT ( 'NONE',  ( 34.46005763278732559, 33.58642074155849855, 2.679767682288438646 ) ) ;
#4416 = CARTESIAN_POINT ( 'NONE',  ( -50.17730931747369993, -12.67152956831554178, -4.077197461557076075 ) ) ;
#4417 = DIRECTION ( 'NONE',  ( -0.9139452746408245343, -0.4058374489394833140, 0.000000000000000000 ) ) ;
#4418 = ORIENTED_EDGE ( 'NONE', *, *, #8189, .F. ) ;
#4419 = CARTESIAN_POINT ( 'NONE',  ( 30.74012261992294981, 35.35285251229527859, -10.00000000000000178 ) ) ;
#4420 = DIRECTION ( 'NONE',  ( -0.000000000000000000, -0.000000000000000000, 1.000000000000000000 ) ) ;
#4421 = CARTESIAN_POINT ( 'NONE',  ( 38.13714425700482735, 23.85201360153988404, 0.6585667602674296628 ) ) ;
#4422 = CARTESIAN_POINT ( 'NONE',  ( 37.20107891322191307, 26.18610893072742840, 1.517692539316721966E-15 ) ) ;
#4423 = DIRECTION ( 'NONE',  ( -0.4058374489394844797, 0.9139452746408239792, -0.000000000000000000 ) ) ;
#4424 = CARTESIAN_POINT ( 'NONE',  ( -2.569501288236065495, 15.63800383155555096, -21.35000000000000497 ) ) ;
#4425 = DIRECTION ( 'NONE',  ( -0.000000000000000000, -0.000000000000000000, 1.000000000000000000 ) ) ;
#4426 = CARTESIAN_POINT ( 'NONE',  ( 27.46975826813210730, 15.63800383155555096, -12.50000000000000178 ) ) ;
#4427 = CARTESIAN_POINT ( 'NONE',  ( 32.59635132015397829, 24.14137939244476883, -5.002747934976703448 ) ) ;
#4428 = DIRECTION ( 'NONE',  ( 1.000000000000000000, 0.000000000000000000, 0.000000000000000000 ) ) ;
#4429 = CARTESIAN_POINT ( 'NONE',  ( 33.96541274183559267, 7.184347384992854302, 5.886200472901893299 ) ) ;
#4430 = CIRCLE ( 'NONE', #3613, 2.099999999999996980 ) ;
#4431 = EDGE_LOOP ( 'NONE', ( #6584, #2869 ) ) ;
#4432 = ORIENTED_EDGE ( 'NONE', *, *, #4154, .T. ) ;
#4433 = CARTESIAN_POINT ( 'NONE',  ( -46.56095123911720179, -20.81556207630602273, -20.46716776084002731 ) ) ;
#4434 = EDGE_CURVE ( 'NONE', #2793, #2844, #366, .T. ) ;
#4435 = ORIENTED_EDGE ( 'NONE', *, *, #2109, .F. ) ;
#4436 = ORIENTED_EDGE ( 'NONE', *, *, #341, .T. ) ;
#4437 = FACE_OUTER_BOUND ( 'NONE', #1525, .T. ) ;
#4438 = DIRECTION ( 'NONE',  ( 0.4058374489394834250, -0.9139452746408245343, 0.000000000000000000 ) ) ;
#4439 = CARTESIAN_POINT ( 'NONE',  ( 1.872907540648769853, -4.217784733981901013, -21.35000000000000497 ) ) ;
#4440 = EDGE_CURVE ( 'NONE', #2926, #1958, #1810, .T. ) ;
#4441 = ORIENTED_EDGE ( 'NONE', *, *, #6002, .F. ) ;
#4442 = CIRCLE ( 'NONE', #4986, 2.099999999999992095 ) ;
#4443 = CARTESIAN_POINT ( 'NONE',  ( 28.22700005846794369, 3.781549690352192350, 15.09999999999999964 ) ) ;
#4444 = CARTESIAN_POINT ( 'NONE',  ( -15.70924716569568247, -7.374972470430759763, -14.70000000000000284 ) ) ;
#4446 = ORIENTED_EDGE ( 'NONE', *, *, #6683, .F. ) ;
#4445 = ORIENTED_EDGE ( 'NONE', *, *, #753, .T. ) ;
#4447 = EDGE_LOOP ( 'NONE', ( #7539, #2491, #386, #4061, #2085, #4600, #4683 ) ) ;
#4448 = CARTESIAN_POINT ( 'NONE',  ( 50.45893156937859914, 24.34817677742876540, -12.68783868663173386 ) ) ;
#4449 = CARTESIAN_POINT ( 'NONE',  ( -42.22797526128275791, -18.25321332647173378, -14.70000000000000284 ) ) ;
#4450 = CARTESIAN_POINT ( 'NONE',  ( -1.960745114826851099, 14.26708591959435424, 6.940088632605423413 ) ) ;
#4451 = CARTESIAN_POINT ( 'NONE',  ( -39.86739374747622122, -5.136824085462066591, 6.906601717798145579 ) ) ;
#4452 = AXIS2_PLACEMENT_3D ( 'NONE', #4008, #3020, #5602 ) ;
#4453 = CIRCLE ( 'NONE', #6750, 26.50000000000001421 ) ;
#4454 = ORIENTED_EDGE ( 'NONE', *, *, #3498, .F. ) ;
#4455 = EDGE_CURVE ( 'NONE', #1161, #2454, #2156, .T. ) ;
#4456 = CARTESIAN_POINT ( 'NONE',  ( -51.74189624184577241, -1.208449734661975361, -2.897824700398972109 ) ) ;
#4457 = CARTESIAN_POINT ( 'NONE',  ( -32.84671299535075661, 7.117114697053950501, -11.08603859902972566 ) ) ;
#4458 = AXIS2_PLACEMENT_3D ( 'NONE', #2827, #3457, #4774 ) ;
#4459 = DIRECTION ( 'NONE',  ( 0.2742274291513640549, 0.1217707048376172885, -0.9539241125710071767 ) ) ;
#4460 = LINE ( 'NONE', #5174, #6449 ) ;
#4461 = DIRECTION ( 'NONE',  ( -1.000000000000000000, 0.000000000000000000, 0.000000000000000000 ) ) ;
#4462 = VECTOR ( 'NONE', #4006, 1000.000000000000000 ) ;
#4463 = CYLINDRICAL_SURFACE ( 'NONE', #6506, 1.574999999999999956 ) ;
#4464 = CARTESIAN_POINT ( 'NONE',  ( 36.11799590170631546, 37.82725458412124198, 5.028317749943290949 ) ) ;
#4465 = CIRCLE ( 'NONE', #5272, 8507.626810897732867 ) ;
#4466 = LINE ( 'NONE', #6409, #305 ) ;
#4467 = CARTESIAN_POINT ( 'NONE',  ( 2.295951381870788399, 8.066519808264601465, 14.49999999999999822 ) ) ;
#4468 = LINE ( 'NONE', #7734, #5940 ) ;
#4469 = ORIENTED_EDGE ( 'NONE', *, *, #2263, .T. ) ;
#4470 = VERTEX_POINT ( 'NONE', #4215 ) ;
#4471 = LINE ( 'NONE', #7060, #2166 ) ;
#4472 = AXIS2_PLACEMENT_3D ( 'NONE', #3800, #5819, #7776 ) ;
#4473 = EDGE_LOOP ( 'NONE', ( #2594, #1325, #2379, #3690, #1841, #5895, #4021, #5659, #8086 ) ) ;
#4474 = ORIENTED_EDGE ( 'NONE', *, *, #7122, .T. ) ;
#4475 = CARTESIAN_POINT ( 'NONE',  ( 48.67088552144097235, 23.44677212735726712, -22.15000000000000213 ) ) ;
#4476 = CARTESIAN_POINT ( 'NONE',  ( 32.08414255442612273, 32.32612180675755553, 1.300000000000012035 ) ) ;
#4477 = CARTESIAN_POINT ( 'NONE',  ( 45.87122029678157986, 42.07181725911096493, -3.097864185165814188 ) ) ;
#4478 = EDGE_CURVE ( 'NONE', #4786, #6046, #2279, .T. ) ;
#4479 = DIRECTION ( 'NONE',  ( 0.4058374489394844242, -0.9139452746408240902, 0.000000000000000000 ) ) ;
#4480 = VERTEX_POINT ( 'NONE', #410 ) ;
#4481 = PLANE ( 'NONE',  #3244 ) ;
#4482 = CARTESIAN_POINT ( 'NONE',  ( 50.43377184150870107, 31.79695860448188682, -4.185753630203416620 ) ) ;
#4484 = ORIENTED_EDGE ( 'NONE', *, *, #5121, .F. ) ;
#4483 = ORIENTED_EDGE ( 'NONE', *, *, #6318, .T. ) ;
#4485 = VERTEX_POINT ( 'NONE', #6872 ) ;
#4486 = CARTESIAN_POINT ( 'NONE',  ( 38.14026528317616993, 38.63888626461507414, -7.672778918891237865 ) ) ;
#4487 = CARTESIAN_POINT ( 'NONE',  ( 47.79563429083849968, 21.72177539406740721, -14.70000000000004547 ) ) ;
#4488 = CARTESIAN_POINT ( 'NONE',  ( 7.630498711763928910, 6.533253831555560609, 10.09999999999999964 ) ) ;
#4489 = CARTESIAN_POINT ( 'NONE',  ( 34.58689410985728330, 25.02528002653421879, -2.392760896843801291E-14 ) ) ;
#4490 = ORIENTED_EDGE ( 'NONE', *, *, #3268, .T. ) ;
#4491 = AXIS2_PLACEMENT_3D ( 'NONE', #6600, #814, #5797 ) ;
#4492 = CARTESIAN_POINT ( 'NONE',  ( -45.27458579699491992, -0.8482560838013900595, 3.825002615725560329 ) ) ;
#4493 = CYLINDRICAL_SURFACE ( 'NONE', #5789, 1.500000000000582423 ) ;
#4494 = B_SPLINE_CURVE_WITH_KNOTS ( 'NONE', 3,
 ( #926, #3496, #2865, #5520, #7481, #5445 ),
 .UNSPECIFIED., .F., .F.,
 ( 4, 2, 4 ),
 ( 0.000000000000000000, 0.003479560511698737667, 0.006959121023397475334 ),
 .UNSPECIFIED. ) ;
#4495 = DIRECTION ( 'NONE',  ( -1.000000000000000000, 0.000000000000000000, 0.000000000000000000 ) ) ;
#4496 = DIRECTION ( 'NONE',  ( 0.7662190125374198635, 0.000000000000000000, -0.6425795085638672521 ) ) ;
#4497 = CARTESIAN_POINT ( 'NONE',  ( -32.94993622568185287, 5.313678828095916629, -3.700000000000003730 ) ) ;
#4498 = ADVANCED_FACE ( 'NONE', ( #6238 ), #5283, .F. ) ;
#4499 = CARTESIAN_POINT ( 'NONE',  ( -36.67450437646652261, 22.30218152664974696, 15.59999999999999964 ) ) ;
#4500 = CARTESIAN_POINT ( 'NONE',  ( 53.16274170314988368, 25.65132291659301345, -22.15000000000000213 ) ) ;
#4501 = APPLICATION_CONTEXT ( 'automotive_design' ) ;
#4502 = EDGE_CURVE ( 'NONE', #8273, #164, #4574, .T. ) ;
#4503 = CARTESIAN_POINT ( 'NONE',  ( -44.51422676758394203, -18.03266009497891531, -22.13507550033143545 ) ) ;
#4504 = AXIS2_PLACEMENT_3D ( 'NONE', #4254, #3105, #3704 ) ;
#4505 = EDGE_CURVE ( 'NONE', #2468, #4865, #1071, .T. ) ;
#4506 = CARTESIAN_POINT ( 'NONE',  ( 33.57385421354762656, 6.909890140943751646, -6.351550075249224214 ) ) ;
#4507 = ADVANCED_FACE ( 'NONE', ( #800 ), #929, .F. ) ;
#4508 = CARTESIAN_POINT ( 'NONE',  ( 48.11173193213324595, 21.00992402021965688, -20.04512421095780184 ) ) ;
#4509 = CARTESIAN_POINT ( 'NONE',  ( 47.96589622511860540, 21.33834579511534102, -21.32933242598484824 ) ) ;
#4510 = EDGE_CURVE ( 'NONE', #8338, #1836, #876, .T. ) ;
#4511 = ORIENTED_EDGE ( 'NONE', *, *, #530, .T. ) ;
#4512 = VECTOR ( 'NONE', #3476, 1000.000000000000000 ) ;
#4513 = EDGE_LOOP ( 'NONE', ( #3735, #1025, #2948, #1698, #5840, #2160, #1423, #4395 ) ) ;
#4514 = CARTESIAN_POINT ( 'NONE',  ( 32.34481566444345901, 24.02968497083840660, -5.175980714260913551 ) ) ;
#4515 = ORIENTED_EDGE ( 'NONE', *, *, #5985, .T. ) ;
#4516 = ORIENTED_EDGE ( 'NONE', *, *, #5703, .T. ) ;
#4517 = CARTESIAN_POINT ( 'NONE',  ( -4.397281045466727711, 9.902669759219890011, -22.15000000000000213 ) ) ;
#4518 = CARTESIAN_POINT ( 'NONE',  ( -19.56950128823605439, 0.1380038315555598971, 12.49999999999999822 ) ) ;
#4519 = FACE_OUTER_BOUND ( 'NONE', #4077, .T. ) ;
#4520 = CARTESIAN_POINT ( 'NONE',  ( -31.26600263493999776, 27.49445797275911119, 15.09999999999999964 ) ) ;
#4521 = EDGE_LOOP ( 'NONE', ( #5911, #4982, #3426, #5158 ) ) ;
#4522 = CARTESIAN_POINT ( 'NONE',  ( -2.569501288236065495, 15.63800383155555096, 20.09999999999999432 ) ) ;
#4523 = CARTESIAN_POINT ( 'NONE',  ( 48.35463467767146284, 36.47917211431107631, -2.419953286813434357 ) ) ;
#4525 = ORIENTED_EDGE ( 'NONE', *, *, #7637, .T. ) ;
#4524 = ORIENTED_EDGE ( 'NONE', *, *, #6630, .T. ) ;
#4526 = ORIENTED_EDGE ( 'NONE', *, *, #7572, .T. ) ;
#4527 = DIRECTION ( 'NONE',  ( -0.8718344350502128526, -0.3871381283276804641, -0.3000479752566519998 ) ) ;
#4528 = LINE ( 'NONE', #3737, #7543 ) ;
#4529 = CARTESIAN_POINT ( 'NONE',  ( -28.30510818986649468, 9.133814558075041390, -3.007338698771059244E-16 ) ) ;
#4530 = CARTESIAN_POINT ( 'NONE',  ( -51.54330811101109333, -2.203180347166993958, -2.786075478431025321 ) ) ;
#4531 = ORIENTED_EDGE ( 'NONE', *, *, #5853, .F. ) ;
#4532 = AXIS2_PLACEMENT_3D ( 'NONE', #5634, #522, #3094 ) ;
#4533 = CARTESIAN_POINT ( 'NONE',  ( 50.85848072798753350, 23.44839272238015582, -21.84636320225858697 ) ) ;
#4534 = CARTESIAN_POINT ( 'NONE',  ( -44.97359753437528695, 1.818528105966528585, 5.028317749944170245 ) ) ;
#4535 = CARTESIAN_POINT ( 'NONE',  ( 37.22896156365681009, 23.63492323658301331, 6.940088632605423413 ) ) ;
#4536 = ORIENTED_EDGE ( 'NONE', *, *, #1057, .T. ) ;
#4537 = CARTESIAN_POINT ( 'NONE',  ( -37.72450437646652688, 22.30218152664974696, 22.50000000000000000 ) ) ;
#4538 = CARTESIAN_POINT ( 'NONE',  ( -14.92235263888314201, 47.39760212532419814, 20.10000000000000142 ) ) ;
#4539 = CARTESIAN_POINT ( 'NONE',  ( -18.06950128823605439, 0.1380038315555598971, 20.10000000000000142 ) ) ;
#4540 = FACE_OUTER_BOUND ( 'NONE', #3757, .T. ) ;
#4541 = CARTESIAN_POINT ( 'NONE',  ( 48.88792928093162260, 22.95798993415376543, -22.08209200522896509 ) ) ;
#4542 = CARTESIAN_POINT ( 'NONE',  ( -44.19171016745834635, -18.75896695366893852, -21.84619567024299869 ) ) ;
#4543 = EDGE_CURVE ( 'NONE', #7582, #4786, #6083, .T. ) ;
#4544 = FACE_OUTER_BOUND ( 'NONE', #8333, .T. ) ;
#4545 = CARTESIAN_POINT ( 'NONE',  ( -40.06950128823608281, 15.63800383155555451, 12.49999999999999822 ) ) ;
#4546 = CARTESIAN_POINT ( 'NONE',  ( 39.47085249934708884, 16.57228777836820299, -8.492914313841485097 ) ) ;
#4547 = ORIENTED_EDGE ( 'NONE', *, *, #5205, .F. ) ;
#4548 = ORIENTED_EDGE ( 'NONE', *, *, #4, .F. ) ;
#4549 = PLANE ( 'NONE',  #4323 ) ;
#4550 = EDGE_CURVE ( 'NONE', #5636, #1733, #3500, .T. ) ;
#4551 = VERTEX_POINT ( 'NONE', #8002 ) ;
#4552 = AXIS2_PLACEMENT_3D ( 'NONE', #4708, #7306, #2093 ) ;
#4553 = VERTEX_POINT ( 'NONE', #5997 ) ;
#4554 = ADVANCED_FACE ( 'NONE', ( #1570 ), #6677, .F. ) ;
#4555 = ADVANCED_FACE ( 'NONE', ( #5448 ), #125, .T. ) ;
#4556 = DIRECTION ( 'NONE',  ( 0.000000000000000000, 0.000000000000000000, -1.000000000000000000 ) ) ;
#4557 = CARTESIAN_POINT ( 'NONE',  ( 47.79563429083849968, 21.72177539406740721, -14.70000000000004547 ) ) ;
#4558 = CARTESIAN_POINT ( 'NONE',  ( -36.69080009427408839, -2.248954299902456100, -10.00000000000000178 ) ) ;
#4559 = EDGE_CURVE ( 'NONE', #3292, #2503, #7567, .T. ) ;
#4560 = DIRECTION ( 'NONE',  ( -0.000000000000000000, -0.000000000000000000, -1.000000000000000000 ) ) ;
#4561 = EDGE_LOOP ( 'NONE', ( #6548, #4940, #8313, #4119, #6200, #5810 ) ) ;
#4562 = CARTESIAN_POINT ( 'NONE',  ( -18.06950128823605439, 0.1380038315555598971, 12.49999999999999822 ) ) ;
#4563 = CARTESIAN_POINT ( 'NONE',  ( -19.56950128823605439, 0.1380038315555598971, 20.10000000000000142 ) ) ;
#4564 = AXIS2_PLACEMENT_3D ( 'NONE', #7172, #7123, #1419 ) ;
#4565 = ORIENTED_EDGE ( 'NONE', *, *, #2371, .T. ) ;
#4566 = AXIS2_PLACEMENT_3D ( 'NONE', #6492, #3278, #7855 ) ;
#4567 = ORIENTED_EDGE ( 'NONE', *, *, #8372, .F. ) ;
#4568 = CARTESIAN_POINT ( 'NONE',  ( 53.41018852972207043, 25.09407306579317165, -14.00636133654080240 ) ) ;
#4569 = DIRECTION ( 'NONE',  ( 0.000000000000000000, 0.000000000000000000, -1.000000000000000000 ) ) ;
#4570 = DIRECTION ( 'NONE',  ( -1.000000000000000000, 0.000000000000000000, 0.000000000000000000 ) ) ;
#4571 = CARTESIAN_POINT ( 'NONE',  ( 26.12700005846794227, 3.781549690352192794, 15.09999999999999964 ) ) ;
#4572 = ORIENTED_EDGE ( 'NONE', *, *, #3680, .F. ) ;
#4573 = CARTESIAN_POINT ( 'NONE',  ( 51.23118777632805632, 22.60905705597906135, -20.46726709676940459 ) ) ;
#4574 = CIRCLE ( 'NONE', #7019, 2.099999999999992095 ) ;
#4575 = VECTOR ( 'NONE', #8017, 1000.000000000000114 ) ;
#4576 = CARTESIAN_POINT ( 'NONE',  ( 49.54175470310120488, 26.41365758787289764, -8.599857038707915180 ) ) ;
#4577 = CARTESIAN_POINT ( 'NONE',  ( 51.23318108776901170, 22.60456812185746500, -19.90226640499234279 ) ) ;
#4578 = ORIENTED_EDGE ( 'NONE', *, *, #2983, .T. ) ;
#4579 = CARTESIAN_POINT ( 'NONE',  ( 2.295951381870786623, 8.066519808264601465, 12.49999999999999822 ) ) ;
#4580 = CARTESIAN_POINT ( 'NONE',  ( 47.96732793438445697, 21.33512158817342197, -16.43407739999305761 ) ) ;
#4581 = AXIS2_PLACEMENT_3D ( 'NONE', #3283, #1899, #2490 ) ;
#4582 = AXIS2_PLACEMENT_3D ( 'NONE', #3187, #5140, #3358 ) ;
#4583 = VECTOR ( 'NONE', #3635, 1000.000000000000000 ) ;
#4584 = LINE ( 'NONE', #7688, #8350 ) ;
#4585 = CARTESIAN_POINT ( 'NONE',  ( -23.10050218603879912, 23.54230659235769707, 16.60000000000000142 ) ) ;
#4586 = CARTESIAN_POINT ( 'NONE',  ( -5.849297796379930858, 13.33757324887747231, -1.536002386895972238E-15 ) ) ;
#4587 = CARTESIAN_POINT ( 'NONE',  ( -51.01149713681090958, -0.9489586894556935048, -2.102949113505815149 ) ) ;
#4588 = CARTESIAN_POINT ( 'NONE',  ( -47.35410995212553331, -19.02936994522848124, -12.57397775439992138 ) ) ;
#4589 = ADVANCED_FACE ( 'NONE', ( #3332 ), #6552, .T. ) ;
#4590 = DIRECTION ( 'NONE',  ( 1.862790309773752706E-15, -3.027034253382348246E-15, 1.000000000000000000 ) ) ;
#4591 = CARTESIAN_POINT ( 'NONE',  ( 29.65690715003917788, 8.052152135562463897, 16.49280219070005060 ) ) ;
#4592 = CARTESIAN_POINT ( 'NONE',  ( -40.85705734932152211, -17.64445715306250762, -14.70000000000000284 ) ) ;
#4593 = ORIENTED_EDGE ( 'NONE', *, *, #4265, .F. ) ;
#4594 = VECTOR ( 'NONE', #8195, 1000.000000000000000 ) ;
#4595 = ORIENTED_EDGE ( 'NONE', *, *, #6055, .F. ) ;
#4596 = DIRECTION ( 'NONE',  ( -0.4058374489394844797, 0.9139452746408239792, -0.000000000000000000 ) ) ;
#4597 = AXIS2_PLACEMENT_3D ( 'NONE', #3037, #3592, #1198 ) ;
#4598 = VERTEX_POINT ( 'NONE', #2711 ) ;
#4599 = AXIS2_PLACEMENT_3D ( 'NONE', #2423, #1118, #6948 ) ;
#4600 = ORIENTED_EDGE ( 'NONE', *, *, #4505, .T. ) ;
#4601 = B_SPLINE_CURVE_WITH_KNOTS ( 'NONE', 3,
 ( #3652, #446, #5598, #4330 ),
 .UNSPECIFIED., .F., .F.,
 ( 4, 4 ),
 ( 0.000000000000000000, 1.000000000000000000 ),
 .UNSPECIFIED. ) ;
#4602 = LINE ( 'NONE', #5150, #1629 ) ;
#4603 = ADVANCED_FACE ( 'NONE', ( #6591 ), #3159, .F. ) ;
#4604 = B_SPLINE_SURFACE_WITH_KNOTS ( 'NONE', 3, 1, ( 
 ( #1274, #1783 ),
 ( #8336, #6334 ),
 ( #4393, #3846 ),
 ( #3673, #7619 ),
 ( #2530, #1826 ),
 ( #4350, #7737 ),
 ( #6294, #6974 ),
 ( #5737, #502 ),
 ( #6251, #5146 ),
 ( #549, #4979 ),
 ( #7102, #3118 ),
 ( #3759, #1942 ),
 ( #1862, #6379 ),
 ( #7576, #5107 ),
 ( #4433, #7018 ),
 ( #6933, #8297 ),
 ( #7698, #2493 ),
 ( #1235, #5070 ) ),
 .UNSPECIFIED., .F., .F., .F.,
 ( 4, 2, 2, 2, 2, 2, 2, 2, 4 ),
 ( 2, 2 ),
 ( 0.000000000000000000, 0.1250000000000000000, 0.2500000000000000000, 0.3750000000000000000, 0.5000000000000000000, 0.6250000000000000000, 0.7500000000000000000, 0.8750000000000000000, 1.000000000000000000 ),
 ( 0.000000000000000000, 1.000000000000000000 ),
 .UNSPECIFIED. ) ;
#4605 = ADVANCED_FACE ( 'NONE', ( #2829 ), #1824, .T. ) ;
#4606 = LINE ( 'NONE', #3297, #7541 ) ;
#4607 = ADVANCED_FACE ( 'NONE', ( #6801 ), #8167, .T. ) ;
#4608 = EDGE_LOOP ( 'NONE', ( #4137, #1321, #1821, #7933, #7801 ) ) ;
#4609 = DIRECTION ( 'NONE',  ( -0.9139452746408239792, -0.4058374489394845908, 0.000000000000000000 ) ) ;
#4610 = DIRECTION ( 'NONE',  ( -1.000000000000000000, -1.172110456741086321E-16, 0.000000000000000000 ) ) ;
#4611 = ORIENTED_EDGE ( 'NONE', *, *, #3978, .F. ) ;
#4612 = EDGE_LOOP ( 'NONE', ( #3034, #3082, #3912, #1438 ) ) ;
#4613 = DIRECTION ( 'NONE',  ( -0.2742274291513641105, -0.1217707048376172468, 0.9539241125710071767 ) ) ;
#4614 = LINE ( 'NONE', #4529, #5888 ) ;
#4615 = CARTESIAN_POINT ( 'NONE',  ( 0.4524764693605800581, -1.018976272739017697, -21.35000000000000497 ) ) ;
#4616 = VERTEX_POINT ( 'NONE', #1610 ) ;
#4617 =( LENGTH_UNIT ( ) NAMED_UNIT ( * ) SI_UNIT ( .MILLI., .METRE. ) );
#4618 = CARTESIAN_POINT ( 'NONE',  ( 51.10964481989874741, 22.88277159608549027, -21.26716052623752518 ) ) ;
#4619 = CARTESIAN_POINT ( 'NONE',  ( -40.95422494364301969, 3.516973575218831805, 9.347248972317025562 ) ) ;
#4620 = EDGE_CURVE ( 'NONE', #1148, #6046, #4936, .T. ) ;
#4621 = DIRECTION ( 'NONE',  ( 1.000000000000000000, 0.000000000000000000, 0.000000000000000000 ) ) ;
#4622 = ORIENTED_EDGE ( 'NONE', *, *, #1413, .T. ) ;
#4623 = CARTESIAN_POINT ( 'NONE',  ( 34.18075944931168664, 23.09912544444035731, 12.10000000000029985 ) ) ;
#4624 = CIRCLE ( 'NONE', #5302, 2.100000000000000977 ) ;
#4625 = DIRECTION ( 'NONE',  ( 1.000000000000000000, 0.000000000000000000, 0.000000000000000000 ) ) ;
#4626 = CYLINDRICAL_SURFACE ( 'NONE', #775, 2.099999999999996980 ) ;
#4627 = CARTESIAN_POINT ( 'NONE',  ( -42.90723363264054058, 2.517018530458665193, 7.183774725011853768 ) ) ;
#4628 = CARTESIAN_POINT ( 'NONE',  ( 34.74085767550804604, 11.80399404456811929, 9.419284472809367870 ) ) ;
#4629 = CARTESIAN_POINT ( 'NONE',  ( -0.4606577907535720495, 1.037400595203546549, -14.70000000000000284 ) ) ;
#4630 = FACE_OUTER_BOUND ( 'NONE', #5794, .T. ) ;
#4631 = DIRECTION ( 'NONE',  ( 1.000000000000000000, 0.000000000000000000, 0.000000000000000000 ) ) ;
#4632 = DIRECTION ( 'NONE',  ( 1.000000000000000000, 0.000000000000000000, 0.000000000000000000 ) ) ;
#4633 = CARTESIAN_POINT ( 'NONE',  ( 39.09736509678180028, 16.24848864576651408, -8.209918793653805835 ) ) ;
#4634 = ORIENTED_EDGE ( 'NONE', *, *, #8246, .T. ) ;
#4635 = ADVANCED_FACE ( 'NONE', ( #1100 ), #3915, .T. ) ;
#4636 = DIRECTION ( 'NONE',  ( -1.000000000000000000, 0.000000000000000000, -0.000000000000000000 ) ) ;
#4637 = ORIENTED_EDGE ( 'NONE', *, *, #4204, .T. ) ;
#4638 = CARTESIAN_POINT ( 'NONE',  ( -40.60920705179856327, -18.20261561978699305, -20.96969781442291136 ) ) ;
#4639 = AXIS2_PLACEMENT_3D ( 'NONE', #5610, #2986, #6880 ) ;
#4640 = CARTESIAN_POINT ( 'NONE',  ( 8.535532021701095928, 4.115352563500928262, 14.49999999999999822 ) ) ;
#4641 = CARTESIAN_POINT ( 'NONE',  ( 37.32641772894426424, 27.24363257997158172, 5.999999999999999112 ) ) ;
#4642 = ORIENTED_EDGE ( 'NONE', *, *, #430, .T. ) ;
#4643 = CIRCLE ( 'NONE', #1010, 2.099999999999992095 ) ;
#4644 = FACE_BOUND ( 'NONE', #4431, .T. ) ;
#4645 = CARTESIAN_POINT ( 'NONE',  ( 11.43049871176334165, 31.13800383155554385, 20.10000000000000142 ) ) ;
#4646 = EDGE_LOOP ( 'NONE', ( #176, #854 ) ) ;
#4647 = CARTESIAN_POINT ( 'NONE',  ( -43.95619742772737482, -17.57795389561486132, -22.15000000000000213 ) ) ;
#4648 = DIRECTION ( 'NONE',  ( 1.000000000000000000, 0.000000000000000000, 0.000000000000000000 ) ) ;
#4649 = EDGE_CURVE ( 'NONE', #7530, #570, #2034, .T. ) ;
#4650 = ORIENTED_EDGE ( 'NONE', *, *, #2123, .F. ) ;
#4651 = CARTESIAN_POINT ( 'NONE',  ( 1.872907540648769853, -4.217784733981901013, -14.70000000000000284 ) ) ;
#4652 = CARTESIAN_POINT ( 'NONE',  ( 41.82936776473339080, 6.222470586177683671, 1.305171413906692779 ) ) ;
#4653 = EDGE_CURVE ( 'NONE', #3818, #4899, #4442, .T. ) ;
#4654 = CARTESIAN_POINT ( 'NONE',  ( 14.30737535980886754, 45.40694055502255111, 12.49999999999999822 ) ) ;
#4655 = DIRECTION ( 'NONE',  ( -0.000000000000000000, -0.000000000000000000, 1.000000000000000000 ) ) ;
#4656 = EDGE_CURVE ( 'NONE', #3714, #7844, #4980, .T. ) ;
#4657 = ORIENTED_EDGE ( 'NONE', *, *, #7010, .T. ) ;
#4658 = EDGE_CURVE ( 'NONE', #5702, #5502, #2276, .T. ) ;
#4659 = CARTESIAN_POINT ( 'NONE',  ( 53.22084500778807126, 25.52047436909240474, -22.15000000000000924 ) ) ;
#4660 = DIRECTION ( 'NONE',  ( -0.000000000000000000, -0.000000000000000000, -1.000000000000000000 ) ) ;
#4661 = LINE ( 'NONE', #4163, #3296 ) ;
#4662 = EDGE_LOOP ( 'NONE', ( #8349, #1797 ) ) ;
#4663 = CARTESIAN_POINT ( 'NONE',  ( 44.52298315780655713, 20.77341991158051471, -8.081326490678726771 ) ) ;
#4664 = ORIENTED_EDGE ( 'NONE', *, *, #5222, .F. ) ;
#4665 = CARTESIAN_POINT ( 'NONE',  ( 7.630498711763927133, 11.53325383155556061, 10.09999999999999964 ) ) ;
#4666 = CARTESIAN_POINT ( 'NONE',  ( 29.01983560004474683, 21.67262846431798096, 12.49999999999999822 ) ) ;
#4667 = CARTESIAN_POINT ( 'NONE',  ( -35.69309208335903350, 5.853179908129146014, -10.00000000000000178 ) ) ;
#4668 = DIRECTION ( 'NONE',  ( 1.000000000000000000, 0.000000000000000000, 0.000000000000000000 ) ) ;
#4669 = VECTOR ( 'NONE', #4881, 999.9999999999998863 ) ;
#4670 = CARTESIAN_POINT ( 'NONE',  ( 47.96464338335572819, 21.34116719272694240, -21.33246844851509749 ) ) ;
#4671 = CARTESIAN_POINT ( 'NONE',  ( -43.33876191278712753, 2.458119804308258605, 6.736382682932164911 ) ) ;
#4672 =( BOUNDED_SURFACE ( )  B_SPLINE_SURFACE ( 3, 2, ( 
 ( #4851, #4221, #6161 ),
 ( #8122, #2324, #7482 ),
 ( #2985, #7952, #2151 ),
 ( #540, #4464, #5695 ),
 ( #3837, #8203, #1183 ),
 ( #7525, #6286, #3026 ),
 ( #2404, #5097, #6327 ),
 ( #8287, #8244, #2524 ),
 ( #613, #3065, #494 ),
 ( #1894, #5020, #4971 ),
 ( #7611, #1815, #4386 ),
 ( #7692, #6924, #6967 ) ),
 .UNSPECIFIED., .F., .F., .T. ) 
 B_SPLINE_SURFACE_WITH_KNOTS ( ( 4, 2, 2, 2, 2, 4 ),
 ( 3, 3 ),
 ( 0.000000000000000000, 0.001703284384590785221, 0.003406568769181570443, 0.006813137538363140885, 0.01021970630754471046, 0.01362627507672628177 ),
 ( 0.000000000000000000, 0.1688826194441063189 ),
 .UNSPECIFIED. ) 
 GEOMETRIC_REPRESENTATION_ITEM ( )  RATIONAL_B_SPLINE_SURFACE ( (
 ( 1.000000000000000000, 0.9680917926475555157, 0.9469610685740040834),
 ( 1.000000000000000000, 0.9669811878222117629, 0.9451149826274591881),
 ( 1.000000000000000000, 0.9659157471317190158, 0.9433439700758191604),
 ( 1.000000000000000000, 0.9638974818915411191, 0.9399891394364519037),
 ( 1.000000000000000000, 0.9629445329846885171, 0.9384051146379179809),
 ( 1.000000000000000000, 0.9602580378724158150, 0.9339395290767413815),
 ( 1.000000000000000000, 0.9586970800972410833, 0.9313448508022181827),
 ( 1.000000000000000000, 0.9559725538616741236, 0.9268160485858978337),
 ( 1.000000000000000000, 0.9548073030211244872, 0.9248791281333215153),
 ( 1.000000000000000000, 0.9527992017866918628, 0.9215411924576160096),
 ( 1.000000000000000000, 0.9519564456380011919, 0.9201403338921216868),
 ( 1.000000000000000000, 0.9512448760419397464, 0.9189575381745981320) ) ) 
 REPRESENTATION_ITEM ( '' )  SURFACE ( )  );
#4673 = ADVANCED_FACE ( 'NONE', ( #6247, #3028 ), #375, .T. ) ;
#4674 = CARTESIAN_POINT ( 'NONE',  ( -46.70665230593514394, -20.48744351091596982, -17.56139708326406534 ) ) ;
#4675 = CARTESIAN_POINT ( 'NONE',  ( -40.80881064736144026, -0.5762533791274868644, -13.14809138725783200 ) ) ;
#4676 = CARTESIAN_POINT ( 'NONE',  ( 42.60447722151050698, 28.58548824356600093, -7.672778918891237865 ) ) ;
#4677 = LINE ( 'NONE', #4719, #6263 ) ;
#4678 = ORIENTED_EDGE ( 'NONE', *, *, #8136, .F. ) ;
#4679 = EDGE_CURVE ( 'NONE', #1206, #6248, #2700, .T. ) ;
#4680 = CARTESIAN_POINT ( 'NONE',  ( 40.74499470759980113, 17.69353670554237823, -14.70000000000000284 ) ) ;
#4681 = ORIENTED_EDGE ( 'NONE', *, *, #4744, .T. ) ;
#4682 = CARTESIAN_POINT ( 'NONE',  ( -20.85651692606526808, -17.10088831619115979, -4.459276188112273331 ) ) ;
#4683 = ORIENTED_EDGE ( 'NONE', *, *, #3999, .T. ) ;
#4684 = CARTESIAN_POINT ( 'NONE',  ( 35.52165421416552959, 30.26152610813774402, 6.628595580677767884 ) ) ;
#4685 = ORIENTED_EDGE ( 'NONE', *, *, #1877, .T. ) ;
#4686 = ADVANCED_FACE ( 'NONE', ( #6122 ), #4943, .T. ) ;
#4687 = ORIENTED_EDGE ( 'NONE', *, *, #5172, .F. ) ;
#4688 = AXIS2_PLACEMENT_3D ( 'NONE', #7005, #610, #3277 ) ;
#4689 = DIRECTION ( 'NONE',  ( -0.4058374489394845908, 0.9139452746408240902, -0.000000000000000000 ) ) ;
#4690 = VERTEX_POINT ( 'NONE', #6150 ) ;
#4691 = DIRECTION ( 'NONE',  ( -1.000000000000000000, 0.000000000000000000, 0.000000000000000000 ) ) ;
#4692 = CIRCLE ( 'NONE', #6855, 2.099999999999996092 ) ;
#4693 = CARTESIAN_POINT ( 'NONE',  ( 34.17672160928378844, 36.87887448053438533, 7.150210555953093738 ) ) ;
#4694 = CIRCLE ( 'NONE', #7280, 2.000000000000000000 ) ;
#4695 = ORIENTED_EDGE ( 'NONE', *, *, #4064, .F. ) ;
#4696 = CARTESIAN_POINT ( 'NONE',  ( -10.47380404903821649, -4.892997066247143145, 14.45000000000000107 ) ) ;
#4697 = CARTESIAN_POINT ( 'NONE',  ( -37.61237716010475651, 5.000921265356228496, -10.00000000000000178 ) ) ;
#4698 = CARTESIAN_POINT ( 'NONE',  ( -37.12602570582779293, -15.28801807570573956, 4.361897799575124246 ) ) ;
#4699 = CARTESIAN_POINT ( 'NONE',  ( 49.45223850275406363, 21.68716648484273435, -20.71785467365279487 ) ) ;
#4700 = ORIENTED_EDGE ( 'NONE', *, *, #1665, .T. ) ;
#4701 = CARTESIAN_POINT ( 'NONE',  ( 21.93049871176480892, 11.53325383155555883, 8.907611844574882198 ) ) ;
#4702 = AXIS2_PLACEMENT_3D ( 'NONE', #1526, #3616, #5567 ) ;
#4703 = CARTESIAN_POINT ( 'NONE',  ( -38.42105757422810086, 4.641826683457851210, 12.10000000000029985 ) ) ;
#4704 = FACE_OUTER_BOUND ( 'NONE', #6166, .T. ) ;
#4705 = ORIENTED_EDGE ( 'NONE', *, *, #6684, .F. ) ;
#4706 = ORIENTED_EDGE ( 'NONE', *, *, #3527, .T. ) ;
#4707 = DIRECTION ( 'NONE',  ( -0.4058374489394845908, 0.9139452746408239792, 0.000000000000000000 ) ) ;
#4708 = CARTESIAN_POINT ( 'NONE',  ( -3.405112171543522859, 8.154927569822843836, -6.239013457637920368 ) ) ;
#4709 = CYLINDRICAL_SURFACE ( 'NONE', #6025, 5.999999999999995559 ) ;
#4710 = DIRECTION ( 'NONE',  ( 0.000000000000000000, 0.000000000000000000, 1.000000000000000000 ) ) ;
#4711 = CARTESIAN_POINT ( 'NONE',  ( 34.81002229663571512, 12.53991912359272476, 9.785728937794932136 ) ) ;
#4712 = EDGE_CURVE ( 'NONE', #3210, #4391, #6790, .T. ) ;
#4713 = DIRECTION ( 'NONE',  ( 0.000000000000000000, 0.000000000000000000, -1.000000000000000000 ) ) ;
#4714 = CARTESIAN_POINT ( 'NONE',  ( -46.86909456550936426, -20.12162380667855288, -15.98888476929190361 ) ) ;
#4715 = CARTESIAN_POINT ( 'NONE',  ( -32.58789398243679614, -15.08440258901347519, -10.08557107842866252 ) ) ;
#4716 = FACE_OUTER_BOUND ( 'NONE', #4147, .T. ) ;
#4717 = VECTOR ( 'NONE', #7685, 1000.000000000000000 ) ;
#4718 = VECTOR ( 'NONE', #7321, 1000.000000000000000 ) ;
#4719 = CARTESIAN_POINT ( 'NONE',  ( -6.336669284863552853, 11.94588655498116481, 20.10000000000000142 ) ) ;
#4720 = VERTEX_POINT ( 'NONE', #4334 ) ;
#4721 = DIRECTION ( 'NONE',  ( 0.000000000000000000, 0.000000000000000000, -1.000000000000000000 ) ) ;
#4722 = VERTEX_POINT ( 'NONE', #450 ) ;
#4723 = DIRECTION ( 'NONE',  ( -1.000000000000000000, 0.000000000000000000, 0.000000000000000000 ) ) ;
#4724 = AXIS2_PLACEMENT_3D ( 'NONE', #6721, #4689, #7284 ) ;
#4725 = CARTESIAN_POINT ( 'NONE',  ( 17.96149960956662639, 7.733701070753433271, 12.49999999999999822 ) ) ;
#4726 = DIRECTION ( 'NONE',  ( -0.4058374489394845352, 0.9139452746408239792, -0.000000000000000000 ) ) ;
#4727 = VECTOR ( 'NONE', #7082, 1000.000000000000114 ) ;
#4728 = ORIENTED_EDGE ( 'NONE', *, *, #1576, .F. ) ;
#4729 = CARTESIAN_POINT ( 'NONE',  ( 41.53802529471796845, 18.04568198090747799, -13.67412550944230709 ) ) ;
#4730 = ORIENTED_EDGE ( 'NONE', *, *, #374, .F. ) ;
#4731 = CIRCLE ( 'NONE', #8383, 1.574999999999999956 ) ;
#4732 = AXIS2_PLACEMENT_3D ( 'NONE', #2226, #8110, #2315 ) ;
#4733 = EDGE_CURVE ( 'NONE', #136, #5025, #1174, .T. ) ;
#4734 = EDGE_LOOP ( 'NONE', ( #5082, #2469, #5882, #2506 ) ) ;
#4735 = CIRCLE ( 'NONE', #1103, 30.00000000000000355 ) ;
#4736 = DIRECTION ( 'NONE',  ( 0.000000000000000000, 0.000000000000000000, 1.000000000000000000 ) ) ;
#4737 = ORIENTED_EDGE ( 'NONE', *, *, #3004, .T. ) ;
#4738 = AXIS2_PLACEMENT_3D ( 'NONE', #3636, #4233, #8304 ) ;
#4739 = CARTESIAN_POINT ( 'NONE',  ( 38.46958846977932467, 15.40803693949012398, -3.700000000000003286 ) ) ;
#4740 = EDGE_CURVE ( 'NONE', #4394, #4831, #1084, .T. ) ;
#4741 = CARTESIAN_POINT ( 'NONE',  ( 34.05108319743021639, 24.78735316171313485, 0.9148257472633043452 ) ) ;
#4742 = VECTOR ( 'NONE', #993, 1000.000000000000000 ) ;
#4743 = ORIENTED_EDGE ( 'NONE', *, *, #3786, .F. ) ;
#4744 = EDGE_CURVE ( 'NONE', #4412, #2946, #5115, .T. ) ;
#4745 = CARTESIAN_POINT ( 'NONE',  ( -45.06957858808836903, -8.157866177893154713, -14.70000000000000284 ) ) ;
#4746 = LINE ( 'NONE', #5928, #6182 ) ;
#4747 = DIRECTION ( 'NONE',  ( 0.9139452746408239792, 0.4058374489394844797, -8.326672684688671588E-17 ) ) ;
#4748 = CARTESIAN_POINT ( 'NONE',  ( -22.84574680052920570, -16.15174846288557475, 5.250685953361108105 ) ) ;
#4749 = VERTEX_POINT ( 'NONE', #409 ) ;
#4750 = DIRECTION ( 'NONE',  ( 1.000000000000000000, 0.000000000000000000, 0.000000000000000000 ) ) ;
#4751 = CARTESIAN_POINT ( 'NONE',  ( 18.13049871176392713, 46.42613209619339898, 12.49999999999999822 ) ) ;
#4752 = VERTEX_POINT ( 'NONE', #3019 ) ;
#4753 = VERTEX_POINT ( 'NONE', #1641 ) ;
#4754 = LINE ( 'NONE', #1672, #693 ) ;
#4755 = DIRECTION ( 'NONE',  ( 0.9139452746408245343, 0.4058374489394834250, 0.000000000000000000 ) ) ;
#4756 = LINE ( 'NONE', #2310, #5344 ) ;
#4757 = CARTESIAN_POINT ( 'NONE',  ( 38.01275381110087181, 24.35821838144577356, 1.998919009232231314 ) ) ;
#4758 = CARTESIAN_POINT ( 'NONE',  ( 17.10737535980886648, 45.40694055502255111, 15.59999999999999964 ) ) ;
#4759 = DIRECTION ( 'NONE',  ( 0.000000000000000000, -0.000000000000000000, -1.000000000000000000 ) ) ;
#4760 = EDGE_CURVE ( 'NONE', #5916, #3520, #8281, .T. ) ;
#4761 = CARTESIAN_POINT ( 'NONE',  ( -47.01132525765987680, -19.80132051939130733, -14.83232981729947042 ) ) ;
#4762 = CARTESIAN_POINT ( 'NONE',  ( -29.91938817737490908, -14.96009186228135945, -3.700000000000003730 ) ) ;
#4763 = CARTESIAN_POINT ( 'NONE',  ( -53.19360951293946016, -5.878826436192337468, -2.407444835499559677 ) ) ;
#4764 = CARTESIAN_POINT ( 'NONE',  ( -0.06139318012796362439, 8.835659109473141370, 20.10000000000000142 ) ) ;
#4765 = EDGE_CURVE ( 'NONE', #3439, #8090, #1485, .T. ) ;
#4766 = ORIENTED_EDGE ( 'NONE', *, *, #1358, .T. ) ;
#4767 = CARTESIAN_POINT ( 'NONE',  ( 26.51187246540082398, 29.37032337709917584, -12.50000000000000178 ) ) ;
#4768 = ADVANCED_FACE ( 'NONE', ( #2976 ), #2316, .F. ) ;
#4769 = VERTEX_POINT ( 'NONE', #4926 ) ;
#4770 = CARTESIAN_POINT ( 'NONE',  ( -36.04586731359914609, -16.40544975378885439, -5.632703024270761638 ) ) ;
#4771 = DIRECTION ( 'NONE',  ( -0.9139452746408239792, -0.4058374489394846463, -1.387778780781445676E-16 ) ) ;
#4772 = EDGE_CURVE ( 'NONE', #2623, #8371, #7515, .T. ) ;
#4773 = CARTESIAN_POINT ( 'NONE',  ( 17.96149960956662639, 7.733701070753433271, 15.99999999999999645 ) ) ;
#4774 = DIRECTION ( 'NONE',  ( 0.9725991773073601188, 0.2324883659477310072, 0.000000000000000000 ) ) ;
#4775 = EDGE_CURVE ( 'NONE', #5855, #1402, #6066, .T. ) ;
#4776 = CARTESIAN_POINT ( 'NONE',  ( -51.73012098735544839, -1.258050890039925873, -2.888455301525875818 ) ) ;
#4777 = EDGE_CURVE ( 'NONE', #4104, #3463, #4290, .T. ) ;
#4778 = ORIENTED_EDGE ( 'NONE', *, *, #5665, .F. ) ;
#4779 = VECTOR ( 'NONE', #2117, 1000.000000000000000 ) ;
#4780 = EDGE_LOOP ( 'NONE', ( #3130, #4642, #738, #4685, #940, #4196, #2967, #4484, #6520 ) ) ;
#4781 = CARTESIAN_POINT ( 'NONE',  ( 33.39960908208325208, 6.763629727158698479, -6.827566779407346687 ) ) ;
#4782 = AXIS2_PLACEMENT_3D ( 'NONE', #5478, #1475, #239 ) ;
#4783 = ORIENTED_EDGE ( 'NONE', *, *, #3578, .T. ) ;
#4784 = CARTESIAN_POINT ( 'NONE',  ( 32.55421637859773654, 18.85733944760907121, 14.33227735278338955 ) ) ;
#4785 = CARTESIAN_POINT ( 'NONE',  ( 51.34078864646306783, 29.75435823560522763, -5.911015901467681743 ) ) ;
#4786 = VERTEX_POINT ( 'NONE', #8234 ) ;
#4787 = FACE_OUTER_BOUND ( 'NONE', #2573, .T. ) ;
#4788 = CIRCLE ( 'NONE', #8050, 2.099999999999999645 ) ;
#4789 = LINE ( 'NONE', #2119, #3585 ) ;
#4790 = CARTESIAN_POINT ( 'NONE',  ( -21.51301612393165641, -16.72880104390108613, 12.10623014876303394 ) ) ;
#4791 = ORIENTED_EDGE ( 'NONE', *, *, #4075, .F. ) ;
#4792 = EDGE_CURVE ( 'NONE', #1164, #751, #7296, .T. ) ;
#4793 = CARTESIAN_POINT ( 'NONE',  ( 37.20008297008920550, 13.97246488458189084, -3.700000000000003730 ) ) ;
#4794 = DIRECTION ( 'NONE',  ( 0.000000000000000000, 0.000000000000000000, 1.000000000000000000 ) ) ;
#4795 = VERTEX_POINT ( 'NONE', #6442 ) ;
#4796 = VERTEX_POINT ( 'NONE', #696 ) ;
#4797 = CARTESIAN_POINT ( 'NONE',  ( -11.66950128823607002, 0.000000000000000000, 16.60000000000000142 ) ) ;
#4798 = DIRECTION ( 'NONE',  ( 1.000000000000000000, 0.000000000000000000, 0.000000000000000000 ) ) ;
#4799 = CARTESIAN_POINT ( 'NONE',  ( 14.78073128915313461, 41.02604243870726464, 5.813021428605115004E-14 ) ) ;
#4800 = CARTESIAN_POINT ( 'NONE',  ( 48.35941601308806526, 36.46840455473299158, -2.420152625384706546 ) ) ;
#4801 = CARTESIAN_POINT ( 'NONE',  ( -20.22550218603880268, 23.54230659235769707, 16.60000000000000142 ) ) ;
#4802 = B_SPLINE_CURVE_WITH_KNOTS ( 'NONE', 3,
 ( #6038, #1568, #1529, #3618 ),
 .UNSPECIFIED., .F., .F.,
 ( 4, 4 ),
 ( 0.004861399971675298137, 0.005372779778985444128 ),
 .UNSPECIFIED. ) ;
#4803 = CARTESIAN_POINT ( 'NONE',  ( -48.61937059514332304, -16.18000503596289974, -7.426301910525651806 ) ) ;
#4804 = CARTESIAN_POINT ( 'NONE',  ( -30.54855855627745598, -14.97519866175947989, -5.314423330998156558 ) ) ;
#4805 = CARTESIAN_POINT ( 'NONE',  ( 0.000000000000000000, 0.000000000000000000, 18.09999999999999787 ) ) ;
#4806 = DIRECTION ( 'NONE',  ( -0.8834091605351978016, -0.4686024488652370534, 0.000000000000000000 ) ) ;
#4807 = CARTESIAN_POINT ( 'NONE',  ( 36.70085374951492696, 28.82495013599745093, 2.716122908225994337 ) ) ;
#4808 = ORIENTED_EDGE ( 'NONE', *, *, #4353, .F. ) ;
#4809 = DIRECTION ( 'NONE',  ( 1.000000000000000000, 0.000000000000000000, 0.000000000000000000 ) ) ;
#4810 = EDGE_CURVE ( 'NONE', #5033, #2731, #6408, .T. ) ;
#4811 = DIRECTION ( 'NONE',  ( -1.000000000000000000, 0.000000000000000000, 0.000000000000000000 ) ) ;
#4812 = CARTESIAN_POINT ( 'NONE',  ( -42.09634654017857258, -18.54964099221463059, -21.42914320882807644 ) ) ;
#4813 = VECTOR ( 'NONE', #8026, 1000.000000000000000 ) ;
#4814 = LINE ( 'NONE', #4640, #3379 ) ;
#4815 = VECTOR ( 'NONE', #5758, 1000.000000000000000 ) ;
#4816 = CARTESIAN_POINT ( 'NONE',  ( 33.63515778764701736, 33.14885443053334768, 6.940088632604535235 ) ) ;
#4817 = VERTEX_POINT ( 'NONE', #6364 ) ;
#4818 = ORIENTED_EDGE ( 'NONE', *, *, #7830, .F. ) ;
#4819 = CARTESIAN_POINT ( 'NONE',  ( 35.88162580000675916, 15.53395747747008393, -3.700000000000003730 ) ) ;
#4820 = EDGE_CURVE ( 'NONE', #2874, #5992, #8052, .T. ) ;
#4821 = EDGE_CURVE ( 'NONE', #3715, #1752, #7531, .T. ) ;
#4822 = ORIENTED_EDGE ( 'NONE', *, *, #2126, .F. ) ;
#4823 = CARTESIAN_POINT ( 'NONE',  ( 38.45304770332149502, 16.26106096220239650, 9.093177711578809053 ) ) ;
#4824 = CARTESIAN_POINT ( 'NONE',  ( -17.07595269034857210, -15.15740930552097687, -11.71283833075357173 ) ) ;
#4825 = ORIENTED_EDGE ( 'NONE', *, *, #1052, .F. ) ;
#4826 = ADVANCED_FACE ( 'NONE', ( #3311 ), #4493, .F. ) ;
#4827 = CARTESIAN_POINT ( 'NONE',  ( -8.898804049038215425, -4.892997066247143145, 14.45000000000000107 ) ) ;
#4828 = VECTOR ( 'NONE', #8151, 1000.000000000000000 ) ;
#4829 = CARTESIAN_POINT ( 'NONE',  ( -45.96171307908805659, -5.190641918917426878, 1.468577726121598204 ) ) ;
#4830 = CARTESIAN_POINT ( 'NONE',  ( 49.18015167488437100, 22.29990557847082755, -21.71474644440054647 ) ) ;
#4831 = VERTEX_POINT ( 'NONE', #1296 ) ;
#4832 = CARTESIAN_POINT ( 'NONE',  ( 37.20107891322189886, 26.18610893072742130, 1.998919009232231314 ) ) ;
#4833 = CYLINDRICAL_SURFACE ( 'NONE', #4385, 52.00744483566141696 ) ;
#4834 = VERTEX_POINT ( 'NONE', #1258 ) ;
#4835 = EDGE_LOOP ( 'NONE', ( #5083, #5749, #1327, #4942 ) ) ;
#4836 = FACE_OUTER_BOUND ( 'NONE', #7832, .T. ) ;
#4837 = CARTESIAN_POINT ( 'NONE',  ( -42.22019336085499219, 2.954820230664176428, 7.970196636405506574 ) ) ;
#4838 = CYLINDRICAL_SURFACE ( 'NONE', #6153, 7.250000000000000000 ) ;
#4839 = FACE_OUTER_BOUND ( 'NONE', #7467, .T. ) ;
#4840 = DIRECTION ( 'NONE',  ( 1.000000000000000000, 3.560002642076933287E-15, 0.000000000000000000 ) ) ;
#4841 = CARTESIAN_POINT ( 'NONE',  ( -50.47063964926292812, -12.01095013843704429, -3.684720272265128660 ) ) ;
#4842 = DIRECTION ( 'NONE',  ( -0.6463027959182890969, -0.2869907916973061246, -0.7070565617184779716 ) ) ;
#4843 = CARTESIAN_POINT ( 'NONE',  ( -45.50855385954768906, -15.79343710182646454, -8.599857038697138023 ) ) ;
#4844 = FACE_OUTER_BOUND ( 'NONE', #5401, .T. ) ;
#4845 = EDGE_CURVE ( 'NONE', #7752, #2385, #3832, .T. ) ;
#4846 = AXIS2_PLACEMENT_3D ( 'NONE', #6671, #1008, #4809 ) ;
#4847 = CARTESIAN_POINT ( 'NONE',  ( 27.75464576879135592, 6.642312884984443500, -13.43415421548762723 ) ) ;
#4848 = ORIENTED_EDGE ( 'NONE', *, *, #4918, .F. ) ;
#4849 = CARTESIAN_POINT ( 'NONE',  ( 14.43049871176450694, 31.13800383155554385, 12.49999999999999822 ) ) ;
#4850 = DIRECTION ( 'NONE',  ( -0.000000000000000000, -0.000000000000000000, -1.000000000000000000 ) ) ;
#4851 = CARTESIAN_POINT ( 'NONE',  ( 34.72839117100393480, 36.41283174857341720, 6.906601717798156237 ) ) ;
#4852 = FACE_OUTER_BOUND ( 'NONE', #5120, .T. ) ;
#4853 = EDGE_CURVE ( 'NONE', #5577, #3641, #3225, .T. ) ;
#4854 = AXIS2_PLACEMENT_3D ( 'NONE', #3658, #8157, #3702 ) ;
#4855 = VECTOR ( 'NONE', #7937, 1000.000000000000000 ) ;
#4856 = CARTESIAN_POINT ( 'NONE',  ( 9.630498711763927133, 9.533253831555560609, 20.19999999999999929 ) ) ;
#4857 = EDGE_LOOP ( 'NONE', ( #839, #7260 ) ) ;
#4858 = ORIENTED_EDGE ( 'NONE', *, *, #7665, .F. ) ;
#4859 = VECTOR ( 'NONE', #3123, 1000.000000000000000 ) ;
#4860 = ORIENTED_EDGE ( 'NONE', *, *, #1160, .T. ) ;
#4861 = VERTEX_POINT ( 'NONE', #3867 ) ;
#4862 = CARTESIAN_POINT ( 'NONE',  ( 34.80960222824506189, 10.02217058948874140, 11.85136158788077054 ) ) ;
#4863 = CARTESIAN_POINT ( 'NONE',  ( -23.70401061469922155, -10.92504761502125277, -14.69999999999992468 ) ) ;
#4864 = EDGE_CURVE ( 'NONE', #4553, #1170, #2686, .T. ) ;
#4865 = VERTEX_POINT ( 'NONE', #5169 ) ;
#4866 = CARTESIAN_POINT ( 'NONE',  ( 38.68823392639324510, 16.55610866115160462, 1.650305378357191932 ) ) ;
#4867 = AXIS2_PLACEMENT_3D ( 'NONE', #7556, #5561, #4925 ) ;
#4868 = EDGE_CURVE ( 'NONE', #6125, #1164, #7127, .T. ) ;
#4869 = CARTESIAN_POINT ( 'NONE',  ( -23.49299438099088988, -15.48360040920855774, 8.513933870739869292 ) ) ;
#4870 = CARTESIAN_POINT ( 'NONE',  ( 36.20476150916394431, 12.57409672096964037, 1.800217492774313754 ) ) ;
#4871 = VERTEX_POINT ( 'NONE', #7726 ) ;
#4872 = EDGE_CURVE ( 'NONE', #4551, #500, #2081, .T. ) ;
#4873 = VECTOR ( 'NONE', #1114, 1000.000000000000000 ) ;
#4874 = EDGE_CURVE ( 'NONE', #1836, #8184, #3182, .T. ) ;
#4875 = LINE ( 'NONE', #5425, #4198 ) ;
#4876 = LINE ( 'NONE', #1631, #734 ) ;
#4877 = EDGE_LOOP ( 'NONE', ( #227, #2671, #4572, #8300, #3811, #6820, #6767 ) ) ;
#4878 = ORIENTED_EDGE ( 'NONE', *, *, #788, .F. ) ;
#4879 = CARTESIAN_POINT ( 'NONE',  ( 1.399091340978856651E-15, 11.53325383155556061, 18.09999999999999787 ) ) ;
#4880 = DIRECTION ( 'NONE',  ( 0.000000000000000000, 0.000000000000000000, 1.000000000000000000 ) ) ;
#4881 = DIRECTION ( 'NONE',  ( 0.2028591796883955356, 0.1076062063010355951, -0.9732774823151156829 ) ) ;
#4882 = DIRECTION ( 'NONE',  ( 1.000000000000000000, 0.000000000000000000, -0.000000000000000000 ) ) ;
#4883 = CARTESIAN_POINT ( 'NONE',  ( 41.19210033698208662, 23.22893587197658505, 2.652680495634987423 ) ) ;
#4884 = EDGE_CURVE ( 'NONE', #5921, #3423, #6487, .T. ) ;
#4885 = LINE ( 'NONE', #6747, #5268 ) ;
#4886 = DIRECTION ( 'NONE',  ( 1.000000000000000000, 0.000000000000000000, 0.000000000000000000 ) ) ;
#4887 = CARTESIAN_POINT ( 'NONE',  ( -44.38195585684706401, -18.33053397072966462, -14.00636133653486937 ) ) ;
#4888 = LINE ( 'NONE', #5014, #727 ) ;
#4889 = CARTESIAN_POINT ( 'NONE',  ( 26.72870170116117450, 9.975521871616008340, -14.21751472021938056 ) ) ;
#4890 = ORIENTED_EDGE ( 'NONE', *, *, #5274, .T. ) ;
#4891 = CARTESIAN_POINT ( 'NONE',  ( -27.30843790419864803, -12.52559374907020207, -8.617120465655528250 ) ) ;
#4892 = B_SPLINE_CURVE_WITH_KNOTS ( 'NONE', 3,
 ( #7389, #6741, #8105, #3532 ),
 .UNSPECIFIED., .F., .F.,
 ( 4, 4 ),
 ( 0.000000000000000000, 1.000000000000000000 ),
 .UNSPECIFIED. ) ;
#4893 = PLANE ( 'NONE',  #7041 ) ;
#4894 = CARTESIAN_POINT ( 'NONE',  ( -41.91172569679716275, -18.96540683109807190, -20.31630695402709819 ) ) ;
#4895 = DIRECTION ( 'NONE',  ( 1.000000000000000000, 0.000000000000000000, 0.000000000000000000 ) ) ;
#4896 = CARTESIAN_POINT ( 'NONE',  ( 28.82083754317723034, 34.50059386952236906, 5.499999999999999112 ) ) ;
#4897 = ORIENTED_EDGE ( 'NONE', *, *, #6007, .F. ) ;
#4898 = LINE ( 'NONE', #3069, #988 ) ;
#4899 = VERTEX_POINT ( 'NONE', #5854 ) ;
#4900 = ORIENTED_EDGE ( 'NONE', *, *, #3347, .T. ) ;
#4901 = ORIENTED_EDGE ( 'NONE', *, *, #6785, .F. ) ;
#4902 = CARTESIAN_POINT ( 'NONE',  ( 36.22870365771663614, 27.09348234933695210, 9.161317357699569897 ) ) ;
#4903 = CARTESIAN_POINT ( 'NONE',  ( -16.41973185414863323, -13.57974368790080177, -13.02919951373147001 ) ) ;
#4904 = DIRECTION ( 'NONE',  ( 0.000000000000000000, 0.000000000000000000, -1.000000000000000000 ) ) ;
#4905 = DIRECTION ( 'NONE',  ( 1.000000000000000000, 0.000000000000000000, 0.000000000000000000 ) ) ;
#4906 = DIRECTION ( 'NONE',  ( 1.000000000000000000, 0.000000000000000000, 0.000000000000000000 ) ) ;
#4907 = ORIENTED_EDGE ( 'NONE', *, *, #6174, .F. ) ;
#4908 = AXIS2_PLACEMENT_3D ( 'NONE', #1811, #533, #7477 ) ;
#4909 = ORIENTED_EDGE ( 'NONE', *, *, #1078, .T. ) ;
#4910 = UNCERTAINTY_MEASURE_WITH_UNIT (LENGTH_MEASURE( 1.000000000000000082E-05 ), #1373, 'distance_accuracy_value', 'NONE');
#4911 = DIRECTION ( 'NONE',  ( -0.000000000000000000, 0.000000000000000000, 1.000000000000000000 ) ) ;
#4912 = DIRECTION ( 'NONE',  ( 0.9139452746408239792, 0.4058374489394844242, -8.326672684688672821E-17 ) ) ;
#4913 = ORIENTED_EDGE ( 'NONE', *, *, #3807, .T. ) ;
#4914 = CIRCLE ( 'NONE', #5592, 1.749999999999999778 ) ;
#4915 = EDGE_CURVE ( 'NONE', #6770, #907, #7176, .T. ) ;
#4916 = ORIENTED_EDGE ( 'NONE', *, *, #7622, .T. ) ;
#4917 = CARTESIAN_POINT ( 'NONE',  ( 49.95672968926844959, 25.47913459426358784, -10.16694649596427347 ) ) ;
#4918 = EDGE_CURVE ( 'NONE', #545, #7530, #38, .T. ) ;
#4919 = FACE_OUTER_BOUND ( 'NONE', #2593, .T. ) ;
#4920 = EDGE_CURVE ( 'NONE', #7177, #5157, #7931, .T. ) ;
#4921 = CARTESIAN_POINT ( 'NONE',  ( -44.91133232984505241, -17.13837901492941640, -10.98622590194083060 ) ) ;
#4922 = DIRECTION ( 'NONE',  ( 0.000000000000000000, 0.000000000000000000, 1.000000000000000000 ) ) ;
#4923 = DIRECTION ( 'NONE',  ( -1.000000000000000000, 0.000000000000000000, 0.000000000000000000 ) ) ;
#4924 = EDGE_CURVE ( 'NONE', #1349, #6527, #7828, .T. ) ;
#4925 = DIRECTION ( 'NONE',  ( -0.7381539449255142271, 0.000000000000000000, 0.6746323099221538389 ) ) ;
#4926 = CARTESIAN_POINT ( 'NONE',  ( 53.16274170314988368, 25.65132291659301345, -22.15000000000000213 ) ) ;
#4927 = DIRECTION ( 'NONE',  ( -0.4058374489394843687, 0.9139452746408239792, 0.000000000000000000 ) ) ;
#4928 = CARTESIAN_POINT ( 'NONE',  ( -40.62867273824236491, -18.15877892558965456, -21.09963126439700787 ) ) ;
#4929 = CARTESIAN_POINT ( 'NONE',  ( 31.62823323095079786, 5.678625756157865467, -9.876453364954976166 ) ) ;
#4930 = ORIENTED_EDGE ( 'NONE', *, *, #3999, .F. ) ;
#4931 = DIRECTION ( 'NONE',  ( 1.000000000000000000, 0.000000000000000000, 0.000000000000000000 ) ) ;
#4932 = CARTESIAN_POINT ( 'NONE',  ( -16.56950128823605439, 0.1380038315555600914, 20.10000000000000142 ) ) ;
#4933 = CARTESIAN_POINT ( 'NONE',  ( -36.69080009427408839, -2.248954299902456988, -10.00000000000000178 ) ) ;
#4934 = ADVANCED_FACE ( 'NONE', ( #4704 ), #6695, .F. ) ;
#4935 = CARTESIAN_POINT ( 'NONE',  ( -51.34636424633379193, -2.646697609956996100, -2.675592887099886408 ) ) ;
#4936 = LINE ( 'NONE', #8249, #2954 ) ;
#4937 = ORIENTED_EDGE ( 'NONE', *, *, #740, .F. ) ;
#4938 = DIRECTION ( 'NONE',  ( 0.000000000000000000, -0.000000000000000000, -1.000000000000000000 ) ) ;
#4939 = ADVANCED_FACE ( 'NONE', ( #5936 ), #2225, .F. ) ;
#4940 = ORIENTED_EDGE ( 'NONE', *, *, #733, .F. ) ;
#4941 = VECTOR ( 'NONE', #2295, 1000.000000000000227 ) ;
#4942 = ORIENTED_EDGE ( 'NONE', *, *, #6429, .F. ) ;
#4943 =( BOUNDED_SURFACE ( )  B_SPLINE_SURFACE ( 3, 2, ( 
 ( #6883, #339, #4345 ),
 ( #5487, #4973, #7484 ),
 ( #6841, #2909, #5611 ),
 ( #2406, #1775, #6927 ),
 ( #1142, #3711, #6289 ),
 ( #8196, #6871, #2396 ),
 ( #3058, #3572, #4377 ),
 ( #1089, #1040, #4252 ),
 ( #3102, #6961, #3657 ),
 ( #6830, #1680, #5562 ),
 ( #1130, #3610, #365 ),
 ( #7474, #2934, #3701 ) ),
 .UNSPECIFIED., .F., .F., .T. ) 
 B_SPLINE_SURFACE_WITH_KNOTS ( ( 4, 2, 2, 2, 2, 4 ),
 ( 3, 3 ),
 ( -6.071532165918824830E-18, 0.001703284384590971921, 0.003406568769181949913, 0.006813137538363905898, 0.01021970630754586232, 0.01362627507672781700 ),
 ( 0.000000000000000000, 1.000000000000000000 ),
 .UNSPECIFIED. ) 
 GEOMETRIC_REPRESENTATION_ITEM ( )  RATIONAL_B_SPLINE_SURFACE ( (
 ( 1.000000000000000000, 0.8110628112148338120, 1.000000000000000000),
 ( 1.000000000000000000, 0.8044866174715378238, 1.000000000000000000),
 ( 1.000000000000000000, 0.7981778528751015678, 1.000000000000000000),
 ( 1.000000000000000000, 0.7862271545331958045, 1.000000000000000000),
 ( 1.000000000000000000, 0.7805844844349068001, 1.000000000000000000),
 ( 1.000000000000000000, 0.7646770149681501039, 1.000000000000000000),
 ( 1.000000000000000000, 0.7554341587150150694, 1.000000000000000000),
 ( 1.000000000000000000, 0.7393014966060582616, 1.000000000000000000),
 ( 1.000000000000000000, 0.7324017289190442037, 1.000000000000000000),
 ( 1.000000000000000000, 0.7205112144240416461, 1.000000000000000000),
 ( 1.000000000000000000, 0.7155210256678165015, 1.000000000000000000),
 ( 1.000000000000000000, 0.7113076282299288788, 1.000000000000000000) ) ) 
 REPRESENTATION_ITEM ( '' )  SURFACE ( )  );
#4944 = ORIENTED_EDGE ( 'NONE', *, *, #7125, .T. ) ;
#4945 = CARTESIAN_POINT ( 'NONE',  ( -20.18142698115470068, -9.360844160853213580, -14.69999999999998508 ) ) ;
#4946 = CARTESIAN_POINT ( 'NONE',  ( 22.74866817864849367, 31.80424673276704794, -12.50000000000000178 ) ) ;
#4947 = CARTESIAN_POINT ( 'NONE',  ( 15.35737535980886825, 45.40694055502255111, 12.49999999999999822 ) ) ;
#4948 = CARTESIAN_POINT ( 'NONE',  ( 35.31796969624073057, 11.00406103624659337, 3.860592894813155596 ) ) ;
#4949 = ORIENTED_EDGE ( 'NONE', *, *, #1216, .F. ) ;
#4950 = ORIENTED_EDGE ( 'NONE', *, *, #1048, .F. ) ;
#4951 = DIRECTION ( 'NONE',  ( 0.000000000000000000, 0.000000000000000000, -1.000000000000000000 ) ) ;
#4952 = DIRECTION ( 'NONE',  ( -0.4058374489394846463, 0.9139452746408242012, 0.000000000000000000 ) ) ;
#4953 = EDGE_LOOP ( 'NONE', ( #3126, #7319, #2072, #6953 ) ) ;
#4954 = VERTEX_POINT ( 'NONE', #5337 ) ;
#4955 = CARTESIAN_POINT ( 'NONE',  ( 46.20736166986194604, 33.92270527306745720, -2.675592887100079587 ) ) ;
#4956 = FACE_OUTER_BOUND ( 'NONE', #524, .T. ) ;
#4957 = CARTESIAN_POINT ( 'NONE',  ( 18.13049871176392713, 0.000000000000000000, 13.10000000000000142 ) ) ;
#4958 = DIRECTION ( 'NONE',  ( -0.000000000000000000, -0.000000000000000000, 1.000000000000000000 ) ) ;
#4959 = FACE_OUTER_BOUND ( 'NONE', #167, .T. ) ;
#4960 = CIRCLE ( 'NONE', #1326, 2.874999999999999112 ) ;
#4961 = CARTESIAN_POINT ( 'NONE',  ( -48.31104001402689363, -16.87436500292701425, -8.384258333483520786 ) ) ;
#4962 = DIRECTION ( 'NONE',  ( 0.000000000000000000, 0.000000000000000000, 1.000000000000000000 ) ) ;
#4963 = CARTESIAN_POINT ( 'NONE',  ( -16.56950128823521595, 31.13800383155554385, 20.10000000000000142 ) ) ;
#4964 = FACE_OUTER_BOUND ( 'NONE', #2421, .T. ) ;
#4965 = AXIS2_PLACEMENT_3D ( 'NONE', #7070, #5232, #5834 ) ;
#4966 = CARTESIAN_POINT ( 'NONE',  ( 30.19673691444997488, 5.708439827886554241, -11.52311681044701075 ) ) ;
#4967 = EDGE_CURVE ( 'NONE', #6010, #5321, #4661, .T. ) ;
#4968 = CARTESIAN_POINT ( 'NONE',  ( -54.66275991370740428, -2.570302124236191865, -3.097864185164248330 ) ) ;
#4969 = CARTESIAN_POINT ( 'NONE',  ( -16.67235263888314378, 47.39760212532419814, 15.59999999999999964 ) ) ;
#4970 = EDGE_CURVE ( 'NONE', #8174, #1212, #146, .T. ) ;
#4971 = CARTESIAN_POINT ( 'NONE',  ( 41.56986075087220200, 40.24354266381701706, -1.435387697969035870 ) ) ;
#4972 = CARTESIAN_POINT ( 'NONE',  ( -3.092031875888281965E-16, 2.638003831554671663, 16.60000000000000142 ) ) ;
#4973 = CARTESIAN_POINT ( 'NONE',  ( 43.98198697799111301, 20.68793153675592222, 3.960273767861460126 ) ) ;
#4974 = ORIENTED_EDGE ( 'NONE', *, *, #3562, .F. ) ;
#4975 = DIRECTION ( 'NONE',  ( 0.4058374489394844242, -0.9139452746408239792, 0.000000000000000000 ) ) ;
#4976 = AXIS2_PLACEMENT_3D ( 'NONE', #3100, #571, #2973 ) ;
#4977 = VECTOR ( 'NONE', #6369, 1000.000000000000000 ) ;
#4978 = ORIENTED_EDGE ( 'NONE', *, *, #5740, .F. ) ;
#4979 = CARTESIAN_POINT ( 'NONE',  ( -43.97882907932587671, -19.23837481774722846, -21.37222881862727419 ) ) ;
#4980 = CIRCLE ( 'NONE', #6468, 1.125000000000000888 ) ;
#4981 = CIRCLE ( 'NONE', #536, 2.099999999999996092 ) ;
#4982 = ORIENTED_EDGE ( 'NONE', *, *, #4455, .F. ) ;
#4983 = EDGE_LOOP ( 'NONE', ( #7821, #3944, #7623, #7499 ) ) ;
#4984 = EDGE_CURVE ( 'NONE', #3298, #6391, #909, .T. ) ;
#4985 = CARTESIAN_POINT ( 'NONE',  ( -25.25042933245136467, -12.40069306677591321, -10.65124612575595542 ) ) ;
#4986 = AXIS2_PLACEMENT_3D ( 'NONE', #4896, #3668, #6165 ) ;
#4987 = AXIS2_PLACEMENT_3D ( 'NONE', #592, #7667, #3894 ) ;
#4988 = CARTESIAN_POINT ( 'NONE',  ( -18.13017290643281143, -16.42122824198476039, -9.850308740921995820 ) ) ;
#4989 = CARTESIAN_POINT ( 'NONE',  ( 37.14891924286643388, 28.46209732409986515, 7.867476244713124345 ) ) ;
#4990 = CARTESIAN_POINT ( 'NONE',  ( -29.98785952746079531, 3.462880363371011683, -33.93855045229617673 ) ) ;
#4991 = ORIENTED_EDGE ( 'NONE', *, *, #3498, .T. ) ;
#4992 = AXIS2_PLACEMENT_3D ( 'NONE', #7746, #1953, #719 ) ;
#4993 = AXIS2_PLACEMENT_3D ( 'NONE', #5984, #6788, #3570 ) ;
#4994 = EDGE_CURVE ( 'NONE', #6032, #159, #4788, .T. ) ;
#4995 = ORIENTED_EDGE ( 'NONE', *, *, #4884, .T. ) ;
#4996 = FACE_BOUND ( 'NONE', #3602, .T. ) ;
#4997 = FACE_OUTER_BOUND ( 'NONE', #7421, .T. ) ;
#4998 = EDGE_CURVE ( 'NONE', #1864, #4722, #5381, .T. ) ;
#4999 = AXIS2_PLACEMENT_3D ( 'NONE', #3330, #711, #4723 ) ;
#5000 = CIRCLE ( 'NONE', #7581, 2.099999999999992095 ) ;
#5002 = ORIENTED_EDGE ( 'NONE', *, *, #3624, .T. ) ;
#5001 = ORIENTED_EDGE ( 'NONE', *, *, #7204, .T. ) ;
#5003 = ORIENTED_EDGE ( 'NONE', *, *, #572, .T. ) ;
#5004 = CARTESIAN_POINT ( 'NONE',  ( 38.01275381110088603, 24.35821838144577001, 12.49999999999999822 ) ) ;
#5005 = DIRECTION ( 'NONE',  ( 0.000000000000000000, 1.000000000000000000, -0.000000000000000000 ) ) ;
#5006 = CARTESIAN_POINT ( 'NONE',  ( -45.73686332603204363, -15.27928455480447312, -7.845790856426372528 ) ) ;
#5007 = CARTESIAN_POINT ( 'NONE',  ( 38.39285910999224427, 30.07411137434121073, 6.171003022311897013 ) ) ;
#5008 = ORIENTED_EDGE ( 'NONE', *, *, #4740, .F. ) ;
#5009 = PLANE ( 'NONE',  #5262 ) ;
#5010 = VECTOR ( 'NONE', #3685, 1000.000000000000000 ) ;
#5011 = CARTESIAN_POINT ( 'NONE',  ( -44.09417416235113052, 2.809637775735038367, 6.164482761782920761 ) ) ;
#5012 = DIRECTION ( 'NONE',  ( -0.000000000000000000, 0.000000000000000000, 1.000000000000000000 ) ) ;
#5013 = LINE ( 'NONE', #1763, #5529 ) ;
#5014 = CARTESIAN_POINT ( 'NONE',  ( 19.15718581380138730, 30.20944879321481480, -12.50000000000000178 ) ) ;
#5015 = CARTESIAN_POINT ( 'NONE',  ( 28.94980226760166175, 10.31997570698833044, -13.38461246863290377 ) ) ;
#5016 = FACE_OUTER_BOUND ( 'NONE', #7372, .T. ) ;
#5018 = ADVANCED_FACE ( 'NONE', ( #4033 ), #6736, .T. ) ;
#5017 = CIRCLE ( 'NONE', #1515, 35.72902093797258516 ) ;
#5019 = FACE_OUTER_BOUND ( 'NONE', #3761, .T. ) ;
#5020 = CARTESIAN_POINT ( 'NONE',  ( 42.52383023188900779, 38.71950207489237528, -1.023668446102955265 ) ) ;
#5021 = CARTESIAN_POINT ( 'NONE',  ( -19.17590385299930134, 43.17943250467751426, 20.10000000000000142 ) ) ;
#5022 = B_SPLINE_CURVE_WITH_KNOTS ( 'NONE', 3,
 ( #7831, #2035, #7198, #1401 ),
 .UNSPECIFIED., .F., .F.,
 ( 4, 4 ),
 ( 0.000000000000000000, 0.002194880474752467555 ),
 .UNSPECIFIED. ) ;
#5023 = ADVANCED_FACE ( 'NONE', ( #6609, #823 ), #950, .T. ) ;
#5024 = CARTESIAN_POINT ( 'NONE',  ( 38.55803607060096994, 33.90068903383242116, -22.15000000000000213 ) ) ;
#5025 = VERTEX_POINT ( 'NONE', #3996 ) ;
#5026 = DIRECTION ( 'NONE',  ( 1.000000000000000000, 0.000000000000000000, -0.000000000000000000 ) ) ;
#5027 = ADVANCED_FACE ( 'NONE', ( #7382 ), #3539, .F. ) ;
#5028 = ORIENTED_EDGE ( 'NONE', *, *, #1261, .T. ) ;
#5029 = ADVANCED_FACE ( 'NONE', ( #186 ), #5251, .F. ) ;
#5030 = ORIENTED_EDGE ( 'NONE', *, *, #1200, .F. ) ;
#5031 = DIRECTION ( 'NONE',  ( 0.000000000000000000, 0.000000000000000000, 1.000000000000000000 ) ) ;
#5032 = EDGE_CURVE ( 'NONE', #8312, #6611, #6949, .T. ) ;
#5033 = VERTEX_POINT ( 'NONE', #5628 ) ;
#5034 = ORIENTED_EDGE ( 'NONE', *, *, #2604, .T. ) ;
#5035 = CARTESIAN_POINT ( 'NONE',  ( -21.11253754448545550, -16.95788246762382911, 5.886796564403917742 ) ) ;
#5036 = AXIS2_PLACEMENT_3D ( 'NONE', #6167, #1102, #2449 ) ;
#5037 = LINE ( 'NONE', #1790, #3415 ) ;
#5038 = CARTESIAN_POINT ( 'NONE',  ( -49.11726879257716405, -5.996854180883972596, -1.729927390894429262 ) ) ;
#5039 = CARTESIAN_POINT ( 'NONE',  ( 35.46312283380024866, 11.28865950594965284, 3.536828723205577951 ) ) ;
#5040 = ORIENTED_EDGE ( 'NONE', *, *, #2186, .T. ) ;
#5041 = ORIENTED_EDGE ( 'NONE', *, *, #3107, .T. ) ;
#5042 = LINE ( 'NONE', #6905, #7033 ) ;
#5043 = CARTESIAN_POINT ( 'NONE',  ( -2.569501288236059722, 15.63800383155555096, -12.50000000000000178 ) ) ;
#5045 = VERTEX_POINT ( 'NONE', #8099 ) ;
#5044 = VERTEX_POINT ( 'NONE', #1163 ) ;
#5046 = ORIENTED_EDGE ( 'NONE', *, *, #1744, .F. ) ;
#5047 = CARTESIAN_POINT ( 'NONE',  ( 49.19256708928525512, 27.20002752599504703, -7.476053542693283482 ) ) ;
#5048 = CARTESIAN_POINT ( 'NONE',  ( -41.95014476405269477, -18.87888715415340002, -18.25191352495191666 ) ) ;
#5049 = CARTESIAN_POINT ( 'NONE',  ( -46.50999684916747157, -13.53818911873149844, -5.754329382438782226 ) ) ;
#5050 = PLANE ( 'NONE',  #5662 ) ;
#5051 = AXIS2_PLACEMENT_3D ( 'NONE', #7612, #3581, #8124 ) ;
#5052 = ORIENTED_EDGE ( 'NONE', *, *, #3419, .F. ) ;
#5053 = DIRECTION ( 'NONE',  ( 0.6734051375846847876, 0.2990255879899523794, -0.6760985271406935171 ) ) ;
#5054 = AXIS2_PLACEMENT_3D ( 'NONE', #739, #7767, #4495 ) ;
#5055 = CARTESIAN_POINT ( 'NONE',  ( -49.93119111901801688, -2.335155187215566919, -1.023668446104849972 ) ) ;
#5056 = CARTESIAN_POINT ( 'NONE',  ( 14.30737535980886754, 45.40694055502255111, 22.50000000000000000 ) ) ;
#5057 = CARTESIAN_POINT ( 'NONE',  ( 28.82083754317723034, 34.50059386952236906, -10.00000000000000178 ) ) ;
#5058 = CARTESIAN_POINT ( 'NONE',  ( -51.05457537879513552, -3.303805664860814062, -2.511903653824852256 ) ) ;
#5059 = CARTESIAN_POINT ( 'NONE',  ( 43.90285896172408542, 39.63844114334225566, -2.886897491482118383 ) ) ;
#5060 = LINE ( 'NONE', #1135, #7554 ) ;
#5061 = CARTESIAN_POINT ( 'NONE',  ( 53.97922386116967175, 23.81260642529961302, -20.47005453783777540 ) ) ;
#5062 = CARTESIAN_POINT ( 'NONE',  ( -33.36600263493999563, 27.49445797275911119, 20.10000000000000142 ) ) ;
#5063 = DIRECTION ( 'NONE',  ( 0.000000000000000000, 0.000000000000000000, -1.000000000000000000 ) ) ;
#5064 = CYLINDRICAL_SURFACE ( 'NONE', #5576, 1.749999999999999778 ) ;
#5065 = CARTESIAN_POINT ( 'NONE',  ( -2.569501288236065495, 15.63800383155555096, 12.49999999999999822 ) ) ;
#5066 = EDGE_LOOP ( 'NONE', ( #5753, #400, #7099, #7164 ) ) ;
#5067 = EDGE_CURVE ( 'NONE', #6507, #4373, #1439, .T. ) ;
#5068 = B_SPLINE_CURVE_WITH_KNOTS ( 'NONE', 3,
 ( #4762, #4007, #4804, #4173, #6748, #3487, #4715, #878, #5436, #835 ),
 .UNSPECIFIED., .F., .F.,
 ( 4, 2, 2, 2, 4 ),
 ( 0.000000000000000000, 0.002592735139166029486, 0.005185470278332058973, 0.007778205417498099301, 0.01037094055666414050 ),
 .UNSPECIFIED. ) ;
#5069 = ORIENTED_EDGE ( 'NONE', *, *, #4772, .F. ) ;
#5070 = CARTESIAN_POINT ( 'NONE',  ( -43.81712747487679138, -19.60252656784884806, -19.90226640499236410 ) ) ;
#5071 = EDGE_LOOP ( 'NONE', ( #2145, #1794, #6308, #3587 ) ) ;
#5072 = ORIENTED_EDGE ( 'NONE', *, *, #3220, .F. ) ;
#5073 = DIRECTION ( 'NONE',  ( -1.000000000000000000, 0.000000000000000000, 0.000000000000000000 ) ) ;
#5074 = CARTESIAN_POINT ( 'NONE',  ( 28.36476386061549704, 30.35318554795655643, 5.499999999999999112 ) ) ;
#5075 = ADVANCED_FACE ( 'NONE', ( #6141 ), #8064, .F. ) ;
#5076 = CYLINDRICAL_SURFACE ( 'NONE', #4987, 2.099999999999992095 ) ;
#5077 = AXIS2_PLACEMENT_3D ( 'NONE', #3440, #2850, #1553 ) ;
#5078 = ORIENTED_EDGE ( 'NONE', *, *, #4920, .T. ) ;
#5079 = CARTESIAN_POINT ( 'NONE',  ( 23.27391297607459819, 11.57673803580539129, -12.50000000000000178 ) ) ;
#5080 = CARTESIAN_POINT ( 'NONE',  ( 29.37227871544063262, 5.913531144056762834, -12.29380358345208535 ) ) ;
#5082 = ORIENTED_EDGE ( 'NONE', *, *, #2949, .F. ) ;
#5081 = ORIENTED_EDGE ( 'NONE', *, *, #1418, .F. ) ;
#5083 = ORIENTED_EDGE ( 'NONE', *, *, #7825, .F. ) ;
#5084 = CARTESIAN_POINT ( 'NONE',  ( 49.64972327434485067, 26.17051254111658309, -8.985648140418687646 ) ) ;
#5085 = PLANE ( 'NONE',  #5104 ) ;
#5086 = CARTESIAN_POINT ( 'NONE',  ( -48.10975825773617487, -9.935529029735782558, -3.212004222428096689 ) ) ;
#5087 = LINE ( 'NONE', #4615, #4727 ) ;
#5088 = ORIENTED_EDGE ( 'NONE', *, *, #3760, .T. ) ;
#5089 = CARTESIAN_POINT ( 'NONE',  ( 4.130498711763927133, 0.000000000000000000, 20.10000000000000142 ) ) ;
#5090 = CARTESIAN_POINT ( 'NONE',  ( -42.99248356281449901, 1.900873093593720808, 6.906601717798152684 ) ) ;
#5091 = CARTESIAN_POINT ( 'NONE',  ( -33.49962342422105621, 6.827189785583904325, -10.37867965644034740 ) ) ;
#5092 = CARTESIAN_POINT ( 'NONE',  ( -44.82203864707316399, -2.624681370721262841, -22.15000000000000213 ) ) ;
#5093 = LINE ( 'NONE', #3106, #2675 ) ;
#5094 = DIRECTION ( 'NONE',  ( 0.000000000000000000, 0.000000000000000000, 1.000000000000000000 ) ) ;
#5095 = CYLINDRICAL_SURFACE ( 'NONE', #1246, 1.574999999999999956 ) ;
#5096 = AXIS2_PLACEMENT_3D ( 'NONE', #6623, #7269, #237 ) ;
#5097 = CARTESIAN_POINT ( 'NONE',  ( 38.65504868466010890, 37.92876178323289338, 2.766095064533801828 ) ) ;
#5098 = B_SPLINE_CURVE_WITH_KNOTS ( 'NONE', 3,
 ( #2613, #581, #7654, #33, #4506, #2570, #5696, #5181, #6374, #1976 ),
 .UNSPECIFIED., .F., .F.,
 ( 4, 2, 2, 2, 4 ),
 ( 0.06668148479368103676, 0.06783866790303244576, 0.06899585101238386864, 0.07015303412173527764, 0.07131021723108668664 ),
 .UNSPECIFIED. ) ;
#5099 = EDGE_CURVE ( 'NONE', #3341, #3683, #5999, .T. ) ;
#5100 = DIRECTION ( 'NONE',  ( 0.000000000000000000, 0.000000000000000000, 1.000000000000000000 ) ) ;
#5101 = VECTOR ( 'NONE', #3816, 1000.000000000000227 ) ;
#5102 = CARTESIAN_POINT ( 'NONE',  ( 17.96149960956662639, 7.733701070753433271, 15.99999999999999645 ) ) ;
#5103 = CARTESIAN_POINT ( 'NONE',  ( -10.47380404903821649, -4.892997066247143145, 14.45000000000000107 ) ) ;
#5104 = AXIS2_PLACEMENT_3D ( 'NONE', #688, #6476, #7118 ) ;
#5105 = ORIENTED_EDGE ( 'NONE', *, *, #3672, .F. ) ;
#5106 = ORIENTED_EDGE ( 'NONE', *, *, #6579, .T. ) ;
#5107 = CARTESIAN_POINT ( 'NONE',  ( -43.83054101635715227, -19.57231929426131956, -20.60878397050812083 ) ) ;
#5108 = ORIENTED_EDGE ( 'NONE', *, *, #7367, .T. ) ;
#5109 = ORIENTED_EDGE ( 'NONE', *, *, #4760, .F. ) ;
#5110 = LINE ( 'NONE', #127, #5409 ) ;
#5111 = CARTESIAN_POINT ( 'NONE',  ( -1.960745114826851099, 14.26708591959435424, -5.002747934976703448 ) ) ;
#5112 = FACE_BOUND ( 'NONE', #3547, .T. ) ;
#5113 = CYLINDRICAL_SURFACE ( 'NONE', #3197, 26.16057989992778943 ) ;
#5114 = ORIENTED_EDGE ( 'NONE', *, *, #6055, .T. ) ;
#5115 = CIRCLE ( 'NONE', #5247, 35.72902093797242173 ) ;
#5116 = CARTESIAN_POINT ( 'NONE',  ( -2.569501288236065495, 15.63800383155555096, 14.49999999999999822 ) ) ;
#5117 = EDGE_CURVE ( 'NONE', #2503, #3292, #4914, .T. ) ;
#5118 = CARTESIAN_POINT ( 'NONE',  ( 49.40332378799145374, 34.11752594427726848, -2.974762730682862344 ) ) ;
#5120 = EDGE_LOOP ( 'NONE', ( #5003, #1780, #394, #6726 ) ) ;
#5119 = ORIENTED_EDGE ( 'NONE', *, *, #1699, .F. ) ;
#5121 = EDGE_CURVE ( 'NONE', #6863, #6884, #5460, .T. ) ;
#5122 = ORIENTED_EDGE ( 'NONE', *, *, #1451, .F. ) ;
#5123 = CARTESIAN_POINT ( 'NONE',  ( 53.97501691169149041, 23.82208046867591733, -19.90226640499234279 ) ) ;
#5124 = FACE_OUTER_BOUND ( 'NONE', #1653, .T. ) ;
#5125 = ADVANCED_FACE ( 'NONE', ( #4997 ), #4833, .T. ) ;
#5126 = CARTESIAN_POINT ( 'NONE',  ( 2.630498711763927577, 3.033253831555559721, 20.10000000000000142 ) ) ;
#5127 = CARTESIAN_POINT ( 'NONE',  ( -51.34636424633360008, -2.646697609957353148, -2.675592887101799988 ) ) ;
#5128 = VECTOR ( 'NONE', #4726, 1000.000000000000114 ) ;
#5129 = ORIENTED_EDGE ( 'NONE', *, *, #5117, .T. ) ;
#5130 = EDGE_CURVE ( 'NONE', #1205, #4156, #4876, .T. ) ;
#5131 = DIRECTION ( 'NONE',  ( 0.4058374489394845352, -0.9139452746408240902, 1.110223024625156540E-16 ) ) ;
#5132 = AXIS2_PLACEMENT_3D ( 'NONE', #3193, #5031, #2455 ) ;
#5133 = VECTOR ( 'NONE', #6704, 1000.000000000000114 ) ;
#5134 = CARTESIAN_POINT ( 'NONE',  ( 17.10737535980886648, 45.40694055502255111, 15.59999999999999964 ) ) ;
#5135 = CARTESIAN_POINT ( 'NONE',  ( 32.08414255442611562, 32.32612180675755553, 9.699999999999986855 ) ) ;
#5136 = CARTESIAN_POINT ( 'NONE',  ( 9.286952852967614191, 46.43450517825943535, 20.10000000000000142 ) ) ;
#5137 = DIRECTION ( 'NONE',  ( -0.000000000000000000, -0.000000000000000000, -1.000000000000000000 ) ) ;
#5138 = AXIS2_PLACEMENT_3D ( 'NONE', #7711, #6987, #1203 ) ;
#5139 = CARTESIAN_POINT ( 'NONE',  ( 48.67088552144097235, 23.44677212735726712, -22.15000000000000213 ) ) ;
#5140 = DIRECTION ( 'NONE',  ( 0.000000000000000000, 0.000000000000000000, -1.000000000000000000 ) ) ;
#5141 = DIRECTION ( 'NONE',  ( 0.000000000000000000, 0.000000000000000000, -1.000000000000000000 ) ) ;
#5142 = DIRECTION ( 'NONE',  ( -0.9262230687904531301, -0.3769758968958038525, 0.000000000000000000 ) ) ;
#5143 = DIRECTION ( 'NONE',  ( -1.000000000000000000, 0.000000000000000000, 0.000000000000000000 ) ) ;
#5144 = ORIENTED_EDGE ( 'NONE', *, *, #4679, .F. ) ;
#5145 = VERTEX_POINT ( 'NONE', #2383 ) ;
#5146 = CARTESIAN_POINT ( 'NONE',  ( -44.05520011509043599, -19.06638736947493484, -21.58258955986390859 ) ) ;
#5147 = AXIS2_PLACEMENT_3D ( 'NONE', #8242, #4425, #3797 ) ;
#5148 = VERTEX_POINT ( 'NONE', #7592 ) ;
#5149 = ORIENTED_EDGE ( 'NONE', *, *, #892, .F. ) ;
#5150 = CARTESIAN_POINT ( 'NONE',  ( -0.3473386233563968695, 22.53905397561441859, 11.09999999999999787 ) ) ;
#5151 = CARTESIAN_POINT ( 'NONE',  ( -40.57999782534210453, -18.26839475023824377, -18.21578547031221262 ) ) ;
#5152 = CARTESIAN_POINT ( 'NONE',  ( -2.569501288236065495, 15.63800383155555096, -3.700000000000003730 ) ) ;
#5153 = FACE_BOUND ( 'NONE', #8078, .T. ) ;
#5154 = EDGE_LOOP ( 'NONE', ( #5779, #7618 ) ) ;
#5155 = FACE_OUTER_BOUND ( 'NONE', #1399, .T. ) ;
#5156 = DIRECTION ( 'NONE',  ( 1.000000000000000000, 0.000000000000000000, 0.000000000000000000 ) ) ;
#5158 = ORIENTED_EDGE ( 'NONE', *, *, #6512, .T. ) ;
#5157 = VERTEX_POINT ( 'NONE', #1667 ) ;
#5159 = EDGE_LOOP ( 'NONE', ( #7864, #4276, #6473, #5490, #2027, #5674 ) ) ;
#5160 = EDGE_CURVE ( 'NONE', #3823, #7887, #6860, .T. ) ;
#5161 = CARTESIAN_POINT ( 'NONE',  ( -2.569501288236065495, 15.63800383155555096, 12.10000000000029985 ) ) ;
#5162 = DIRECTION ( 'NONE',  ( 0.000000000000000000, 0.000000000000000000, 1.000000000000000000 ) ) ;
#5163 = CARTESIAN_POINT ( 'NONE',  ( -12.04880404903821578, -4.892997066247143145, 10.09999999999999964 ) ) ;
#5164 = CARTESIAN_POINT ( 'NONE',  ( -29.57971736060291335, -14.94463569922126212, -3.127265974867831311 ) ) ;
#5165 = ORIENTED_EDGE ( 'NONE', *, *, #4620, .T. ) ;
#5166 = CARTESIAN_POINT ( 'NONE',  ( 53.96159248679882836, 23.85231225169024682, -20.60889545096662800 ) ) ;
#5167 = CIRCLE ( 'NONE', #1543, 2.850000000000000089 ) ;
#5168 = CARTESIAN_POINT ( 'NONE',  ( -49.15985347803488992, 0.1520648569726575916, 0.02412178972601724397 ) ) ;
#5169 = CARTESIAN_POINT ( 'NONE',  ( 34.72839117100393480, 36.41283174857342431, 6.906601717798161566 ) ) ;
#5170 = EDGE_LOOP ( 'NONE', ( #6388, #8149 ) ) ;
#5171 = CARTESIAN_POINT ( 'NONE',  ( 42.21995751988302459, 40.45047382433413929, -2.102949113505411471 ) ) ;
#5172 = EDGE_CURVE ( 'NONE', #1251, #4402, #6547, .T. ) ;
#5173 = CARTESIAN_POINT ( 'NONE',  ( 47.61793699103119337, 8.792885066118548920, 3.297348375675339227 ) ) ;
#5174 = CARTESIAN_POINT ( 'NONE',  ( 42.60447722151050698, 28.58548824356600093, -7.672778918891237865 ) ) ;
#5175 = CARTESIAN_POINT ( 'NONE',  ( 47.29996760947973655, 22.83801595394804096, -22.15000000000000213 ) ) ;
#5176 = CARTESIAN_POINT ( 'NONE',  ( 49.48281089098293961, 21.61831751629810938, -20.31676954922404832 ) ) ;
#5177 = DIRECTION ( 'NONE',  ( 0.1984292974655277597, 0.08811254033772682182, 0.9761465023973447952 ) ) ;
#5178 = ADVANCED_FACE ( 'NONE', ( #1796 ), #6778, .T. ) ;
#5179 = ADVANCED_FACE ( 'NONE', ( #6817 ), #5549, .F. ) ;
#5180 = AXIS2_PLACEMENT_3D ( 'NONE', #7727, #1259, #1928 ) ;
#5181 = CARTESIAN_POINT ( 'NONE',  ( 33.95330085586018498, 7.226966008431823241, -4.484148428585993607 ) ) ;
#5182 = DIRECTION ( 'NONE',  ( 0.3769758968958037970, -0.9262230687904530191, 0.000000000000000000 ) ) ;
#5183 = LINE ( 'NONE', #3235, #6613 ) ;
#5184 = CARTESIAN_POINT ( 'NONE',  ( -15.70924716569568957, -7.374972470430757099, -14.70000000000000462 ) ) ;
#5185 = ORIENTED_EDGE ( 'NONE', *, *, #2313, .F. ) ;
#5186 = ORIENTED_EDGE ( 'NONE', *, *, #168, .F. ) ;
#5187 = CARTESIAN_POINT ( 'NONE',  ( -42.30183771142487359, -18.08687520893926859, -21.88076396437126192 ) ) ;
#5188 = ORIENTED_EDGE ( 'NONE', *, *, #4204, .F. ) ;
#5189 = ORIENTED_EDGE ( 'NONE', *, *, #6318, .F. ) ;
#5190 = DIRECTION ( 'NONE',  ( -0.4058374489394846463, 0.9139452746408239792, 0.000000000000000000 ) ) ;
#5191 = CARTESIAN_POINT ( 'NONE',  ( -42.72821898231379834, 2.243331943901804237, 7.267003210102117805 ) ) ;
#5192 = FACE_BOUND ( 'NONE', #4857, .T. ) ;
#5193 = CARTESIAN_POINT ( 'NONE',  ( 0.000000000000000000, 0.000000000000000000, -22.15000000000000213 ) ) ;
#5194 = VERTEX_POINT ( 'NONE', #439 ) ;
#5195 = LINE ( 'NONE', #1367, #968 ) ;
#5196 = DIRECTION ( 'NONE',  ( -0.1984292974655278430, -0.08811254033772580874, -0.9761465023973449062 ) ) ;
#5197 = VERTEX_POINT ( 'NONE', #2963 ) ;
#5198 = ORIENTED_EDGE ( 'NONE', *, *, #6882, .T. ) ;
#5199 = CARTESIAN_POINT ( 'NONE',  ( 53.88039720076528027, 24.03516390371836664, -18.04912948750101620 ) ) ;
#5200 = CARTESIAN_POINT ( 'NONE',  ( 34.58689410985729040, 25.02528002653422234, -4.923186939960173092 ) ) ;
#5201 = PLANE ( 'NONE',  #3728 ) ;
#5202 = CARTESIAN_POINT ( 'NONE',  ( -32.44535759286249288, -14.40798469347721245, 7.919727168629461467 ) ) ;
#5203 = EDGE_LOOP ( 'NONE', ( #6685, #842, #620, #6567 ) ) ;
#5204 = DIRECTION ( 'NONE',  ( 0.000000000000000000, 1.000000000000000000, -0.000000000000000000 ) ) ;
#5205 = EDGE_CURVE ( 'NONE', #6227, #6611, #7085, .T. ) ;
#5206 = CONICAL_SURFACE ( 'NONE', #88, 32.16057989992779653, 0.7853981633974418397 ) ;
#5207 = CARTESIAN_POINT ( 'NONE',  ( 2.630498711763926689, 6.959150220622822403, 20.10000000000000142 ) ) ;
#5208 =( BOUNDED_CURVE ( )  B_SPLINE_CURVE ( 3, ( #4757, #284, #8029, #959 ),
 .UNSPECIFIED., .F., .T. ) 
 B_SPLINE_CURVE_WITH_KNOTS ( ( 4, 4 ),
 ( 6.112569404003168394, 6.161607920088424173 ),
 .UNSPECIFIED. ) 
 CURVE ( )  GEOMETRIC_REPRESENTATION_ITEM ( )  RATIONAL_B_SPLINE_CURVE ( ( 1.000000000000000000, 0.9997996120346519522, 0.9997996120346519522, 1.000000000000000000 ) ) 
 REPRESENTATION_ITEM ( '' )  );
#5209 = DIRECTION ( 'NONE',  ( -0.4058374489394845352, 0.9139452746408240902, -0.000000000000000000 ) ) ;
#5210 = CARTESIAN_POINT ( 'NONE',  ( 38.09675660779164019, 24.02097256960695759, 0.6677273527362180827 ) ) ;
#5211 = EDGE_LOOP ( 'NONE', ( #7426, #2582, #4266, #6212 ) ) ;
#5212 = CARTESIAN_POINT ( 'NONE',  ( 34.54722229585956939, 37.04339533057031986, 6.736382682932183563 ) ) ;
#5213 = CARTESIAN_POINT ( 'NONE',  ( 45.91557280232316884, 34.57981332797155005, -2.511903653824927751 ) ) ;
#5214 = DIRECTION ( 'NONE',  ( -0.5243398662736724614, -0.5295246425432132975, -0.6668368297984068604 ) ) ;
#5215 = DIRECTION ( 'NONE',  ( 1.000000000000000000, 0.000000000000000000, 0.000000000000000000 ) ) ;
#5216 = DIRECTION ( 'NONE',  ( 0.000000000000000000, 0.000000000000000000, -1.000000000000000000 ) ) ;
#5217 = CARTESIAN_POINT ( 'NONE',  ( -48.90475843376356835, -0.01346125372265873088, 0.2929841900261787035 ) ) ;
#5218 = CARTESIAN_POINT ( 'NONE',  ( -47.12502662656212493, -19.54526522163653368, -13.99735087799913025 ) ) ;
#5219 = DIRECTION ( 'NONE',  ( 1.000000000000000000, 0.000000000000000000, 0.000000000000000000 ) ) ;
#5220 = CARTESIAN_POINT ( 'NONE',  ( 35.39856900773624915, 23.19738947725257106, -2.213058202862784096 ) ) ;
#5221 = CARTESIAN_POINT ( 'NONE',  ( -15.70924716569568957, -7.374972470430763316, -14.70000000000000462 ) ) ;
#5222 = EDGE_CURVE ( 'NONE', #2331, #3341, #5465, .T. ) ;
#5223 = ORIENTED_EDGE ( 'NONE', *, *, #5491, .T. ) ;
#5224 = EDGE_CURVE ( 'NONE', #3286, #1733, #4322, .T. ) ;
#5225 = ORIENTED_EDGE ( 'NONE', *, *, #3734, .T. ) ;
#5226 = DIRECTION ( 'NONE',  ( 0.9139452746408240902, 0.4058374489394846463, 0.000000000000000000 ) ) ;
#5227 = EDGE_CURVE ( 'NONE', #3369, #2002, #31, .T. ) ;
#5228 = EDGE_LOOP ( 'NONE', ( #6856, #8132, #7702, #6272 ) ) ;
#5229 = VECTOR ( 'NONE', #2739, 1000.000000000000000 ) ;
#5230 = ORIENTED_EDGE ( 'NONE', *, *, #4105, .T. ) ;
#5231 = LINE ( 'NONE', #6593, #1769 ) ;
#5232 = DIRECTION ( 'NONE',  ( 0.000000000000000000, 0.000000000000000000, 1.000000000000000000 ) ) ;
#5233 = EDGE_CURVE ( 'NONE', #2637, #4861, #1946, .T. ) ;
#5234 = VERTEX_POINT ( 'NONE', #4563 ) ;
#5235 = CARTESIAN_POINT ( 'NONE',  ( 42.70307347695761990, 18.56302168963077293, -14.18269585316880388 ) ) ;
#5236 = CARTESIAN_POINT ( 'NONE',  ( 51.79190930915301294, 28.73843523728256955, -7.074881965502159531 ) ) ;
#5237 =( GEOMETRIC_REPRESENTATION_CONTEXT ( 3 ) GLOBAL_UNCERTAINTY_ASSIGNED_CONTEXT ( ( #6857 ) ) GLOBAL_UNIT_ASSIGNED_CONTEXT ( ( #4617, #2600, #5761 ) ) REPRESENTATION_CONTEXT ( 'NONE', 'WORKASPACE' ) );
#5238 = ORIENTED_EDGE ( 'NONE', *, *, #3810, .T. ) ;
#5239 = AXIS2_PLACEMENT_3D ( 'NONE', #6036, #7400, #6158 ) ;
#5240 = ORIENTED_EDGE ( 'NONE', *, *, #1749, .T. ) ;
#5241 = CARTESIAN_POINT ( 'NONE',  ( -46.55896329879925588, -20.82003891466730039, -19.90226640499236410 ) ) ;
#5242 = CYLINDRICAL_SURFACE ( 'NONE', #3340, 17.00000000000000000 ) ;
#5243 = CARTESIAN_POINT ( 'NONE',  ( -16.88713200266511194, -6.256776172494361354, -12.50000000000000178 ) ) ;
#5244 = CARTESIAN_POINT ( 'NONE',  ( 5.334801472566043756, 36.16900472935827793, 10.09999999999999964 ) ) ;
#5245 = ORIENTED_EDGE ( 'NONE', *, *, #2559, .T. ) ;
#5246 = DIRECTION ( 'NONE',  ( -0.000000000000000000, 0.000000000000000000, 1.000000000000000000 ) ) ;
#5247 = AXIS2_PLACEMENT_3D ( 'NONE', #5689, #1809, #1762 ) ;
#5248 = AXIS2_PLACEMENT_3D ( 'NONE', #882, #6586, #4636 ) ;
#5249 = EDGE_CURVE ( 'NONE', #7630, #5887, #635, .T. ) ;
#5250 = CARTESIAN_POINT ( 'NONE',  ( -29.14663068225453202, -31.94251942296111224, -3.700000000000003730 ) ) ;
#5251 = CYLINDRICAL_SURFACE ( 'NONE', #7370, 1.125000000000000888 ) ;
#5252 = ORIENTED_EDGE ( 'NONE', *, *, #3787, .F. ) ;
#5253 = CARTESIAN_POINT ( 'NONE',  ( 42.93641811536046049, 40.76861819074435545, -2.886758449375626867 ) ) ;
#5254 = CARTESIAN_POINT ( 'NONE',  ( -1.960745114826851099, 14.26708591959435424, 20.10000000000000142 ) ) ;
#5255 = VECTOR ( 'NONE', #8382, 1000.000000000000000 ) ;
#5256 = VECTOR ( 'NONE', #5281, 999.9999999999998863 ) ;
#5257 = DIRECTION ( 'NONE',  ( 0.000000000000000000, 0.000000000000000000, 1.000000000000000000 ) ) ;
#5258 = DIRECTION ( 'NONE',  ( -0.000000000000000000, -0.000000000000000000, -1.000000000000000000 ) ) ;
#5259 = PLANE ( 'NONE',  #4344 ) ;
#5260 = CARTESIAN_POINT ( 'NONE',  ( -44.40206128744581093, -18.28525657373648627, -22.07649650625657500 ) ) ;
#5261 =( BOUNDED_SURFACE ( )  B_SPLINE_SURFACE ( 3, 2, ( 
 ( #5913, #242, #2102 ),
 ( #4680, #7274, #7995 ),
 ( #2782, #6629, #2191 ),
 ( #841, #368, #3614 ),
 ( #2980, #8160, #7561 ),
 ( #6199, #8118, #4929 ),
 ( #6283, #1723, #3661 ),
 ( #5517, #1766, #6921 ),
 ( #6964, #4295, #8239 ),
 ( #7478, #4338, #4966 ),
 ( #6875, #1044, #1683 ),
 ( #5479, #2441, #1006 ),
 ( #2938, #6834, #491 ),
 ( #8077, #3705, #6241 ),
 ( #2270, #413, #7520 ),
 ( #2320, #5565, #4847 ),
 ( #1645, #5015, #4256 ),
 ( #7441, #7608, #1134 ),
 ( #3061, #5647, #1093 ),
 ( #4217, #4889, #6794 ),
 ( #3575, #6155, #2357 ),
 ( #1812, #453, #3022 ),
 ( #5604, #4381, #8200 ),
 ( #2400, #3540, #6116 ),
 ( #331, #2900, #5433 ),
 ( #4087, #6742, #2181 ) ),
 .UNSPECIFIED., .F., .F., .T. ) 
 B_SPLINE_SURFACE_WITH_KNOTS ( ( 4, 2, 2, 2, 2, 2, 2, 2, 2, 2, 2, 2, 4 ),
 ( 3, 3 ),
 ( 0.04473162107085129624, 0.04679125751612320250, 0.04885089396139511569, 0.05297016685193893515, 0.05502980329721084835, 0.05708943974248276154, 0.06120871263302658100, 0.06326834907829849419, 0.06532798552357040045, 0.06944725841411422684, 0.07150689485938613310, 0.07356653130465803936, 0.07768580419520186575 ),
 ( 0.000000000000000000, 1.000000000000000000 ),
 .UNSPECIFIED. ) 
 GEOMETRIC_REPRESENTATION_ITEM ( )  RATIONAL_B_SPLINE_SURFACE ( (
 ( 1.000000000000000000, 0.8875621284095471797, 1.000000000000000000),
 ( 1.000000000000000000, 0.8906592811214852912, 1.000000000000000000),
 ( 1.000000000000000000, 0.8938092165749245144, 1.000000000000000000),
 ( 1.000000000000000000, 0.9002078670134225913, 1.000000000000000000),
 ( 1.000000000000000000, 0.9034690857755651727, 1.000000000000000000),
 ( 1.000000000000000000, 0.9132983453768773741, 1.000000000000000000),
 ( 1.000000000000000000, 0.9198387670499776902, 1.000000000000000000),
 ( 1.000000000000000000, 0.9295407273066316201, 1.000000000000000000),
 ( 1.000000000000000000, 0.9327563119818721438, 1.000000000000000000),
 ( 1.000000000000000000, 0.9391316679302986747, 1.000000000000000000),
 ( 1.000000000000000000, 0.9422924701942088088, 1.000000000000000000),
 ( 1.000000000000000000, 0.9514990832386702735, 1.000000000000000000),
 ( 1.000000000000000000, 0.9573283533083890573, 1.000000000000000000),
 ( 1.000000000000000000, 0.9655053468885312906, 1.000000000000000000),
 ( 1.000000000000000000, 0.9681360686669262527, 1.000000000000000000),
 ( 1.000000000000000000, 0.9731832528147366101, 1.000000000000000000),
 ( 1.000000000000000000, 0.9755874422747979891, 1.000000000000000000),
 ( 1.000000000000000000, 0.9823417584992557572, 1.000000000000000000),
 ( 1.000000000000000000, 0.9862701481335537368, 1.000000000000000000),
 ( 1.000000000000000000, 0.9911778991705941788, 1.000000000000000000),
 ( 1.000000000000000000, 0.9926488646693178985, 1.000000000000000000),
 ( 1.000000000000000000, 0.9952282896653308342, 1.000000000000000000),
 ( 1.000000000000000000, 0.9963357971059388918, 1.000000000000000000),
 ( 1.000000000000000000, 0.9990259895782700461, 1.000000000000000000),
 ( 1.000000000000000000, 0.9999969374880127715, 1.000000000000000000),
 ( 1.000000000000000000, 1.000000000000000000, 1.000000000000000000) ) ) 
 REPRESENTATION_ITEM ( '' )  SURFACE ( )  );
#5262 = AXIS2_PLACEMENT_3D ( 'NONE', #5638, #1213, #8230 ) ;
#5263 = CARTESIAN_POINT ( 'NONE',  ( -47.45090767757838535, -18.81138162501631328, -12.04356536347296824 ) ) ;
#5264 = DIRECTION ( 'NONE',  ( -0.000000000000000000, -0.000000000000000000, 1.000000000000000000 ) ) ;
#5265 = CARTESIAN_POINT ( 'NONE',  ( 45.43845897165198267, 10.14908450724445110, -3.183803752492271322 ) ) ;
#5266 = CARTESIAN_POINT ( 'NONE',  ( 37.58121123502791505, 14.53613180049088527, -5.811540406259368297 ) ) ;
#5267 = ORIENTED_EDGE ( 'NONE', *, *, #3762, .F. ) ;
#5268 = VECTOR ( 'NONE', #7394, 1000.000000000000114 ) ;
#5269 = LINE ( 'NONE', #161, #2701 ) ;
#5270 = ORIENTED_EDGE ( 'NONE', *, *, #2282, .T. ) ;
#5271 = CARTESIAN_POINT ( 'NONE',  ( -42.66820888431755776, -17.26180792373707007, -22.14999999999989555 ) ) ;
#5272 = AXIS2_PLACEMENT_3D ( 'NONE', #7107, #1989, #5355 ) ;
#5273 = DIRECTION ( 'NONE',  ( -0.4058374489394844797, 0.9139452746408239792, -0.000000000000000000 ) ) ;
#5274 = EDGE_CURVE ( 'NONE', #4364, #5371, #3206, .T. ) ;
#5275 = EDGE_CURVE ( 'NONE', #2293, #2726, #2630, .T. ) ;
#5276 = CARTESIAN_POINT ( 'NONE',  ( 33.91214110249633507, 33.29577962152252724, 6.628595580677766996 ) ) ;
#5277 = VERTEX_POINT ( 'NONE', #1368 ) ;
#5278 = EDGE_CURVE ( 'NONE', #6170, #4239, #7756, .T. ) ;
#5279 = EDGE_CURVE ( 'NONE', #4795, #1441, #7900, .T. ) ;
#5280 = EDGE_CURVE ( 'NONE', #7347, #2646, #7673, .T. ) ;
#5281 = DIRECTION ( 'NONE',  ( -0.6734051375846853427, -0.2990255879899523794, 0.6760985271406929620 ) ) ;
#5282 = AXIS2_PLACEMENT_3D ( 'NONE', #7693, #5732, #658 ) ;
#5283 = B_SPLINE_SURFACE_WITH_KNOTS ( 'NONE', 3, 1, ( 
 ( #3745, #7647 ),
 ( #3103, #532 ),
 ( #6321, #2479 ),
 ( #5690, #4378 ) ),
 .UNSPECIFIED., .F., .F., .F.,
 ( 4, 4 ),
 ( 2, 2 ),
 ( 0.000000000000000000, 1.000000000000000000 ),
 ( 0.000000000000000000, 1.000000000000000000 ),
 .UNSPECIFIED. ) ;
#5284 = DIRECTION ( 'NONE',  ( 0.4058374489394785400, -0.9139452746408267547, 0.000000000000000000 ) ) ;
#5285 = EDGE_LOOP ( 'NONE', ( #6015, #2965 ) ) ;
#5286 = CARTESIAN_POINT ( 'NONE',  ( -42.56513392878111546, -19.39509575325205049, -22.14999999999500702 ) ) ;
#5287 = LINE ( 'NONE', #812, #7488 ) ;
#5288 = ORIENTED_EDGE ( 'NONE', *, *, #8142, .T. ) ;
#5289 = CARTESIAN_POINT ( 'NONE',  ( 49.48264984409448175, 21.61868019362888660, -20.04512421095780184 ) ) ;
#5290 = CYLINDRICAL_SURFACE ( 'NONE', #2562, 1.749999999999999778 ) ;
#5291 = DIRECTION ( 'NONE',  ( 0.000000000000000000, 0.000000000000000000, 1.000000000000000000 ) ) ;
#5292 = CARTESIAN_POINT ( 'NONE',  ( -22.43430341237463921, -16.32220419481742013, 5.481649028265998425 ) ) ;
#5293 = VERTEX_POINT ( 'NONE', #4444 ) ;
#5294 = EDGE_CURVE ( 'NONE', #6560, #1590, #6806, .T. ) ;
#5295 =( LENGTH_UNIT ( ) NAMED_UNIT ( * ) SI_UNIT ( .MILLI., .METRE. ) );
#5296 = CARTESIAN_POINT ( 'NONE',  ( -12.04880404903821578, -4.892997066247143145, 14.45000000000000107 ) ) ;
#5297 = EDGE_CURVE ( 'NONE', #2874, #7882, #5862, .T. ) ;
#5298 = CARTESIAN_POINT ( 'NONE',  ( -33.36600263493999563, 27.49445797275911119, 15.09999999999999964 ) ) ;
#5299 = CARTESIAN_POINT ( 'NONE',  ( -8.049818085922094468, 18.12817723098731548, -12.50000000000000178 ) ) ;
#5300 = ORIENTED_EDGE ( 'NONE', *, *, #7781, .T. ) ;
#5301 = CARTESIAN_POINT ( 'NONE',  ( 45.13066615481461952, 21.71908245484901911, -7.274792045485838798 ) ) ;
#5302 = AXIS2_PLACEMENT_3D ( 'NONE', #7529, #1230, #4304 ) ;
#5303 = PLANE ( 'NONE',  #1108 ) ;
#5304 = DIRECTION ( 'NONE',  ( -0.9139452746408245343, -0.4058374489394832030, 0.000000000000000000 ) ) ;
#5305 = DIRECTION ( 'NONE',  ( 0.000000000000000000, 0.000000000000000000, -1.000000000000000000 ) ) ;
#5306 = LINE ( 'NONE', #3400, #2292 ) ;
#5307 = LINE ( 'NONE', #783, #1518 ) ;
#5308 = DIRECTION ( 'NONE',  ( -8.673617379884034239E-17, -1.000000000000000000, -0.000000000000000000 ) ) ;
#5309 = EDGE_CURVE ( 'NONE', #2002, #6255, #1654, .T. ) ;
#5310 = B_SPLINE_CURVE_WITH_KNOTS ( 'NONE', 3,
 ( #5127, #4530, #3214, #690 ),
 .UNSPECIFIED., .F., .F.,
 ( 4, 4 ),
 ( 0.000000000000000000, 1.000000000000000000 ),
 .UNSPECIFIED. ) ;
#5311 = PLANE ( 'NONE',  #8384 ) ;
#5312 = CARTESIAN_POINT ( 'NONE',  ( 41.02156534718035630, 17.77055891037598201, -11.69138428694405540 ) ) ;
#5313 = CYLINDRICAL_SURFACE ( 'NONE', #945, 4.000000000000011546 ) ;
#5314 = CYLINDRICAL_SURFACE ( 'NONE', #3422, 2.099999999999999645 ) ;
#5315 = ORIENTED_EDGE ( 'NONE', *, *, #13, .F. ) ;
#5316 = CYLINDRICAL_SURFACE ( 'NONE', #6336, 1.750000000000001554 ) ;
#5317 = ORIENTED_EDGE ( 'NONE', *, *, #7854, .T. ) ;
#5318 = FACE_OUTER_BOUND ( 'NONE', #1062, .T. ) ;
#5319 = VERTEX_POINT ( 'NONE', #2038 ) ;
#5320 = DIRECTION ( 'NONE',  ( 0.000000000000000000, 0.000000000000000000, -1.000000000000000000 ) ) ;
#5321 = VERTEX_POINT ( 'NONE', #4741 ) ;
#5322 = AXIS2_PLACEMENT_3D ( 'NONE', #3364, #115, #6298 ) ;
#5323 = ORIENTED_EDGE ( 'NONE', *, *, #736, .F. ) ;
#5324 = CARTESIAN_POINT ( 'NONE',  ( 33.97336647174929425, 14.68659481891337570, -10.46107186641804709 ) ) ;
#5325 = ORIENTED_EDGE ( 'NONE', *, *, #6253, .T. ) ;
#5326 = DIRECTION ( 'NONE',  ( 0.4058374489394843132, -0.9139452746408240902, 0.000000000000000000 ) ) ;
#5327 = CARTESIAN_POINT ( 'NONE',  ( 52.89432824482386764, 26.25578958798735485, -11.08671935406982456 ) ) ;
#5328 = EDGE_CURVE ( 'NONE', #4551, #3818, #5287, .T. ) ;
#5329 = EDGE_LOOP ( 'NONE', ( #7453, #6973, #924 ) ) ;
#5330 = DIRECTION ( 'NONE',  ( -0.4058374489394845908, 0.9139452746408239792, -0.000000000000000000 ) ) ;
#5331 = DIRECTION ( 'NONE',  ( -0.000000000000000000, -0.000000000000000000, 1.000000000000000000 ) ) ;
#5332 = CARTESIAN_POINT ( 'NONE',  ( -30.93679873488780885, -8.930464938660451324, 11.97218923696537551 ) ) ;
#5333 = CARTESIAN_POINT ( 'NONE',  ( -26.19404710927354429, -14.97356695904580803, 11.12183040370540432 ) ) ;
#5334 = ORIENTED_EDGE ( 'NONE', *, *, #8005, .T. ) ;
#5335 = CARTESIAN_POINT ( 'NONE',  ( 50.42090587922741207, 24.43381056977456112, -22.15000000000000213 ) ) ;
#5336 = CARTESIAN_POINT ( 'NONE',  ( 47.93723886180762150, 30.02702465162871803, -4.592060007051736115 ) ) ;
#5337 = CARTESIAN_POINT ( 'NONE',  ( 40.57410929188741733, 21.52694900061340277, 2.813735736022707989 ) ) ;
#5338 = ORIENTED_EDGE ( 'NONE', *, *, #2123, .T. ) ;
#5339 = ORIENTED_EDGE ( 'NONE', *, *, #3270, .F. ) ;
#5340 = CARTESIAN_POINT ( 'NONE',  ( 34.12224715669712083, 37.07349359851657056, 7.089610901437391810 ) ) ;
#5341 = CARTESIAN_POINT ( 'NONE',  ( 24.84885695098861547, 27.81312729974014886, -22.15000000000000213 ) ) ;
#5342 = CARTESIAN_POINT ( 'NONE',  ( 34.83751689389019646, 25.13656908742246898, -4.914506795439191222 ) ) ;
#5343 = CARTESIAN_POINT ( 'NONE',  ( -33.44205603334886234, -15.24922721309908624, -14.70000000000000284 ) ) ;
#5344 = VECTOR ( 'NONE', #323, 1000.000000000000000 ) ;
#5345 = CARTESIAN_POINT ( 'NONE',  ( 47.71900523267442651, 21.89434390836357380, -21.86914278315574833 ) ) ;
#5346 = CARTESIAN_POINT ( 'NONE',  ( 13.60737535980886825, 45.40694055502255111, 15.59999999999999964 ) ) ;
#5347 = CARTESIAN_POINT ( 'NONE',  ( -46.55896329879925588, -20.82003891466730039, -19.90226640499236410 ) ) ;
#5348 = CARTESIAN_POINT ( 'NONE',  ( 43.77316291353221089, 39.58145091260630011, -2.745378220913162082 ) ) ;
#5349 = DIRECTION ( 'NONE',  ( 0.9139452746408239792, 0.4058374489394844797, -8.326672684688671588E-17 ) ) ;
#5350 = DIRECTION ( 'NONE',  ( -1.000000000000000000, 0.000000000000000000, 0.000000000000000000 ) ) ;
#5351 = ORIENTED_EDGE ( 'NONE', *, *, #5947, .F. ) ;
#5352 = CARTESIAN_POINT ( 'NONE',  ( 37.47004393574535897, 26.30554286361554261, 2.615635929472333920 ) ) ;
#5353 = ORIENTED_EDGE ( 'NONE', *, *, #3893, .T. ) ;
#5354 = CARTESIAN_POINT ( 'NONE',  ( -40.53804878797516409, -18.36286391412992458, -20.18153086136964447 ) ) ;
#5355 = DIRECTION ( 'NONE',  ( -0.9725991773073561220, -0.2324883659477480491, 0.000000000000000000 ) ) ;
#5356 = DIRECTION ( 'NONE',  ( 0.000000000000000000, 0.000000000000000000, -1.000000000000000000 ) ) ;
#5357 = EDGE_CURVE ( 'NONE', #2667, #7042, #6886, .T. ) ;
#5358 = CARTESIAN_POINT ( 'NONE',  ( -11.66950128823607002, -7.480043280015778784, 16.60000000000000142 ) ) ;
#5359 = CARTESIAN_POINT ( 'NONE',  ( 37.03174755633025228, 27.14630304616041201, 6.315218993979761386 ) ) ;
#5360 = VERTEX_POINT ( 'NONE', #7881 ) ;
#5361 = ADVANCED_FACE ( 'NONE', ( #5966 ), #1492, .F. ) ;
#5362 = B_SPLINE_CURVE_WITH_KNOTS ( 'NONE', 3,
 ( #4837, #481, #1124, #1034 ),
 .UNSPECIFIED., .F., .F.,
 ( 4, 4 ),
 ( 5.625788803315104800E-15, 0.001737873352888430305 ),
 .UNSPECIFIED. ) ;
#5363 = EDGE_LOOP ( 'NONE', ( #6670, #7442, #2384, #1871 ) ) ;
#5364 = CIRCLE ( 'NONE', #2802, 1.574999999999999956 ) ;
#5365 = CYLINDRICAL_SURFACE ( 'NONE', #4318, 2.099999999999996092 ) ;
#5366 = ORIENTED_EDGE ( 'NONE', *, *, #627, .F. ) ;
#5367 = CARTESIAN_POINT ( 'NONE',  ( 32.07722459067356624, 17.38515956721324329, 14.92236236442820108 ) ) ;
#5368 = CIRCLE ( 'NONE', #8357, 30.03925955636816525 ) ;
#5369 = CARTESIAN_POINT ( 'NONE',  ( 53.03324848296459493, 25.94294143774289196, -11.78120917418307201 ) ) ;
#5370 = AXIS2_PLACEMENT_3D ( 'NONE', #6434, #12, #3262 ) ;
#5371 = VERTEX_POINT ( 'NONE', #3983 ) ;
#5372 = FACE_OUTER_BOUND ( 'NONE', #3957, .T. ) ;
#5373 = FACE_OUTER_BOUND ( 'NONE', #6688, .T. ) ;
#5374 = CARTESIAN_POINT ( 'NONE',  ( -21.23961438254482914, -16.88438244541189093, 6.364014879182300355 ) ) ;
#5375 = CARTESIAN_POINT ( 'NONE',  ( 49.33556129531696399, 21.94992336613616857, -21.33246844851509749 ) ) ;
#5376 = ORIENTED_EDGE ( 'NONE', *, *, #4, .T. ) ;
#5377 = EDGE_CURVE ( 'NONE', #8222, #1286, #2075, .T. ) ;
#5378 = CIRCLE ( 'NONE', #2417, 2.874999999999995559 ) ;
#5379 = CARTESIAN_POINT ( 'NONE',  ( -38.42105757422810086, 4.641826683457851210, 12.10000000000029985 ) ) ;
#5380 = EDGE_CURVE ( 'NONE', #4753, #8278, #7225, .T. ) ;
#5381 = LINE ( 'NONE', #4751, #4512 ) ;
#5382 = ORIENTED_EDGE ( 'NONE', *, *, #1619, .T. ) ;
#5383 = ADVANCED_FACE ( 'NONE', ( #7243 ), #3484, .F. ) ;
#5384 = VERTEX_POINT ( 'NONE', #2662 ) ;
#5385 = CARTESIAN_POINT ( 'NONE',  ( -29.98785952746079531, 3.462880363371011683, -22.15000000000000213 ) ) ;
#5386 = DIRECTION ( 'NONE',  ( -1.000000000000000000, 0.000000000000000000, 0.000000000000000000 ) ) ;
#5387 = EDGE_CURVE ( 'NONE', #4142, #4224, #5769, .T. ) ;
#5388 = DIRECTION ( 'NONE',  ( -0.4058374489394844242, 0.9139452746408240902, 0.000000000000000000 ) ) ;
#5389 = CARTESIAN_POINT ( 'NONE',  ( 50.54939726642491138, 3.446506124561637296, -12.50000000000000178 ) ) ;
#5390 = PLANE ( 'NONE',  #6234 ) ;
#5391 = VECTOR ( 'NONE', #7842, 1000.000000000000000 ) ;
#5392 = EDGE_CURVE ( 'NONE', #6143, #2528, #3838, .T. ) ;
#5393 = LINE ( 'NONE', #1514, #1764 ) ;
#5394 = CARTESIAN_POINT ( 'NONE',  ( -1.317115961808391411, 24.55044070337397955, 14.49999999999999822 ) ) ;
#5395 = LINE ( 'NONE', #4092, #2746 ) ;
#5396 = CARTESIAN_POINT ( 'NONE',  ( -14.88171938129457672, -7.828126774681247291, -21.35000000000000497 ) ) ;
#5397 = AXIS2_PLACEMENT_3D ( 'NONE', #2438, #5012, #7604 ) ;
#5398 = CIRCLE ( 'NONE', #7305, 7.249999999999999112 ) ;
#5399 = DIRECTION ( 'NONE',  ( 0.000000000000000000, 0.000000000000000000, 1.000000000000000000 ) ) ;
#5400 = VERTEX_POINT ( 'NONE', #4592 ) ;
#5401 = EDGE_LOOP ( 'NONE', ( #2770, #213, #4408, #4435 ) ) ;
#5402 = CARTESIAN_POINT ( 'NONE',  ( 43.12938447285910115, 40.85430491229249839, -3.097864185165814632 ) ) ;
#5403 = CIRCLE ( 'NONE', #3231, 1.749999999999999778 ) ;
#5404 = CYLINDRICAL_SURFACE ( 'NONE', #5827, 52.00744483548765373 ) ;
#5405 = DIRECTION ( 'NONE',  ( -0.000000000000000000, -0.000000000000000000, -1.000000000000000000 ) ) ;
#5406 = AXIS2_PLACEMENT_3D ( 'NONE', #2434, #6828, #4923 ) ;
#5407 = ORIENTED_EDGE ( 'NONE', *, *, #6683, .T. ) ;
#5408 = ORIENTED_EDGE ( 'NONE', *, *, #4149, .F. ) ;
#5409 = VECTOR ( 'NONE', #5874, 1000.000000000000000 ) ;
#5410 = CIRCLE ( 'NONE', #5677, 37.50000000000000711 ) ;
#5411 = ORIENTED_EDGE ( 'NONE', *, *, #2435, .T. ) ;
#5412 = PRODUCT_RELATED_PRODUCT_CATEGORY ( 'part', '', ( #840 ) ) ;
#5413 = AXIS2_PLACEMENT_3D ( 'NONE', #7836, #2794, #2114 ) ;
#5414 = CARTESIAN_POINT ( 'NONE',  ( 41.04634935357682224, 17.82735325248765079, -14.70000000000000284 ) ) ;
#5415 = ORIENTED_EDGE ( 'NONE', *, *, #1673, .T. ) ;
#5416 = CARTESIAN_POINT ( 'NONE',  ( -3.092031875888281965E-16, 2.638003831554671663, 16.60000000000000142 ) ) ;
#5417 = CIRCLE ( 'NONE', #3663, 1.125000000000000888 ) ;
#5418 = ORIENTED_EDGE ( 'NONE', *, *, #4306, .F. ) ;
#5419 = DIRECTION ( 'NONE',  ( -0.9139452746408239792, -0.4058374489394846463, -1.387778780781445676E-16 ) ) ;
#5420 = CARTESIAN_POINT ( 'NONE',  ( -37.61237716010475651, 5.000921265356228496, 5.499999999999999112 ) ) ;
#5421 = CARTESIAN_POINT ( 'NONE',  ( -31.48614974588588566, -14.98574244845367609, -7.633802519289196731 ) ) ;
#5422 = CARTESIAN_POINT ( 'NONE',  ( -26.94210950264571025, -14.80537687302073913, 10.83952504186223820 ) ) ;
#5423 = ORIENTED_EDGE ( 'NONE', *, *, #4712, .F. ) ;
#5424 = VECTOR ( 'NONE', #2813, 1000.000000000000000 ) ;
#5425 = CARTESIAN_POINT ( 'NONE',  ( 53.97501691169149041, 23.82208046867591733, -19.90226640499234279 ) ) ;
#5426 = CARTESIAN_POINT ( 'NONE',  ( 50.42090587922739786, 24.43381056977455046, -22.15000000000000213 ) ) ;
#5427 = ADVANCED_FACE ( 'NONE', ( #1393 ), #2616, .F. ) ;
#5428 = ORIENTED_EDGE ( 'NONE', *, *, #5787, .F. ) ;
#5429 = VERTEX_POINT ( 'NONE', #507 ) ;
#5430 = CARTESIAN_POINT ( 'NONE',  ( -0.4395012882360722628, -4.451996168444437352, 18.09999999999999787 ) ) ;
#5431 = CARTESIAN_POINT ( 'NONE',  ( 33.52057740277559361, 22.74847772646365840, -4.985340818257750328 ) ) ;
#5432 = CARTESIAN_POINT ( 'NONE',  ( -47.40946970051090403, -18.90469988194033490, -12.25715201019640332 ) ) ;
#5433 = CARTESIAN_POINT ( 'NONE',  ( 23.76443779728948513, 9.533600542529930166, -14.70000000000000462 ) ) ;
#5434 = DIRECTION ( 'NONE',  ( -1.000000000000000000, 0.000000000000000000, -0.000000000000000000 ) ) ;
#5435 = CYLINDRICAL_SURFACE ( 'NONE', #821, 2.099999999999996980 ) ;
#5436 = CARTESIAN_POINT ( 'NONE',  ( -33.74818944616894356, -15.38516577172106459, -12.39237050999460088 ) ) ;
#5437 = AXIS2_PLACEMENT_3D ( 'NONE', #377, #1188, #546 ) ;
#5438 = LINE ( 'NONE', #6072, #4188 ) ;
#5439 = DIRECTION ( 'NONE',  ( -0.9139452746408244233, -0.4058374489394838136, 0.000000000000000000 ) ) ;
#5440 = DIRECTION ( 'NONE',  ( -0.000000000000000000, -0.000000000000000000, 1.000000000000000000 ) ) ;
#5441 = EDGE_LOOP ( 'NONE', ( #5119, #2994, #6635, #4257 ) ) ;
#5442 = CARTESIAN_POINT ( 'NONE',  ( -20.34909368290390219, -17.02947710032809425, -6.289805417401127308 ) ) ;
#5443 = ADVANCED_FACE ( 'NONE', ( #3076 ), #749, .F. ) ;
#5444 = ADVANCED_FACE ( 'NONE', ( #5910 ), #1830, .F. ) ;
#5445 = CARTESIAN_POINT ( 'NONE',  ( 43.17592356400307096, 18.77299079651493940, -14.70000000000000284 ) ) ;
#5446 = CARTESIAN_POINT ( 'NONE',  ( -53.19360951293946016, -5.878826436192337468, -2.407444835499559677 ) ) ;
#5447 = ORIENTED_EDGE ( 'NONE', *, *, #6259, .T. ) ;
#5448 = FACE_OUTER_BOUND ( 'NONE', #8252, .T. ) ;
#5449 = ORIENTED_EDGE ( 'NONE', *, *, #3681, .T. ) ;
#5450 = EDGE_CURVE ( 'NONE', #3754, #2155, #3145, .T. ) ;
#5451 = ORIENTED_EDGE ( 'NONE', *, *, #4740, .T. ) ;
#5452 = AXIS2_PLACEMENT_3D ( 'NONE', #2747, #7366, #799 ) ;
#5453 = FACE_OUTER_BOUND ( 'NONE', #7792, .T. ) ;
#5454 = AXIS2_PLACEMENT_3D ( 'NONE', #5, #1838, #2466 ) ;
#5455 = ORIENTED_EDGE ( 'NONE', *, *, #1524, .T. ) ;
#5456 = CARTESIAN_POINT ( 'NONE',  ( 35.11479302416964288, 25.06833232532208910, 10.75766841433642362 ) ) ;
#5457 = CARTESIAN_POINT ( 'NONE',  ( -18.66263764240652279, -10.48594799335796068, -13.95000713642557599 ) ) ;
#5458 = ORIENTED_EDGE ( 'NONE', *, *, #2391, .T. ) ;
#5459 = CARTESIAN_POINT ( 'NONE',  ( 47.61793699103119337, 8.792885066118548920, 3.297348375675339227 ) ) ;
#5460 = CIRCLE ( 'NONE', #6679, 4.000000000000011546 ) ;
#5461 = CARTESIAN_POINT ( 'NONE',  ( -40.53844022508609157, -17.30478481931118395, 0.9576660188134206164 ) ) ;
#5462 = CARTESIAN_POINT ( 'NONE',  ( -30.47372580383299834, -14.37827173549394466, 9.131345617622471877 ) ) ;
#5463 = ORIENTED_EDGE ( 'NONE', *, *, #1582, .F. ) ;
#5464 = CARTESIAN_POINT ( 'NONE',  ( 32.55905902481495673, 24.12481974667009865, -4.831486779496518835 ) ) ;
#5465 = LINE ( 'NONE', #7425, #4115 ) ;
#5466 = VERTEX_POINT ( 'NONE', #1152 ) ;
#5467 = ORIENTED_EDGE ( 'NONE', *, *, #7213, .T. ) ;
#5468 = DIRECTION ( 'NONE',  ( -0.000000000000000000, -0.000000000000000000, 1.000000000000000000 ) ) ;
#5469 = DIRECTION ( 'NONE',  ( -0.000000000000000000, -0.000000000000000000, -1.000000000000000000 ) ) ;
#5470 = DIRECTION ( 'NONE',  ( -0.4058374489394845908, 0.9139452746408239792, -0.000000000000000000 ) ) ;
#5471 = EDGE_CURVE ( 'NONE', #1864, #3823, #3721, .T. ) ;
#5472 = CARTESIAN_POINT ( 'NONE',  ( -25.97550218603879202, 23.54230659235769707, 16.60000000000000142 ) ) ;
#5473 = CARTESIAN_POINT ( 'NONE',  ( 55.37763264565580812, 24.19116037814371012, -9.798281837786742443 ) ) ;
#5474 = B_SPLINE_CURVE_WITH_KNOTS ( 'NONE', 3,
 ( #8260, #5035, #7625, #4396, #6981, #3236, #7780, #1644, #2780, #2144, #6152, #838, #8036, #2898, #2229, #7904, #330, #3489, #1561, #367 ),
 .UNSPECIFIED., .F., .F.,
 ( 4, 2, 2, 2, 2, 2, 2, 2, 2, 4 ),
 ( 0.000000000000000000, 0.0008797332542448297807, 0.001759466508489659561, 0.002639199762734489342, 0.003518933016979319123, 0.005278399525468970878, 0.007037866033958622633, 0.008797332542448273521, 0.01055679905093792614, 0.01407573206791723312 ),
 .UNSPECIFIED. ) ;
#5475 = CARTESIAN_POINT ( 'NONE',  ( -49.53178222830331379, -14.12525552274645513, -5.201366229501957150 ) ) ;
#5476 = CYLINDRICAL_SURFACE ( 'NONE', #4019, 1.574999999999999956 ) ;
#5477 = DIRECTION ( 'NONE',  ( -0.000000000000000000, -0.000000000000000000, 1.000000000000000000 ) ) ;
#5478 = CARTESIAN_POINT ( 'NONE',  ( 24.84885695098861547, 27.81312729974014886, -17.14999999999996660 ) ) ;
#5479 = CARTESIAN_POINT ( 'NONE',  ( 34.31560723590026640, 14.83856684885891930, -14.70000000000024265 ) ) ;
#5480 = ORIENTED_EDGE ( 'NONE', *, *, #1945, .F. ) ;
#5481 = CARTESIAN_POINT ( 'NONE',  ( -49.13473576032923518, -7.627281361719905561, -2.511903653822876059 ) ) ;
#5482 = CARTESIAN_POINT ( 'NONE',  ( 35.65602106037981400, 23.29318414186820263, -4.914409637494144611 ) ) ;
#5483 = CARTESIAN_POINT ( 'NONE',  ( 41.78267787308867298, 8.525734711486508743, -3.183803752492271322 ) ) ;
#5484 = AXIS2_PLACEMENT_3D ( 'NONE', #3048, #565, #5595 ) ;
#5485 = CARTESIAN_POINT ( 'NONE',  ( -53.79641120271760713, -4.521318011679265503, -2.511903653824851812 ) ) ;
#5486 = EDGE_CURVE ( 'NONE', #6222, #2370, #5474, .T. ) ;
#5487 = CARTESIAN_POINT ( 'NONE',  ( 38.62906182590372595, 15.56908719969076316, -4.275489282267632696 ) ) ;
#5488 = ORIENTED_EDGE ( 'NONE', *, *, #3978, .T. ) ;
#5489 = EDGE_CURVE ( 'NONE', #4485, #1684, #3564, .T. ) ;
#5490 = ORIENTED_EDGE ( 'NONE', *, *, #7141, .T. ) ;
#5491 = EDGE_CURVE ( 'NONE', #663, #5148, #4677, .T. ) ;
#5492 = CARTESIAN_POINT ( 'NONE',  ( 33.58695089220520202, 6.920826428349381665, -6.289805417401506560 ) ) ;
#5493 = VERTEX_POINT ( 'NONE', #4216 ) ;
#5494 = CARTESIAN_POINT ( 'NONE',  ( 30.68970539488657323, 12.35457366004164648, 16.18478425558729938 ) ) ;
#5495 = CARTESIAN_POINT ( 'NONE',  ( -24.85241138790830462, -11.43499504085834140, -14.70000000000014140 ) ) ;
#5496 = ORIENTED_EDGE ( 'NONE', *, *, #4505, .F. ) ;
#5497 = CARTESIAN_POINT ( 'NONE',  ( 38.27034193788045968, 15.65785720776213452, 0.9991556250142129558 ) ) ;
#5498 = VECTOR ( 'NONE', #4755, 1000.000000000000000 ) ;
#5499 = CARTESIAN_POINT ( 'NONE',  ( 44.59853487362877900, 37.54578060033247766, -2.407444835499608971 ) ) ;
#5500 = EDGE_CURVE ( 'NONE', #3804, #2823, #7944, .T. ) ;
#5501 = CARTESIAN_POINT ( 'NONE',  ( -2.569501288236065495, 15.63800383155555096, -89.50000000000001421 ) ) ;
#5502 = VERTEX_POINT ( 'NONE', #6031 ) ;
#5503 = DIRECTION ( 'NONE',  ( 0.8942112454728211590, -1.734723475976807094E-15, -0.4476452261221443574 ) ) ;
#5504 = DIRECTION ( 'NONE',  ( 1.000000000000000000, 0.000000000000000000, 0.000000000000000000 ) ) ;
#5505 = ORIENTED_EDGE ( 'NONE', *, *, #1133, .F. ) ;
#5506 = VERTEX_POINT ( 'NONE', #4050 ) ;
#5507 = CARTESIAN_POINT ( 'NONE',  ( -33.44205603334886234, -15.24922721309908624, -14.70000000000000284 ) ) ;
#5508 = B_SPLINE_CURVE_WITH_KNOTS ( 'NONE', 3,
 ( #7749, #7161, #6470, #1955 ),
 .UNSPECIFIED., .F., .F.,
 ( 4, 4 ),
 ( 0.000000000000000000, 0.001683924523165409703 ),
 .UNSPECIFIED. ) ;
#5509 = CARTESIAN_POINT ( 'NONE',  ( -14.42595542943953291, -15.15849751514841337, 15.09999999999999964 ) ) ;
#5510 = PLANE ( 'NONE',  #2106 ) ;
#5511 = FACE_OUTER_BOUND ( 'NONE', #6467, .T. ) ;
#5512 = DIRECTION ( 'NONE',  ( -0.4058374489394850348, 0.9139452746408237571, 4.178113950067250829E-15 ) ) ;
#5513 = FACE_OUTER_BOUND ( 'NONE', #3843, .T. ) ;
#5514 = DIRECTION ( 'NONE',  ( -0.000000000000000000, -0.000000000000000000, 1.000000000000000000 ) ) ;
#5515 = CARTESIAN_POINT ( 'NONE',  ( -48.46616940623622583, -9.132891703259025107, -2.886959476949468861 ) ) ;
#5516 = PLANE ( 'NONE',  #336 ) ;
#5517 = CARTESIAN_POINT ( 'NONE',  ( 36.81827526190922129, 15.94987672199894213, -14.70000000000069917 ) ) ;
#5518 = ORIENTED_EDGE ( 'NONE', *, *, #1609, .F. ) ;
#5519 = CARTESIAN_POINT ( 'NONE',  ( -28.11209192248417565, -12.88245635961904156, -6.073342700146800333 ) ) ;
#5520 = CARTESIAN_POINT ( 'NONE',  ( 45.26962330195490836, 19.77613902214517694, -14.70000000000000462 ) ) ;
#5521 = DIRECTION ( 'NONE',  ( -1.000000000000000000, 0.000000000000000000, 0.000000000000000000 ) ) ;
#5522 = DIRECTION ( 'NONE',  ( 0.000000000000000000, 0.000000000000000000, 1.000000000000000000 ) ) ;
#5523 = VECTOR ( 'NONE', #4185, 1000.000000000000000 ) ;
#5524 = AXIS2_PLACEMENT_3D ( 'NONE', #3696, #6359, #1804 ) ;
#5525 = DIRECTION ( 'NONE',  ( 0.000000000000000000, -0.000000000000000000, -1.000000000000000000 ) ) ;
#5526 = VERTEX_POINT ( 'NONE', #4764 ) ;
#5527 = CARTESIAN_POINT ( 'NONE',  ( -0.7399887099005016955, 21.37410736319722560, 12.49999999999999822 ) ) ;
#5528 = ORIENTED_EDGE ( 'NONE', *, *, #5687, .T. ) ;
#5529 = VECTOR ( 'NONE', #5563, 1000.000000000000000 ) ;
#5530 = AXIS2_PLACEMENT_3D ( 'NONE', #1455, #1585, #3390 ) ;
#5531 = EDGE_CURVE ( 'NONE', #2021, #1982, #1601, .T. ) ;
#5532 = VERTEX_POINT ( 'NONE', #4134 ) ;
#5533 = CIRCLE ( 'NONE', #7708, 1.749999999999999778 ) ;
#5534 =( BOUNDED_CURVE ( )  B_SPLINE_CURVE ( 3, ( #4096, #796, #4807, #5352 ),
 .UNSPECIFIED., .F., .T. ) 
 B_SPLINE_CURVE_WITH_KNOTS ( ( 4, 4 ),
 ( 6.213372137099812953, 6.404762694270749179 ),
 .UNSPECIFIED. ) 
 CURVE ( )  GEOMETRIC_REPRESENTATION_ITEM ( )  RATIONAL_B_SPLINE_CURVE ( ( 1.000000000000000000, 0.9969497999908414343, 0.9969497999908414343, 1.000000000000000000 ) ) 
 REPRESENTATION_ITEM ( '' )  );
#5535 = ADVANCED_FACE ( 'NONE', ( #4175 ), #5314, .F. ) ;
#5536 = ORIENTED_EDGE ( 'NONE', *, *, #2004, .F. ) ;
#5537 = ADVANCED_FACE ( 'NONE', ( #1004 ), #7318, .F. ) ;
#5538 = CARTESIAN_POINT ( 'NONE',  ( -38.42105757422809376, 4.641826683457851210, -12.50000000000000178 ) ) ;
#5539 = EDGE_CURVE ( 'NONE', #2844, #7905, #3449, .T. ) ;
#5540 = CARTESIAN_POINT ( 'NONE',  ( -17.85354671725885467, -16.19036900569183857, -10.31147908022347259 ) ) ;
#5541 = CARTESIAN_POINT ( 'NONE',  ( 33.58098476249934095, 28.95523558980950796, -10.00000000000000178 ) ) ;
#5542 = VECTOR ( 'NONE', #1173, 999.9999999999998863 ) ;
#5543 = DIRECTION ( 'NONE',  ( -0.000000000000000000, -0.000000000000000000, 1.000000000000000000 ) ) ;
#5544 = DIRECTION ( 'NONE',  ( -0.000000000000000000, -0.000000000000000000, 1.000000000000000000 ) ) ;
#5545 = ORIENTED_EDGE ( 'NONE', *, *, #5890, .F. ) ;
#5546 = CIRCLE ( 'NONE', #7721, 7.249999999999999112 ) ;
#5547 = VERTEX_POINT ( 'NONE', #201 ) ;
#5548 = CARTESIAN_POINT ( 'NONE',  ( 11.43049871176418186, 0.1380038315555598971, 20.10000000000000142 ) ) ;
#5549 = PLANE ( 'NONE',  #2361 ) ;
#5551 = ORIENTED_EDGE ( 'NONE', *, *, #2313, .T. ) ;
#5550 = ORIENTED_EDGE ( 'NONE', *, *, #789, .T. ) ;
#5552 = EDGE_LOOP ( 'NONE', ( #5078, #6781, #1552, #5225 ) ) ;
#5553 = DIRECTION ( 'NONE',  ( 1.000000000000000000, 0.000000000000000000, 0.000000000000000000 ) ) ;
#5554 = CARTESIAN_POINT ( 'NONE',  ( -32.74878683259597523, -6.620943224223841739, 12.10000000000029985 ) ) ;
#5555 = ADVANCED_FACE ( 'NONE', ( #4844 ), #3574, .F. ) ;
#5556 = CARTESIAN_POINT ( 'NONE',  ( -48.47869914995451524, -16.49679690162292545, -7.845790856426372528 ) ) ;
#5557 = CYLINDRICAL_SURFACE ( 'NONE', #3501, 1.574999999999999956 ) ;
#5558 = AXIS2_PLACEMENT_3D ( 'NONE', #4341, #3836, #3749 ) ;
#5559 = DIRECTION ( 'NONE',  ( -0.000000000000000000, -0.000000000000000000, 1.000000000000000000 ) ) ;
#5560 = EDGE_CURVE ( 'NONE', #2823, #3423, #6667, .T. ) ;
#5561 = DIRECTION ( 'NONE',  ( -0.6462569013319268141, -0.2869704122045579897, -0.7071067811865491270 ) ) ;
#5562 = CARTESIAN_POINT ( 'NONE',  ( 43.98619352304936569, 35.26729597808373029, -0.9244324841349759181 ) ) ;
#5563 = DIRECTION ( 'NONE',  ( 0.9139452746408239792, 0.4058374489394846463, 1.387778780781445676E-16 ) ) ;
#5564 = DIRECTION ( 'NONE',  ( -1.000000000000000000, 0.000000000000000000, 0.000000000000000000 ) ) ;
#5565 = CARTESIAN_POINT ( 'NONE',  ( 29.20827240363614408, 10.38902962989381251, -13.26042230034037139 ) ) ;
#5566 = EDGE_LOOP ( 'NONE', ( #7674, #5964, #3333, #81, #1799, #465, #6731 ) ) ;
#5567 = DIRECTION ( 'NONE',  ( -1.000000000000000000, 0.000000000000000000, 0.000000000000000000 ) ) ;
#5568 = CARTESIAN_POINT ( 'NONE',  ( 39.63498345181734805, 23.21850193460821998, -3.183803752492271322 ) ) ;
#5569 = DIRECTION ( 'NONE',  ( 0.000000000000000000, 0.000000000000000000, 1.000000000000000000 ) ) ;
#5570 = EDGE_CURVE ( 'NONE', #2726, #369, #880, .T. ) ;
#5571 = CARTESIAN_POINT ( 'NONE',  ( 35.39856900773626336, 23.19738947725257816, -4.923186939960173092 ) ) ;
#5572 = CARTESIAN_POINT ( 'NONE',  ( -30.06029244158838409, 4.585546151996900299, -14.70000000000000284 ) ) ;
#5573 = ORIENTED_EDGE ( 'NONE', *, *, #6462, .F. ) ;
#5574 = CARTESIAN_POINT ( 'NONE',  ( -2.569501288236065495, 15.63800383155555096, -21.35000000000000497 ) ) ;
#5575 = EDGE_LOOP ( 'NONE', ( #3121, #3241 ) ) ;
#5576 = AXIS2_PLACEMENT_3D ( 'NONE', #6291, #422, #4428 ) ;
#5577 = VERTEX_POINT ( 'NONE', #6752 ) ;
#5578 = CIRCLE ( 'NONE', #1940, 37.50000000000000711 ) ;
#5579 = VERTEX_POINT ( 'NONE', #292 ) ;
#5580 = FACE_OUTER_BOUND ( 'NONE', #7925, .T. ) ;
#5581 = CARTESIAN_POINT ( 'NONE',  ( -22.71966998144346306, -12.50792943797051038, -11.70302481599546063 ) ) ;
#5582 = CARTESIAN_POINT ( 'NONE',  ( -4.269501288236071446, -14.31379077244105247, 20.10000000000000853 ) ) ;
#5583 = CARTESIAN_POINT ( 'NONE',  ( -2.569501288236065495, 15.63800383155555096, -14.70000000000000284 ) ) ;
#5584 = LINE ( 'NONE', #2462, #7704 ) ;
#5585 = ORIENTED_EDGE ( 'NONE', *, *, #6486, .F. ) ;
#5586 = AXIS2_PLACEMENT_3D ( 'NONE', #5727, #3958, #3313 ) ;
#5587 = ORIENTED_EDGE ( 'NONE', *, *, #6746, .T. ) ;
#5588 = CARTESIAN_POINT ( 'NONE',  ( 50.66835270579959882, 23.87656071897471932, -14.00636133654080240 ) ) ;
#5589 = EDGE_CURVE ( 'NONE', #4899, #3818, #4643, .T. ) ;
#5590 = DIRECTION ( 'NONE',  ( 0.000000000000000000, 0.000000000000000000, -1.000000000000000000 ) ) ;
#5591 = ORIENTED_EDGE ( 'NONE', *, *, #3882, .T. ) ;
#5592 = AXIS2_PLACEMENT_3D ( 'NONE', #475, #3044, #5504 ) ;
#5593 = EDGE_CURVE ( 'NONE', #6179, #7072, #3293, .T. ) ;
#5594 = ORIENTED_EDGE ( 'NONE', *, *, #1573, .T. ) ;
#5595 = DIRECTION ( 'NONE',  ( 1.000000000000000000, 0.000000000000000000, -0.000000000000000000 ) ) ;
#5596 = CARTESIAN_POINT ( 'NONE',  ( 34.58689410985727619, 25.02528002653421524, -2.213058202862784096 ) ) ;
#5597 = DIRECTION ( 'NONE',  ( -0.000000000000000000, -0.000000000000000000, 1.000000000000000000 ) ) ;
#5598 = CARTESIAN_POINT ( 'NONE',  ( 44.29372579701143309, 38.23221014489529068, -2.420152625384575096 ) ) ;
#5599 = DIRECTION ( 'NONE',  ( 9.011401601355044683E-17, -2.029366174307209710E-16, 1.000000000000000000 ) ) ;
#5600 = DIRECTION ( 'NONE',  ( -0.9139452746408244233, -0.4058374489394838136, 0.000000000000000000 ) ) ;
#5601 = DIRECTION ( 'NONE',  ( -0.000000000000000000, -0.000000000000000000, 1.000000000000000000 ) ) ;
#5602 = DIRECTION ( 'NONE',  ( 1.000000000000000000, 0.000000000000000000, 0.000000000000000000 ) ) ;
#5603 = DIRECTION ( 'NONE',  ( 0.9139452746408239792, 0.4058374489394847573, -1.203706215242022271E-32 ) ) ;
#5604 = CARTESIAN_POINT ( 'NONE',  ( 26.17377829151817892, 11.22318726304163405, -14.69999999999985718 ) ) ;
#5605 = CARTESIAN_POINT ( 'NONE',  ( 30.46979371381029011, 22.01922385574663110, 6.000000000000063949 ) ) ;
#5606 = CARTESIAN_POINT ( 'NONE',  ( 53.69742025968263732, 24.44722767730317869, -21.69151668649845277 ) ) ;
#5607 = CARTESIAN_POINT ( 'NONE',  ( -35.62450437646651835, 22.30218152664974696, 22.50000000000000000 ) ) ;
#5608 = ADVANCED_FACE ( 'NONE', ( #7440 ), #6569, .F. ) ;
#5609 = B_SPLINE_CURVE_WITH_KNOTS ( 'NONE', 3,
 ( #335, #8081, #5061, #2484, #5650, #5606, #7730, #1932, #612, #4500 ),
 .UNSPECIFIED., .F., .F.,
 ( 4, 2, 2, 2, 4 ),
 ( 0.000000000000000000, 0.2500000000000000000, 0.5000000000000000000, 0.7500000000000000000, 1.000000000000000000 ),
 .UNSPECIFIED. ) ;
#5610 = CARTESIAN_POINT ( 'NONE',  ( -2.569501288236065495, 15.63800383155555096, 20.09999999999999432 ) ) ;
#5611 = CARTESIAN_POINT ( 'NONE',  ( 38.41371815775103471, 30.09601102590105270, 6.141930112106197548 ) ) ;
#5612 = ORIENTED_EDGE ( 'NONE', *, *, #2540, .T. ) ;
#5613 = LINE ( 'NONE', #706, #3959 ) ;
#5614 = ORIENTED_EDGE ( 'NONE', *, *, #430, .F. ) ;
#5615 = CARTESIAN_POINT ( 'NONE',  ( -36.67450437646652261, 22.30218152664974696, 12.49999999999999822 ) ) ;
#5616 = ADVANCED_FACE ( 'NONE', ( #4964 ), #2319, .F. ) ;
#5617 = ORIENTED_EDGE ( 'NONE', *, *, #6976, .F. ) ;
#5618 = EDGE_CURVE ( 'NONE', #1441, #1840, #1277, .T. ) ;
#5619 = ORIENTED_EDGE ( 'NONE', *, *, #7724, .F. ) ;
#5620 = CARTESIAN_POINT ( 'NONE',  ( -16.63292530771682465, -14.22544535611488214, -12.58379776379248582 ) ) ;
#5621 = CARTESIAN_POINT ( 'NONE',  ( -19.03304074552015734, -16.85073107493761668, -8.476961511281873030 ) ) ;
#5622 = FACE_OUTER_BOUND ( 'NONE', #6902, .T. ) ;
#5623 = FACE_OUTER_BOUND ( 'NONE', #3990, .T. ) ;
#5624 = EDGE_LOOP ( 'NONE', ( #399, #211, #6935, #2303 ) ) ;
#5625 = ORIENTED_EDGE ( 'NONE', *, *, #6004, .T. ) ;
#5626 = DIRECTION ( 'NONE',  ( 0.000000000000000000, 0.000000000000000000, -1.000000000000000000 ) ) ;
#5627 = ADVANCED_FACE ( 'NONE', ( #8159 ), #1765, .F. ) ;
#5628 = CARTESIAN_POINT ( 'NONE',  ( 33.63515778764828923, 33.14885443053402980, 6.940088632605423413 ) ) ;
#5630 = VERTEX_POINT ( 'NONE', #1219 ) ;
#5629 = ORIENTED_EDGE ( 'NONE', *, *, #6325, .T. ) ;
#5631 = VERTEX_POINT ( 'NONE', #3792 ) ;
#5632 = DIRECTION ( 'NONE',  ( -1.000000000000000000, 0.000000000000000000, 0.000000000000000000 ) ) ;
#5633 = CARTESIAN_POINT ( 'NONE',  ( -11.66950128823607002, -7.480043280015778784, 20.10000000000000853 ) ) ;
#5634 = CARTESIAN_POINT ( 'NONE',  ( -23.10050218603879912, 23.54230659235769707, 16.60000000000000142 ) ) ;
#5635 = CARTESIAN_POINT ( 'NONE',  ( 35.39856900773625625, 23.19738947725257461, -4.154549302121753662 ) ) ;
#5636 = VERTEX_POINT ( 'NONE', #452 ) ;
#5637 = EDGE_CURVE ( 'NONE', #4224, #1562, #3451, .T. ) ;
#5638 = CARTESIAN_POINT ( 'NONE',  ( 34.58689410985728330, 25.02528002653421879, -2.392760896843801291E-14 ) ) ;
#5639 = AXIS2_PLACEMENT_3D ( 'NONE', #8069, #2259, #3049 ) ;
#5640 = EDGE_CURVE ( 'NONE', #4795, #8174, #4888, .T. ) ;
#5641 = CARTESIAN_POINT ( 'NONE',  ( 45.87122029678157986, 42.07181725911096493, -3.097864185165814188 ) ) ;
#5642 = EDGE_CURVE ( 'NONE', #4325, #3804, #8283, .T. ) ;
#5643 = DIRECTION ( 'NONE',  ( -0.9139452746408245343, -0.4058374489394832030, 0.000000000000000000 ) ) ;
#5644 = DIRECTION ( 'NONE',  ( -0.9139452746408239792, -0.4058374489394847573, 6.092242561525105874E-16 ) ) ;
#5645 = FACE_OUTER_BOUND ( 'NONE', #1314, .T. ) ;
#5646 = EDGE_CURVE ( 'NONE', #1684, #4485, #8043, .T. ) ;
#5647 = CARTESIAN_POINT ( 'NONE',  ( 27.60186419518326773, 10.05780656527171857, -13.95000713640771295 ) ) ;
#5648 = EDGE_CURVE ( 'NONE', #2950, #751, #4379, .T. ) ;
#5649 = DIRECTION ( 'NONE',  ( -1.000000000000000000, 0.000000000000000000, 0.000000000000000000 ) ) ;
#5650 = CARTESIAN_POINT ( 'NONE',  ( 53.85269456436618185, 24.09755019581514546, -21.26370035900241007 ) ) ;
#5651 = CARTESIAN_POINT ( 'NONE',  ( 27.49582420042439423, 29.89225841376769566, 6.000000000000063949 ) ) ;
#5652 = DIRECTION ( 'NONE',  ( -1.000000000000000000, -1.172110456741086321E-16, 0.000000000000000000 ) ) ;
#5653 = CARTESIAN_POINT ( 'NONE',  ( -51.69186690613582158, -2.017773308701753532, -2.898258497932193034 ) ) ;
#5654 = ORIENTED_EDGE ( 'NONE', *, *, #6854, .F. ) ;
#5655 = PLANE ( 'NONE',  #5437 ) ;
#5656 = VECTOR ( 'NONE', #5204, 1000.000000000000000 ) ;
#5657 = VECTOR ( 'NONE', #7193, 1000.000000000000000 ) ;
#5658 = ORIENTED_EDGE ( 'NONE', *, *, #669, .F. ) ;
#5659 = ORIENTED_EDGE ( 'NONE', *, *, #7406, .F. ) ;
#5660 = DIRECTION ( 'NONE',  ( -0.1984292974655280095, -0.08811254033772636385, -0.9761465023973447952 ) ) ;
#5661 = VECTOR ( 'NONE', #1927, 1000.000000000000000 ) ;
#5662 = AXIS2_PLACEMENT_3D ( 'NONE', #7471, #4922, #4882 ) ;
#5663 = ORIENTED_EDGE ( 'NONE', *, *, #3249, .T. ) ;
#5664 = EDGE_LOOP ( 'NONE', ( #6862, #4059 ) ) ;
#5665 = EDGE_CURVE ( 'NONE', #504, #3460, #1823, .T. ) ;
#5666 = CARTESIAN_POINT ( 'NONE',  ( 18.13049871176392713, 28.15825383155556239, 13.10000000000000142 ) ) ;
#5667 = CIRCLE ( 'NONE', #1352, 32.16057989992779653 ) ;
#5668 = VECTOR ( 'NONE', #1649, 1000.000000000000000 ) ;
#5669 = AXIS2_PLACEMENT_3D ( 'NONE', #4517, #7105, #3890 ) ;
#5670 = CARTESIAN_POINT ( 'NONE',  ( -15.92063958810708435, -11.25132501886773717, -14.13459679480583908 ) ) ;
#5671 = CARTESIAN_POINT ( 'NONE',  ( 37.85348098634232628, 29.37513456951747060, 6.906601717798149132 ) ) ;
#5672 = DIRECTION ( 'NONE',  ( -0.000000000000000000, -0.000000000000000000, -1.000000000000000000 ) ) ;
#5673 = ORIENTED_EDGE ( 'NONE', *, *, #2285, .F. ) ;
#5674 = ORIENTED_EDGE ( 'NONE', *, *, #4117, .F. ) ;
#5675 = CARTESIAN_POINT ( 'NONE',  ( 49.46956820280220768, 21.61197107865672962, -20.04617269655868128 ) ) ;
#5676 = DIRECTION ( 'NONE',  ( 0.000000000000000000, 0.000000000000000000, -1.000000000000000000 ) ) ;
#5677 = AXIS2_PLACEMENT_3D ( 'NONE', #6735, #4911, #6183 ) ;
#5678 = EDGE_LOOP ( 'NONE', ( #6000, #2619, #4207, #7971, #3397 ) ) ;
#5679 = ORIENTED_EDGE ( 'NONE', *, *, #2621, .T. ) ;
#5680 = FACE_OUTER_BOUND ( 'NONE', #1657, .T. ) ;
#5681 = DIRECTION ( 'NONE',  ( 1.000000000000000000, 0.000000000000000000, 0.000000000000000000 ) ) ;
#5682 = CARTESIAN_POINT ( 'NONE',  ( 44.59853487362877900, 37.54578060033247766, -2.407444835499608971 ) ) ;
#5683 = FACE_OUTER_BOUND ( 'NONE', #5700, .T. ) ;
#5684 = AXIS2_PLACEMENT_3D ( 'NONE', #1097, #3664, #4811 ) ;
#5685 = ORIENTED_EDGE ( 'NONE', *, *, #217, .T. ) ;
#5686 = LINE ( 'NONE', #3607, #2415 ) ;
#5687 = EDGE_CURVE ( 'NONE', #6142, #5839, #3612, .T. ) ;
#5688 = CARTESIAN_POINT ( 'NONE',  ( -44.40443502708257739, 0.1405615631912832952, 4.987336529262302420 ) ) ;
#5689 = CARTESIAN_POINT ( 'NONE',  ( -1.960745114826851099, 14.26708591959435424, 11.47554723280563849 ) ) ;
#5690 = CARTESIAN_POINT ( 'NONE',  ( 47.79563429083849968, 21.72177539406740721, -14.70000000000004547 ) ) ;
#5691 = CARTESIAN_POINT ( 'NONE',  ( -40.53511244788960255, -18.36947654722464662, -20.31912870275238703 ) ) ;
#5692 = CARTESIAN_POINT ( 'NONE',  ( -37.61237716010475651, 5.000921265356228496, -10.00000000000000178 ) ) ;
#5693 = DIRECTION ( 'NONE',  ( 1.000000000000000000, 0.000000000000000000, 0.000000000000000000 ) ) ;
#5694 = PLANE ( 'NONE',  #4078 ) ;
#5695 = CARTESIAN_POINT ( 'NONE',  ( 35.49146021614480162, 39.20792321258811342, 4.445766048498617451 ) ) ;
#5696 = CARTESIAN_POINT ( 'NONE',  ( 33.84938958743240534, 7.140305800449141316, -5.249583721361996247 ) ) ;
#5697 = CARTESIAN_POINT ( 'NONE',  ( -33.49962342422105621, 6.827189785583904325, -10.37867965644034740 ) ) ;
#5698 = ADVANCED_FACE ( 'NONE', ( #5645 ), #5516, .T. ) ;
#5699 = ORIENTED_EDGE ( 'NONE', *, *, #5275, .F. ) ;
#5700 = EDGE_LOOP ( 'NONE', ( #6304, #1450, #710, #7949 ) ) ;
#5701 = DIRECTION ( 'NONE',  ( -0.4058374489394844242, 0.9139452746408240902, 0.000000000000000000 ) ) ;
#5702 = VERTEX_POINT ( 'NONE', #6322 ) ;
#5703 = EDGE_CURVE ( 'NONE', #7142, #2926, #2653, .T. ) ;
#5704 = VERTEX_POINT ( 'NONE', #6239 ) ;
#5705 = B_SPLINE_CURVE_WITH_KNOTS ( 'NONE', 3,
 ( #4093, #6582, #5950, #6624 ),
 .UNSPECIFIED., .F., .F.,
 ( 4, 4 ),
 ( 0.000000000000000000, 1.000000000000000000 ),
 .UNSPECIFIED. ) ;
#5706 = CIRCLE ( 'NONE', #5036, 1.125000000000000888 ) ;
#5707 = CARTESIAN_POINT ( 'NONE',  ( -11.66950128823607002, 0.000000000000000000, 16.60000000000000142 ) ) ;
#5708 = CARTESIAN_POINT ( 'NONE',  ( -19.36983980808586381, -16.89583081970099698, -8.021428571428581122 ) ) ;
#5709 = CARTESIAN_POINT ( 'NONE',  ( -2.569501288236065495, 15.63800383155555096, 14.49999999999999822 ) ) ;
#5710 = VERTEX_POINT ( 'NONE', #3021 ) ;
#5711 = CARTESIAN_POINT ( 'NONE',  ( 18.13049871176392713, 28.15825383155556239, 20.10000000000000142 ) ) ;
#5712 = DIRECTION ( 'NONE',  ( 0.9139452746408243122, 0.4058374489394841467, 0.000000000000000000 ) ) ;
#5714 = ORIENTED_EDGE ( 'NONE', *, *, #6521, .F. ) ;
#5713 = ORIENTED_EDGE ( 'NONE', *, *, #7259, .F. ) ;
#5715 = ORIENTED_EDGE ( 'NONE', *, *, #7178, .T. ) ;
#5716 = CARTESIAN_POINT ( 'NONE',  ( 48.81377359646654668, 28.05306985545728438, -6.409287478501185298 ) ) ;
#5717 = CARTESIAN_POINT ( 'NONE',  ( 9.286952852967614191, 46.43450517825943535, 15.09999999999999964 ) ) ;
#5718 = CARTESIAN_POINT ( 'NONE',  ( -42.53789553789067668, -19.20185899061612389, -19.99739207309211508 ) ) ;
#5719 = CARTESIAN_POINT ( 'NONE',  ( 22.74866817864849367, 31.80424673276704794, -12.50000000000000178 ) ) ;
#5720 = AXIS2_PLACEMENT_3D ( 'NONE', #496, #6246, #8204 ) ;
#5721 = VERTEX_POINT ( 'NONE', #7089 ) ;
#5722 = EDGE_CURVE ( 'NONE', #1007, #930, #6674, .T. ) ;
#5723 = DIRECTION ( 'NONE',  ( -1.000000000000000000, 8.673617379884034239E-17, 0.000000000000000000 ) ) ;
#5724 = CIRCLE ( 'NONE', #5586, 2.099999999999997424 ) ;
#5725 = DIRECTION ( 'NONE',  ( 0.000000000000000000, 0.000000000000000000, -1.000000000000000000 ) ) ;
#5726 = CARTESIAN_POINT ( 'NONE',  ( 51.21975666287636386, 22.63479990487179450, -20.60889545096662800 ) ) ;
#5727 = CARTESIAN_POINT ( 'NONE',  ( -34.77151501752836538, -1.396695657129539914, -10.00000000000000178 ) ) ;
#5728 = CARTESIAN_POINT ( 'NONE',  ( 8.209801472566045533, 36.16900472935827793, 16.60000000000000142 ) ) ;
#5729 = CARTESIAN_POINT ( 'NONE',  ( 27.88060372610913262, 34.08308299188747270, -5.175980714260913551 ) ) ;
#5730 = CARTESIAN_POINT ( 'NONE',  ( 0.000000000000000000, 0.000000000000000000, -14.70000000000000284 ) ) ;
#5731 = LINE ( 'NONE', #457, #6891 ) ;
#5732 = DIRECTION ( 'NONE',  ( 0.4058374489394845908, -0.9139452746408239792, 0.000000000000000000 ) ) ;
#5733 = CARTESIAN_POINT ( 'NONE',  ( -45.06957858808838324, -8.157866177893131621, -22.15000000000000213 ) ) ;
#5734 = DIRECTION ( 'NONE',  ( 1.000000000000000000, 0.000000000000000000, 0.000000000000000000 ) ) ;
#5735 = VERTEX_POINT ( 'NONE', #651 ) ;
#5736 = ORIENTED_EDGE ( 'NONE', *, *, #3083, .T. ) ;
#5737 = CARTESIAN_POINT ( 'NONE',  ( -46.84021787490233635, -20.18665406693521192, -21.67887339977874106 ) ) ;
#5738 = ADVANCED_FACE ( 'NONE', ( #5765 ), #2607, .F. ) ;
#5739 = EDGE_LOOP ( 'NONE', ( #1073, #6354, #2007, #7786, #3829, #7245 ) ) ;
#5740 = EDGE_CURVE ( 'NONE', #2331, #2744, #4241, .T. ) ;
#5741 = EDGE_LOOP ( 'NONE', ( #3331, #4275, #387, #52, #3312, #6853, #6181, #1904, #3584, #2913, #1024, #7487, #3132, #4145, #4515 ) ) ;
#5742 = EDGE_CURVE ( 'NONE', #1206, #5631, #2560, .T. ) ;
#5743 = ADVANCED_FACE ( 'NONE', ( #698 ), #7048, .T. ) ;
#5744 = DIRECTION ( 'NONE',  ( 0.000000000000000000, 0.000000000000000000, -1.000000000000000000 ) ) ;
#5745 = AXIS2_PLACEMENT_3D ( 'NONE', #2680, #2639, #4570 ) ;
#5746 = CARTESIAN_POINT ( 'NONE',  ( 28.22700005846794369, 3.781549690352192350, 15.09999999999999964 ) ) ;
#5747 = PLANE ( 'NONE',  #4313 ) ;
#5748 = FACE_OUTER_BOUND ( 'NONE', #6876, .T. ) ;
#5749 = ORIENTED_EDGE ( 'NONE', *, *, #2282, .F. ) ;
#5750 = CARTESIAN_POINT ( 'NONE',  ( 50.23972620209210049, 21.81490742931385185, -22.15000000000500080 ) ) ;
#5751 = CARTESIAN_POINT ( 'NONE',  ( 25.01227495906646681, 8.483383541110521620, -14.52982668711636016 ) ) ;
#5753 = ORIENTED_EDGE ( 'NONE', *, *, #3515, .T. ) ;
#5752 = ORIENTED_EDGE ( 'NONE', *, *, #3531, .T. ) ;
#5754 = EDGE_CURVE ( 'NONE', #7330, #7710, #5724, .T. ) ;
#5755 = ORIENTED_EDGE ( 'NONE', *, *, #4247, .F. ) ;
#5756 = DIRECTION ( 'NONE',  ( -0.000000000000000000, -0.000000000000000000, 1.000000000000000000 ) ) ;
#5757 = CYLINDRICAL_SURFACE ( 'NONE', #2814, 2.099999999999997868 ) ;
#5758 = DIRECTION ( 'NONE',  ( -0.000000000000000000, -0.000000000000000000, 1.000000000000000000 ) ) ;
#5759 = LINE ( 'NONE', #15, #6341 ) ;
#5760 = VERTEX_POINT ( 'NONE', #66 ) ;
#5761 =( NAMED_UNIT ( * ) SI_UNIT ( $, .STERADIAN. ) SOLID_ANGLE_UNIT ( ) );
#5762 = B_SPLINE_CURVE_WITH_KNOTS ( 'NONE', 3,
 ( #2896, #6581, #199, #7902, #2778, #1559, #327, #3360 ),
 .UNSPECIFIED., .F., .F.,
 ( 4, 2, 2, 4 ),
 ( 0.0001854017959104167790, 0.006994461914935219161, 0.01039899197444762134, 0.01380352203396002266 ),
 .UNSPECIFIED. ) ;
#5763 = DIRECTION ( 'NONE',  ( 0.000000000000000000, 0.000000000000000000, 1.000000000000000000 ) ) ;
#5764 = DIRECTION ( 'NONE',  ( -1.000000000000000000, 0.000000000000000000, 0.000000000000000000 ) ) ;
#5765 = FACE_OUTER_BOUND ( 'NONE', #2368, .T. ) ;
#5766 = CARTESIAN_POINT ( 'NONE',  ( 43.53393387522157809, 40.26696063880115872, -2.969009626124636370 ) ) ;
#5767 = CARTESIAN_POINT ( 'NONE',  ( 50.07811267270520972, 21.92428449529225887, -19.99739207309211153 ) ) ;
#5768 = FACE_OUTER_BOUND ( 'NONE', #7017, .T. ) ;
#5769 = B_SPLINE_CURVE_WITH_KNOTS ( 'NONE', 3,
 ( #3284, #3764, #1433, #5866 ),
 .UNSPECIFIED., .F., .F.,
 ( 4, 4 ),
 ( -0.0008716010103029421530, 0.0008716010103030518742 ),
 .UNSPECIFIED. ) ;
#5770 = AXIS2_PLACEMENT_3D ( 'NONE', #3794, #2563, #7808 ) ;
#5771 = CARTESIAN_POINT ( 'NONE',  ( -54.19651927976875783, -10.50223631775561017, -8.435676651832009654 ) ) ;
#5772 = DIRECTION ( 'NONE',  ( -0.4058374489394843687, 0.9139452746408240902, 0.000000000000000000 ) ) ;
#5773 = DIRECTION ( 'NONE',  ( 0.9139452746408240902, 0.4058374489394843132, 0.000000000000000000 ) ) ;
#5774 = CARTESIAN_POINT ( 'NONE',  ( 23.09476887493236674, 9.035334902107145183, -21.35000000000000497 ) ) ;
#5775 = AXIS2_PLACEMENT_3D ( 'NONE', #6690, #857, #904 ) ;
#5776 = EDGE_LOOP ( 'NONE', ( #2231, #5034 ) ) ;
#5777 = ORIENTED_EDGE ( 'NONE', *, *, #7047, .F. ) ;
#5778 = CARTESIAN_POINT ( 'NONE',  ( 2.630498711763926689, 6.533253831555559721, 10.09999999999999964 ) ) ;
#5779 = ORIENTED_EDGE ( 'NONE', *, *, #2643, .F. ) ;
#5780 = AXIS2_PLACEMENT_3D ( 'NONE', #4424, #3748, #4461 ) ;
#5781 = ORIENTED_EDGE ( 'NONE', *, *, #3150, .T. ) ;
#5782 = EDGE_CURVE ( 'NONE', #2703, #2667, #7289, .T. ) ;
#5783 = LINE ( 'NONE', #1240, #3783 ) ;
#5784 = AXIS2_PLACEMENT_3D ( 'NONE', #4285, #8277, #1169 ) ;
#5785 = FACE_BOUND ( 'NONE', #6432, .T. ) ;
#5786 = CARTESIAN_POINT ( 'NONE',  ( -38.42450437646652261, 22.30218152664974696, 15.59999999999999964 ) ) ;
#5787 = EDGE_CURVE ( 'NONE', #7505, #3047, #3152, .T. ) ;
#5788 = ORIENTED_EDGE ( 'NONE', *, *, #2757, .F. ) ;
#5789 = AXIS2_PLACEMENT_3D ( 'NONE', #103, #2558, #5764 ) ;
#5790 = AXIS2_PLACEMENT_3D ( 'NONE', #2311, #1677, #4246 ) ;
#5791 = CARTESIAN_POINT ( 'NONE',  ( 30.74012261992294981, 35.35285251229527859, 5.499999999999999112 ) ) ;
#5792 = DIRECTION ( 'NONE',  ( -1.000000000000000000, 0.000000000000000000, 0.000000000000000000 ) ) ;
#5794 = EDGE_LOOP ( 'NONE', ( #7230, #4201, #4650, #3775 ) ) ;
#5793 = ORIENTED_EDGE ( 'NONE', *, *, #5754, .T. ) ;
#5795 = ADVANCED_FACE ( 'NONE', ( #2008 ), #2520, .F. ) ;
#5796 = ORIENTED_EDGE ( 'NONE', *, *, #4765, .T. ) ;
#5797 = DIRECTION ( 'NONE',  ( -1.000000000000000000, 0.000000000000000000, 0.000000000000000000 ) ) ;
#5798 = CIRCLE ( 'NONE', #670, 2.875000000000002665 ) ;
#5799 = CARTESIAN_POINT ( 'NONE',  ( -15.62235263888314307, 47.39760212532419814, 15.59999999999999964 ) ) ;
#5800 = CARTESIAN_POINT ( 'NONE',  ( 45.87122029678157986, 42.07181725911096493, -22.15000000000000213 ) ) ;
#5801 = CARTESIAN_POINT ( 'NONE',  ( 40.06401971859787636, 32.04665168214327764, 3.919630135262683446 ) ) ;
#5802 = AXIS2_PLACEMENT_3D ( 'NONE', #7365, #1607, #6675 ) ;
#5803 = ORIENTED_EDGE ( 'NONE', *, *, #3433, .T. ) ;
#5804 = PRESENTATION_STYLE_ASSIGNMENT (( #3216 ) ) ;
#5805 = CYLINDRICAL_SURFACE ( 'NONE', #2134, 2.875000000000002665 ) ;
#5806 = VECTOR ( 'NONE', #5660, 1000.000000000000114 ) ;
#5807 = AXIS2_PLACEMENT_3D ( 'NONE', #1548, #3994, #2644 ) ;
#5808 = CARTESIAN_POINT ( 'NONE',  ( -49.12519609952101973, -3.991288314974708484, -0.9244324841353570577 ) ) ;
#5809 = CARTESIAN_POINT ( 'NONE',  ( 38.05529088486344591, 24.18971839605884000, 0.6761545789583416344 ) ) ;
#5810 = ORIENTED_EDGE ( 'NONE', *, *, #3004, .F. ) ;
#5811 = DIRECTION ( 'NONE',  ( 1.000000000000000000, 0.000000000000000000, 0.000000000000000000 ) ) ;
#5812 = CARTESIAN_POINT ( 'NONE',  ( 33.69202844166709099, 37.11185695068854784, 7.441469975031275830 ) ) ;
#5813 = CARTESIAN_POINT ( 'NONE',  ( 9.630498711763927133, 11.53325383155555883, 12.49999999999999822 ) ) ;
#5814 = CARTESIAN_POINT ( 'NONE',  ( -0.4365318825140183101, 9.473125808711095885, -10.95433043669959972 ) ) ;
#5815 = CIRCLE ( 'NONE', #5138, 9.000000000000000000 ) ;
#5816 = CARTESIAN_POINT ( 'NONE',  ( 34.22792119366002339, 8.406597507012719461, 7.075982650452751876 ) ) ;
#5817 = CARTESIAN_POINT ( 'NONE',  ( -44.62940268341836969, -17.77328411993173773, -22.15000000000000213 ) ) ;
#5818 = AXIS2_PLACEMENT_3D ( 'NONE', #7067, #3892, #6422 ) ;
#5819 = DIRECTION ( 'NONE',  ( 0.000000000000000000, 0.000000000000000000, 1.000000000000000000 ) ) ;
#5820 = DIRECTION ( 'NONE',  ( -1.000000000000000000, 0.000000000000000000, 0.000000000000000000 ) ) ;
#5821 = CARTESIAN_POINT ( 'NONE',  ( 48.11759848584075883, 20.99671255081511845, -20.32003280568651959 ) ) ;
#5822 = DIRECTION ( 'NONE',  ( -1.000000000000000000, 0.000000000000000000, 0.000000000000000000 ) ) ;
#5823 = VECTOR ( 'NONE', #1033, 1000.000000000000000 ) ;
#5824 = VERTEX_POINT ( 'NONE', #1337 ) ;
#5825 = ORIENTED_EDGE ( 'NONE', *, *, #7043, .T. ) ;
#5826 = CARTESIAN_POINT ( 'NONE',  ( -42.45257713451088932, -17.74741027342985689, -22.04034235132312247 ) ) ;
#5827 = AXIS2_PLACEMENT_3D ( 'NONE', #7998, #4771, #4139 ) ;
#5828 = B_SPLINE_CURVE_WITH_KNOTS ( 'NONE', 3,
 ( #4000, #3353, #4580, #2092 ),
 .UNSPECIFIED., .F., .F.,
 ( 4, 4 ),
 ( 0.000000000000000000, 1.000000000000000000 ),
 .UNSPECIFIED. ) ;
#5829 = ORIENTED_EDGE ( 'NONE', *, *, #4251, .F. ) ;
#5830 = VERTEX_POINT ( 'NONE', #5092 ) ;
#5831 = DIRECTION ( 'NONE',  ( -0.000000000000000000, -0.000000000000000000, 1.000000000000000000 ) ) ;
#5832 = FACE_OUTER_BOUND ( 'NONE', #2533, .T. ) ;
#5833 = DIRECTION ( 'NONE',  ( -1.000000000000000000, 0.000000000000000000, 0.000000000000000000 ) ) ;
#5834 = DIRECTION ( 'NONE',  ( 1.000000000000000000, 0.000000000000000000, 0.000000000000000000 ) ) ;
#5835 = ORIENTED_EDGE ( 'NONE', *, *, #5387, .F. ) ;
#5836 = VECTOR ( 'NONE', #6929, 1000.000000000000227 ) ;
#5837 = CARTESIAN_POINT ( 'NONE',  ( 7.560498711763927737, -1.451996168444436464, 18.09999999999999787 ) ) ;
#5838 = CARTESIAN_POINT ( 'NONE',  ( 26.33076521044017682, 7.510541801935625372, -14.13464131343351227 ) ) ;
#5840 = ORIENTED_EDGE ( 'NONE', *, *, #6069, .T. ) ;
#5839 = VERTEX_POINT ( 'NONE', #4579 ) ;
#5841 = B_SPLINE_CURVE_WITH_KNOTS ( 'NONE', 3,
 ( #6968, #1185, #2907, #3752 ),
 .UNSPECIFIED., .F., .F.,
 ( 4, 4 ),
 ( 0.01355388498470739070, 0.01385245467680430546 ),
 .UNSPECIFIED. ) ;
#5842 = EDGE_LOOP ( 'NONE', ( #7294, #7451, #2077, #4035 ) ) ;
#5843 = DIRECTION ( 'NONE',  ( 1.000000000000000000, 0.000000000000000000, 0.000000000000000000 ) ) ;
#5844 = CYLINDRICAL_SURFACE ( 'NONE', #1868, 7.250000000000000000 ) ;
#5845 = CARTESIAN_POINT ( 'NONE',  ( -2.569501288236059722, 15.63800383155555096, -10.37867965644034740 ) ) ;
#5846 = CARTESIAN_POINT ( 'NONE',  ( -27.46184065451551604, -15.02236774165133859, 0.1889697190613348343 ) ) ;
#5847 = ORIENTED_EDGE ( 'NONE', *, *, #6268, .F. ) ;
#5848 = DIRECTION ( 'NONE',  ( 0.9139452746408240902, 0.4058374489394846463, 0.000000000000000000 ) ) ;
#5849 = CARTESIAN_POINT ( 'NONE',  ( 53.98322584971072047, 23.80359395361404040, -20.18575762563243003 ) ) ;
#5850 = EDGE_CURVE ( 'NONE', #2744, #7766, #25, .T. ) ;
#5851 = AXIS2_PLACEMENT_3D ( 'NONE', #8058, #1621, #1583 ) ;
#5852 = DIRECTION ( 'NONE',  ( 0.000000000000000000, 0.000000000000000000, -1.000000000000000000 ) ) ;
#5853 = EDGE_CURVE ( 'NONE', #3754, #3210, #6516, .T. ) ;
#5854 = CARTESIAN_POINT ( 'NONE',  ( 26.90155246643150733, 33.64833522674945243, 5.499999999999999112 ) ) ;
#5855 = VERTEX_POINT ( 'NONE', #4623 ) ;
#5856 = DIRECTION ( 'NONE',  ( -0.9139452746408245343, -0.4058374489394832030, 0.000000000000000000 ) ) ;
#5857 = CARTESIAN_POINT ( 'NONE',  ( -24.65257114941113059, 0.9083070863076195822, -22.15000000000000213 ) ) ;
#5858 = CARTESIAN_POINT ( 'NONE',  ( 21.93049871176480892, 11.53325383155555883, 20.10000000000000142 ) ) ;
#5859 = DIRECTION ( 'NONE',  ( -0.000000000000000000, -0.000000000000000000, -1.000000000000000000 ) ) ;
#5860 = CARTESIAN_POINT ( 'NONE',  ( 47.80923376292313520, 21.69114940506160139, -21.71474644440054647 ) ) ;
#5861 = DIRECTION ( 'NONE',  ( -0.9139452746408245343, -0.4058374489394833140, 0.000000000000000000 ) ) ;
#5862 = CIRCLE ( 'NONE', #7364, 30.03925955636816525 ) ;
#5863 = CARTESIAN_POINT ( 'NONE',  ( -35.57163024377512528, -16.19486475712639262, -14.70000000000000284 ) ) ;
#5864 = DIRECTION ( 'NONE',  ( -0.000000000000000000, -0.000000000000000000, 1.000000000000000000 ) ) ;
#5865 = CARTESIAN_POINT ( 'NONE',  ( 47.72292184263491066, 21.88552370910590383, -21.87984858902176910 ) ) ;
#5866 = CARTESIAN_POINT ( 'NONE',  ( -50.45177368901698856, -4.661314089373884251, -2.407444835499560121 ) ) ;
#5867 = ORIENTED_EDGE ( 'NONE', *, *, #2899, .F. ) ;
#5868 = AXIS2_PLACEMENT_3D ( 'NONE', #6269, #8146, #4278 ) ;
#5869 = ORIENTED_EDGE ( 'NONE', *, *, #1001, .F. ) ;
#5870 = CARTESIAN_POINT ( 'NONE',  ( -41.13483296417693680, -17.01890692039927444, -22.08157474135969522 ) ) ;
#5871 = ADVANCED_FACE ( 'NONE', ( #6403 ), #609, .F. ) ;
#5872 = ORIENTED_EDGE ( 'NONE', *, *, #6002, .T. ) ;
#5873 = VERTEX_POINT ( 'NONE', #7179 ) ;
#5874 = DIRECTION ( 'NONE',  ( 0.000000000000000000, 0.000000000000000000, 1.000000000000000000 ) ) ;
#5875 = DIRECTION ( 'NONE',  ( 1.000000000000000000, 0.000000000000000000, 0.000000000000000000 ) ) ;
#5876 = EDGE_CURVE ( 'NONE', #8054, #2155, #833, .T. ) ;
#5877 = DIRECTION ( 'NONE',  ( -0.4058374489394845352, 0.9139452746408239792, -0.000000000000000000 ) ) ;
#5878 = ORIENTED_EDGE ( 'NONE', *, *, #6259, .F. ) ;
#5879 = CARTESIAN_POINT ( 'NONE',  ( -24.65257114941113059, 0.9083070863076213586, -3.007338698771059244E-16 ) ) ;
#5880 = CARTESIAN_POINT ( 'NONE',  ( 53.41573456858858293, 25.08158339529208192, -14.05573867337686700 ) ) ;
#5881 = ORIENTED_EDGE ( 'NONE', *, *, #1050, .F. ) ;
#5882 = ORIENTED_EDGE ( 'NONE', *, *, #7510, .F. ) ;
#5883 = DIRECTION ( 'NONE',  ( 1.000000000000000000, 0.000000000000000000, 0.000000000000000000 ) ) ;
#5884 = CARTESIAN_POINT ( 'NONE',  ( 28.22700005846794369, 3.781549690352192350, 15.09999999999999964 ) ) ;
#5885 = CARTESIAN_POINT ( 'NONE',  ( -33.07471399620325769, -14.45925877761936107, 7.495538374983413021 ) ) ;
#5886 = VECTOR ( 'NONE', #8225, 1000.000000000000000 ) ;
#5887 = VERTEX_POINT ( 'NONE', #2329 ) ;
#5888 = VECTOR ( 'NONE', #1330, 1000.000000000000000 ) ;
#5889 = CARTESIAN_POINT ( 'NONE',  ( 53.97302360025052792, 23.82656940279751367, -20.46726709676940459 ) ) ;
#5890 = EDGE_CURVE ( 'NONE', #3548, #1170, #1144, .T. ) ;
#5891 = B_SPLINE_SURFACE_WITH_KNOTS ( 'NONE', 3, 1, ( 
 ( #4368, #4955 ),
 ( #1252, #3824 ),
 ( #6356, #6394 ),
 ( #3173, #6273 ),
 ( #1753, #8150 ),
 ( #7596, #3133 ),
 ( #6954, #601 ),
 ( #520, #2470 ),
 ( #3649, #5716 ),
 ( #3092, #5047 ),
 ( #480, #1166 ),
 ( #3736, #4282 ),
 ( #6864, #5084 ),
 ( #8187, #4917 ),
 ( #2387, #7677 ),
 ( #1879, #7639 ),
 ( #6230, #4448 ),
 ( #443, #6433 ),
 ( #4568, #3859 ),
 ( #2638, #7883 ),
 ( #5199, #3342 ),
 ( #5123, #687 ) ),
 .UNSPECIFIED., .F., .F., .F.,
 ( 4, 2, 2, 2, 2, 2, 2, 2, 2, 2, 4 ),
 ( 2, 2 ),
 ( 0.000000000000000000, 0.1249999999999991118, 0.1874999999999990563, 0.2499999999999990008, 0.3749999999999985567, 0.4374999999999985567, 0.4999999999999985567, 0.6249999999999988898, 0.6874999999999991118, 0.7499999999999993339, 1.000000000000000000 ),
 ( 0.000000000000000000, 1.000000000000000000 ),
 .UNSPECIFIED. ) ;
#5892 = B_SPLINE_CURVE_WITH_KNOTS ( 'NONE', 3,
 ( #5682, #3695, #1082, #1844 ),
 .UNSPECIFIED., .F., .F.,
 ( 4, 4 ),
 ( -0.0008716010103030618489, 0.0008716010103031299368 ),
 .UNSPECIFIED. ) ;
#5893 = DIRECTION ( 'NONE',  ( 0.000000000000000000, 0.000000000000000000, -1.000000000000000000 ) ) ;
#5894 = CARTESIAN_POINT ( 'NONE',  ( 28.36476386061549704, 30.35318554795655643, 5.499999999999999112 ) ) ;
#5895 = ORIENTED_EDGE ( 'NONE', *, *, #3760, .F. ) ;
#5896 = CARTESIAN_POINT ( 'NONE',  ( -27.94872543072891702, 9.292066341663783646, -12.50000000000000178 ) ) ;
#5897 = DIRECTION ( 'NONE',  ( -0.000000000000000000, -0.000000000000000000, 1.000000000000000000 ) ) ;
#5898 = FACE_OUTER_BOUND ( 'NONE', #2110, .T. ) ;
#5899 = DIRECTION ( 'NONE',  ( 0.8718344350502134077, 0.3871381283276792429, 0.3000479752566519998 ) ) ;
#5900 = CARTESIAN_POINT ( 'NONE',  ( 34.40435742923533269, 9.369606667667360611, 7.869024841889163291 ) ) ;
#5901 = ADVANCED_FACE ( 'NONE', ( #7616 ), #5064, .F. ) ;
#5902 = EDGE_CURVE ( 'NONE', #864, #1864, #4898, .T. ) ;
#5903 = DIRECTION ( 'NONE',  ( 1.000000000000000000, -0.000000000000000000, -0.000000000000000000 ) ) ;
#5904 = B_SPLINE_CURVE_WITH_KNOTS ( 'NONE', 3,
 ( #5347, #7941, #4674, #4714, #154, #4761, #4091, #6664, #7355, #1558, #5218, #7814, #4588, #7187, #5263, #1390, #746, #3321, #5906, #2697, #3359, #3609, #1761, #4333, #1129, #7473, #4961, #6917, #4803, #3700, #1000, #4289, #6789, #6829, #4213, #4172, #6236, #6149, #1039, #5475, #6195, #3656, #8155, #408, #963, #449, #4841, #1088, #3571, #6279, #2895, #364 ),
 .UNSPECIFIED., .F., .F.,
 ( 4, 1, 1, 1, 1, 1, 2, 2, 1, 1, 1, 2, 2, 1, 1, 1, 1, 2, 2, 1, 1, 1, 1, 2, 2, 1, 1, 1, 1, 2, 2, 1, 1, 1, 1, 2, 2, 4 ),
 ( 0.000000000000000000, 0.1250000000000020262, 0.1875000000000032196, 0.2187500000000040523, 0.2343750000000045242, 0.2421875000000046352, 0.2460937500000046629, 0.2500000000000046629, 0.3125000000000053846, 0.3437500000000056066, 0.3593750000000056621, 0.3671875000000056066, 0.3750000000000055511, 0.4375000000000062172, 0.4687500000000067168, 0.4843750000000067168, 0.4921875000000067724, 0.4960937500000066613, 0.5000000000000065503, 0.5625000000000064393, 0.5937500000000064393, 0.6093750000000065503, 0.6171875000000066613, 0.6210937500000067724, 0.6250000000000067724, 0.6875000000000056621, 0.7187500000000051070, 0.7343750000000046629, 0.7421875000000045519, 0.7460937500000046629, 0.7500000000000046629, 0.8125000000000036637, 0.8437500000000028866, 0.8593750000000026645, 0.8671875000000025535, 0.8710937500000023315, 0.8750000000000022204, 1.000000000000000000 ),
 .UNSPECIFIED. ) ;
#5905 = EDGE_CURVE ( 'NONE', #3601, #5466, #461, .T. ) ;
#5906 = CARTESIAN_POINT ( 'NONE',  ( -47.70443912801011521, -18.24042921118621763, -10.77017230913015666 ) ) ;
#5907 = EDGE_CURVE ( 'NONE', #5466, #7657, #3713, .T. ) ;
#5908 = LINE ( 'NONE', #7694, #2203 ) ;
#5909 = CYLINDRICAL_SURFACE ( 'NONE', #4452, 32.16057989992779653 ) ;
#5910 = FACE_OUTER_BOUND ( 'NONE', #1165, .T. ) ;
#5911 = ORIENTED_EDGE ( 'NONE', *, *, #6368, .F. ) ;
#5912 = AXIS2_PLACEMENT_3D ( 'NONE', #3184, #1179, #1891 ) ;
#5913 = CARTESIAN_POINT ( 'NONE',  ( 41.04634935357681513, 17.82735325248764013, -14.70000000000000284 ) ) ;
#5914 = ORIENTED_EDGE ( 'NONE', *, *, #3376, .T. ) ;
#5915 = CARTESIAN_POINT ( 'NONE',  ( -42.09634654017857969, -18.54964099221463414, -21.42914320882807644 ) ) ;
#5916 = VERTEX_POINT ( 'NONE', #1693 ) ;
#5917 = CARTESIAN_POINT ( 'NONE',  ( 36.73537952202982382, 27.04841270877371073, 6.628595580677767884 ) ) ;
#5918 = ORIENTED_EDGE ( 'NONE', *, *, #4407, .T. ) ;
#5919 = LINE ( 'NONE', #716, #3927 ) ;
#5920 = PLANE ( 'NONE',  #2159 ) ;
#5921 = VERTEX_POINT ( 'NONE', #499 ) ;
#5922 = DIRECTION ( 'NONE',  ( 0.000000000000000000, 0.000000000000000000, -1.000000000000000000 ) ) ;
#5923 = CARTESIAN_POINT ( 'NONE',  ( 53.45565737370958459, 24.99167730312127134, -14.33779853605119747 ) ) ;
#5924 = CIRCLE ( 'NONE', #8231, 6.000000000000002665 ) ;
#5925 = VECTOR ( 'NONE', #1726, 1000.000000000000227 ) ;
#5926 = ORIENTED_EDGE ( 'NONE', *, *, #6162, .T. ) ;
#5927 = FACE_OUTER_BOUND ( 'NONE', #479, .T. ) ;
#5928 = CARTESIAN_POINT ( 'NONE',  ( 47.34037069755125771, 38.76329294715094420, -2.407444835499610747 ) ) ;
#5929 = CARTESIAN_POINT ( 'NONE',  ( 26.91608446274506505, 21.16975155913125661, 20.10000000000000142 ) ) ;
#5930 = ADVANCED_FACE ( 'NONE', ( #4347 ), #5655, .T. ) ;
#5931 = CARTESIAN_POINT ( 'NONE',  ( -21.61402702890885763, -16.69575786091943570, 5.814741186134089190 ) ) ;
#5932 = ORIENTED_EDGE ( 'NONE', *, *, #4130, .T. ) ;
#5933 = CARTESIAN_POINT ( 'NONE',  ( 51.24139002578824886, 22.58608160679558807, -20.18575762563243003 ) ) ;
#5934 = AXIS2_PLACEMENT_3D ( 'NONE', #996, #4710, #3569 ) ;
#5935 = CARTESIAN_POINT ( 'NONE',  ( 46.20736166986176130, 33.92270527306784089, -2.675592887101985617 ) ) ;
#5936 = FACE_OUTER_BOUND ( 'NONE', #6019, .T. ) ;
#5937 = ORIENTED_EDGE ( 'NONE', *, *, #8037, .T. ) ;
#5938 = CARTESIAN_POINT ( 'NONE',  ( 43.33435505698534485, 19.49758864834057448, -8.908534446919491145 ) ) ;
#5939 = DIRECTION ( 'NONE',  ( 0.9725991773073561220, 0.2324883659477480491, 4.392750869514008590E-14 ) ) ;
#5940 = VECTOR ( 'NONE', #660, 1000.000000000000000 ) ;
#5941 = CIRCLE ( 'NONE', #4582, 2.000000000000000000 ) ;
#5942 = AXIS2_PLACEMENT_3D ( 'NONE', #7627, #6258, #5073 ) ;
#5943 = PLANE ( 'NONE',  #4552 ) ;
#5944 = DIRECTION ( 'NONE',  ( -1.000000000000000000, 0.000000000000000000, 0.000000000000000000 ) ) ;
#5945 = FACE_OUTER_BOUND ( 'NONE', #181, .T. ) ;
#5946 = CARTESIAN_POINT ( 'NONE',  ( -43.80987282540474581, -19.61886402665528095, -20.04434947234183539 ) ) ;
#5947 = EDGE_CURVE ( 'NONE', #5916, #104, #7475, .T. ) ;
#5948 = CARTESIAN_POINT ( 'NONE',  ( -43.53186168646442411, 1.201896288769982446, 6.171003022311900565 ) ) ;
#5949 = CARTESIAN_POINT ( 'NONE',  ( 18.13049871176392713, 27.36685480150890371, 20.10000000000000142 ) ) ;
#5950 = CARTESIAN_POINT ( 'NONE',  ( 43.50700045164044383, 40.00391434252641432, -2.786075478426633278 ) ) ;
#5951 = CARTESIAN_POINT ( 'NONE',  ( 37.20008297008920550, 13.97246488458189084, -3.700000000000003730 ) ) ;
#5952 = ORIENTED_EDGE ( 'NONE', *, *, #2283, .T. ) ;
#5953 = CIRCLE ( 'NONE', #2314, 15.00000000000000000 ) ;
#5954 = FACE_OUTER_BOUND ( 'NONE', #5441, .T. ) ;
#5955 = VERTEX_POINT ( 'NONE', #7012 ) ;
#5956 = CARTESIAN_POINT ( 'NONE',  ( -41.29729097235632196, -16.65305175032784391, -22.14999999999989555 ) ) ;
#5957 = CARTESIAN_POINT ( 'NONE',  ( 45.87122029678157986, 42.07181725911096493, -22.15000000000000213 ) ) ;
#5958 = ADVANCED_FACE ( 'NONE', ( #7655 ), #3670, .F. ) ;
#5959 = CARTESIAN_POINT ( 'NONE',  ( -46.55896329879925588, -20.82003891466730039, -19.90226640499236410 ) ) ;
#5960 = ORIENTED_EDGE ( 'NONE', *, *, #4543, .T. ) ;
#5961 = CIRCLE ( 'NONE', #3119, 2.874999999999999112 ) ;
#5962 = B_SPLINE_SURFACE_WITH_KNOTS ( 'NONE', 3, 1, ( 
 ( #3666, #8245 ),
 ( #3066, #6121 ),
 ( #5485, #1650 ),
 ( #1690, #4935 ) ),
 .UNSPECIFIED., .F., .F., .F.,
 ( 4, 4 ),
 ( 2, 2 ),
 ( 0.000000000000000000, 1.000000000000000000 ),
 ( 0.000000000000000000, 1.000000000000000000 ),
 .UNSPECIFIED. ) ;
#5963 = CARTESIAN_POINT ( 'NONE',  ( 43.65016063445368388, 18.98357579345565327, -3.700000000000003730 ) ) ;
#5964 = ORIENTED_EDGE ( 'NONE', *, *, #786, .F. ) ;
#5965 = CARTESIAN_POINT ( 'NONE',  ( 14.43049871176366672, 0.1380038315555600914, 20.10000000000000142 ) ) ;
#5966 = FACE_OUTER_BOUND ( 'NONE', #3545, .T. ) ;
#5967 = ORIENTED_EDGE ( 'NONE', *, *, #5294, .T. ) ;
#5968 = CARTESIAN_POINT ( 'NONE',  ( 38.00159113964763691, 15.14084411454191503, 0.4711469424394985617 ) ) ;
#5969 = DIRECTION ( 'NONE',  ( -1.000000000000000000, 0.000000000000000000, -0.000000000000000000 ) ) ;
#5970 = CARTESIAN_POINT ( 'NONE',  ( -38.63582972151195349, -16.13384978973480344, 2.869686515794267923 ) ) ;
#5971 = CARTESIAN_POINT ( 'NONE',  ( 48.67088552144097235, 23.44677212735726712, -22.15000000000000213 ) ) ;
#5972 = ORIENTED_EDGE ( 'NONE', *, *, #7415, .T. ) ;
#5973 = CARTESIAN_POINT ( 'NONE',  ( -2.569501288236059722, 15.63800383155555096, -12.50000000000000178 ) ) ;
#5974 = CARTESIAN_POINT ( 'NONE',  ( 47.44950539883182472, 31.12539961661969912, -3.842806056099265621 ) ) ;
#5975 = CARTESIAN_POINT ( 'NONE',  ( 46.44578014024421719, 40.77790942654582551, -2.675592887094392580 ) ) ;
#5976 = EDGE_LOOP ( 'NONE', ( #6186, #4267, #2278, #6814 ) ) ;
#5977 = ORIENTED_EDGE ( 'NONE', *, *, #4777, .F. ) ;
#5978 = CIRCLE ( 'NONE', #4226, 32.16057989992779653 ) ;
#5979 = FACE_OUTER_BOUND ( 'NONE', #4734, .T. ) ;
#5980 = CARTESIAN_POINT ( 'NONE',  ( -10.47380404903821649, -4.892997066247143145, 12.49999999999999822 ) ) ;
#5981 = CARTESIAN_POINT ( 'NONE',  ( 48.94919749378441765, 35.14021761988590953, -2.675592887100079142 ) ) ;
#5982 = DIRECTION ( 'NONE',  ( 0.9139452746408240902, 0.4058374489394845908, 0.000000000000000000 ) ) ;
#5983 = DIRECTION ( 'NONE',  ( 0.9139452746408239792, 0.4058374489394844797, -8.326672684688671588E-17 ) ) ;
#5984 = CARTESIAN_POINT ( 'NONE',  ( 28.22700005846794369, 3.781549690352192350, 20.10000000000000142 ) ) ;
#5985 = EDGE_CURVE ( 'NONE', #1293, #7035, #1732, .T. ) ;
#5986 = CARTESIAN_POINT ( 'NONE',  ( 14.43049871176366672, 0.1380038315555600914, 12.49999999999999822 ) ) ;
#5987 = CARTESIAN_POINT ( 'NONE',  ( 43.33937839067736775, 40.18143689387569140, -2.756756505697108839 ) ) ;
#5988 = LINE ( 'NONE', #4763, #2707 ) ;
#5989 = CARTESIAN_POINT ( 'NONE',  ( -0.4395012882360722628, -4.451996168444437352, 18.09999999999999787 ) ) ;
#5990 = ORIENTED_EDGE ( 'NONE', *, *, #3888, .F. ) ;
#5991 = CARTESIAN_POINT ( 'NONE',  ( -29.98785952746079531, 3.462880363371011683, -17.14999999999996660 ) ) ;
#5992 = VERTEX_POINT ( 'NONE', #5697 ) ;
#5993 = DIRECTION ( 'NONE',  ( 0.000000000000000000, 0.000000000000000000, -1.000000000000000000 ) ) ;
#5994 = CARTESIAN_POINT ( 'NONE',  ( -27.94872543072891702, 9.292066341663780094, -12.50000000000000178 ) ) ;
#5995 = VECTOR ( 'NONE', #1177, 1000.000000000000000 ) ;
#5996 = EDGE_LOOP ( 'NONE', ( #8319, #7171, #4547, #2595 ) ) ;
#5997 = CARTESIAN_POINT ( 'NONE',  ( 38.13714425700482735, 23.85201360153988404, 0.6585667602674296628 ) ) ;
#5998 = EDGE_LOOP ( 'NONE', ( #4526, #3204, #5715, #3907, #5673, #7383, #2304, #4436 ) ) ;
#5999 = CIRCLE ( 'NONE', #875, 26.16057989992778943 ) ;
#6000 = ORIENTED_EDGE ( 'NONE', *, *, #5640, .F. ) ;
#6001 = EDGE_CURVE ( 'NONE', #5830, #1788, #5706, .T. ) ;
#6002 = EDGE_CURVE ( 'NONE', #2176, #4749, #8169, .T. ) ;
#6003 = CARTESIAN_POINT ( 'NONE',  ( 33.88209412335720572, 7.167814926309041823, -5.201658372296575017 ) ) ;
#6004 = EDGE_CURVE ( 'NONE', #7844, #3714, #7613, .T. ) ;
#6005 = VERTEX_POINT ( 'NONE', #4390 ) ;
#6006 = CARTESIAN_POINT ( 'NONE',  ( 41.75736980498162154, 18.14308192262637220, -13.14809138725793680 ) ) ;
#6007 = EDGE_CURVE ( 'NONE', #1646, #2663, #4624, .T. ) ;
#6008 = CARTESIAN_POINT ( 'NONE',  ( 51.75118007381451690, 28.83015740899098844, -6.961733677471423576 ) ) ;
#6009 = ADVANCED_FACE ( 'NONE', ( #6971 ), #2489, .F. ) ;
#6010 = VERTEX_POINT ( 'NONE', #3030 ) ;
#6011 = CARTESIAN_POINT ( 'NONE',  ( 24.06460671623867142, 28.61971056840783945, -14.70000000000000462 ) ) ;
#6012 = CARTESIAN_POINT ( 'NONE',  ( 12.54113411298415137, 6.810846997591947449, -12.49999999999999645 ) ) ;
#6013 = CARTESIAN_POINT ( 'NONE',  ( -40.32425103830144053, -5.101217279444479225, 6.524807588247109713 ) ) ;
#6014 = CARTESIAN_POINT ( 'NONE',  ( -20.79848474097732236, -17.13345262781373179, 5.886202744740876014 ) ) ;
#6015 = ORIENTED_EDGE ( 'NONE', *, *, #379, .T. ) ;
#6016 = DIRECTION ( 'NONE',  ( 0.9139452746408243122, 0.4058374489394841467, 0.000000000000000000 ) ) ;
#6017 = CARTESIAN_POINT ( 'NONE',  ( 49.19256708928525512, 27.20002752599504703, -7.476053542693283482 ) ) ;
#6018 = DIRECTION ( 'NONE',  ( 0.000000000000000000, 0.000000000000000000, -1.000000000000000000 ) ) ;
#6019 = EDGE_LOOP ( 'NONE', ( #3005, #2248, #7103, #189 ) ) ;
#6020 = EDGE_LOOP ( 'NONE', ( #3053, #5052 ) ) ;
#6021 = PLANE ( 'NONE',  #3588 ) ;
#6022 = DIRECTION ( 'NONE',  ( -1.000000000000000000, 0.000000000000000000, 0.000000000000000000 ) ) ;
#6023 = FACE_OUTER_BOUND ( 'NONE', #1409, .T. ) ;
#6024 = CARTESIAN_POINT ( 'NONE',  ( 11.38695285296761917, 46.43450517825943535, 15.09999999999999964 ) ) ;
#6025 = AXIS2_PLACEMENT_3D ( 'NONE', #2180, #1035, #1636 ) ;
#6026 = PLANE ( 'NONE',  #8135 ) ;
#6027 = CARTESIAN_POINT ( 'NONE',  ( -16.67235263888314378, 47.39760212532419814, 20.10000000000000142 ) ) ;
#6028 = CARTESIAN_POINT ( 'NONE',  ( 47.03556162093391180, 39.44972249171374301, -2.420152625384574652 ) ) ;
#6029 = DIRECTION ( 'NONE',  ( -0.000000000000000000, -0.000000000000000000, 1.000000000000000000 ) ) ;
#6030 = LINE ( 'NONE', #4133, #3781 ) ;
#6031 = CARTESIAN_POINT ( 'NONE',  ( 7.560498711763927737, -4.451996168444437352, 18.09999999999999787 ) ) ;
#6032 = VERTEX_POINT ( 'NONE', #6249 ) ;
#6033 = B_SPLINE_SURFACE_WITH_KNOTS ( 'NONE', 3, 1, ( 
 ( #2864, #3495 ),
 ( #296, #5481 ),
 ( #4138, #6711 ),
 ( #8162, #925 ) ),
 .UNSPECIFIED., .F., .F., .F.,
 ( 4, 4 ),
 ( 2, 2 ),
 ( 0.000000000000000000, 1.000000000000000000 ),
 ( 0.000000000000000000, 1.000000000000000000 ),
 .UNSPECIFIED. ) ;
#6034 = DIRECTION ( 'NONE',  ( -1.000000000000000000, 0.000000000000000000, 0.000000000000000000 ) ) ;
#6035 = ORIENTED_EDGE ( 'NONE', *, *, #6107, .T. ) ;
#6036 = CARTESIAN_POINT ( 'NONE',  ( -2.569501288236065495, 15.63800383155555096, 105.0107324298252394 ) ) ;
#6037 = CARTESIAN_POINT ( 'NONE',  ( 27.14835575828564629, 11.53325383155555883, 20.10000000000000142 ) ) ;
#6038 = CARTESIAN_POINT ( 'NONE',  ( 37.18451996978642882, 13.95269738713616547, -3.183803752492270434 ) ) ;
#6039 = DIRECTION ( 'NONE',  ( 0.000000000000000000, 0.000000000000000000, -1.000000000000000000 ) ) ;
#6040 = DIRECTION ( 'NONE',  ( 0.9139452746408239792, 0.4058374489394844797, -8.326672684688671588E-17 ) ) ;
#6041 = EDGE_LOOP ( 'NONE', ( #1201, #6556 ) ) ;
#6042 = ORIENTED_EDGE ( 'NONE', *, *, #3055, .F. ) ;
#6043 = CIRCLE ( 'NONE', #6585, 1.574999999999999956 ) ;
#6044 = CARTESIAN_POINT ( 'NONE',  ( 35.22436897772513476, 15.24210254977001533, -7.777966232609404784 ) ) ;
#6045 = EDGE_CURVE ( 'NONE', #3177, #7237, #5613, .T. ) ;
#6046 = VERTEX_POINT ( 'NONE', #3923 ) ;
#6047 = CARTESIAN_POINT ( 'NONE',  ( 32.71506674947735860, 19.33389799606096560, 14.12514136677912191 ) ) ;
#6048 = CARTESIAN_POINT ( 'NONE',  ( 34.54722229585956939, 37.04339533057031986, 6.736382682932183563 ) ) ;
#6049 = ORIENTED_EDGE ( 'NONE', *, *, #4478, .F. ) ;
#6050 = DIRECTION ( 'NONE',  ( 0.000000000000000000, 0.000000000000000000, 1.000000000000000000 ) ) ;
#6051 = DIRECTION ( 'NONE',  ( 0.9139452746408243122, 0.4058374489394839246, 0.000000000000000000 ) ) ;
#6052 = CARTESIAN_POINT ( 'NONE',  ( -54.08820007025626353, -3.864209956775448429, -2.675592887099885964 ) ) ;
#6053 = CARTESIAN_POINT ( 'NONE',  ( -25.98263114056765133, -15.23506316745383415, 2.211763262648834161 ) ) ;
#6054 = ORIENTED_EDGE ( 'NONE', *, *, #1184, .T. ) ;
#6055 = EDGE_CURVE ( 'NONE', #3463, #848, #2698, .T. ) ;
#6056 = CIRCLE ( 'NONE', #8232, 2.875000000000002665 ) ;
#6057 = CARTESIAN_POINT ( 'NONE',  ( -2.569501288236065495, 15.63800383155555096, -21.35000000000000497 ) ) ;
#6058 = EDGE_CURVE ( 'NONE', #6332, #2580, #8330, .T. ) ;
#6059 = CARTESIAN_POINT ( 'NONE',  ( 50.53603553629871215, 24.17453876938679258, -22.13507565770812491 ) ) ;
#6060 = ADVANCED_FACE ( 'NONE', ( #1345 ), #3801, .F. ) ;
#6061 = ORIENTED_EDGE ( 'NONE', *, *, #8089, .T. ) ;
#6062 = EDGE_LOOP ( 'NONE', ( #6610, #3583, #6392, #7022, #6223, #3879, #2547, #1297, #1750, #7911, #2344, #4317, #1671, #3803, #1713, #7369, #3883, #6910, #3222, #3776, #3166, #3868, #7450, #4392, #4354, #4229 ) ) ;
#6063 = LINE ( 'NONE', #5430, #1787 ) ;
#6064 = CARTESIAN_POINT ( 'NONE',  ( 32.84996773925006153, 24.25399777714573446, -4.993901786691834488 ) ) ;
#6065 = DIRECTION ( 'NONE',  ( -0.9139452746408239792, -0.4058374489394846463, -1.387778780781445676E-16 ) ) ;
#6066 = CIRCLE ( 'NONE', #7432, 37.50000000000000711 ) ;
#6067 = AXIS2_PLACEMENT_3D ( 'NONE', #6701, #830, #3482 ) ;
#6068 = PLANE ( 'NONE',  #3373 ) ;
#6069 = EDGE_CURVE ( 'NONE', #1712, #4360, #174, .T. ) ;
#6070 = CARTESIAN_POINT ( 'NONE',  ( -44.07544654926689276, 0.5185097477551791068, 5.427860062973915767 ) ) ;
#6071 = LINE ( 'NONE', #4132, #5229 ) ;
#6072 = CARTESIAN_POINT ( 'NONE',  ( -19.17590385299930134, 43.17943250467751426, 32.61767435054034792 ) ) ;
#6073 = CIRCLE ( 'NONE', #2431, 7.250000000000000000 ) ;
#6074 = VECTOR ( 'NONE', #6138, 999.9999999999998863 ) ;
#6075 = CARTESIAN_POINT ( 'NONE',  ( -36.69080009427408839, -2.248954299902454324, 5.499999999999999112 ) ) ;
#6076 = FACE_BOUND ( 'NONE', #1288, .T. ) ;
#6077 = EDGE_LOOP ( 'NONE', ( #1236, #7753, #5585, #1484, #347, #8376, #3822 ) ) ;
#6078 = CARTESIAN_POINT ( 'NONE',  ( -20.73023694947188389, -17.08279365847755216, -5.201658372297391253 ) ) ;
#6079 = CARTESIAN_POINT ( 'NONE',  ( 25.97385695098861902, 27.81312729974014886, -22.15000000000000213 ) ) ;
#6080 = CARTESIAN_POINT ( 'NONE',  ( -53.49363725414733040, -5.203164451201732987, -2.419953286813421478 ) ) ;
#6081 =( GEOMETRIC_REPRESENTATION_CONTEXT ( 3 ) GLOBAL_UNCERTAINTY_ASSIGNED_CONTEXT ( ( #1027 ) ) GLOBAL_UNIT_ASSIGNED_CONTEXT ( ( #5295, #60, #6438 ) ) REPRESENTATION_CONTEXT ( 'NONE', 'WORKASPACE' ) );
#6082 = CARTESIAN_POINT ( 'NONE',  ( 29.85888500659839551, 21.87319333217971717, 8.662234617426801009 ) ) ;
#6083 = LINE ( 'NONE', #5959, #804 ) ;
#6084 = ORIENTED_EDGE ( 'NONE', *, *, #6887, .T. ) ;
#6085 = CIRCLE ( 'NONE', #7846, 1.574999999999999956 ) ;
#6086 = VERTEX_POINT ( 'NONE', #7188 ) ;
#6087 = VECTOR ( 'NONE', #3384, 999.9999999999998863 ) ;
#6088 = DIRECTION ( 'NONE',  ( -0.000000000000000000, -0.000000000000000000, -1.000000000000000000 ) ) ;
#6089 = ORIENTED_EDGE ( 'NONE', *, *, #3882, .F. ) ;
#6090 = CARTESIAN_POINT ( 'NONE',  ( 37.53643410206797171, 14.40869100341542719, -1.445284359764261062 ) ) ;
#6091 = ADVANCED_FACE ( 'NONE', ( #2614 ), #6543, .F. ) ;
#6092 = CARTESIAN_POINT ( 'NONE',  ( -15.94086855198666797, -11.39534513646856517, -14.08729076397779956 ) ) ;
#6093 = AXIS2_PLACEMENT_3D ( 'NONE', #5173, #149, #4496 ) ;
#6094 = ORIENTED_EDGE ( 'NONE', *, *, #5249, .T. ) ;
#6095 = DIRECTION ( 'NONE',  ( 1.000000000000000000, 0.000000000000000000, 0.000000000000000000 ) ) ;
#6096 = CARTESIAN_POINT ( 'NONE',  ( -44.29380001807192713, -5.017626630425168877, 3.043695845954067281 ) ) ;
#6097 = CARTESIAN_POINT ( 'NONE',  ( -31.14320356838752346, -14.36780149236761339, 8.738348278994379825 ) ) ;
#6098 = ORIENTED_EDGE ( 'NONE', *, *, #2602, .T. ) ;
#6099 = CARTESIAN_POINT ( 'NONE',  ( -32.74878683259597523, -6.620943224223841739, 12.10000000000029985 ) ) ;
#6100 = CARTESIAN_POINT ( 'NONE',  ( 43.50700045164044383, 40.00391434252641432, -2.786075478426633278 ) ) ;
#6101 = ORIENTED_EDGE ( 'NONE', *, *, #869, .F. ) ;
#6102 = ORIENTED_EDGE ( 'NONE', *, *, #2757, .T. ) ;
#6103 = DIRECTION ( 'NONE',  ( 1.000000000000000000, 0.000000000000000000, 0.000000000000000000 ) ) ;
#6104 = DIRECTION ( 'NONE',  ( 1.000000000000000000, 0.000000000000000000, 0.000000000000000000 ) ) ;
#6105 = CARTESIAN_POINT ( 'NONE',  ( 46.44578014024421719, 40.77790942654582551, -2.675592887094392580 ) ) ;
#6106 = CARTESIAN_POINT ( 'NONE',  ( 45.61758018916560076, 35.25089220791453926, -2.420152625384706546 ) ) ;
#6107 = EDGE_CURVE ( 'NONE', #3473, #1743, #5908, .T. ) ;
#6108 = CARTESIAN_POINT ( 'NONE',  ( 46.16920855517850697, 34.04281413295275627, -2.661716101809103563 ) ) ;
#6109 = ADVANCED_FACE ( 'NONE', ( #6498 ), #2571, .F. ) ;
#6110 = CARTESIAN_POINT ( 'NONE',  ( -34.77151501752836538, -1.396695657129539914, -10.00000000000000178 ) ) ;
#6111 = EDGE_CURVE ( 'NONE', #7795, #6227, #1306, .T. ) ;
#6112 = CARTESIAN_POINT ( 'NONE',  ( -10.47380404903821649, -4.892997066247143145, 10.09999999999999964 ) ) ;
#6113 = AXIS2_PLACEMENT_3D ( 'NONE', #7056, #7138, #155 ) ;
#6114 = CARTESIAN_POINT ( 'NONE',  ( -46.50999684916747157, -13.53818911873149666, -5.754329382438782226 ) ) ;
#6115 = DIRECTION ( 'NONE',  ( -1.000000000000000000, 0.000000000000000000, 0.000000000000000000 ) ) ;
#6116 = CARTESIAN_POINT ( 'NONE',  ( 24.21431066779281238, 9.140422199036823514, -14.66179662011852436 ) ) ;
#6117 = ORIENTED_EDGE ( 'NONE', *, *, #5280, .T. ) ;
#6118 = CARTESIAN_POINT ( 'NONE',  ( -35.14773973001137364, -16.00663615142224572, -10.29223197157960001 ) ) ;
#6119 = CARTESIAN_POINT ( 'NONE',  ( -31.54020779557600918, 7.697268402111542507, -12.50000000000000178 ) ) ;
#6120 = CARTESIAN_POINT ( 'NONE',  ( -42.06221342343773983, -18.62650871557423571, -21.32051342069055977 ) ) ;
#6121 = CARTESIAN_POINT ( 'NONE',  ( -50.75658276563768112, -3.974884544803547470, -2.420152625384702993 ) ) ;
#6122 = FACE_OUTER_BOUND ( 'NONE', #4473, .T. ) ;
#6123 = ORIENTED_EDGE ( 'NONE', *, *, #1015, .F. ) ;
#6124 = ADVANCED_FACE ( 'NONE', ( #1391 ), #7733, .F. ) ;
#6125 = VERTEX_POINT ( 'NONE', #4545 ) ;
#6126 = AXIS2_PLACEMENT_3D ( 'NONE', #7446, #8082, #4895 ) ;
#6127 = B_SPLINE_CURVE_WITH_KNOTS ( 'NONE', 3,
 ( #5507, #2220, #2258, #912 ),
 .UNSPECIFIED., .F., .F.,
 ( 4, 4 ),
 ( 0.000000000000000000, 0.001734576387422748439 ),
 .UNSPECIFIED. ) ;
#6128 = CARTESIAN_POINT ( 'NONE',  ( 5.334801472566043756, 36.16900472935827793, 16.60000000000000142 ) ) ;
#6129 = AXIS2_PLACEMENT_3D ( 'NONE', #1980, #4355, #1348 ) ;
#6130 =( BOUNDED_SURFACE ( )  B_SPLINE_SURFACE ( 3, 2, ( 
 ( #1883, #6526, #4451 ),
 ( #5164, #7758, #1255 ),
 ( #1963, #6478, #2554 ),
 ( #729, #7720, #1331 ),
 ( #3266, #1922, #3906 ),
 ( #5846, #5885, #58 ),
 ( #2640, #5202, #98 ),
 ( #6692, #6097, #1546 ),
 ( #6053, #5462, #4118 ),
 ( #6730, #906, #8060 ),
 ( #3431, #7970, #6603 ),
 ( #4029, #5422, #3472 ),
 ( #818, #5333, #8019 ),
 ( #2725, #268, #771 ),
 ( #4748, #2799, #1624 ),
 ( #5292, #2212, #4159 ),
 ( #1500, #3345, #4076 ),
 ( #5931, #2843, #140 ),
 ( #943, #4790, #2120 ),
 ( #6014, #7886, #7293 ) ),
 .UNSPECIFIED., .F., .F., .T. ) 
 B_SPLINE_SURFACE_WITH_KNOTS ( ( 4, 2, 2, 2, 2, 2, 2, 2, 2, 4 ),
 ( 3, 3 ),
 ( 0.04866700580334035880, 0.05123715849050214377, 0.05380731117766392180, 0.05637746386482569982, 0.05894761655198747785, 0.06151776923914926282, 0.06408792192631104778, 0.06537299826989192986, 0.06665807461347282581, 0.06922822730063460384 ),
 ( 0.000000000000000000, 1.000000000000000000 ),
 .UNSPECIFIED. ) 
 GEOMETRIC_REPRESENTATION_ITEM ( )  RATIONAL_B_SPLINE_SURFACE ( (
 ( 1.000000000000000000, 0.8110628112148338120, 1.000000000000000000),
 ( 1.000000000000000000, 0.8167002478454160608, 1.000000000000000000),
 ( 1.000000000000000000, 0.8224219627063200644, 1.000000000000000000),
 ( 1.000000000000000000, 0.8340240903200157874, 1.000000000000000000),
 ( 1.000000000000000000, 0.8399144275293800588, 1.000000000000000000),
 ( 1.000000000000000000, 0.8517164178266686259, 1.000000000000000000),
 ( 1.000000000000000000, 0.8576389097186342125, 1.000000000000000000),
 ( 1.000000000000000000, 0.8694195127513496546, 1.000000000000000000),
 ( 1.000000000000000000, 0.8752503296898612728, 1.000000000000000000),
 ( 1.000000000000000000, 0.8865170891124367625, 1.000000000000000000),
 ( 1.000000000000000000, 0.8919645304623433635, 1.000000000000000000),
 ( 1.000000000000000000, 0.9021277665787330591, 1.000000000000000000),
 ( 1.000000000000000000, 0.9068464158951942133, 1.000000000000000000),
 ( 1.000000000000000000, 0.9129462938457914012, 1.000000000000000000),
 ( 1.000000000000000000, 0.9148181060438003165, 1.000000000000000000),
 ( 1.000000000000000000, 0.9180707212938048478, 1.000000000000000000),
 ( 1.000000000000000000, 0.9194614070092922420, 1.000000000000000000),
 ( 1.000000000000000000, 0.9228284028221376278, 1.000000000000000000),
 ( 1.000000000000000000, 0.9239957018566645752, 1.000000000000000000),
 ( 1.000000000000000000, 0.9238709320613809339, 1.000000000000000000) ) ) 
 REPRESENTATION_ITEM ( '' )  SURFACE ( )  );
#6131 = ORIENTED_EDGE ( 'NONE', *, *, #3110, .F. ) ;
#6132 = CARTESIAN_POINT ( 'NONE',  ( 43.54556577400158801, 20.53420651091249738, 4.361897799575119805 ) ) ;
#6133 = CARTESIAN_POINT ( 'NONE',  ( -33.14070138737152149, -15.11541066615367868, -14.70000000000000284 ) ) ;
#6134 = EDGE_LOOP ( 'NONE', ( #2358, #517, #1324 ) ) ;
#6135 = ADVANCED_FACE ( 'NONE', ( #7227 ), #2872, .F. ) ;
#6136 = LINE ( 'NONE', #7377, #6936 ) ;
#6137 = CARTESIAN_POINT ( 'NONE',  ( -41.60232617945430889, -18.04162407320459494, -0.1626246772584922229 ) ) ;
#6138 = DIRECTION ( 'NONE',  ( 0.9139452746408240902, 0.4058374489394845908, 0.000000000000000000 ) ) ;
#6139 = ORIENTED_EDGE ( 'NONE', *, *, #6420, .F. ) ;
#6140 = DIRECTION ( 'NONE',  ( 1.000000000000000000, 0.000000000000000000, 0.000000000000000000 ) ) ;
#6141 = FACE_OUTER_BOUND ( 'NONE', #7205, .T. ) ;
#6142 = VERTEX_POINT ( 'NONE', #4467 ) ;
#6143 = VERTEX_POINT ( 'NONE', #1270 ) ;
#6144 = CARTESIAN_POINT ( 'NONE',  ( -19.56950128823605439, 0.1380038315555598971, 18.09999999999999787 ) ) ;
#6145 = CARTESIAN_POINT ( 'NONE',  ( 34.58689410985727619, 25.02528002653421524, -2.213058202862784096 ) ) ;
#6146 = LINE ( 'NONE', #192, #4669 ) ;
#6147 = LINE ( 'NONE', #3443, #2422 ) ;
#6148 = CARTESIAN_POINT ( 'NONE',  ( 19.15718581380139440, 30.20944879321481480, -12.50000000000000178 ) ) ;
#6149 = CARTESIAN_POINT ( 'NONE',  ( -49.48664135013070364, -14.22691270693874621, -5.291937056292333352 ) ) ;
#6150 = CARTESIAN_POINT ( 'NONE',  ( -39.53166223685048664, 4.148662622583312753, -10.00000000000000178 ) ) ;
#6151 = LINE ( 'NONE', #4253, #6881 ) ;
#6152 = CARTESIAN_POINT ( 'NONE',  ( -24.57490754105523223, -15.56391897081988596, 3.827481141470789439 ) ) ;
#6153 = AXIS2_PLACEMENT_3D ( 'NONE', #958, #6659, #6786 ) ;
#6154 = ADVANCED_FACE ( 'NONE', ( #7815 ), #2058, .T. ) ;
#6155 = CARTESIAN_POINT ( 'NONE',  ( 26.43176435253908707, 9.955228741173788976, -14.29807034925267573 ) ) ;
#6156 = EDGE_CURVE ( 'NONE', #1692, #5025, #5978, .T. ) ;
#6157 = VERTEX_POINT ( 'NONE', #4508 ) ;
#6158 = DIRECTION ( 'NONE',  ( -1.000000000000000000, 0.000000000000000000, 0.000000000000000000 ) ) ;
#6159 = PLANE ( 'NONE',  #2590 ) ;
#6160 = EDGE_CURVE ( 'NONE', #3641, #5577, #2339, .T. ) ;
#6161 = CARTESIAN_POINT ( 'NONE',  ( 33.76964524632582254, 39.14941039562537384, 5.975304817286370529 ) ) ;
#6162 = EDGE_CURVE ( 'NONE', #1958, #5429, #2016, .T. ) ;
#6163 = DIRECTION ( 'NONE',  ( 1.000000000000000000, 0.000000000000000000, 0.000000000000000000 ) ) ;
#6164 = EDGE_CURVE ( 'NONE', #4470, #6710, #6383, .T. ) ;
#6165 = DIRECTION ( 'NONE',  ( -0.9139452746408244233, -0.4058374489394838136, 0.000000000000000000 ) ) ;
#6166 = EDGE_LOOP ( 'NONE', ( #8373, #564, #7716, #1151 ) ) ;
#6167 = CARTESIAN_POINT ( 'NONE',  ( -43.69703864707316399, -2.624681370721262841, -22.15000000000000213 ) ) ;
#6168 = ORIENTED_EDGE ( 'NONE', *, *, #7263, .F. ) ;
#6169 = ORIENTED_EDGE ( 'NONE', *, *, #1015, .T. ) ;
#6170 = VERTEX_POINT ( 'NONE', #2098 ) ;
#6171 = EDGE_CURVE ( 'NONE', #2370, #3646, #5068, .T. ) ;
#6172 = CARTESIAN_POINT ( 'NONE',  ( 35.45740778476197619, 11.56380278411979390, 11.47516944190048171 ) ) ;
#6173 = CARTESIAN_POINT ( 'NONE',  ( -19.09779896892354500, -10.84274336250389048, -13.73733957258117044 ) ) ;
#6174 = EDGE_CURVE ( 'NONE', #4412, #6572, #5395, .T. ) ;
#6175 = DIRECTION ( 'NONE',  ( -0.000000000000000000, -0.000000000000000000, 1.000000000000000000 ) ) ;
#6176 = VECTOR ( 'NONE', #868, 1000.000000000000000 ) ;
#6177 = CYLINDRICAL_SURFACE ( 'NONE', #4597, 1.049999999999998934 ) ;
#6178 = CARTESIAN_POINT ( 'NONE',  ( 29.56208243591956020, 30.98830055640791770, -3.913490808474619165 ) ) ;
#6179 = VERTEX_POINT ( 'NONE', #792 ) ;
#6180 = AXIS2_PLACEMENT_3D ( 'NONE', #6424, #1991, #632 ) ;
#6181 = ORIENTED_EDGE ( 'NONE', *, *, #5905, .T. ) ;
#6182 = VECTOR ( 'NONE', #7968, 1000.000000000000000 ) ;
#6183 = DIRECTION ( 'NONE',  ( 1.000000000000000000, 0.000000000000000000, 0.000000000000000000 ) ) ;
#6184 = DIRECTION ( 'NONE',  ( -0.9139452746408236461, -0.4058374489394851459, 0.000000000000000000 ) ) ;
#6186 = ORIENTED_EDGE ( 'NONE', *, *, #7770, .F. ) ;
#6185 = ORIENTED_EDGE ( 'NONE', *, *, #1934, .F. ) ;
#6187 = EDGE_CURVE ( 'NONE', #4142, #2346, #5762, .T. ) ;
#6188 = VERTEX_POINT ( 'NONE', #7942 ) ;
#6189 = DIRECTION ( 'NONE',  ( -0.000000000000000000, -0.000000000000000000, 1.000000000000000000 ) ) ;
#6190 = DIRECTION ( 'NONE',  ( -0.4058374489394846463, 0.9139452746408240902, 0.000000000000000000 ) ) ;
#6191 = CARTESIAN_POINT ( 'NONE',  ( -47.65316815376752402, -18.35589136174786873, -10.98622590194083060 ) ) ;
#6192 = CYLINDRICAL_SURFACE ( 'NONE', #5784, 1.050000000000002265 ) ;
#6193 = CARTESIAN_POINT ( 'NONE',  ( -31.11285952746079531, 3.462880363371011683, -22.15000000000000213 ) ) ;
#6194 = CIRCLE ( 'NONE', #4176, 1.050000000000002265 ) ;
#6195 = CARTESIAN_POINT ( 'NONE',  ( -49.54028080183383054, -14.10611674898443724, -5.184468670692038650 ) ) ;
#6196 = DIRECTION ( 'NONE',  ( 1.000000000000000000, 0.000000000000000000, 0.000000000000000000 ) ) ;
#6197 = CARTESIAN_POINT ( 'NONE',  ( -46.23653496618384651, -14.15402483423870272, -6.409287478489480883 ) ) ;
#6198 = DIRECTION ( 'NONE',  ( 0.1984292974655276487, 0.08811254033772621119, 0.9761465023973449062 ) ) ;
#6199 = CARTESIAN_POINT ( 'NONE',  ( 38.51199198332065521, 16.70197172431053190, -14.70000000000092655 ) ) ;
#6200 = ORIENTED_EDGE ( 'NONE', *, *, #253, .F. ) ;
#6201 = LINE ( 'NONE', #1685, #3623 ) ;
#6202 = FACE_BOUND ( 'NONE', #1876, .T. ) ;
#6203 = CARTESIAN_POINT ( 'NONE',  ( -42.45257713451088222, -17.74741027342985333, -22.04034235132312247 ) ) ;
#6204 = LINE ( 'NONE', #2944, #1403 ) ;
#6205 = VECTOR ( 'NONE', #1002, 1000.000000000000000 ) ;
#6206 = CIRCLE ( 'NONE', #5934, 1.500000000000837552 ) ;
#6207 = CARTESIAN_POINT ( 'NONE',  ( -29.36854732403264734, 4.630176633486337678, -15.35032990219853133 ) ) ;
#6208 = VERTEX_POINT ( 'NONE', #5949 ) ;
#6209 = CARTESIAN_POINT ( 'NONE',  ( 40.72974540885055461, 17.51008669581878863, -9.043995072289186865 ) ) ;
#6210 = ORIENTED_EDGE ( 'NONE', *, *, #2251, .T. ) ;
#6211 = ADVANCED_FACE ( 'NONE', ( #7990 ), #5476, .F. ) ;
#6212 = ORIENTED_EDGE ( 'NONE', *, *, #6465, .T. ) ;
#6213 = CIRCLE ( 'NONE', #257, 6.000000000000002665 ) ;
#6214 = CIRCLE ( 'NONE', #4060, 32.16057989992779653 ) ;
#6215 = EDGE_LOOP ( 'NONE', ( #3719, #332, #6061, #512 ) ) ;
#6216 = FACE_BOUND ( 'NONE', #7075, .T. ) ;
#6217 = CARTESIAN_POINT ( 'NONE',  ( -18.70748575820720916, -16.72659687721590061, -8.959443460946182825 ) ) ;
#6218 = CARTESIAN_POINT ( 'NONE',  ( -10.02082207520243529, 20.68555953008160841, 12.49999999999999822 ) ) ;
#6219 = VECTOR ( 'NONE', #596, 1000.000000000000000 ) ;
#6220 = FACE_OUTER_BOUND ( 'NONE', #3857, .T. ) ;
#6221 = CARTESIAN_POINT ( 'NONE',  ( 34.60859816764410368, 9.365598997562562644, 5.259983217788144039 ) ) ;
#6222 = VERTEX_POINT ( 'NONE', #8074 ) ;
#6223 = ORIENTED_EDGE ( 'NONE', *, *, #515, .F. ) ;
#6224 = CARTESIAN_POINT ( 'NONE',  ( 50.13897623280266203, 25.06871567477261209, -10.98622590194991666 ) ) ;
#6225 = CIRCLE ( 'NONE', #3937, 17.50000000000000000 ) ;
#6226 = CARTESIAN_POINT ( 'NONE',  ( 37.42768215408020893, 14.25486365521655507, -1.178941080319552137 ) ) ;
#6228 = ORIENTED_EDGE ( 'NONE', *, *, #4984, .F. ) ;
#6227 = VERTEX_POINT ( 'NONE', #3536 ) ;
#6229 = ORIENTED_EDGE ( 'NONE', *, *, #1133, .T. ) ;
#6230 = CARTESIAN_POINT ( 'NONE',  ( 53.20076739330107074, 25.56568912424721773, -12.68783868663173386 ) ) ;
#6231 = DIRECTION ( 'NONE',  ( 0.4058374489394847018, -0.9139452746408238681, -0.000000000000000000 ) ) ;
#6232 = FACE_OUTER_BOUND ( 'NONE', #8294, .T. ) ;
#6233 = LINE ( 'NONE', #3606, #1074 ) ;
#6234 = AXIS2_PLACEMENT_3D ( 'NONE', #4088, #5141, #3922 ) ;
#6235 = CARTESIAN_POINT ( 'NONE',  ( 45.22945478430086297, 25.40400591873012104, -3.001948202024905754 ) ) ;
#6236 = CARTESIAN_POINT ( 'NONE',  ( -49.42380372311404813, -14.36842294073202275, -5.420558026768046211 ) ) ;
#6237 = DIRECTION ( 'NONE',  ( -0.000000000000000000, -0.000000000000000000, 1.000000000000000000 ) ) ;
#6238 = FACE_OUTER_BOUND ( 'NONE', #1987, .T. ) ;
#6239 = CARTESIAN_POINT ( 'NONE',  ( -20.85651692632216836, -17.10088831604766213, -3.700000000000003730 ) ) ;
#6240 = EDGE_CURVE ( 'NONE', #3646, #6046, #1997, .T. ) ;
#6241 = CARTESIAN_POINT ( 'NONE',  ( 28.39284911196346428, 6.319285328718178718, -13.02919951372920693 ) ) ;
#6242 = PLANE ( 'NONE',  #3209 ) ;
#6243 = EDGE_CURVE ( 'NONE', #4871, #4470, #6071, .T. ) ;
#6244 = DIRECTION ( 'NONE',  ( 0.4058374489394845352, -0.9139452746408240902, 1.110223024625156540E-16 ) ) ;
#6245 = CARTESIAN_POINT ( 'NONE',  ( 45.09549613017185266, 25.64324288658262674, -2.632956581901357396 ) ) ;
#6246 = DIRECTION ( 'NONE',  ( -0.4058374489394845352, 0.9139452746408240902, -0.000000000000000000 ) ) ;
#6247 = FACE_OUTER_BOUND ( 'NONE', #4348, .T. ) ;
#6248 = VERTEX_POINT ( 'NONE', #6665 ) ;
#6249 = CARTESIAN_POINT ( 'NONE',  ( -16.52595542943953077, -15.15849751514841337, 20.10000000000000142 ) ) ;
#6250 = ORIENTED_EDGE ( 'NONE', *, *, #3220, .T. ) ;
#6251 = CARTESIAN_POINT ( 'NONE',  ( -46.79703593901290049, -20.28389971629338717, -21.58258955986390859 ) ) ;
#6252 = ORIENTED_EDGE ( 'NONE', *, *, #285, .T. ) ;
#6253 = EDGE_CURVE ( 'NONE', #4598, #3301, #8214, .T. ) ;
#6254 = AXIS2_PLACEMENT_3D ( 'NONE', #7078, #3261, #11 ) ;
#6255 = VERTEX_POINT ( 'NONE', #2187 ) ;
#6256 = CARTESIAN_POINT ( 'NONE',  ( -29.21398194167875317, -13.37175068260891209, -14.70000000000005258 ) ) ;
#6257 = EDGE_CURVE ( 'NONE', #8338, #2155, #1038, .T. ) ;
#6258 = DIRECTION ( 'NONE',  ( 0.000000000000000000, 0.000000000000000000, -1.000000000000000000 ) ) ;
#6259 = EDGE_CURVE ( 'NONE', #1562, #5277, #6850, .T. ) ;
#6260 = CARTESIAN_POINT ( 'NONE',  ( -43.36309638765253283, -19.46515995226394580, -2.188504495760704049 ) ) ;
#6261 = CARTESIAN_POINT ( 'NONE',  ( -47.37123850734086972, -18.99079646675019717, -22.15000000000000213 ) ) ;
#6262 = ORIENTED_EDGE ( 'NONE', *, *, #6462, .T. ) ;
#6263 = VECTOR ( 'NONE', #4806, 1000.000000000000114 ) ;
#6264 = ADVANCED_FACE ( 'NONE', ( #2817 ), #619, .T. ) ;
#6265 = EDGE_CURVE ( 'NONE', #6951, #6795, #4584, .T. ) ;
#6266 = ORIENTED_EDGE ( 'NONE', *, *, #7155, .T. ) ;
#6267 = DIRECTION ( 'NONE',  ( 0.6734051375846851206, 0.2990255879899527125, -0.6760985271406930730 ) ) ;
#6268 = EDGE_CURVE ( 'NONE', #500, #4899, #8284, .T. ) ;
#6269 = CARTESIAN_POINT ( 'NONE',  ( -10.47380404903821649, -4.892997066247143145, 10.09999999999999964 ) ) ;
#6271 = ORIENTED_EDGE ( 'NONE', *, *, #5593, .F. ) ;
#6270 = ORIENTED_EDGE ( 'NONE', *, *, #1304, .F. ) ;
#6272 = ORIENTED_EDGE ( 'NONE', *, *, #2983, .F. ) ;
#6273 = CARTESIAN_POINT ( 'NONE',  ( 47.44950539883182472, 31.12539961661969912, -3.842806056099265621 ) ) ;
#6274 = CARTESIAN_POINT ( 'NONE',  ( -39.86739374747621412, -5.136824085462066591, 6.906601717798152684 ) ) ;
#6275 = DIRECTION ( 'NONE',  ( 0.000000000000000000, 0.000000000000000000, -1.000000000000000000 ) ) ;
#6276 = LINE ( 'NONE', #3740, #8238 ) ;
#6277 = ORIENTED_EDGE ( 'NONE', *, *, #4043, .F. ) ;
#6278 = DIRECTION ( 'NONE',  ( 0.000000000000000000, 0.000000000000000000, 1.000000000000000000 ) ) ;
#6279 = CARTESIAN_POINT ( 'NONE',  ( -50.86136000470516905, -11.13104853375402747, -3.199853563057006856 ) ) ;
#6280 = CARTESIAN_POINT ( 'NONE',  ( 33.98019955212699728, 7.249358620321206814, -12.50000000000000178 ) ) ;
#6281 = CARTESIAN_POINT ( 'NONE',  ( -44.44846037461436339, -18.18076590493257427, -13.56279912685057099 ) ) ;
#6282 = CARTESIAN_POINT ( 'NONE',  ( -50.75658276563768112, -3.974884544803547470, -2.420152625384702993 ) ) ;
#6283 = CARTESIAN_POINT ( 'NONE',  ( 37.84695118374728651, 16.40666032106878092, -14.69999999999861195 ) ) ;
#6284 = DIRECTION ( 'NONE',  ( -0.000000000000000000, -0.000000000000000000, -1.000000000000000000 ) ) ;
#6285 = CYLINDRICAL_SURFACE ( 'NONE', #5147, 2.100000000000004530 ) ;
#6286 = CARTESIAN_POINT ( 'NONE',  ( 37.83035744898533181, 37.86838539850774055, 3.518834459089732469 ) ) ;
#6287 = EDGE_CURVE ( 'NONE', #1370, #7347, #1300, .T. ) ;
#6288 = FACE_OUTER_BOUND ( 'NONE', #7457, .T. ) ;
#6289 = CARTESIAN_POINT ( 'NONE',  ( 39.26543245061249365, 31.13544609991764389, 4.987336529261154006 ) ) ;
#6290 = ORIENTED_EDGE ( 'NONE', *, *, #6174, .T. ) ;
#6291 = CARTESIAN_POINT ( 'NONE',  ( 15.35737535980886825, 45.40694055502255111, 15.59999999999999964 ) ) ;
#6292 = ORIENTED_EDGE ( 'NONE', *, *, #7155, .F. ) ;
#6293 = EDGE_LOOP ( 'NONE', ( #667, #5323 ) ) ;
#6294 = CARTESIAN_POINT ( 'NONE',  ( -46.93354599138081085, -19.97647930048738729, -21.84619567024299869 ) ) ;
#6295 = CIRCLE ( 'NONE', #7519, 1.499999999999742872 ) ;
#6296 = VERTEX_POINT ( 'NONE', #701 ) ;
#6297 = VERTEX_POINT ( 'NONE', #6491 ) ;
#6298 = DIRECTION ( 'NONE',  ( 0.4058374489394533935, -0.9139452746408378569, 0.000000000000000000 ) ) ;
#6299 = CARTESIAN_POINT ( 'NONE',  ( -33.36600263493999563, 27.49445797275911119, 15.09999999999999964 ) ) ;
#6300 = DIRECTION ( 'NONE',  ( 0.000000000000000000, 0.000000000000000000, -1.000000000000000000 ) ) ;
#6301 = DIRECTION ( 'NONE',  ( 0.000000000000000000, 0.000000000000000000, 1.000000000000000000 ) ) ;
#6302 = EDGE_CURVE ( 'NONE', #5044, #3548, #3195, .T. ) ;
#6303 = ORIENTED_EDGE ( 'NONE', *, *, #3791, .F. ) ;
#6304 = ORIENTED_EDGE ( 'NONE', *, *, #1992, .F. ) ;
#6305 = CARTESIAN_POINT ( 'NONE',  ( 43.92195411703905705, 29.17051393072012644, -1.191626790723634866 ) ) ;
#6306 = CARTESIAN_POINT ( 'NONE',  ( -34.77151501752836538, -1.396695657129539914, 5.499999999999999112 ) ) ;
#6308 = ORIENTED_EDGE ( 'NONE', *, *, #7813, .F. ) ;
#6307 = ORIENTED_EDGE ( 'NONE', *, *, #2457, .F. ) ;
#6309 = ORIENTED_EDGE ( 'NONE', *, *, #1694, .F. ) ;
#6310 = LINE ( 'NONE', #2510, #358 ) ;
#6311 = DIRECTION ( 'NONE',  ( -0.000000000000000000, -0.000000000000000000, 1.000000000000000000 ) ) ;
#6312 = PLANE ( 'NONE',  #6978 ) ;
#6313 = DIRECTION ( 'NONE',  ( 1.000000000000000000, 0.000000000000000000, 0.000000000000000000 ) ) ;
#6314 = VERTEX_POINT ( 'NONE', #3871 ) ;
#6315 = CARTESIAN_POINT ( 'NONE',  ( 7.186952852967609218, 46.43450517825943535, 15.09999999999999964 ) ) ;
#6316 = VECTOR ( 'NONE', #7091, 1000.000000000000000 ) ;
#6317 = EDGE_CURVE ( 'NONE', #1969, #4690, #1458, .T. ) ;
#6318 = EDGE_CURVE ( 'NONE', #5234, #2830, #2124, .T. ) ;
#6319 = CARTESIAN_POINT ( 'NONE',  ( -47.11920841756426626, -2.583964300120950242, 1.468577726122685112 ) ) ;
#6320 = CARTESIAN_POINT ( 'NONE',  ( 24.70808380729352294, 32.67432534929469057, -12.50000000000000178 ) ) ;
#6321 = CARTESIAN_POINT ( 'NONE',  ( 47.96922356017202560, 21.33085264198942355, -16.45322290687306577 ) ) ;
#6322 = CARTESIAN_POINT ( 'NONE',  ( -0.4395012882360722628, -4.451996168444437352, 18.09999999999999787 ) ) ;
#6323 = CYLINDRICAL_SURFACE ( 'NONE', #7536, 1.500000000000001332 ) ;
#6324 = DIRECTION ( 'NONE',  ( -0.4058374489394845908, 0.9139452746408239792, -0.000000000000000000 ) ) ;
#6325 = EDGE_CURVE ( 'NONE', #558, #4325, #4460, .T. ) ;
#6326 = CARTESIAN_POINT ( 'NONE',  ( 48.72631936155603682, 23.32193520961902067, -22.14999999999999858 ) ) ;
#6327 = CARTESIAN_POINT ( 'NONE',  ( 37.91805257305966848, 39.39714107836606161, 2.217238392868124297 ) ) ;
#6328 = CARTESIAN_POINT ( 'NONE',  ( 0.000000000000000000, 0.000000000000000000, -14.70000000000000284 ) ) ;
#6329 = VERTEX_POINT ( 'NONE', #2482 ) ;
#6330 = DIRECTION ( 'NONE',  ( -1.000000000000000000, 0.000000000000000000, 0.000000000000000000 ) ) ;
#6331 = AXIS2_PLACEMENT_3D ( 'NONE', #8285, #7052, #4297 ) ;
#6332 = VERTEX_POINT ( 'NONE', #537 ) ;
#6333 = EDGE_LOOP ( 'NONE', ( #7466, #8126, #8006, #7703 ) ) ;
#6334 = CARTESIAN_POINT ( 'NONE',  ( -44.57130012503260730, -17.90413098687316662, -22.15000000000000213 ) ) ;
#6335 = AXIS2_PLACEMENT_3D ( 'NONE', #2088, #777, #2730 ) ;
#6336 = AXIS2_PLACEMENT_3D ( 'NONE', #7231, #1563, #294 ) ;
#6337 = ORIENTED_EDGE ( 'NONE', *, *, #5205, .T. ) ;
#6338 = ORIENTED_EDGE ( 'NONE', *, *, #171, .T. ) ;
#6339 = CARTESIAN_POINT ( 'NONE',  ( 37.85414279018392136, 14.90571393737725359, -6.509331205445888280 ) ) ;
#6340 = AXIS2_PLACEMENT_3D ( 'NONE', #5103, #1231, #5734 ) ;
#6341 = VECTOR ( 'NONE', #2513, 1000.000000000000000 ) ;
#6342 = CIRCLE ( 'NONE', #3374, 1.125000000000000888 ) ;
#6343 = EDGE_CURVE ( 'NONE', #4402, #1251, #509, .T. ) ;
#6344 = CARTESIAN_POINT ( 'NONE',  ( -19.36983980808586381, -16.89583081970099698, -8.021428571428581122 ) ) ;
#6345 = CARTESIAN_POINT ( 'NONE',  ( 34.70775590134088162, 24.28807558802967748, 11.34698243645864046 ) ) ;
#6346 = DIRECTION ( 'NONE',  ( 0.000000000000000000, 0.000000000000000000, -1.000000000000000000 ) ) ;
#6347 = EDGE_LOOP ( 'NONE', ( #5867, #2128, #5415, #8267 ) ) ;
#6348 = CIRCLE ( 'NONE', #932, 1.749999999999999778 ) ;
#6349 = EDGE_CURVE ( 'NONE', #1535, #3298, #5093, .T. ) ;
#6350 = VERTEX_POINT ( 'NONE', #5858 ) ;
#6351 = CARTESIAN_POINT ( 'NONE',  ( 50.43170549610604070, 24.44047860720122500, -22.15000000000000213 ) ) ;
#6352 = CARTESIAN_POINT ( 'NONE',  ( 39.45774217870472000, 39.22391195176920320, -1.191626790723634421 ) ) ;
#6353 = CIRCLE ( 'NONE', #3928, 26.50000000000001421 ) ;
#6354 = ORIENTED_EDGE ( 'NONE', *, *, #1121, .F. ) ;
#6355 = EDGE_LOOP ( 'NONE', ( #7128, #4944, #5480 ) ) ;
#6356 = CARTESIAN_POINT ( 'NONE',  ( 49.68238612884051975, 33.48907800677001489, -3.212004222436768419 ) ) ;
#6357 = FACE_OUTER_BOUND ( 'NONE', #5285, .T. ) ;
#6358 = CARTESIAN_POINT ( 'NONE',  ( -51.20800523015869743, -10.35040405007747921, -2.886959476949468417 ) ) ;
#6359 = DIRECTION ( 'NONE',  ( 0.000000000000000000, 0.000000000000000000, -1.000000000000000000 ) ) ;
#6360 = CIRCLE ( 'NONE', #4068, 2.850000000000000089 ) ;
#6361 = ORIENTED_EDGE ( 'NONE', *, *, #7555, .T. ) ;
#6362 = LINE ( 'NONE', #6315, #256 ) ;
#6363 = CARTESIAN_POINT ( 'NONE',  ( -2.569501288236065495, 15.63800383155555096, -14.70000000000000284 ) ) ;
#6364 = CARTESIAN_POINT ( 'NONE',  ( 20.83649960956662284, 7.733701070753433271, 18.09999999999999787 ) ) ;
#6365 = DIRECTION ( 'NONE',  ( 0.9139452746408245343, 0.4058374489394833695, 0.000000000000000000 ) ) ;
#6366 = VECTOR ( 'NONE', #6969, 1000.000000000000227 ) ;
#6367 = DIRECTION ( 'NONE',  ( 0.000000000000000000, 0.000000000000000000, 1.000000000000000000 ) ) ;
#6368 = EDGE_CURVE ( 'NONE', #2454, #7978, #2649, .T. ) ;
#6369 = DIRECTION ( 'NONE',  ( -8.959456918378542250E-14, 2.008593695319417025E-13, -1.000000000000000000 ) ) ;
#6370 = CARTESIAN_POINT ( 'NONE',  ( 29.60259927873187280, 31.00979262668557013, 11.47554723280563849 ) ) ;
#6371 = ADVANCED_FACE ( 'NONE', ( #576, #1852 ), #3747, .T. ) ;
#6372 = CARTESIAN_POINT ( 'NONE',  ( 34.43637739044973500, 21.84006193181841837, 12.10000000000030518 ) ) ;
#6373 = EDGE_CURVE ( 'NONE', #5194, #6188, #1056, .T. ) ;
#6374 = CARTESIAN_POINT ( 'NONE',  ( 33.98019955212699728, 7.249358620321202373, -4.091823013575937473 ) ) ;
#6375 = EDGE_CURVE ( 'NONE', #1733, #5636, #1602, .T. ) ;
#6376 = CARTESIAN_POINT ( 'NONE',  ( -19.17590385299930134, 43.17943250467751426, 12.49999999999999822 ) ) ;
#6377 = EDGE_LOOP ( 'NONE', ( #5755, #5685, #3625 ) ) ;
#6378 = ORIENTED_EDGE ( 'NONE', *, *, #5648, .T. ) ;
#6379 = CARTESIAN_POINT ( 'NONE',  ( -43.86491787956968835, -19.49490265424405067, -20.87902610300148964 ) ) ;
#6380 = ORIENTED_EDGE ( 'NONE', *, *, #5489, .F. ) ;
#6381 = ORIENTED_EDGE ( 'NONE', *, *, #3238, .F. ) ;
#6382 = EDGE_CURVE ( 'NONE', #3382, #1917, #7728, .T. ) ;
#6383 = CIRCLE ( 'NONE', #6113, 2.850000000000000089 ) ;
#6384 = CARTESIAN_POINT ( 'NONE',  ( 50.42090587922739786, 24.43381056977455046, -22.15000000000000213 ) ) ;
#6385 = LINE ( 'NONE', #717, #6903 ) ;
#6386 = CARTESIAN_POINT ( 'NONE',  ( 26.51187246540082754, 29.37032337709918295, 12.49999999999999822 ) ) ;
#6387 = DIRECTION ( 'NONE',  ( 1.000000000000000000, 0.000000000000000000, 0.000000000000000000 ) ) ;
#6388 = ORIENTED_EDGE ( 'NONE', *, *, #6512, .F. ) ;
#6389 = DIRECTION ( 'NONE',  ( -1.000000000000000000, 0.000000000000000000, 0.000000000000000000 ) ) ;
#6390 = CARTESIAN_POINT ( 'NONE',  ( 49.99985603089471908, 32.77413630392501886, -3.605602260953533200 ) ) ;
#6392 = ORIENTED_EDGE ( 'NONE', *, *, #3626, .T. ) ;
#6391 = VERTEX_POINT ( 'NONE', #2521 ) ;
#6393 = ORIENTED_EDGE ( 'NONE', *, *, #1121, .T. ) ;
#6394 = CARTESIAN_POINT ( 'NONE',  ( 46.94055030491804814, 32.27156565995156257, -3.212004222436768863 ) ) ;
#6395 = CARTESIAN_POINT ( 'NONE',  ( 9.630498711763927133, 11.53325383155556061, 18.09999999999999787 ) ) ;
#6396 = DIRECTION ( 'NONE',  ( 0.000000000000000000, 0.000000000000000000, 1.000000000000000000 ) ) ;
#6397 = CARTESIAN_POINT ( 'NONE',  ( 42.48390781074238731, 34.32782867392484150, 0.8272401976826296854 ) ) ;
#6398 = VERTEX_POINT ( 'NONE', #1260 ) ;
#6399 = AXIS2_PLACEMENT_3D ( 'NONE', #3968, #794, #6545 ) ;
#6400 =( BOUNDED_SURFACE ( )  B_SPLINE_SURFACE ( 3, 2, ( 
 ( #3230, #2612, #704 ),
 ( #7731, #2567, #8366 ),
 ( #5771, #2694, #7899 ),
 ( #3317, #787, #7812 ) ),
 .UNSPECIFIED., .F., .F., .T. ) 
 B_SPLINE_SURFACE_WITH_KNOTS ( ( 4, 4 ),
 ( 3, 3 ),
 ( -1.128264148775315334E-14, 0.01225325499469455924 ),
 ( 0.09645970295006664474, 1.000000000000000000 ),
 .UNSPECIFIED. ) 
 GEOMETRIC_REPRESENTATION_ITEM ( )  RATIONAL_B_SPLINE_SURFACE ( (
 ( 0.9496779006537822143, 0.7391548086548249685, 1.000000000000000000),
 ( 0.9496272029848416008, 0.7388920166940883272, 1.000000000000000000),
 ( 0.9495866748396926127, 0.7386819385790344139, 1.000000000000000000),
 ( 0.9495518297158440646, 0.7385013184714503964, 1.000000000000000000) ) ) 
 REPRESENTATION_ITEM ( '' )  SURFACE ( )  );
#6401 = CARTESIAN_POINT ( 'NONE',  ( 0.6304987117639266891, 6.959150220622822403, 11.09999999999999787 ) ) ;
#6402 = DIRECTION ( 'NONE',  ( -0.000000000000000000, -0.000000000000000000, 1.000000000000000000 ) ) ;
#6403 = FACE_OUTER_BOUND ( 'NONE', #314, .T. ) ;
#6404 = DIRECTION ( 'NONE',  ( 0.8718344350502134077, 0.3871381283276792429, 0.3000479752566519998 ) ) ;
#6405 = DIRECTION ( 'NONE',  ( -0.4058374489394923068, 0.9139452746408205375, 0.000000000000000000 ) ) ;
#6406 = DIRECTION ( 'NONE',  ( 1.000000000000000000, 0.000000000000000000, 0.000000000000000000 ) ) ;
#6407 = CARTESIAN_POINT ( 'NONE',  ( 49.16655220279973548, 22.33053156747663337, -14.70000000000004547 ) ) ;
#6408 = B_SPLINE_CURVE_WITH_KNOTS ( 'NONE', 3,
 ( #2605, #2645, #7046, #3273 ),
 .UNSPECIFIED., .F., .F.,
 ( 4, 4 ),
 ( -9.274943283201991854E-07, 0.09360275521591553127 ),
 .UNSPECIFIED. ) ;
#6409 = CARTESIAN_POINT ( 'NONE',  ( 27.56338665886103811, 12.23952334581621848, -14.70000000000000284 ) ) ;
#6410 = CARTESIAN_POINT ( 'NONE',  ( 9.563283208916278255, 3.026677955754076166, -89.50000000000001421 ) ) ;
#6411 = CARTESIAN_POINT ( 'NONE',  ( 34.83751689389019646, 25.13656908742246898, -4.914506795439191222 ) ) ;
#6412 = ORIENTED_EDGE ( 'NONE', *, *, #4994, .T. ) ;
#6413 = EDGE_CURVE ( 'NONE', #255, #1107, #5364, .T. ) ;
#6414 = EDGE_LOOP ( 'NONE', ( #4991, #636, #1272 ) ) ;
#6415 = DIRECTION ( 'NONE',  ( -0.000000000000000000, -0.000000000000000000, 1.000000000000000000 ) ) ;
#6416 = ADVANCED_FACE ( 'NONE', ( #1972 ), #6323, .F. ) ;
#6417 = EDGE_CURVE ( 'NONE', #6086, #7064, #1386, .T. ) ;
#6418 = VERTEX_POINT ( 'NONE', #7935 ) ;
#6419 = VERTEX_POINT ( 'NONE', #2179 ) ;
#6420 = EDGE_CURVE ( 'NONE', #7237, #5293, #1465, .T. ) ;
#6421 = CARTESIAN_POINT ( 'NONE',  ( 29.62951795730058180, 34.85968845142074457, 12.10000000000029985 ) ) ;
#6422 = DIRECTION ( 'NONE',  ( 1.000000000000000000, 0.000000000000000000, 0.000000000000000000 ) ) ;
#6423 = PLANE ( 'NONE',  #6614 ) ;
#6424 = CARTESIAN_POINT ( 'NONE',  ( -18.06950128823605439, 31.13800383155554385, 18.09999999999999787 ) ) ;
#6425 = ADVANCED_FACE ( 'NONE', ( #5898 ), #3480, .F. ) ;
#6426 = EDGE_LOOP ( 'NONE', ( #2769, #8217, #1745, #1534 ) ) ;
#6427 = DIRECTION ( 'NONE',  ( -0.000000000000000000, -0.000000000000000000, -1.000000000000000000 ) ) ;
#6428 = CARTESIAN_POINT ( 'NONE',  ( 31.30780183344853640, 5.632941828766304226, -10.29121836409531277 ) ) ;
#6429 = EDGE_CURVE ( 'NONE', #84, #7722, #1243, .T. ) ;
#6431 = EDGE_LOOP ( 'NONE', ( #766, #6262, #6412, #7738 ) ) ;
#6430 = ORIENTED_EDGE ( 'NONE', *, *, #4434, .F. ) ;
#6432 = EDGE_LOOP ( 'NONE', ( #3712, #6228, #7504, #7959 ) ) ;
#6433 = CARTESIAN_POINT ( 'NONE',  ( 50.60184818803239182, 24.02632878477160361, -13.56279912685676514 ) ) ;
#6434 = CARTESIAN_POINT ( 'NONE',  ( 35.10163564237019784, 33.13178442673525836, -13.14809138724559645 ) ) ;
#6435 = DIRECTION ( 'NONE',  ( 1.734723475976806601E-16, -1.000000000000000000, 0.000000000000000000 ) ) ;
#6436 = CARTESIAN_POINT ( 'NONE',  ( 7.186952852967609218, 46.43450517825943535, 20.10000000000000142 ) ) ;
#6437 = ORIENTED_EDGE ( 'NONE', *, *, #715, .F. ) ;
#6438 =( NAMED_UNIT ( * ) SI_UNIT ( $, .STERADIAN. ) SOLID_ANGLE_UNIT ( ) );
#6440 = B_SPLINE_CURVE_WITH_KNOTS ( 'NONE', 3,
 ( #6439, #7212, #692, #647 ),
 .UNSPECIFIED., .F., .F.,
 ( 4, 4 ),
 ( 0.000000000000000000, 1.000000000000000000 ),
 .UNSPECIFIED. ) ;
#6439 = CARTESIAN_POINT ( 'NONE',  ( -48.84294689279367674, -8.284389416616669166, -2.675592887096549077 ) ) ;
#6441 = CARTESIAN_POINT ( 'NONE',  ( -47.98248769931526425, -1.036071813267821273, 1.255533891393108226 ) ) ;
#6442 = CARTESIAN_POINT ( 'NONE',  ( 19.15718581380139440, 30.20944879321481480, -14.70000000000000284 ) ) ;
#6443 = EDGE_LOOP ( 'NONE', ( #4909, #4025, #4071, #4165, #7870, #2495 ) ) ;
#6444 = CARTESIAN_POINT ( 'NONE',  ( 45.61478567276765261, 23.95650913046150521, -4.903753384544351057 ) ) ;
#6445 = DIRECTION ( 'NONE',  ( 0.2742274291513641105, 0.1217707048376172468, -0.9539241125710071767 ) ) ;
#6446 = CARTESIAN_POINT ( 'NONE',  ( 29.74241460900789846, 27.25071830426368535, 5.499999999999999112 ) ) ;
#6447 = DIRECTION ( 'NONE',  ( 1.000000000000000000, 0.000000000000000000, 0.000000000000000000 ) ) ;
#6448 = DIRECTION ( 'NONE',  ( 1.000000000000000000, 0.000000000000000000, 0.000000000000000000 ) ) ;
#6449 = VECTOR ( 'NONE', #6404, 1000.000000000000000 ) ;
#6450 = LINE ( 'NONE', #1933, #946 ) ;
#6451 = DIRECTION ( 'NONE',  ( -0.000000000000000000, -0.000000000000000000, -1.000000000000000000 ) ) ;
#6452 = VECTOR ( 'NONE', #4560, 1000.000000000000000 ) ;
#6453 = CARTESIAN_POINT ( 'NONE',  ( -1.374106771306977892, -0.5592660666727979901, 22.50000000000000000 ) ) ;
#6454 = CARTESIAN_POINT ( 'NONE',  ( 29.94461842825869269, 9.310793991172259254, 16.50113781887416664 ) ) ;
#6455 = AXIS2_PLACEMENT_3D ( 'NONE', #2597, #5162, #1802 ) ;
#6456 = ORIENTED_EDGE ( 'NONE', *, *, #5539, .F. ) ;
#6457 = ORIENTED_EDGE ( 'NONE', *, *, #235, .T. ) ;
#6458 = CARTESIAN_POINT ( 'NONE',  ( -40.54095970802679005, -18.35630852691025794, -20.04512421095780184 ) ) ;
#6459 = VERTEX_POINT ( 'NONE', #191 ) ;
#6460 = ORIENTED_EDGE ( 'NONE', *, *, #2309, .T. ) ;
#6461 = CARTESIAN_POINT ( 'NONE',  ( 38.13338489074126159, 26.60009945077927895, -3.183803752492271322 ) ) ;
#6462 = EDGE_CURVE ( 'NONE', #5630, #6032, #4001, .T. ) ;
#6463 = CARTESIAN_POINT ( 'NONE',  ( -18.42235263888314378, 47.39760212532419814, 20.10000000000000142 ) ) ;
#6464 = DIRECTION ( 'NONE',  ( -0.000000000000000000, -0.000000000000000000, 1.000000000000000000 ) ) ;
#6465 = EDGE_CURVE ( 'NONE', #7146, #2755, #3474, .T. ) ;
#6466 = CARTESIAN_POINT ( 'NONE',  ( 41.51983329496078312, 24.05546961002614026, 2.450628444198687195 ) ) ;
#6467 = EDGE_LOOP ( 'NONE', ( #6393, #644 ) ) ;
#6468 = AXIS2_PLACEMENT_3D ( 'NONE', #5024, #5525, #2945 ) ;
#6469 = AXIS2_PLACEMENT_3D ( 'NONE', #5152, #6464, #673 ) ;
#6470 = CARTESIAN_POINT ( 'NONE',  ( 33.86470363437396713, 36.49095531589560437, 7.621130617561807874 ) ) ;
#6471 = CARTESIAN_POINT ( 'NONE',  ( -18.06950128823605439, 31.13800383155554385, 12.49999999999999822 ) ) ;
#6473 = ORIENTED_EDGE ( 'NONE', *, *, #6164, .T. ) ;
#6472 = ORIENTED_EDGE ( 'NONE', *, *, #7555, .F. ) ;
#6474 = ORIENTED_EDGE ( 'NONE', *, *, #6156, .T. ) ;
#6475 = DIRECTION ( 'NONE',  ( 0.000000000000000000, 0.000000000000000000, -1.000000000000000000 ) ) ;
#6476 = DIRECTION ( 'NONE',  ( 1.000000000000000000, -0.000000000000000000, 0.000000000000000000 ) ) ;
#6477 = LINE ( 'NONE', #5163, #4815 ) ;
#6478 = CARTESIAN_POINT ( 'NONE',  ( -36.03854454127931461, -14.97106586126394490, 5.276290693806723553 ) ) ;
#6479 = VECTOR ( 'NONE', #7211, 1000.000000000000227 ) ;
#6480 = EDGE_LOOP ( 'NONE', ( #4687, #3853, #4346, #7521 ) ) ;
#6481 = CARTESIAN_POINT ( 'NONE',  ( -5.652632605177709380, 13.38458374406212670, -6.281814626196215556 ) ) ;
#6482 = CARTESIAN_POINT ( 'NONE',  ( 51.24043582057530699, 22.58823047538247408, -20.04435110445156809 ) ) ;
#6483 = CIRCLE ( 'NONE', #674, 2.875000000000002665 ) ;
#6484 = AXIS2_PLACEMENT_3D ( 'NONE', #2353, #2975, #3535 ) ;
#6485 = CARTESIAN_POINT ( 'NONE',  ( -2.569501288236065495, 15.63800383155555096, -12.50000000000000178 ) ) ;
#6486 = EDGE_CURVE ( 'NONE', #8129, #7905, #3315, .T. ) ;
#6487 = LINE ( 'NONE', #7646, #5661 ) ;
#6488 = EDGE_LOOP ( 'NONE', ( #1540, #7962, #987, #202 ) ) ;
#6489 = DIRECTION ( 'NONE',  ( 1.000000000000000000, 0.000000000000000000, 0.000000000000000000 ) ) ;
#6490 = CARTESIAN_POINT ( 'NONE',  ( 29.60259927873201846, 31.00979262668564118, 20.10000000000000142 ) ) ;
#6491 = CARTESIAN_POINT ( 'NONE',  ( -28.30510818986649468, 9.133814558075043166, -14.70000000000000284 ) ) ;
#6492 = CARTESIAN_POINT ( 'NONE',  ( -2.569501288236065495, 15.63800383155555096, 12.49999999999999822 ) ) ;
#6493 = CIRCLE ( 'NONE', #2845, 1.500000000000001332 ) ;
#6494 = CARTESIAN_POINT ( 'NONE',  ( 47.40988170684758529, 22.59048958552574859, -22.13619748345076488 ) ) ;
#6495 = CARTESIAN_POINT ( 'NONE',  ( -43.94485346349433996, -19.31488784931540437, -21.25607010062777391 ) ) ;
#6496 = EDGE_CURVE ( 'NONE', #2113, #4720, #230, .T. ) ;
#6497 = DIRECTION ( 'NONE',  ( -0.4058374489394846463, 0.9139452746408242012, -0.000000000000000000 ) ) ;
#6498 = FACE_OUTER_BOUND ( 'NONE', #2066, .T. ) ;
#6499 = CARTESIAN_POINT ( 'NONE',  ( 34.18744663152218521, 8.082514406604602186, 5.815134633556223953 ) ) ;
#6500 = CARTESIAN_POINT ( 'NONE',  ( 39.87910269125998752, 16.88174564242236997, -8.705050485631756985 ) ) ;
#6501 = VECTOR ( 'NONE', #3211, 1000.000000000000000 ) ;
#6502 = EDGE_LOOP ( 'NONE', ( #1806, #5008 ) ) ;
#6503 = EDGE_CURVE ( 'NONE', #120, #6010, #3655, .T. ) ;
#6504 = VERTEX_POINT ( 'NONE', #7349 ) ;
#6505 = CARTESIAN_POINT ( 'NONE',  ( -40.55720774163581410, -18.31971798166122412, -20.58272969854866119 ) ) ;
#6506 = AXIS2_PLACEMENT_3D ( 'NONE', #7053, #1263, #7610 ) ;
#6507 = VERTEX_POINT ( 'NONE', #4085 ) ;
#6508 = ORIENTED_EDGE ( 'NONE', *, *, #6808, .T. ) ;
#6509 = B_SPLINE_CURVE_WITH_KNOTS ( 'NONE', 3,
 ( #5446, #6080, #4141, #3544 ),
 .UNSPECIFIED., .F., .F.,
 ( 4, 4 ),
 ( 0.000000000000000000, 1.000000000000000000 ),
 .UNSPECIFIED. ) ;
#6510 = DIRECTION ( 'NONE',  ( 0.8921444832232210409, 0.3961568063241389659, -0.2171128873591582353 ) ) ;
#6511 = CARTESIAN_POINT ( 'NONE',  ( 34.46005763278733269, 33.58642074155849855, 6.000000000000411227 ) ) ;
#6512 = EDGE_CURVE ( 'NONE', #4817, #7978, #4960, .T. ) ;
#6513 = CARTESIAN_POINT ( 'NONE',  ( 46.44578014024421719, 40.77790942654582551, -2.675592887094392580 ) ) ;
#6514 = CARTESIAN_POINT ( 'NONE',  ( 49.09424007021529235, 11.77243430300239169, -3.183803752492270878 ) ) ;
#6515 = EDGE_LOOP ( 'NONE', ( #4937, #8049, #519, #7805, #3896, #3554 ) ) ;
#6516 = CIRCLE ( 'NONE', #3828, 17.00000000000000000 ) ;
#6517 = LINE ( 'NONE', #7112, #1369 ) ;
#6518 = EDGE_CURVE ( 'NONE', #5721, #4752, #6043, .T. ) ;
#6519 = CARTESIAN_POINT ( 'NONE',  ( 52.48063620515413419, 27.18742338817157389, -9.328525272425080672 ) ) ;
#6520 = ORIENTED_EDGE ( 'NONE', *, *, #7854, .F. ) ;
#6521 = EDGE_CURVE ( 'NONE', #3460, #504, #2409, .T. ) ;
#6522 = ORIENTED_EDGE ( 'NONE', *, *, #6375, .T. ) ;
#6523 = CARTESIAN_POINT ( 'NONE',  ( -46.68095142744451920, -20.54532184745498924, -21.26295709812813328 ) ) ;
#6524 = ADVANCED_FACE ( 'NONE', ( #2053 ), #4626, .F. ) ;
#6525 = CARTESIAN_POINT ( 'NONE',  ( -44.82203864707316399, -2.624681370721262841, -25.68553390593274344 ) ) ;
#6526 = CARTESIAN_POINT ( 'NONE',  ( -37.12602570582778583, -15.28801807570575733, 4.361897799575116252 ) ) ;
#6527 = VERTEX_POINT ( 'NONE', #781 ) ;
#6528 = ADVANCED_FACE ( 'NONE', ( #7980 ), #5943, .F. ) ;
#6529 = CARTESIAN_POINT ( 'NONE',  ( 0.000000000000000000, 0.000000000000000000, 0.000000000000000000 ) ) ;
#6530 = CARTESIAN_POINT ( 'NONE',  ( 0.000000000000000000, 0.000000000000000000, -14.70000000000000284 ) ) ;
#6531 = DIRECTION ( 'NONE',  ( -1.000000000000000000, 0.000000000000000000, 0.000000000000000000 ) ) ;
#6532 = CARTESIAN_POINT ( 'NONE',  ( -28.86285952746079531, 3.462880363371011683, -15.33876833389873084 ) ) ;
#6533 = ORIENTED_EDGE ( 'NONE', *, *, #4864, .T. ) ;
#6534 = DIRECTION ( 'NONE',  ( -0.4058374489394832585, 0.9139452746408246453, 0.000000000000000000 ) ) ;
#6535 = FACE_OUTER_BOUND ( 'NONE', #2548, .T. ) ;
#6536 = AXIS2_PLACEMENT_3D ( 'NONE', #1012, #4300, #6163 ) ;
#6537 = DIRECTION ( 'NONE',  ( 1.000000000000000000, 0.000000000000000000, 0.000000000000000000 ) ) ;
#6538 = LINE ( 'NONE', #829, #4143 ) ;
#6539 = CARTESIAN_POINT ( 'NONE',  ( 49.39523227725356946, 21.81554441191041960, -21.09685713910378269 ) ) ;
#6540 = CARTESIAN_POINT ( 'NONE',  ( -43.86491787956969546, -19.49490265424405422, -20.87902610300148964 ) ) ;
#6541 = VECTOR ( 'NONE', #8076, 1000.000000000000000 ) ;
#6542 = CARTESIAN_POINT ( 'NONE',  ( 46.44578014024423140, 40.77790942654581130, -2.675592887094385475 ) ) ;
#6543 = CYLINDRICAL_SURFACE ( 'NONE', #1805, 2.874999999999999112 ) ;
#6544 = DIRECTION ( 'NONE',  ( -0.000000000000000000, -0.000000000000000000, 1.000000000000000000 ) ) ;
#6545 = DIRECTION ( 'NONE',  ( 0.9139452746408239792, 0.4058374489394845908, 0.000000000000000000 ) ) ;
#6546 = VERTEX_POINT ( 'NONE', #913 ) ;
#6547 = CIRCLE ( 'NONE', #3844, 2.099999999999993872 ) ;
#6548 = ORIENTED_EDGE ( 'NONE', *, *, #6887, .F. ) ;
#6549 = CARTESIAN_POINT ( 'NONE',  ( -23.10050218603879912, 23.54230659235769707, 12.49999999999999822 ) ) ;
#6550 = ORIENTED_CLOSED_SHELL ( 'NONE', *, #2969, .F. );
#6551 = EDGE_LOOP ( 'NONE', ( #1488, #1550, #1860, #1245 ) ) ;
#6552 = PLANE ( 'NONE',  #3772 ) ;
#6553 = ORIENTED_EDGE ( 'NONE', *, *, #8193, .F. ) ;
#6554 = DIRECTION ( 'NONE',  ( -1.000000000000000000, 0.000000000000000000, 0.000000000000000000 ) ) ;
#6555 = DIRECTION ( 'NONE',  ( 0.000000000000000000, 0.000000000000000000, -1.000000000000000000 ) ) ;
#6556 = ORIENTED_EDGE ( 'NONE', *, *, #1413, .F. ) ;
#6557 = DIRECTION ( 'NONE',  ( -0.000000000000000000, -0.000000000000000000, -1.000000000000000000 ) ) ;
#6558 = DIRECTION ( 'NONE',  ( -0.000000000000000000, -0.000000000000000000, -1.000000000000000000 ) ) ;
#6559 = VERTEX_POINT ( 'NONE', #4666 ) ;
#6560 = VERTEX_POINT ( 'NONE', #7262 ) ;
#6561 = EDGE_CURVE ( 'NONE', #930, #1202, #150, .T. ) ;
#6562 = LINE ( 'NONE', #640, #6501 ) ;
#6563 = DIRECTION ( 'NONE',  ( -0.000000000000000000, -0.000000000000000000, -1.000000000000000000 ) ) ;
#6564 = DIRECTION ( 'NONE',  ( 0.000000000000000000, 0.000000000000000000, -1.000000000000000000 ) ) ;
#6565 = CARTESIAN_POINT ( 'NONE',  ( 49.39523227725356946, 21.81554441191041960, -21.09685713910378269 ) ) ;
#6566 = AXIS2_PLACEMENT_3D ( 'NONE', #7797, #2677, #5883 ) ;
#6567 = ORIENTED_EDGE ( 'NONE', *, *, #119, .T. ) ;
#6568 = DIRECTION ( 'NONE',  ( 0.000000000000000000, 0.000000000000000000, -1.000000000000000000 ) ) ;
#6569 = B_SPLINE_SURFACE_WITH_KNOTS ( 'NONE', 3, 1, ( 
 ( #7559, #2480 ),
 ( #1851, #2440 ),
 ( #8236, #2398 ),
 ( #3060, #6963 ) ),
 .UNSPECIFIED., .F., .F., .F.,
 ( 4, 4 ),
 ( 2, 2 ),
 ( 0.000000000000000000, 1.000000000000000000 ),
 ( 0.000000000000000000, 1.000000000000000000 ),
 .UNSPECIFIED. ) ;
#6570 = CARTESIAN_POINT ( 'NONE',  ( -31.11285952746079531, 3.462880363371011683, -17.14999999999996660 ) ) ;
#6571 = CARTESIAN_POINT ( 'NONE',  ( 43.12938447285910826, 40.85430491229251970, -3.097864185165809747 ) ) ;
#6572 = VERTEX_POINT ( 'NONE', #2221 ) ;
#6573 = CARTESIAN_POINT ( 'NONE',  ( 44.05868166087905990, 20.22020811645342064, -8.482673759312694628 ) ) ;
#6574 = CARTESIAN_POINT ( 'NONE',  ( -5.849297796380185765, 13.33757324887741369, 5.999999999998425260 ) ) ;
#6575 = CARTESIAN_POINT ( 'NONE',  ( 0.1480983826556548366, -0.3335173167576945819, -14.70000000000000284 ) ) ;
#6576 = CARTESIAN_POINT ( 'NONE',  ( -45.06957858808838324, -8.157866177893131621, -22.15000000000000213 ) ) ;
#6577 = CARTESIAN_POINT ( 'NONE',  ( 49.45223850275406363, 21.68716648484273435, -20.71785467365279487 ) ) ;
#6578 = CARTESIAN_POINT ( 'NONE',  ( 15.08649960956662639, 7.733701070753433271, 18.09999999999999787 ) ) ;
#6579 = EDGE_CURVE ( 'NONE', #473, #6188, #5362, .T. ) ;
#6580 = CARTESIAN_POINT ( 'NONE',  ( -8.049818085922090916, 18.12817723098731193, -22.15000000000000213 ) ) ;
#6581 = CARTESIAN_POINT ( 'NONE',  ( -48.22933300166319981, -5.624382017152236735, -0.7677157075141179954 ) ) ;
#6582 = CARTESIAN_POINT ( 'NONE',  ( 43.31566850058818829, 40.43479358496441023, -2.927881913500061106 ) ) ;
#6583 = CARTESIAN_POINT ( 'NONE',  ( -15.71043160806772221, -8.588161781198786926, -14.66179662011821883 ) ) ;
#6584 = ORIENTED_EDGE ( 'NONE', *, *, #3169, .F. ) ;
#6585 = AXIS2_PLACEMENT_3D ( 'NONE', #5980, #2132, #5386 ) ;
#6586 = DIRECTION ( 'NONE',  ( 0.000000000000000000, 0.000000000000000000, -1.000000000000000000 ) ) ;
#6587 = EDGE_LOOP ( 'NONE', ( #4897, #2217 ) ) ;
#6588 = CARTESIAN_POINT ( 'NONE',  ( -40.69129551147651114, -18.01775254216501310, -21.32051342069055977 ) ) ;
#6589 = CARTESIAN_POINT ( 'NONE',  ( -11.66950128823607002, 0.000000000000000000, 16.60000000000000142 ) ) ;
#6590 = VECTOR ( 'NONE', #3093, 1000.000000000000000 ) ;
#6591 = FACE_OUTER_BOUND ( 'NONE', #5624, .T. ) ;
#6592 = ORIENTED_EDGE ( 'NONE', *, *, #6171, .T. ) ;
#6593 = CARTESIAN_POINT ( 'NONE',  ( -4.397281045466760574, 9.902669759219921986, -14.70000000000000284 ) ) ;
#6594 = CARTESIAN_POINT ( 'NONE',  ( 42.75203305023993039, 18.58476219081108383, -10.29223197157957337 ) ) ;
#6595 = ORIENTED_EDGE ( 'NONE', *, *, #3249, .F. ) ;
#6596 = CARTESIAN_POINT ( 'NONE',  ( -41.89812888095109855, -18.95985973765227683, -20.04617264295103496 ) ) ;
#6597 = EDGE_CURVE ( 'NONE', #2039, #3369, #7273, .T. ) ;
#6598 = CARTESIAN_POINT ( 'NONE',  ( 53.44378988093320260, 25.01840287754310310, -14.25296070978395058 ) ) ;
#6599 = ORIENTED_EDGE ( 'NONE', *, *, #7277, .T. ) ;
#6600 = CARTESIAN_POINT ( 'NONE',  ( 24.84885695098861547, 27.81312729974014886, -17.14999999999996660 ) ) ;
#6601 = DIRECTION ( 'NONE',  ( -0.000000000000000000, -0.000000000000000000, 1.000000000000000000 ) ) ;
#6602 = CARTESIAN_POINT ( 'NONE',  ( -39.95890931169530091, -16.92931517415447829, 1.548411808019203306 ) ) ;
#6603 = CARTESIAN_POINT ( 'NONE',  ( -28.93535782782772969, -8.067967451926937983, 14.15653576780039380 ) ) ;
#6604 = VERTEX_POINT ( 'NONE', #3530 ) ;
#6605 = CARTESIAN_POINT ( 'NONE',  ( 2.130498711763925357, 23.60496686648925646, 12.49999999999999822 ) ) ;
#6606 = AXIS2_PLACEMENT_3D ( 'NONE', #3377, #7281, #4058 ) ;
#6607 = CIRCLE ( 'NONE', #5790, 2.000000000000000000 ) ;
#6608 = CARTESIAN_POINT ( 'NONE',  ( 46.58413915641863667, 33.07420298642686873, -2.886959476956739490 ) ) ;
#6609 = FACE_OUTER_BOUND ( 'NONE', #2202, .T. ) ;
#6610 = ORIENTED_EDGE ( 'NONE', *, *, #4998, .F. ) ;
#6611 = VERTEX_POINT ( 'NONE', #322 ) ;
#6612 = DIRECTION ( 'NONE',  ( -3.469446951953614189E-16, 1.000000000000000000, 0.000000000000000000 ) ) ;
#6613 = VECTOR ( 'NONE', #3149, 1000.000000000000000 ) ;
#6614 = AXIS2_PLACEMENT_3D ( 'NONE', #4401, #631, #6984 ) ;
#6615 = CARTESIAN_POINT ( 'NONE',  ( -16.52595542943953077, -15.15849751514841337, 15.09999999999999964 ) ) ;
#6616 = LINE ( 'NONE', #2564, #527 ) ;
#6617 = FACE_OUTER_BOUND ( 'NONE', #598, .T. ) ;
#6618 = CARTESIAN_POINT ( 'NONE',  ( 34.56294544424517312, 10.38910761721626486, 8.580004513971317692 ) ) ;
#6619 = CARTESIAN_POINT ( 'NONE',  ( -18.42235263888314378, 47.39760212532419814, 15.59999999999999964 ) ) ;
#6620 = AXIS2_PLACEMENT_3D ( 'NONE', #7314, #7226, #1472 ) ;
#6621 = VECTOR ( 'NONE', #7235, 999.9999999999998863 ) ;
#6622 = CARTESIAN_POINT ( 'NONE',  ( 7.560498711763927737, -1.451996168444436464, 20.10000000000000142 ) ) ;
#6623 = CARTESIAN_POINT ( 'NONE',  ( 12.93049871176392429, 0.1380038315555598971, 12.49999999999999822 ) ) ;
#6624 = CARTESIAN_POINT ( 'NONE',  ( 43.70394431632191612, 39.56039707972697528, -2.675592887096305716 ) ) ;
#6625 = DIRECTION ( 'NONE',  ( -0.6734051375846845655, -0.2990255879899525460, 0.6760985271406935171 ) ) ;
#6626 = EDGE_CURVE ( 'NONE', #3177, #5579, #1137, .T. ) ;
#6627 = ORIENTED_EDGE ( 'NONE', *, *, #1316, .F. ) ;
#6628 = AXIS2_PLACEMENT_3D ( 'NONE', #7242, #6557, #679 ) ;
#6629 = CARTESIAN_POINT ( 'NONE',  ( 33.77328766164396256, 14.27288623588186134, -10.50891412698026528 ) ) ;
#6630 = EDGE_CURVE ( 'NONE', #3285, #3031, #402, .T. ) ;
#6631 = VERTEX_POINT ( 'NONE', #4167 ) ;
#6632 = CARTESIAN_POINT ( 'NONE',  ( -40.72542862821734388, -17.94088481880540442, -21.42914320882807644 ) ) ;
#6633 = ADVANCED_FACE ( 'NONE', ( #3694 ), #6825, .F. ) ;
#6634 = AXIS2_PLACEMENT_3D ( 'NONE', #5583, #6300, #510 ) ;
#6635 = ORIENTED_EDGE ( 'NONE', *, *, #8295, .T. ) ;
#6636 = EDGE_CURVE ( 'NONE', #2454, #1161, #6720, .T. ) ;
#6637 = CARTESIAN_POINT ( 'NONE',  ( 12.93049871176392429, 31.13800383155554385, 12.49999999999999822 ) ) ;
#6638 = EDGE_LOOP ( 'NONE', ( #4634, #4737, #1479, #2838 ) ) ;
#6639 = VERTEX_POINT ( 'NONE', #7429 ) ;
#6640 = VECTOR ( 'NONE', #1344, 1000.000000000000227 ) ;
#6641 = CARTESIAN_POINT ( 'NONE',  ( 41.46481423349250406, 18.01317260518630192, -13.86407909775793534 ) ) ;
#6642 = ORIENTED_EDGE ( 'NONE', *, *, #4398, .T. ) ;
#6643 = DIRECTION ( 'NONE',  ( -0.000000000000000000, 0.000000000000000000, 1.000000000000000000 ) ) ;
#6644 = DIRECTION ( 'NONE',  ( -0.000000000000000000, -0.000000000000000000, -1.000000000000000000 ) ) ;
#6645 = ORIENTED_EDGE ( 'NONE', *, *, #5560, .T. ) ;
#6646 = CARTESIAN_POINT ( 'NONE',  ( 40.04612097735571297, 20.04130285730677130, 2.772179623620942390 ) ) ;
#6647 = DIRECTION ( 'NONE',  ( 0.9139452746408238681, 0.4058374489394849793, 0.000000000000000000 ) ) ;
#6648 = CARTESIAN_POINT ( 'NONE',  ( -31.86958853645948508, -7.812984175789372543, 12.10000000000029274 ) ) ;
#6649 = CARTESIAN_POINT ( 'NONE',  ( 49.46622730479616337, 21.65566372540624585, -20.58494765305765739 ) ) ;
#6650 = ORIENTED_EDGE ( 'NONE', *, *, #4792, .T. ) ;
#6651 = DIRECTION ( 'NONE',  ( -0.4058374489394846463, 0.9139452746408242012, -0.000000000000000000 ) ) ;
#6652 = CARTESIAN_POINT ( 'NONE',  ( 47.61483506910165175, 30.75307746819330035, -4.077197461567558356 ) ) ;
#6653 = CARTESIAN_POINT ( 'NONE',  ( 50.47900918386560676, 24.30296202227395597, -22.15000000000000924 ) ) ;
#6654 = VERTEX_POINT ( 'NONE', #3567 ) ;
#6655 = EDGE_LOOP ( 'NONE', ( #6508, #730, #6522, #891 ) ) ;
#6656 = VECTOR ( 'NONE', #4264, 999.9999999999998863 ) ;
#6657 = LINE ( 'NONE', #7979, #7331 ) ;
#6658 = CARTESIAN_POINT ( 'NONE',  ( -43.34979709805854498, -17.37359560368177824, -22.15000000000000213 ) ) ;
#6659 = DIRECTION ( 'NONE',  ( -0.000000000000000000, -0.000000000000000000, 1.000000000000000000 ) ) ;
#6660 = DIRECTION ( 'NONE',  ( -0.000000000000000000, 0.000000000000000000, 1.000000000000000000 ) ) ;
#6661 = DIRECTION ( 'NONE',  ( 0.000000000000000000, 0.000000000000000000, 1.000000000000000000 ) ) ;
#6662 = CARTESIAN_POINT ( 'NONE',  ( 41.75736980498162154, 18.14308192262636510, -13.14809138725793858 ) ) ;
#6663 = CIRCLE ( 'NONE', #6254, 1.050000000000000488 ) ;
#6664 = CARTESIAN_POINT ( 'NONE',  ( -47.04777427502818199, -19.71923739158713929, -14.55985207638248546 ) ) ;
#6665 = CARTESIAN_POINT ( 'NONE',  ( -35.62450437646651835, 22.30218152664974696, 15.59999999999999964 ) ) ;
#6666 = CYLINDRICAL_SURFACE ( 'NONE', #7438, 2.000000000000000000 ) ;
#6667 = LINE ( 'NONE', #2189, #7080 ) ;
#6668 = ORIENTED_EDGE ( 'NONE', *, *, #2395, .F. ) ;
#6669 = FACE_BOUND ( 'NONE', #1735, .T. ) ;
#6670 = ORIENTED_EDGE ( 'NONE', *, *, #4984, .T. ) ;
#6671 = CARTESIAN_POINT ( 'NONE',  ( -36.67450437646652261, 22.30218152664974696, 15.59999999999999964 ) ) ;
#6672 = ADVANCED_FACE ( 'NONE', ( #4919 ), #2891, .F. ) ;
#6673 = FACE_OUTER_BOUND ( 'NONE', #1954, .T. ) ;
#6674 = CIRCLE ( 'NONE', #463, 30.00000000000000000 ) ;
#6675 = DIRECTION ( 'NONE',  ( -1.000000000000000000, 0.000000000000000000, 0.000000000000000000 ) ) ;
#6676 = EDGE_LOOP ( 'NONE', ( #5488, #4109 ) ) ;
#6677 = CYLINDRICAL_SURFACE ( 'NONE', #8375, 5.999999999999995559 ) ;
#6678 = EDGE_LOOP ( 'NONE', ( #5881, #5451, #797, #2108 ) ) ;
#6679 = AXIS2_PLACEMENT_3D ( 'NONE', #8221, #3008, #4205 ) ;
#6680 = EDGE_LOOP ( 'NONE', ( #2029, #2599, #1632, #2966, #3929 ) ) ;
#6681 = ADVANCED_FACE ( 'NONE', ( #4209 ), #8226, .F. ) ;
#6682 = CARTESIAN_POINT ( 'NONE',  ( 34.55445837552341715, 14.94462871040585483, -9.434880330941766147 ) ) ;
#6683 = EDGE_CURVE ( 'NONE', #2346, #3674, #1541, .T. ) ;
#6684 = EDGE_CURVE ( 'NONE', #6718, #1571, #4328, .T. ) ;
#6685 = ORIENTED_EDGE ( 'NONE', *, *, #1005, .F. ) ;
#6686 = CARTESIAN_POINT ( 'NONE',  ( 42.59044794216706009, 19.97304697429751741, 5.268080604177464821 ) ) ;
#6687 = CARTESIAN_POINT ( 'NONE',  ( 52.96974357657719423, 26.08595438359334651, -11.45753027216792752 ) ) ;
#6688 = EDGE_LOOP ( 'NONE', ( #4622, #3727 ) ) ;
#6689 = CARTESIAN_POINT ( 'NONE',  ( 39.64581122068650387, 18.95088105589778493, 2.570466539677673801 ) ) ;
#6690 = CARTESIAN_POINT ( 'NONE',  ( 38.13338489074125448, 26.60009945077927540, -3.183803752492271322 ) ) ;
#6691 = CARTESIAN_POINT ( 'NONE',  ( -23.23793218384662040, -15.65347508890825523, 8.311332131691143488 ) ) ;
#6692 = CARTESIAN_POINT ( 'NONE',  ( -26.35732368951359916, -15.16873997430076315, 1.726138622344340900 ) ) ;
#6693 = ORIENTED_EDGE ( 'NONE', *, *, #2109, .T. ) ;
#6694 = CARTESIAN_POINT ( 'NONE',  ( 29.59107861169172793, 15.63800383155555096, -12.50000000000000178 ) ) ;
#6695 = PLANE ( 'NONE',  #6335 ) ;
#6696 = ORIENTED_EDGE ( 'NONE', *, *, #5099, .T. ) ;
#6697 = ORIENTED_EDGE ( 'NONE', *, *, #6882, .F. ) ;
#6698 = DIRECTION ( 'NONE',  ( -1.000000000000000000, 0.000000000000000000, 0.000000000000000000 ) ) ;
#6699 = DIRECTION ( 'NONE',  ( 0.000000000000000000, 0.000000000000000000, 1.000000000000000000 ) ) ;
#6700 = CARTESIAN_POINT ( 'NONE',  ( -44.07610251151407965, -19.01931520674085618, -16.23035432845312442 ) ) ;
#6701 = CARTESIAN_POINT ( 'NONE',  ( -34.77151501752836538, -1.396695657129539914, 5.499999999999999112 ) ) ;
#6702 = CIRCLE ( 'NONE', #2516, 9.000000000000000000 ) ;
#6703 = CARTESIAN_POINT ( 'NONE',  ( -20.22550218603880268, 23.54230659235769707, 16.60000000000000142 ) ) ;
#6704 = DIRECTION ( 'NONE',  ( -0.9139452746408239792, -0.4058374489394844242, 0.000000000000000000 ) ) ;
#6705 = CARTESIAN_POINT ( 'NONE',  ( 41.36885650322258101, 17.97056256983809064, -12.42293205822605096 ) ) ;
#6706 = PLANE ( 'NONE',  #3372 ) ;
#6707 = DIRECTION ( 'NONE',  ( -0.000000000000000000, -0.000000000000000000, 1.000000000000000000 ) ) ;
#6708 = ORIENTED_EDGE ( 'NONE', *, *, #3954, .T. ) ;
#6709 = CARTESIAN_POINT ( 'NONE',  ( -51.58478271671599913, -9.501901763435530057, -2.675592887094638606 ) ) ;
#6710 = VERTEX_POINT ( 'NONE', #5633 ) ;
#6711 = CARTESIAN_POINT ( 'NONE',  ( -49.43272837348353477, -6.956202481784259817, -2.420152625384549783 ) ) ;
#6712 = LINE ( 'NONE', #371, #3253 ) ;
#6713 = CYLINDRICAL_SURFACE ( 'NONE', #4056, 1.050000000000000488 ) ;
#6714 = CARTESIAN_POINT ( 'NONE',  ( -2.569501288236059722, 15.63800383155555096, -10.37867965644034740 ) ) ;
#6715 = EDGE_CURVE ( 'NONE', #1684, #7146, #3013, .T. ) ;
#6716 = DIRECTION ( 'NONE',  ( 0.4058374489394845908, -0.9139452746408239792, 0.000000000000000000 ) ) ;
#6717 = VERTEX_POINT ( 'NONE', #1674 ) ;
#6718 = VERTEX_POINT ( 'NONE', #5596 ) ;
#6719 = B_SPLINE_CURVE_WITH_KNOTS ( 'NONE', 3,
 ( #4477, #207, #3295, #6513 ),
 .UNSPECIFIED., .F., .F.,
 ( 4, 4 ),
 ( 0.000000000000000000, 1.000000000000000000 ),
 .UNSPECIFIED. ) ;
#6720 = CIRCLE ( 'NONE', #1193, 2.874999999999999112 ) ;
#6721 = CARTESIAN_POINT ( 'NONE',  ( 45.43845897165198267, 10.14908450724445110, -3.183803752492271322 ) ) ;
#6722 = ORIENTED_EDGE ( 'NONE', *, *, #5233, .F. ) ;
#6723 = CARTESIAN_POINT ( 'NONE',  ( 36.05339218886071961, 12.33580386084542901, 2.164644594987612081 ) ) ;
#6724 = CARTESIAN_POINT ( 'NONE',  ( -24.56494119216906924, -12.52480480654711670, -10.85346938526461358 ) ) ;
#6725 = EDGE_CURVE ( 'NONE', #1752, #4553, #1593, .T. ) ;
#6726 = ORIENTED_EDGE ( 'NONE', *, *, #3817, .T. ) ;
#6727 = CARTESIAN_POINT ( 'NONE',  ( 37.42768215408020893, 14.25486365521655507, -1.178941080319552137 ) ) ;
#6728 = EDGE_CURVE ( 'NONE', #2830, #5234, #2931, .T. ) ;
#6729 = CARTESIAN_POINT ( 'NONE',  ( -27.93376056633254834, -11.99185627962616607, 11.06969390482507620 ) ) ;
#6730 = CARTESIAN_POINT ( 'NONE',  ( -25.22507279688764470, -15.39648148691125940, 3.123203427110213148 ) ) ;
#6731 = ORIENTED_EDGE ( 'NONE', *, *, #273, .F. ) ;
#6732 = ADVANCED_FACE ( 'NONE', ( #4956 ), #8188, .F. ) ;
#6733 = VECTOR ( 'NONE', #5053, 1000.000000000000000 ) ;
#6734 = AXIS2_PLACEMENT_3D ( 'NONE', #4038, #5305, #7896 ) ;
#6735 = CARTESIAN_POINT ( 'NONE',  ( -2.569501288236065495, 15.63800383155555096, 20.09999999999999432 ) ) ;
#6736 = PLANE ( 'NONE',  #1952 ) ;
#6737 = ORIENTED_EDGE ( 'NONE', *, *, #8044, .F. ) ;
#6738 = EDGE_LOOP ( 'NONE', ( #7479, #2458, #7361, #3505 ) ) ;
#6739 = CARTESIAN_POINT ( 'NONE',  ( 0.000000000000000000, 0.000000000000000000, 16.60000000000000142 ) ) ;
#6740 = DIRECTION ( 'NONE',  ( 2.581139368326691492E-17, -1.079802000378112075E-16, -1.000000000000000000 ) ) ;
#6741 = CARTESIAN_POINT ( 'NONE',  ( 46.74214610391477720, 40.11049375860081057, -2.509335970678230776 ) ) ;
#6742 = CARTESIAN_POINT ( 'NONE',  ( 23.31354048592362815, 9.953098509819316320, -14.70000000000000462 ) ) ;
#6743 = VECTOR ( 'NONE', #2006, 1000.000000000000000 ) ;
#6744 = AXIS2_PLACEMENT_3D ( 'NONE', #5244, #3989, #3307 ) ;
#6745 = CARTESIAN_POINT ( 'NONE',  ( 41.35052587674091740, 23.64658557189299515, 2.568003498241714144 ) ) ;
#6746 = EDGE_CURVE ( 'NONE', #6208, #5148, #3825, .T. ) ;
#6747 = CARTESIAN_POINT ( 'NONE',  ( 38.16026635086870300, 23.85754066545802132, 1.977412168642049606 ) ) ;
#6748 = CARTESIAN_POINT ( 'NONE',  ( -31.52387070978385353, -14.98471829891827944, -7.722759081412059246 ) ) ;
#6749 = CARTESIAN_POINT ( 'NONE',  ( -45.09357887337963433, -16.72796009543760221, -10.16694649595447686 ) ) ;
#6750 = AXIS2_PLACEMENT_3D ( 'NONE', #7985, #3402, #325 ) ;
#6751 = VECTOR ( 'NONE', #1317, 1000.000000000000000 ) ;
#6752 = CARTESIAN_POINT ( 'NONE',  ( 35.97920235325405258, 21.59515213885027052, -3.183803752492271322 ) ) ;
#6753 = DIRECTION ( 'NONE',  ( 0.000000000000000000, 0.000000000000000000, 1.000000000000000000 ) ) ;
#6754 = VERTEX_POINT ( 'NONE', #5799 ) ;
#6755 = CARTESIAN_POINT ( 'NONE',  ( -20.10685110804443809, -16.99591683199109227, -6.827566779407903574 ) ) ;
#6756 = DIRECTION ( 'NONE',  ( 1.000000000000000000, 0.000000000000000000, 0.000000000000000000 ) ) ;
#6757 = LINE ( 'NONE', #886, #1758 ) ;
#6758 = AXIS2_PLACEMENT_3D ( 'NONE', #6529, #7760, #731 ) ;
#6759 = ORIENTED_EDGE ( 'NONE', *, *, #7926, .F. ) ;
#6760 = DIRECTION ( 'NONE',  ( 0.9139452746408239792, 0.4058374489394844797, 0.000000000000000000 ) ) ;
#6761 = ORIENTED_EDGE ( 'NONE', *, *, #7378, .T. ) ;
#6762 = EDGE_CURVE ( 'NONE', #1202, #1192, #6955, .T. ) ;
#6763 = AXIS2_PLACEMENT_3D ( 'NONE', #6057, #2254, #6140 ) ;
#6764 = ORIENTED_EDGE ( 'NONE', *, *, #4130, .F. ) ;
#6765 = CIRCLE ( 'NONE', #3659, 35.94015283223681934 ) ;
#6766 = DIRECTION ( 'NONE',  ( -0.9139452746408243122, -0.4058374489394839246, 0.000000000000000000 ) ) ;
#6767 = ORIENTED_EDGE ( 'NONE', *, *, #1470, .F. ) ;
#6768 = CARTESIAN_POINT ( 'NONE',  ( 35.98891555937608189, 12.64949328680530094, 11.11640202176712400 ) ) ;
#6769 = CARTESIAN_POINT ( 'NONE',  ( -25.92800195178350364, -12.23747466579529508, -10.50891412697785832 ) ) ;
#6770 = VERTEX_POINT ( 'NONE', #521 ) ;
#6771 = CARTESIAN_POINT ( 'NONE',  ( -54.66275991370740428, -2.570302124236191865, -3.097864185164248330 ) ) ;
#6772 = CARTESIAN_POINT ( 'NONE',  ( -30.35380181008833489, -14.97347369966272268, -4.811230814443782755 ) ) ;
#6773 = CARTESIAN_POINT ( 'NONE',  ( 32.05755795024422383, 25.23958142637449953, -4.148711750475435167 ) ) ;
#6774 = ORIENTED_EDGE ( 'NONE', *, *, #1779, .T. ) ;
#6775 = ADVANCED_FACE ( 'NONE', ( #5124 ), #5085, .F. ) ;
#6776 = DIRECTION ( 'NONE',  ( 0.4058374489394847018, -0.9139452746408238681, -0.000000000000000000 ) ) ;
#6777 = EDGE_CURVE ( 'NONE', #2703, #6717, #2937, .T. ) ;
#6778 = PLANE ( 'NONE',  #1281 ) ;
#6779 = VERTEX_POINT ( 'NONE', #4415 ) ;
#6780 = ADVANCED_FACE ( 'NONE', ( #4369 ), #5844, .F. ) ;
#6781 = ORIENTED_EDGE ( 'NONE', *, *, #3376, .F. ) ;
#6782 = DIRECTION ( 'NONE',  ( -1.000000000000000000, 1.213093339843845917E-16, 0.000000000000000000 ) ) ;
#6783 = ADVANCED_FACE ( 'NONE', ( #1329 ), #5757, .F. ) ;
#6784 = CARTESIAN_POINT ( 'NONE',  ( 52.08902932180043877, 10.77827385890527800, -1.191626790723634421 ) ) ;
#6785 = EDGE_CURVE ( 'NONE', #1788, #4753, #641, .T. ) ;
#6786 = DIRECTION ( 'NONE',  ( 1.000000000000000000, 0.000000000000000000, 0.000000000000000000 ) ) ;
#6787 = LINE ( 'NONE', #2893, #1486 ) ;
#6788 = DIRECTION ( 'NONE',  ( 0.000000000000000000, 0.000000000000000000, 1.000000000000000000 ) ) ;
#6789 = CARTESIAN_POINT ( 'NONE',  ( -48.71774133308062460, -15.95847429419525554, -7.143278991249355947 ) ) ;
#6790 = LINE ( 'NONE', #6280, #3633 ) ;
#6791 = VECTOR ( 'NONE', #3966, 1000.000000000000000 ) ;
#6792 = DIRECTION ( 'NONE',  ( -1.000000000000000000, -1.734723475976806601E-16, 0.000000000000000000 ) ) ;
#6793 = CARTESIAN_POINT ( 'NONE',  ( 39.45086178626981877, 27.18512513793339735, 3.297348375675339227 ) ) ;
#6794 = CARTESIAN_POINT ( 'NONE',  ( 25.78727372619016478, 7.899681721421121239, -14.31594876364601809 ) ) ;
#6795 = VERTEX_POINT ( 'NONE', #3134 ) ;
#6796 = CARTESIAN_POINT ( 'NONE',  ( -19.36983980808585670, -16.89583081970099343, -8.021428571428582899 ) ) ;
#6797 = DIRECTION ( 'NONE',  ( 0.000000000000000000, 0.000000000000000000, 1.000000000000000000 ) ) ;
#6798 = DIRECTION ( 'NONE',  ( 1.000000000000000000, 0.000000000000000000, 0.000000000000000000 ) ) ;
#6799 = EDGE_CURVE ( 'NONE', #476, #5636, #2471, .T. ) ;
#6800 = CYLINDRICAL_SURFACE ( 'NONE', #5051, 1.749999999999999778 ) ;
#6801 = FACE_OUTER_BOUND ( 'NONE', #7036, .T. ) ;
#6802 = ORIENTED_EDGE ( 'NONE', *, *, #5328, .F. ) ;
#6803 = ADVANCED_FACE ( 'NONE', ( #8353 ), #1445, .F. ) ;
#6804 = ORIENTED_EDGE ( 'NONE', *, *, #2371, .F. ) ;
#6805 = EDGE_LOOP ( 'NONE', ( #218, #2036 ) ) ;
#6806 = CIRCLE ( 'NONE', #5454, 1.574999999999999956 ) ;
#6807 = ORIENTED_EDGE ( 'NONE', *, *, #7958, .T. ) ;
#6808 = EDGE_CURVE ( 'NONE', #476, #3286, #7683, .T. ) ;
#6809 = CARTESIAN_POINT ( 'NONE',  ( 39.79133388359169032, 17.68817642921590405, 7.885364033286105467 ) ) ;
#6810 = CARTESIAN_POINT ( 'NONE',  ( -21.79780444948473317, -12.31367154845646361, -12.21234137675506304 ) ) ;
#6811 = DIRECTION ( 'NONE',  ( 0.000000000000000000, 0.000000000000000000, 1.000000000000000000 ) ) ;
#6812 = CYLINDRICAL_SURFACE ( 'NONE', #554, 2.875000000000002665 ) ;
#6813 = CARTESIAN_POINT ( 'NONE',  ( 36.80789734654840828, 13.46941171284407268, 0.3372177628739758126 ) ) ;
#6814 = ORIENTED_EDGE ( 'NONE', *, *, #5160, .T. ) ;
#6815 = VERTEX_POINT ( 'NONE', #6395 ) ;
#6816 = CARTESIAN_POINT ( 'NONE',  ( -2.569501288236065495, 15.63800383155555096, -14.70000000000000462 ) ) ;
#6817 = FACE_OUTER_BOUND ( 'NONE', #5363, .T. ) ;
#6818 = EDGE_CURVE ( 'NONE', #2705, #6314, #1961, .T. ) ;
#6820 = ORIENTED_EDGE ( 'NONE', *, *, #4775, .T. ) ;
#6819 = ORIENTED_EDGE ( 'NONE', *, *, #5328, .T. ) ;
#6821 = ORIENTED_EDGE ( 'NONE', *, *, #3433, .F. ) ;
#6822 = LINE ( 'NONE', #6144, #4742 ) ;
#6823 = B_SPLINE_CURVE_WITH_KNOTS ( 'NONE', 3,
 ( #3518, #6648, #5332, #1454, #2919, #6729, #4116, #7922, #2880, #4869, #6691, #8018, #2211, #1499, #267, #1545, #5374, #7969, #942, #3389, #905 ),
 .UNSPECIFIED., .F., .F.,
 ( 4, 2, 2, 2, 2, 2, 2, 2, 1, 2, 4 ),
 ( 8.673617379884034509E-19, 0.004371693204961345919, 0.006557539807442022348, 0.008743386409922698776, 0.01311507961488404296, 0.01420800291612438378, 0.01530092621736472286, 0.01639384951860506021, 0.01694031116922523408, 0.01721354199453532449, 0.01748677281984541143 ),
 .UNSPECIFIED. ) ;
#6824 = B_SPLINE_CURVE_WITH_KNOTS ( 'NONE', 3,
 ( #7642, #7552, #8153, #3015 ),
 .UNSPECIFIED., .F., .F.,
 ( 4, 4 ),
 ( 0.000000000000000000, 1.000000000000000000 ),
 .UNSPECIFIED. ) ;
#6825 = CYLINDRICAL_SURFACE ( 'NONE', #5639, 1.500000000000001332 ) ;
#6826 = CARTESIAN_POINT ( 'NONE',  ( -46.65358300972557970, -20.60695547962458463, -18.04912948749871049 ) ) ;
#6827 = FACE_OUTER_BOUND ( 'NONE', #844, .T. ) ;
#6828 = DIRECTION ( 'NONE',  ( -0.000000000000000000, -0.000000000000000000, -1.000000000000000000 ) ) ;
#6829 = CARTESIAN_POINT ( 'NONE',  ( -48.85544918394320746, -15.64835643812846300, -6.755438668513946254 ) ) ;
#6830 = CARTESIAN_POINT ( 'NONE',  ( 41.13148850671522894, 17.83365345482006958, -11.92317083583255233 ) ) ;
#6831 = CARTESIAN_POINT ( 'NONE',  ( -46.95710089776355289, -12.53131152881223365, -4.871024401568834428 ) ) ;
#6832 = DIRECTION ( 'NONE',  ( -0.4058374489394847018, 0.9139452746408238681, 0.000000000000000000 ) ) ;
#6833 = CIRCLE ( 'NONE', #2380, 40.29378966470083157 ) ;
#6834 = CARTESIAN_POINT ( 'NONE',  ( 30.63880551449596013, 10.92546530698245100, -12.47950913049009536 ) ) ;
#6835 = EDGE_CURVE ( 'NONE', #4752, #1107, #4528, .T. ) ;
#6836 = ORIENTED_EDGE ( 'NONE', *, *, #1724, .F. ) ;
#6837 = CYLINDRICAL_SURFACE ( 'NONE', #5239, 30.00000000000000355 ) ;
#6838 = CARTESIAN_POINT ( 'NONE',  ( 48.67088552144097235, 23.44677212735726712, -22.15000000000000213 ) ) ;
#6839 = CARTESIAN_POINT ( 'NONE',  ( -11.86434165587272638, 46.42613209619339898, 20.10000000000000142 ) ) ;
#6840 = CARTESIAN_POINT ( 'NONE',  ( 26.90155246643150733, 33.64833522674945243, -10.00000000000000178 ) ) ;
#6841 = CARTESIAN_POINT ( 'NONE',  ( 38.77082974694259576, 15.72132270487203520, -4.811230814442945203 ) ) ;
#6842 = ORIENTED_EDGE ( 'NONE', *, *, #1784, .F. ) ;
#6843 = CARTESIAN_POINT ( 'NONE',  ( 38.55803607060096994, 33.90068903383242116, -22.15000000000000213 ) ) ;
#6844 = ORIENTED_EDGE ( 'NONE', *, *, #2801, .T. ) ;
#6845 = ORIENTED_EDGE ( 'NONE', *, *, #5297, .T. ) ;
#6846 = ORIENTED_EDGE ( 'NONE', *, *, #1609, .T. ) ;
#6847 = FACE_OUTER_BOUND ( 'NONE', #6443, .T. ) ;
#6848 = CARTESIAN_POINT ( 'NONE',  ( -18.11409612670405167, -16.40945830199366640, -9.876453364957283654 ) ) ;
#6849 = CARTESIAN_POINT ( 'NONE',  ( -15.70924716569568247, -7.374972470430759763, -14.70000000000000284 ) ) ;
#6850 = CIRCLE ( 'NONE', #3070, 14.99999999999999467 ) ;
#6851 = FACE_BOUND ( 'NONE', #6676, .T. ) ;
#6852 = CARTESIAN_POINT ( 'NONE',  ( 36.35469344248054568, 12.80504487109660872, 1.438006214652254533 ) ) ;
#6853 = ORIENTED_EDGE ( 'NONE', *, *, #2399, .F. ) ;
#6854 = EDGE_CURVE ( 'NONE', #6639, #6419, #6996, .T. ) ;
#6855 = AXIS2_PLACEMENT_3D ( 'NONE', #861, #1502, #6016 ) ;
#6856 = ORIENTED_EDGE ( 'NONE', *, *, #5500, .T. ) ;
#6857 = UNCERTAINTY_MEASURE_WITH_UNIT (LENGTH_MEASURE( 1.000000000000000082E-05 ), #4617, 'distance_accuracy_value', 'NONE');
#6858 = AXIS2_PLACEMENT_3D ( 'NONE', #5509, #2348, #7387 ) ;
#6859 = CARTESIAN_POINT ( 'NONE',  ( 32.59635132015397829, 24.14137939244476883, -5.002747934976703448 ) ) ;
#6860 = LINE ( 'NONE', #2255, #7763 ) ;
#6861 = ADVANCED_FACE ( 'NONE', ( #6357 ), #567, .T. ) ;
#6862 = ORIENTED_EDGE ( 'NONE', *, *, #1934, .T. ) ;
#6863 = VERTEX_POINT ( 'NONE', #7038 ) ;
#6864 = CARTESIAN_POINT ( 'NONE',  ( 52.39155909826732227, 27.38802488793503542, -8.985648140418687646 ) ) ;
#6865 = CARTESIAN_POINT ( 'NONE',  ( -37.73904080753797530, -17.08213404050574624, -14.70000000000000639 ) ) ;
#6866 = CARTESIAN_POINT ( 'NONE',  ( 0.000000000000000000, 3.033253831555559721, 18.09999999999999787 ) ) ;
#6867 = DIRECTION ( 'NONE',  ( -0.9139452746408239792, -0.4058374489394844797, 8.326672684688671588E-17 ) ) ;
#6868 = CARTESIAN_POINT ( 'NONE',  ( -1.960745114826851099, 14.26708591959435424, 12.49999999999999822 ) ) ;
#6869 = AXIS2_PLACEMENT_3D ( 'NONE', #1223, #6284, #5693 ) ;
#6870 = CARTESIAN_POINT ( 'NONE',  ( 53.16274170314988368, 25.65132291659301345, -22.15000000000000213 ) ) ;
#6871 = CARTESIAN_POINT ( 'NONE',  ( 46.66283223829417892, 21.53507387491628933, 1.548411808018048008 ) ) ;
#6872 = CARTESIAN_POINT ( 'NONE',  ( 25.97385695098861902, 27.81312729974014886, -17.14999999999996660 ) ) ;
#6873 = CARTESIAN_POINT ( 'NONE',  ( -41.13388897094256436, -17.02103279162690797, -22.09571651855750574 ) ) ;
#6874 = AXIS2_PLACEMENT_3D ( 'NONE', #1083, #4958, #483 ) ;
#6875 = CARTESIAN_POINT ( 'NONE',  ( 35.40079254802860476, 15.32044344576301675, -14.69999999999988027 ) ) ;
#6876 = EDGE_LOOP ( 'NONE', ( #5001, #2712, #2148, #2717 ) ) ;
#6877 = FACE_OUTER_BOUND ( 'NONE', #6515, .T. ) ;
#6878 = DIRECTION ( 'NONE',  ( 0.000000000000000000, 0.000000000000000000, 1.000000000000000000 ) ) ;
#6879 = CARTESIAN_POINT ( 'NONE',  ( 4.130498711763927133, 28.15825383155556239, 20.10000000000000142 ) ) ;
#6880 = DIRECTION ( 'NONE',  ( 1.000000000000000000, 0.000000000000000000, 0.000000000000000000 ) ) ;
#6881 = VECTOR ( 'NONE', #6792, 1000.000000000000000 ) ;
#6882 = EDGE_CURVE ( 'NONE', #2830, #2091, #1253, .T. ) ;
#6883 = CARTESIAN_POINT ( 'NONE',  ( 38.46958846977931756, 15.40803693949012398, -3.700000000000005063 ) ) ;
#6884 = VERTEX_POINT ( 'NONE', #2679 ) ;
#6885 = CARTESIAN_POINT ( 'NONE',  ( -43.69703864707316399, -2.624681370721262841, -10.90000000000000036 ) ) ;
#6886 = B_SPLINE_CURVE_WITH_KNOTS ( 'NONE', 3,
 ( #6048, #4693, #4111, #2837 ),
 .UNSPECIFIED., .F., .F.,
 ( 4, 4 ),
 ( 1.494784152325346290E-17, 0.001737873352893895985 ),
 .UNSPECIFIED. ) ;
#6887 = EDGE_CURVE ( 'NONE', #4112, #6546, #4694, .T. ) ;
#6888 = VERTEX_POINT ( 'NONE', #4073 ) ;
#6889 = CIRCLE ( 'NONE', #7977, 32.16057989992779653 ) ;
#6890 = EDGE_CURVE ( 'NONE', #4690, #1969, #4430, .T. ) ;
#6891 = VECTOR ( 'NONE', #4342, 1000.000000000000227 ) ;
#6892 = ADVANCED_FACE ( 'NONE', ( #2168 ), #5242, .F. ) ;
#6893 = VERTEX_POINT ( 'NONE', #7207 ) ;
#6894 = EDGE_CURVE ( 'NONE', #2606, #1014, #3428, .T. ) ;
#6895 = CIRCLE ( 'NONE', #5132, 2.874999999999995559 ) ;
#6896 = VERTEX_POINT ( 'NONE', #5200 ) ;
#6897 = CARTESIAN_POINT ( 'NONE',  ( -22.48669043158570346, -12.46921323392029457, -11.82903066402593417 ) ) ;
#6898 = CARTESIAN_POINT ( 'NONE',  ( -16.32158797522860993, -13.26957171576265715, -13.23561593144989423 ) ) ;
#6899 = AXIS2_PLACEMENT_3D ( 'NONE', #4443, #2591, #634 ) ;
#6900 = CARTESIAN_POINT ( 'NONE',  ( 34.18075944931168664, 23.09912544444035731, 12.10000000000029985 ) ) ;
#6901 = CARTESIAN_POINT ( 'NONE',  ( 34.88935070828876661, 10.07279302930014353, 4.753447559161220859 ) ) ;
#6902 = EDGE_LOOP ( 'NONE', ( #6292, #7736, #4469, #5325 ) ) ;
#6903 = VECTOR ( 'NONE', #8341, 1000.000000000000000 ) ;
#6904 = ORIENTED_EDGE ( 'NONE', *, *, #5233, .T. ) ;
#6905 = CARTESIAN_POINT ( 'NONE',  ( -31.11285952746079531, 3.462880363371011683, -17.14999999999996660 ) ) ;
#6906 = VECTOR ( 'NONE', #4707, 1000.000000000000000 ) ;
#6907 = DIRECTION ( 'NONE',  ( -0.9725991773073561220, -0.2324883659477480213, 0.000000000000000000 ) ) ;
#6909 = ORIENTED_EDGE ( 'NONE', *, *, #4872, .F. ) ;
#6908 = ORIENTED_EDGE ( 'NONE', *, *, #2133, .F. ) ;
#6910 = ORIENTED_EDGE ( 'NONE', *, *, #3751, .F. ) ;
#6911 = LINE ( 'NONE', #5004, #1175 ) ;
#6912 = CARTESIAN_POINT ( 'NONE',  ( -18.06950128823605439, 0.1380038315555598971, 20.10000000000000142 ) ) ;
#6913 = CARTESIAN_POINT ( 'NONE',  ( -45.09357887337963433, -16.72796009543760221, -10.16694649595447686 ) ) ;
#6914 = DIRECTION ( 'NONE',  ( -1.781987705983284363E-15, -7.609227689212099745E-16, 1.000000000000000000 ) ) ;
#6915 = VECTOR ( 'NONE', #8365, 1000.000000000000000 ) ;
#6916 = DIRECTION ( 'NONE',  ( 0.000000000000000000, 0.000000000000000000, -1.000000000000000000 ) ) ;
#6917 = CARTESIAN_POINT ( 'NONE',  ( -48.51474656508088401, -16.41561818142115214, -7.738879842305862233 ) ) ;
#6918 = CARTESIAN_POINT ( 'NONE',  ( 15.35737535980886825, 45.40694055502255111, 15.59999999999999964 ) ) ;
#6919 = CARTESIAN_POINT ( 'NONE',  ( 17.93384248666392722, 42.42618163754847416, -14.70000000000000284 ) ) ;
#6920 = CARTESIAN_POINT ( 'NONE',  ( 43.92195411703905705, 29.17051393072012999, -1.191626790723633755 ) ) ;
#6921 = CARTESIAN_POINT ( 'NONE',  ( 30.75623246702734903, 5.638882860858587698, -10.93122798603586077 ) ) ;
#6922 = CARTESIAN_POINT ( 'NONE',  ( 12.93049871176392429, 0.1380038315555598971, 12.49999999999999822 ) ) ;
#6923 = CYLINDRICAL_SURFACE ( 'NONE', #559, 1.125000000000000888 ) ;
#6924 = CARTESIAN_POINT ( 'NONE',  ( 43.94754821398507261, 39.30332724075088180, -2.557264017704429460 ) ) ;
#6925 = CARTESIAN_POINT ( 'NONE',  ( 8.535532021701095928, 4.115352563500928262, 12.49999999999999822 ) ) ;
#6926 = VECTOR ( 'NONE', #2947, 1000.000000000000000 ) ;
#6927 = CARTESIAN_POINT ( 'NONE',  ( 38.97973112993781086, 30.79475353654364511, 5.373182724160799673 ) ) ;
#6928 = ORIENTED_EDGE ( 'NONE', *, *, #584, .F. ) ;
#6929 = DIRECTION ( 'NONE',  ( 0.4058374489394847018, -0.9139452746408238681, -0.000000000000000000 ) ) ;
#6930 = ORIENTED_EDGE ( 'NONE', *, *, #7063, .F. ) ;
#6931 = EDGE_CURVE ( 'NONE', #6639, #3551, #2269, .T. ) ;
#6932 = EDGE_LOOP ( 'NONE', ( #6457, #2497, #4361, #5165 ) ) ;
#6933 = CARTESIAN_POINT ( 'NONE',  ( -46.55075532314621967, -20.83852326248208087, -20.18573529012025958 ) ) ;
#6934 = B_SPLINE_CURVE_WITH_KNOTS ( 'NONE', 3,
 ( #6709, #969, #2862, #4177 ),
 .UNSPECIFIED., .F., .F.,
 ( 4, 4 ),
 ( 0.000000000000000000, 1.000000000000000000 ),
 .UNSPECIFIED. ) ;
#6935 = ORIENTED_EDGE ( 'NONE', *, *, #2223, .T. ) ;
#6936 = VECTOR ( 'NONE', #2294, 999.9999999999998863 ) ;
#6937 = ORIENTED_EDGE ( 'NONE', *, *, #606, .T. ) ;
#6938 = CARTESIAN_POINT ( 'NONE',  ( 38.47268683442225523, 15.62861460833242866, -7.532427688266659871 ) ) ;
#6939 = VECTOR ( 'NONE', #2766, 1000.000000000000000 ) ;
#6940 = DIRECTION ( 'NONE',  ( -0.000000000000000000, -0.000000000000000000, -1.000000000000000000 ) ) ;
#6941 = CARTESIAN_POINT ( 'NONE',  ( -20.85651692632217191, -17.10088831604766924, -4.485079275936254994 ) ) ;
#6942 = EDGE_CURVE ( 'NONE', #2039, #2468, #4746, .T. ) ;
#6943 = EDGE_CURVE ( 'NONE', #6718, #6863, #2536, .T. ) ;
#6944 = CARTESIAN_POINT ( 'NONE',  ( -18.06950128823605439, 31.13800383155554385, 12.49999999999999822 ) ) ;
#6945 = ORIENTED_EDGE ( 'NONE', *, *, #3995, .T. ) ;
#6946 = VECTOR ( 'NONE', #6625, 1000.000000000000114 ) ;
#6947 = ORIENTED_EDGE ( 'NONE', *, *, #4853, .F. ) ;
#6948 = DIRECTION ( 'NONE',  ( 1.000000000000000000, 0.000000000000000000, 0.000000000000000000 ) ) ;
#6949 = LINE ( 'NONE', #1710, #1150 ) ;
#6950 = EDGE_CURVE ( 'NONE', #1752, #2731, #2138, .T. ) ;
#6951 = VERTEX_POINT ( 'NONE', #6012 ) ;
#6952 = AXIS2_PLACEMENT_3D ( 'NONE', #8023, #7891, #1549 ) ;
#6953 = ORIENTED_EDGE ( 'NONE', *, *, #6942, .T. ) ;
#6954 = CARTESIAN_POINT ( 'NONE',  ( 50.83504348881080404, 30.89329550769884492, -4.871024401580113405 ) ) ;
#6955 = LINE ( 'NONE', #1880, #4294 ) ;
#6956 = CARTESIAN_POINT ( 'NONE',  ( -6.154353139574665121, -1.490885134280915292, -12.49999999999999645 ) ) ;
#6957 = DIRECTION ( 'NONE',  ( -0.000000000000000000, -0.000000000000000000, 1.000000000000000000 ) ) ;
#6958 = ORIENTED_EDGE ( 'NONE', *, *, #8189, .T. ) ;
#6959 = DIRECTION ( 'NONE',  ( -8.673617379884034239E-17, -1.000000000000000000, 0.000000000000000000 ) ) ;
#6960 = CARTESIAN_POINT ( 'NONE',  ( -47.34528431711359531, 1.535951692412623970, 2.217238392865477081 ) ) ;
#6961 = CARTESIAN_POINT ( 'NONE',  ( 49.17684387831705806, 22.12287759697416334, -0.6867131455455450784 ) ) ;
#6962 = DIRECTION ( 'NONE',  ( -0.4058374489394846463, 0.9139452746408242012, 0.000000000000000000 ) ) ;
#6963 = CARTESIAN_POINT ( 'NONE',  ( -51.92092408978493978, -1.352789777417739536, -3.097864185164248774 ) ) ;
#6964 = CARTESIAN_POINT ( 'NONE',  ( 36.47020396813454823, 15.79531564505610319, -14.69999999999926033 ) ) ;
#6965 = DIRECTION ( 'NONE',  ( 1.000000000000000000, 0.000000000000000000, 0.000000000000000000 ) ) ;
#6966 = FACE_OUTER_BOUND ( 'NONE', #6551, .T. ) ;
#6967 = CARTESIAN_POINT ( 'NONE',  ( 42.90225458307308060, 40.81829058950340539, -2.897824700397905406 ) ) ;
#6968 = CARTESIAN_POINT ( 'NONE',  ( 43.12938447285910115, 40.85430491229249839, -3.097864185165814632 ) ) ;
#6969 = DIRECTION ( 'NONE',  ( 0.4058374489394847018, -0.9139452746408238681, -0.000000000000000000 ) ) ;
#6970 = ORIENTED_EDGE ( 'NONE', *, *, #5531, .F. ) ;
#6971 = FACE_OUTER_BOUND ( 'NONE', #1194, .T. ) ;
#6972 = ORIENTED_EDGE ( 'NONE', *, *, #5782, .T. ) ;
#6973 = ORIENTED_EDGE ( 'NONE', *, *, #4918, .T. ) ;
#6974 = CARTESIAN_POINT ( 'NONE',  ( -44.19171016745833924, -18.75896695366893496, -21.84619567024299869 ) ) ;
#6975 = AXIS2_PLACEMENT_3D ( 'NONE', #2041, #4613, #7246 ) ;
#6976 = EDGE_CURVE ( 'NONE', #2332, #6572, #3388, .T. ) ;
#6977 = BREP_WITH_VOIDS ( 'NONE', #4062, ( #41, #6550 ) );
#6978 = AXIS2_PLACEMENT_3D ( 'NONE', #4957, #1755, #6275 ) ;
#6979 = EDGE_LOOP ( 'NONE', ( #1501, #4432, #3154, #3974 ) ) ;
#6980 = ORIENTED_EDGE ( 'NONE', *, *, #3112, .F. ) ;
#6981 = CARTESIAN_POINT ( 'NONE',  ( -22.12265666961688027, -16.45915085233216146, 5.627284495805132458 ) ) ;
#6982 = CYLINDRICAL_SURFACE ( 'NONE', #947, 2.099999999999997868 ) ;
#6983 = CARTESIAN_POINT ( 'NONE',  ( -2.587971886872373339, 13.93437485601844905, -10.47917148683666433 ) ) ;
#6984 = DIRECTION ( 'NONE',  ( 0.000000000000000000, 0.000000000000000000, -1.000000000000000000 ) ) ;
#6985 = ORIENTED_EDGE ( 'NONE', *, *, #1363, .F. ) ;
#6986 = ORIENTED_EDGE ( 'NONE', *, *, #5853, .T. ) ;
#6987 = DIRECTION ( 'NONE',  ( 0.000000000000000000, 0.000000000000000000, -1.000000000000000000 ) ) ;
#6988 = ADVANCED_FACE ( 'NONE', ( #1411 ), #5290, .F. ) ;
#6989 = CARTESIAN_POINT ( 'NONE',  ( 49.71432031004333396, 33.41716228266404443, -3.278761351685546277 ) ) ;
#6991 = ORIENTED_EDGE ( 'NONE', *, *, #2901, .F. ) ;
#6990 = ORIENTED_EDGE ( 'NONE', *, *, #7063, .T. ) ;
#6992 = VECTOR ( 'NONE', #5469, 1000.000000000000000 ) ;
#6993 = ADVANCED_FACE ( 'NONE', ( #5373 ), #2723, .T. ) ;
#6994 = ORIENTED_EDGE ( 'NONE', *, *, #4510, .T. ) ;
#6995 = DIRECTION ( 'NONE',  ( -0.000000000000000000, -0.000000000000000000, 1.000000000000000000 ) ) ;
#6996 = LINE ( 'NONE', #1209, #385 ) ;
#6997 = EDGE_CURVE ( 'NONE', #4402, #164, #2761, .T. ) ;
#6998 = CARTESIAN_POINT ( 'NONE',  ( 11.43049871176418186, 0.1380038315555598971, 18.09999999999999787 ) ) ;
#6999 = CARTESIAN_POINT ( 'NONE',  ( -40.85705734932152211, -17.64445715306250762, -14.70000000000000284 ) ) ;
#7000 = ORIENTED_EDGE ( 'NONE', *, *, #5850, .F. ) ;
#7001 = CARTESIAN_POINT ( 'NONE',  ( 34.98664984793548172, 37.23852315898247411, 3.297348375675339227 ) ) ;
#7002 = AXIS2_PLACEMENT_3D ( 'NONE', #96, #4569, #7920 ) ;
#7003 = FACE_OUTER_BOUND ( 'NONE', #7996, .T. ) ;
#7004 = DIRECTION ( 'NONE',  ( 0.000000000000000000, 0.000000000000000000, -1.000000000000000000 ) ) ;
#7005 = CARTESIAN_POINT ( 'NONE',  ( 31.66169968575362148, 28.10297694703659843, -10.00000000000000178 ) ) ;
#7006 = DIRECTION ( 'NONE',  ( 0.6462569013319322542, 0.2869704122045604322, -0.7071067811865432429 ) ) ;
#7007 = B_SPLINE_CURVE_WITH_KNOTS ( 'NONE', 3,
 ( #568, #3135, #5718, #3175 ),
 .UNSPECIFIED., .F., .F.,
 ( 4, 4 ),
 ( 0.000000000000000000, 0.002015935763131622947 ),
 .UNSPECIFIED. ) ;
#7008 = FACE_OUTER_BOUND ( 'NONE', #2277, .T. ) ;
#7009 = CARTESIAN_POINT ( 'NONE',  ( 34.93049871176394561, 16.86497273047055501, 11.35057829462679990 ) ) ;
#7010 = EDGE_CURVE ( 'NONE', #424, #369, #4981, .T. ) ;
#7011 = CARTESIAN_POINT ( 'NONE',  ( 24.84885695098861547, 27.81312729974014886, -17.14999999999996660 ) ) ;
#7012 = CARTESIAN_POINT ( 'NONE',  ( -24.67550218603879841, 23.54230659235769707, 16.60000000000000142 ) ) ;
#7013 = AXIS2_PLACEMENT_3D ( 'NONE', #1807, #5723, #6959 ) ;
#7015 = CIRCLE ( 'NONE', #4846, 1.750000000000001554 ) ;
#7014 = CARTESIAN_POINT ( 'NONE',  ( 34.75397596587925619, 25.09947273379305699, -4.917400176946185475 ) ) ;
#7016 = ORIENTED_EDGE ( 'NONE', *, *, #4920, .F. ) ;
#7017 = EDGE_LOOP ( 'NONE', ( #6361, #2467, #6764, #4637 ) ) ;
#7018 = CARTESIAN_POINT ( 'NONE',  ( -43.81911541519473019, -19.59804972948757040, -20.46716776084002731 ) ) ;
#7019 = AXIS2_PLACEMENT_3D ( 'NONE', #5057, #6962, #1176 ) ;
#7020 = CIRCLE ( 'NONE', #3363, 2.000000000000000000 ) ;
#7021 = ORIENTED_EDGE ( 'NONE', *, *, #7686, .F. ) ;
#7022 = ORIENTED_EDGE ( 'NONE', *, *, #253, .T. ) ;
#7023 = B_SPLINE_CURVE_WITH_KNOTS ( 'NONE', 3,
 ( #2611, #109, #2736, #5816, #1513, #5900, #7810, #6618, #2693, #4628, #4711, #7898, #3401, #194 ),
 .UNSPECIFIED., .F., .F.,
 ( 4, 2, 2, 2, 2, 2, 4 ),
 ( -2.449490878901250846E-05, 0.001232706454961853644, 0.002489907818712719552, 0.003747109182463585677, 0.005004310546214451802, 0.007518713273716184052, 0.01003311600121791630 ),
 .UNSPECIFIED. ) ;
#7024 = AXIS2_PLACEMENT_3D ( 'NONE', #4805, #2188, #919 ) ;
#7025 = VECTOR ( 'NONE', #5177, 1000.000000000000227 ) ;
#7026 = PLANE ( 'NONE',  #7311 ) ;
#7027 = CARTESIAN_POINT ( 'NONE',  ( 7.630498711763928021, 9.533253831555560609, 18.09999999999999787 ) ) ;
#7028 = CARTESIAN_POINT ( 'NONE',  ( -0.4395012882360722628, -4.451996168444437352, 20.10000000000000142 ) ) ;
#7029 = VECTOR ( 'NONE', #5273, 1000.000000000000114 ) ;
#7030 = ORIENTED_EDGE ( 'NONE', *, *, #5787, .T. ) ;
#7031 = DIRECTION ( 'NONE',  ( -0.000000000000000000, -0.000000000000000000, 1.000000000000000000 ) ) ;
#7032 = CARTESIAN_POINT ( 'NONE',  ( 49.94518728115867390, 32.89725023937467085, -3.539427658562386725 ) ) ;
#7033 = VECTOR ( 'NONE', #3729, 1000.000000000000000 ) ;
#7035 = VERTEX_POINT ( 'NONE', #2230 ) ;
#7034 = VERTEX_POINT ( 'NONE', #266 ) ;
#7036 = EDGE_LOOP ( 'NONE', ( #5069, #3494, #5777, #5046 ) ) ;
#7037 = LINE ( 'NONE', #8315, #5886 ) ;
#7038 = CARTESIAN_POINT ( 'NONE',  ( 34.47760379217795901, 24.97674965502133659, -3.183803752492271322 ) ) ;
#7039 = DIRECTION ( 'NONE',  ( -0.000000000000000000, 0.000000000000000000, 1.000000000000000000 ) ) ;
#7040 = DIRECTION ( 'NONE',  ( -6.469116461207083539E-16, -4.430940051826901389E-17, -1.000000000000000000 ) ) ;
#7041 = AXIS2_PLACEMENT_3D ( 'NONE', #2273, #417, #6756 ) ;
#7042 = VERTEX_POINT ( 'NONE', #2822 ) ;
#7043 = EDGE_CURVE ( 'NONE', #7751, #4360, #118, .T. ) ;
#7044 = CARTESIAN_POINT ( 'NONE',  ( -48.54740030512112980, 0.5809983344177093167, 0.7527710219263759051 ) ) ;
#7045 = EDGE_CURVE ( 'NONE', #6779, #3423, #5534, .T. ) ;
#7046 = CARTESIAN_POINT ( 'NONE',  ( 34.18688636116719692, 33.44151764052738685, 6.315218993979762274 ) ) ;
#7047 = EDGE_CURVE ( 'NONE', #1370, #6815, #7360, .T. ) ;
#7048 = PLANE ( 'NONE',  #8306 ) ;
#7049 = ADVANCED_FACE ( 'NONE', ( #4052, #7906, #203, #3367, #3493, #6076, #1523, #6669, #2062, #1478, #4011, #7948 ), #3452, .T. ) ;
#7050 = AXIS2_PLACEMENT_3D ( 'NONE', #656, #1974, #7983 ) ;
#7051 = DIRECTION ( 'NONE',  ( -0.000000000000000000, -0.000000000000000000, 1.000000000000000000 ) ) ;
#7052 = DIRECTION ( 'NONE',  ( 0.000000000000000000, 0.000000000000000000, 1.000000000000000000 ) ) ;
#7053 = CARTESIAN_POINT ( 'NONE',  ( -23.10050218603879912, 23.54230659235769707, 10.09999999999999964 ) ) ;
#7054 = CARTESIAN_POINT ( 'NONE',  ( -14.42595542943953291, -15.15849751514841337, 15.09999999999999964 ) ) ;
#7055 = CARTESIAN_POINT ( 'NONE',  ( 32.16268533681066089, 35.98454156414252481, 9.347248961336047657 ) ) ;
#7056 = CARTESIAN_POINT ( 'NONE',  ( -10.47380404903821649, -4.892997066247143145, 20.10000000000000142 ) ) ;
#7057 = CARTESIAN_POINT ( 'NONE',  ( 48.02350968424642019, 21.20860037890684779, -21.10198997930461928 ) ) ;
#7058 = ORIENTED_EDGE ( 'NONE', *, *, #3995, .F. ) ;
#7059 = EDGE_LOOP ( 'NONE', ( #2981, #3984, #7533, #3720 ) ) ;
#7060 = CARTESIAN_POINT ( 'NONE',  ( -12.32595542943953326, -15.15849751514841337, 15.09999999999999964 ) ) ;
#7061 = ADVANCED_FACE ( 'NONE', ( #5954 ), #5316, .F. ) ;
#7062 = ORIENTED_EDGE ( 'NONE', *, *, #2263, .F. ) ;
#7063 = EDGE_CURVE ( 'NONE', #7844, #5735, #5269, .T. ) ;
#7064 = VERTEX_POINT ( 'NONE', #8038 ) ;
#7065 = AXIS2_PLACEMENT_3D ( 'NONE', #6885, #8251, #5026 ) ;
#7066 = LINE ( 'NONE', #7197, #3098 ) ;
#7067 = CARTESIAN_POINT ( 'NONE',  ( -2.569501288236059722, 15.63800383155555096, -10.37867965644034740 ) ) ;
#7068 = DIRECTION ( 'NONE',  ( -0.4058374489394832030, 0.9139452746408246453, 0.000000000000000000 ) ) ;
#7069 = VECTOR ( 'NONE', #7339, 1000.000000000000000 ) ;
#7070 = CARTESIAN_POINT ( 'NONE',  ( 9.286952852967614191, 46.43450517825943535, 15.09999999999999964 ) ) ;
#7071 = EDGE_CURVE ( 'NONE', #1148, #2989, #6934, .T. ) ;
#7072 = VERTEX_POINT ( 'NONE', #1435 ) ;
#7073 = DIRECTION ( 'NONE',  ( -1.000000000000000000, 0.000000000000000000, -0.000000000000000000 ) ) ;
#7074 = CARTESIAN_POINT ( 'NONE',  ( 28.09685402106798691, 6.454521924639747610, -13.23567173081813308 ) ) ;
#7076 = ORIENTED_EDGE ( 'NONE', *, *, #4227, .F. ) ;
#7075 = EDGE_LOOP ( 'NONE', ( #1187, #6909 ) ) ;
#7077 = VERTEX_POINT ( 'NONE', #4136 ) ;
#7078 = CARTESIAN_POINT ( 'NONE',  ( 15.35737535980886825, 45.40694055502255111, 12.49999999999999822 ) ) ;
#7079 = DIRECTION ( 'NONE',  ( 0.9139452746408239792, 0.4058374489394846463, 1.387778780781445676E-16 ) ) ;
#7080 = VECTOR ( 'NONE', #920, 1000.000000000000000 ) ;
#7081 = DIRECTION ( 'NONE',  ( 1.000000000000000000, 0.000000000000000000, 0.000000000000000000 ) ) ;
#7082 = DIRECTION ( 'NONE',  ( -0.9139452746408245343, -0.4058374489394832030, 0.000000000000000000 ) ) ;
#7083 = ORIENTED_EDGE ( 'NONE', *, *, #392, .F. ) ;
#7084 = APPLICATION_PROTOCOL_DEFINITION ( 'draft international standard', 'automotive_design', 1998, #4501 ) ;
#7085 = CIRCLE ( 'NONE', #3429, 1.574999999999999956 ) ;
#7086 = CARTESIAN_POINT ( 'NONE',  ( -50.61180586153672323, -2.695887011337285699, -1.788138067311604296 ) ) ;
#7087 = CARTESIAN_POINT ( 'NONE',  ( -31.54020779557600918, 7.697268402111542507, -12.50000000000000178 ) ) ;
#7088 = ORIENTED_EDGE ( 'NONE', *, *, #4970, .F. ) ;
#7089 = CARTESIAN_POINT ( 'NONE',  ( -12.04880404903821578, -4.892997066247143145, 12.49999999999999822 ) ) ;
#7090 = PLANE ( 'NONE',  #6093 ) ;
#7091 = DIRECTION ( 'NONE',  ( 1.000000000000000000, 0.000000000000000000, 0.000000000000000000 ) ) ;
#7092 = CARTESIAN_POINT ( 'NONE',  ( -42.99248356281449901, 1.900873093593730356, 6.906601717798147355 ) ) ;
#7093 = PLANE ( 'NONE',  #2327 ) ;
#7094 = CARTESIAN_POINT ( 'NONE',  ( -44.05520011509044309, -19.06638736947493840, -21.58258955986390859 ) ) ;
#7095 = DIRECTION ( 'NONE',  ( 0.000000000000000000, 0.000000000000000000, -1.000000000000000000 ) ) ;
#7096 = DIRECTION ( 'NONE',  ( 1.000000000000000000, 0.000000000000000000, 0.000000000000000000 ) ) ;
#7097 = CARTESIAN_POINT ( 'NONE',  ( 33.95243528405671896, 7.126769241894159279, 12.09952003084685401 ) ) ;
#7098 = ADVANCED_FACE ( 'NONE', ( #2743 ), #7398, .F. ) ;
#7099 = ORIENTED_EDGE ( 'NONE', *, *, #2030, .F. ) ;
#7100 = EDGE_CURVE ( 'NONE', #3551, #6639, #1347, .T. ) ;
#7101 = ORIENTED_EDGE ( 'NONE', *, *, #4440, .T. ) ;
#7102 = CARTESIAN_POINT ( 'NONE',  ( -46.68668928741680446, -20.53240019613385670, -21.25607010062777391 ) ) ;
#7103 = ORIENTED_EDGE ( 'NONE', *, *, #2650, .F. ) ;
#7104 = ORIENTED_EDGE ( 'NONE', *, *, #4126, .F. ) ;
#7105 = DIRECTION ( 'NONE',  ( -0.4058374489394844242, 0.9139452746408240902, 0.000000000000000000 ) ) ;
#7106 = AXIS2_PLACEMENT_3D ( 'NONE', #5884, #7119, #7081 ) ;
#7107 = CARTESIAN_POINT ( 'NONE',  ( -5797.078086305707984, -1370.987387417432274, -6025.936823365008422 ) ) ;
#7108 = CARTESIAN_POINT ( 'NONE',  ( 30.32700005846794511, 3.781549690352192350, 15.09999999999999964 ) ) ;
#7109 = DIRECTION ( 'NONE',  ( 0.9139452746408237571, 0.4058374489394850348, 0.000000000000000000 ) ) ;
#7110 = ADVANCED_FACE ( 'NONE', ( #1603 ), #5261, .F. ) ;
#7111 = ORIENTED_EDGE ( 'NONE', *, *, #4653, .T. ) ;
#7112 = CARTESIAN_POINT ( 'NONE',  ( 43.58311305207159592, 31.20836636923689156, -22.15000000000000213 ) ) ;
#7113 = DIRECTION ( 'NONE',  ( -0.000000000000000000, -0.000000000000000000, 1.000000000000000000 ) ) ;
#7115 = VERTEX_POINT ( 'NONE', #915 ) ;
#7114 = EDGE_LOOP ( 'NONE', ( #5081, #2238, #1835, #548 ) ) ;
#7116 = ORIENTED_EDGE ( 'NONE', *, *, #2028, .F. ) ;
#7117 = CARTESIAN_POINT ( 'NONE',  ( 48.05460693646725190, 37.15483409930360637, -2.407444835499587210 ) ) ;
#7118 = DIRECTION ( 'NONE',  ( 0.000000000000000000, 0.000000000000000000, -1.000000000000000000 ) ) ;
#7119 = DIRECTION ( 'NONE',  ( -0.000000000000000000, -0.000000000000000000, 1.000000000000000000 ) ) ;
#7120 = FACE_OUTER_BOUND ( 'NONE', #6347, .T. ) ;
#7121 = ORIENTED_EDGE ( 'NONE', *, *, #2508, .T. ) ;
#7122 = EDGE_CURVE ( 'NONE', #2257, #4373, #1595, .T. ) ;
#7123 = DIRECTION ( 'NONE',  ( 0.000000000000000000, 0.000000000000000000, -1.000000000000000000 ) ) ;
#7124 = CARTESIAN_POINT ( 'NONE',  ( 53.27787136022117664, 25.39205111620524136, -22.13507565770812491 ) ) ;
#7125 = EDGE_CURVE ( 'NONE', #5197, #5921, #5208, .T. ) ;
#7126 = CARTESIAN_POINT ( 'NONE',  ( -45.87203539667044083, 2.914705265106545262, 4.070910657244251496 ) ) ;
#7127 = LINE ( 'NONE', #7765, #1757 ) ;
#7128 = ORIENTED_EDGE ( 'NONE', *, *, #3730, .T. ) ;
#7129 = B_SPLINE_CURVE_WITH_KNOTS ( 'NONE', 3,
 ( #2362, #4299, #1098, #6245 ),
 .UNSPECIFIED., .F., .F.,
 ( 4, 4 ),
 ( 0.0005443150776908913403, 0.006959080692098748404 ),
 .UNSPECIFIED. ) ;
#7130 = DIRECTION ( 'NONE',  ( 0.000000000000000000, 0.000000000000000000, 1.000000000000000000 ) ) ;
#7131 = PLANE ( 'NONE',  #302 ) ;
#7132 = DIRECTION ( 'NONE',  ( 0.9139452746408238681, 0.4058374489394849793, 0.000000000000000000 ) ) ;
#7133 = CYLINDRICAL_SURFACE ( 'NONE', #8199, 9.000000000000000000 ) ;
#7134 = CARTESIAN_POINT ( 'NONE',  ( 49.08992314463565521, 22.50310008177280352, -21.86914278315574833 ) ) ;
#7135 = AXIS2_PLACEMENT_3D ( 'NONE', #4539, #6367, #3834 ) ;
#7136 = CARTESIAN_POINT ( 'NONE',  ( 7.560498711763927737, -4.451996168444437352, 18.09999999999999787 ) ) ;
#7137 = LINE ( 'NONE', #2657, #6640 ) ;
#7138 = DIRECTION ( 'NONE',  ( -0.000000000000000000, 0.000000000000000000, 1.000000000000000000 ) ) ;
#7139 = CYLINDRICAL_SURFACE ( 'NONE', #6340, 2.850000000000000089 ) ;
#7140 = CARTESIAN_POINT ( 'NONE',  ( -15.70042058138868768, -7.990771968125429225, -14.70000000000000462 ) ) ;
#7141 = EDGE_CURVE ( 'NONE', #6710, #53, #362, .T. ) ;
#7142 = VERTEX_POINT ( 'NONE', #7982 ) ;
#7143 = ORIENTED_EDGE ( 'NONE', *, *, #6943, .T. ) ;
#7144 = DIRECTION ( 'NONE',  ( -0.4058374489394844242, 0.9139452746408240902, 0.000000000000000000 ) ) ;
#7145 = ADVANCED_FACE ( 'NONE', ( #4839 ), #2812, .F. ) ;
#7146 = VERTEX_POINT ( 'NONE', #7897 ) ;
#7147 = AXIS2_PLACEMENT_3D ( 'NONE', #447, #3016, #525 ) ;
#7148 = AXIS2_PLACEMENT_3D ( 'NONE', #4585, #7809, #6447 ) ;
#7149 = EDGE_CURVE ( 'NONE', #4485, #2755, #2095, .T. ) ;
#7150 = ORIENTED_EDGE ( 'NONE', *, *, #8307, .F. ) ;
#7151 = EDGE_CURVE ( 'NONE', #477, #3047, #3533, .T. ) ;
#7152 = ADVANCED_FACE ( 'NONE', ( #6617 ), #2111, .F. ) ;
#7153 = LINE ( 'NONE', #3935, #1095 ) ;
#7154 = FACE_OUTER_BOUND ( 'NONE', #4513, .T. ) ;
#7155 = EDGE_CURVE ( 'NONE', #3997, #3301, #8071, .T. ) ;
#7156 = DIRECTION ( 'NONE',  ( -1.000000000000000000, 0.000000000000000000, 0.000000000000000000 ) ) ;
#7157 = CARTESIAN_POINT ( 'NONE',  ( 21.46862163830764203, 4.483693177446331113, -21.35000000000000497 ) ) ;
#7158 = EDGE_LOOP ( 'NONE', ( #4974, #5679, #4490, #5835, #2365, #5407, #6123 ) ) ;
#7159 = AXIS2_PLACEMENT_3D ( 'NONE', #2017, #1859, #3802 ) ;
#7160 = AXIS2_PLACEMENT_3D ( 'NONE', #7054, #1728, #2445 ) ;
#7161 = CARTESIAN_POINT ( 'NONE',  ( 34.29782124159785184, 36.44638975400708603, 7.266427586741751377 ) ) ;
#7162 = CARTESIAN_POINT ( 'NONE',  ( -35.46600263493998995, 27.49445797275911119, 15.09999999999999964 ) ) ;
#7163 = ORIENTED_EDGE ( 'NONE', *, *, #8334, .F. ) ;
#7164 = ORIENTED_EDGE ( 'NONE', *, *, #6746, .F. ) ;
#7165 = DIRECTION ( 'NONE',  ( -0.9139452746408245343, -0.4058374489394831475, 0.000000000000000000 ) ) ;
#7166 = AXIS2_PLACEMENT_3D ( 'NONE', #7768, #1385, #652 ) ;
#7167 =( NAMED_UNIT ( * ) PLANE_ANGLE_UNIT ( ) SI_UNIT ( $, .RADIAN. ) );
#7168 = DIRECTION ( 'NONE',  ( -1.000000000000000000, 0.000000000000000000, 0.000000000000000000 ) ) ;
#7169 = CYLINDRICAL_SURFACE ( 'NONE', #6744, 1.574999999999999956 ) ;
#7170 = AXIS2_PLACEMENT_3D ( 'NONE', #4331, #6916, #7511 ) ;
#7171 = ORIENTED_EDGE ( 'NONE', *, *, #5032, .T. ) ;
#7172 = CARTESIAN_POINT ( 'NONE',  ( -2.569501288236065495, 15.63800383155555096, 14.49999999999999822 ) ) ;
#7173 = CARTESIAN_POINT ( 'NONE',  ( 53.60031655191000510, 24.66590506919860815, -21.84636320225858697 ) ) ;
#7174 = VECTOR ( 'NONE', #776, 1000.000000000000114 ) ;
#7175 = CARTESIAN_POINT ( 'NONE',  ( 49.64972327434485067, 26.17051254111658309, -8.985648140418687646 ) ) ;
#7176 = LINE ( 'NONE', #7804, #6743 ) ;
#7177 = VERTEX_POINT ( 'NONE', #1556 ) ;
#7178 = EDGE_CURVE ( 'NONE', #2926, #84, #6787, .T. ) ;
#7179 = CARTESIAN_POINT ( 'NONE',  ( -38.42450437646652261, 22.30218152664974696, 20.10000000000000142 ) ) ;
#7180 = CARTESIAN_POINT ( 'NONE',  ( -11.66950128823607002, -12.94853146043112702, 20.10000000000000853 ) ) ;
#7181 = AXIS2_PLACEMENT_3D ( 'NONE', #3617, #7363, #972 ) ;
#7182 = CARTESIAN_POINT ( 'NONE',  ( 47.69748881700934362, 37.95906352322708699, -54.40744483548749599 ) ) ;
#7183 = CARTESIAN_POINT ( 'NONE',  ( -23.10050218603879912, 23.54230659235769707, 16.60000000000000142 ) ) ;
#7184 = VECTOR ( 'NONE', #50, 1000.000000000000000 ) ;
#7185 = CARTESIAN_POINT ( 'NONE',  ( 48.09530939283492756, 21.04690755199701968, -20.58494765305765739 ) ) ;
#7186 = CARTESIAN_POINT ( 'NONE',  ( -44.57130012503261440, -17.90413098687317017, -22.15000000000000213 ) ) ;
#7187 = CARTESIAN_POINT ( 'NONE',  ( -47.42142828019031242, -18.87776917996586690, -12.20182607606554726 ) ) ;
#7188 = CARTESIAN_POINT ( 'NONE',  ( -1.350233715278489344, -1.819469828328178718, -14.70000000000000462 ) ) ;
#7189 = CARTESIAN_POINT ( 'NONE',  ( 1.114282495547711305, 21.88238026434143180, 20.10000000000000142 ) ) ;
#7190 = CARTESIAN_POINT ( 'NONE',  ( -16.53104357888557274, -8.346508161627983924, -14.64730610271451461 ) ) ;
#7191 = ORIENTED_EDGE ( 'NONE', *, *, #7781, .F. ) ;
#7192 = ORIENTED_EDGE ( 'NONE', *, *, #890, .T. ) ;
#7193 = DIRECTION ( 'NONE',  ( -0.000000000000000000, -0.000000000000000000, 1.000000000000000000 ) ) ;
#7194 = ORIENTED_EDGE ( 'NONE', *, *, #802, .F. ) ;
#7195 = ORIENTED_EDGE ( 'NONE', *, *, #3347, .F. ) ;
#7196 = ADVANCED_FACE ( 'NONE', ( #4128 ), #2136, .F. ) ;
#7197 = CARTESIAN_POINT ( 'NONE',  ( 7.630498711763928910, 6.533253831555560609, 10.09999999999999964 ) ) ;
#7198 = CARTESIAN_POINT ( 'NONE',  ( -35.09878015672968132, -15.98489565024222792, -14.18269585316880033 ) ) ;
#7199 = VERTEX_POINT ( 'NONE', #2853 ) ;
#7200 = AXIS2_PLACEMENT_3D ( 'NONE', #6843, #4938, #1820 ) ;
#7201 = DIRECTION ( 'NONE',  ( -1.126425200169379507E-17, 2.536707717884011829E-17, 1.000000000000000000 ) ) ;
#7202 = CARTESIAN_POINT ( 'NONE',  ( -43.69703864707316399, -2.624681370721262841, -10.90000000000000036 ) ) ;
#7203 = VERTEX_POINT ( 'NONE', #5472 ) ;
#7204 = EDGE_CURVE ( 'NONE', #4831, #4394, #6206, .T. ) ;
#7205 = EDGE_LOOP ( 'NONE', ( #7275, #320, #8266, #3191 ) ) ;
#7206 = PLANE ( 'NONE',  #6975 ) ;
#7207 = CARTESIAN_POINT ( 'NONE',  ( 7.630498711763928910, 6.533253831555560609, 12.49999999999999822 ) ) ;
#7208 = LINE ( 'NONE', #3826, #3179 ) ;
#7209 = CARTESIAN_POINT ( 'NONE',  ( 43.82261333351239330, 35.25128976228054967, -0.7677157075141985976 ) ) ;
#7210 = ORIENTED_EDGE ( 'NONE', *, *, #5491, .F. ) ;
#7211 = DIRECTION ( 'NONE',  ( 0.9720956957812553201, 0.2323680146252102285, 0.03217241089342023908 ) ) ;
#7212 = CARTESIAN_POINT ( 'NONE',  ( -49.13473576032924228, -7.627281361719908226, -2.511903653822876059 ) ) ;
#7213 = EDGE_CURVE ( 'NONE', #2765, #1441, #6147, .T. ) ;
#7214 = DIRECTION ( 'NONE',  ( 0.000000000000000000, 0.000000000000000000, -1.000000000000000000 ) ) ;
#7215 = DIRECTION ( 'NONE',  ( 1.000000000000000000, 0.000000000000000000, -0.000000000000000000 ) ) ;
#7216 = ORIENTED_EDGE ( 'NONE', *, *, #2451, .T. ) ;
#7217 = CARTESIAN_POINT ( 'NONE',  ( 45.52935543363039272, 22.84940962451177882, -6.145929182258953460 ) ) ;
#7218 = CARTESIAN_POINT ( 'NONE',  ( -24.65257114941113059, 0.9083070863076230239, -14.70000000000000284 ) ) ;
#7219 = CIRCLE ( 'NONE', #4639, 30.00000000000000355 ) ;
#7220 = CARTESIAN_POINT ( 'NONE',  ( 0.4524764693605800581, -1.018976272739017697, -14.70000000000000284 ) ) ;
#7221 = DIRECTION ( 'NONE',  ( -0.000000000000000000, -0.000000000000000000, -1.000000000000000000 ) ) ;
#7222 = CARTESIAN_POINT ( 'NONE',  ( 49.22248578534055952, 22.20456923060874388, -21.62526650690072572 ) ) ;
#7223 = CARTESIAN_POINT ( 'NONE',  ( 2.630498711763926689, 6.533253831555559721, 20.10000000000000142 ) ) ;
#7224 = B_SPLINE_CURVE_WITH_KNOTS ( 'NONE', 3,
 ( #1557, #6745, #4883, #3534, #873, #1678 ),
 .UNSPECIFIED., .F., .F.,
 ( 4, 2, 4 ),
 ( 3.110622340684293468E-15, 0.001361952391570989216, 0.002723904783138868073 ),
 .UNSPECIFIED. ) ;
#7225 = CIRCLE ( 'NONE', #7492, 1.125000000000000888 ) ;
#7226 = DIRECTION ( 'NONE',  ( 0.000000000000000000, 0.000000000000000000, -1.000000000000000000 ) ) ;
#7227 = FACE_OUTER_BOUND ( 'NONE', #2235, .T. ) ;
#7228 = CARTESIAN_POINT ( 'NONE',  ( -10.47380404903821649, -4.892997066247143145, 14.45000000000000107 ) ) ;
#7229 = CARTESIAN_POINT ( 'NONE',  ( -18.56948497128805542, -8.645061223653243587, -14.69999999999995133 ) ) ;
#7230 = ORIENTED_EDGE ( 'NONE', *, *, #7388, .T. ) ;
#7231 = CARTESIAN_POINT ( 'NONE',  ( -36.67450437646652261, 22.30218152664974696, 15.59999999999999964 ) ) ;
#7232 = ORIENTED_EDGE ( 'NONE', *, *, #7573, .F. ) ;
#7233 = LINE ( 'NONE', #2064, #5657 ) ;
#7234 = EDGE_CURVE ( 'NONE', #2874, #2744, #5306, .T. ) ;
#7235 = DIRECTION ( 'NONE',  ( 0.2233400785142950762, 0.05338681248752623343, -0.9732774823151156829 ) ) ;
#7236 = CARTESIAN_POINT ( 'NONE',  ( 39.03391294636773523, 36.28734366360340857, 3.154816932867355206 ) ) ;
#7237 = VERTEX_POINT ( 'NONE', #5343 ) ;
#7238 = B_SPLINE_CURVE_WITH_KNOTS ( 'NONE', 3,
 ( #1305, #8289, #7055, #1186 ),
 .UNSPECIFIED., .F., .F.,
 ( 4, 4 ),
 ( 2.838738158946499982E-07, 0.005859864638565007514 ),
 .UNSPECIFIED. ) ;
#7239 = FACE_OUTER_BOUND ( 'NONE', #5741, .T. ) ;
#7240 = DIRECTION ( 'NONE',  ( -0.4058374489394845352, 0.9139452746408240902, -0.000000000000000000 ) ) ;
#7241 = ORIENTED_EDGE ( 'NONE', *, *, #7880, .T. ) ;
#7242 = CARTESIAN_POINT ( 'NONE',  ( 15.35737535980886825, 45.40694055502255111, 15.59999999999999964 ) ) ;
#7243 = FACE_OUTER_BOUND ( 'NONE', #983, .T. ) ;
#7244 = CIRCLE ( 'NONE', #1308, 1.574999999999999956 ) ;
#7245 = ORIENTED_EDGE ( 'NONE', *, *, #2537, .T. ) ;
#7246 = DIRECTION ( 'NONE',  ( 0.9610761936858023269, 0.000000000000000000, 0.2762834593862076304 ) ) ;
#7247 = DIRECTION ( 'NONE',  ( -0.4058374489394845908, 0.9139452746408239792, -0.000000000000000000 ) ) ;
#7248 = DIRECTION ( 'NONE',  ( 1.000000000000000000, 0.000000000000000000, 0.000000000000000000 ) ) ;
#7249 = FACE_OUTER_BOUND ( 'NONE', #8024, .T. ) ;
#7250 = AXIS2_PLACEMENT_3D ( 'NONE', #3012, #3777, #5632 ) ;
#7251 = ORIENTED_EDGE ( 'NONE', *, *, #6762, .F. ) ;
#7252 = CARTESIAN_POINT ( 'NONE',  ( 50.47900918386559965, 24.30296202227395241, -22.15000000000000924 ) ) ;
#7253 = EDGE_CURVE ( 'NONE', #6815, #2623, #7020, .T. ) ;
#7254 = DIRECTION ( 'NONE',  ( -1.000000000000000000, 0.000000000000000000, 0.000000000000000000 ) ) ;
#7255 = ADVANCED_FACE ( 'NONE', ( #4371 ), #1845, .F. ) ;
#7256 = DIRECTION ( 'NONE',  ( -1.000000000000000000, -1.084202172485504434E-16, 0.000000000000000000 ) ) ;
#7257 = ORIENTED_EDGE ( 'NONE', *, *, #4658, .F. ) ;
#7258 = CARTESIAN_POINT ( 'NONE',  ( 42.28146716408158312, 18.64604119492871703, -9.163385466039040139 ) ) ;
#7259 = EDGE_CURVE ( 'NONE', #2386, #3341, #1126, .T. ) ;
#7260 = ORIENTED_EDGE ( 'NONE', *, *, #2997, .F. ) ;
#7261 = CARTESIAN_POINT ( 'NONE',  ( -23.10050218603879912, 23.54230659235769707, 16.60000000000000142 ) ) ;
#7262 = CARTESIAN_POINT ( 'NONE',  ( 6.909801472566043934, 36.16900472935827793, 16.60000000000000142 ) ) ;
#7263 = EDGE_CURVE ( 'NONE', #5579, #5045, #6824, .T. ) ;
#7264 = DIRECTION ( 'NONE',  ( 1.000000000000000000, 0.000000000000000000, 0.000000000000000000 ) ) ;
#7265 = DIRECTION ( 'NONE',  ( -0.000000000000000000, -0.000000000000000000, -1.000000000000000000 ) ) ;
#7266 = CARTESIAN_POINT ( 'NONE',  ( 48.11173193213324595, 21.00992402021965688, -20.04512421095780184 ) ) ;
#7267 = DIRECTION ( 'NONE',  ( 0.000000000000000000, 0.000000000000000000, -1.000000000000000000 ) ) ;
#7268 = FACE_BOUND ( 'NONE', #259, .T. ) ;
#7269 = DIRECTION ( 'NONE',  ( 0.000000000000000000, 0.000000000000000000, -1.000000000000000000 ) ) ;
#7270 = FACE_BOUND ( 'NONE', #5170, .T. ) ;
#7271 = CARTESIAN_POINT ( 'NONE',  ( 2.459801472566041536, 36.16900472935827793, 16.60000000000000142 ) ) ;
#7272 = ORIENTED_EDGE ( 'NONE', *, *, #6343, .F. ) ;
#7273 = CIRCLE ( 'NONE', #1197, 52.00744483548766084 ) ;
#7274 = CARTESIAN_POINT ( 'NONE',  ( 33.87569426902514635, 14.47956007382024701, -10.47851744506885474 ) ) ;
#7275 = ORIENTED_EDGE ( 'NONE', *, *, #2393, .F. ) ;
#7276 = CARTESIAN_POINT ( 'NONE',  ( -41.35272403067966707, -16.52821659318327718, -22.15000000000000213 ) ) ;
#7277 = EDGE_CURVE ( 'NONE', #5400, #5579, #3780, .T. ) ;
#7278 = DIRECTION ( 'NONE',  ( 1.000000000000000000, 1.734723475976806848E-16, 0.000000000000000000 ) ) ;
#7279 = AXIS2_PLACEMENT_3D ( 'NONE', #5193, #8343, #6387 ) ;
#7280 = AXIS2_PLACEMENT_3D ( 'NONE', #3305, #7340, #7884 ) ;
#7281 = DIRECTION ( 'NONE',  ( -0.000000000000000000, -0.000000000000000000, 1.000000000000000000 ) ) ;
#7282 = ORIENTED_EDGE ( 'NONE', *, *, #7410, .F. ) ;
#7283 = ORIENTED_EDGE ( 'NONE', *, *, #949, .T. ) ;
#7284 = DIRECTION ( 'NONE',  ( -0.9139452746408240902, -0.4058374489394843132, 0.000000000000000000 ) ) ;
#7285 = ORIENTED_EDGE ( 'NONE', *, *, #3470, .F. ) ;
#7286 = PLANE ( 'NONE',  #7585 ) ;
#7287 = CARTESIAN_POINT ( 'NONE',  ( 53.97501691169149041, 23.82208046867591733, -19.90226640499234279 ) ) ;
#7288 = ORIENTED_EDGE ( 'NONE', *, *, #1066, .T. ) ;
#7289 = B_SPLINE_CURVE_WITH_KNOTS ( 'NONE', 3,
 ( #5253, #5171, #105, #8324, #2051, #2647, #1970, #5212 ),
 .UNSPECIFIED., .F., .F.,
 ( 4, 2, 2, 4 ),
 ( 8.624832128279131273E-15, 0.003324724961454765884, 0.006649449922900906723, 0.01329889984579319361 ),
 .UNSPECIFIED. ) ;
#7290 = LINE ( 'NONE', #4745, #7069 ) ;
#7291 = SURFACE_STYLE_FILL_AREA ( #1453 ) ;
#7292 = CARTESIAN_POINT ( 'NONE',  ( -40.77784948703989443, -5.069008896230228878, 6.141930112105788098 ) ) ;
#7293 = CARTESIAN_POINT ( 'NONE',  ( -18.55319273506578881, -13.35523683050638510, 16.49280446253903065 ) ) ;
#7294 = ORIENTED_EDGE ( 'NONE', *, *, #5593, .T. ) ;
#7295 = DIRECTION ( 'NONE',  ( -0.000000000000000000, -0.000000000000000000, 1.000000000000000000 ) ) ;
#7296 = CIRCLE ( 'NONE', #5397, 37.50000000000000711 ) ;
#7297 = AXIS2_PLACEMENT_3D ( 'NONE', #3052, #2972, #1211 ) ;
#7298 = CARTESIAN_POINT ( 'NONE',  ( 49.31344523661728374, 26.92781013489391029, -7.845790856437467653 ) ) ;
#7299 = DIRECTION ( 'NONE',  ( 0.000000000000000000, -0.000000000000000000, 1.000000000000000000 ) ) ;
#7300 = ADVANCED_FACE ( 'NONE', ( #523 ), #5557, .F. ) ;
#7301 = VERTEX_POINT ( 'NONE', #2350 ) ;
#7302 = CIRCLE ( 'NONE', #7575, 1.125000000000000888 ) ;
#7303 = ORIENTED_EDGE ( 'NONE', *, *, #1575, .T. ) ;
#7304 = LINE ( 'NONE', #2131, #758 ) ;
#7305 = AXIS2_PLACEMENT_3D ( 'NONE', #5709, #5356, #5833 ) ;
#7306 = DIRECTION ( 'NONE',  ( 0.02891540797381979971, 0.01283988848429819078, -0.9994993929189843751 ) ) ;
#7307 = CARTESIAN_POINT ( 'NONE',  ( -43.91174718580310810, -19.38944313280613230, -18.04912948749871049 ) ) ;
#7308 = DIRECTION ( 'NONE',  ( 0.4058374489394843687, -0.9139452746408240902, 0.000000000000000000 ) ) ;
#7309 = CARTESIAN_POINT ( 'NONE',  ( 49.46622730479616337, 21.65566372540624585, -20.58494765305765739 ) ) ;
#7310 = LINE ( 'NONE', #3483, #3491 ) ;
#7311 = AXIS2_PLACEMENT_3D ( 'NONE', #1278, #6510, #5190 ) ;
#7312 = AXIS2_PLACEMENT_3D ( 'NONE', #5250, #7889, #7847 ) ;
#7313 = ADVANCED_FACE ( 'NONE', ( #5511, #3095 ), #5050, .T. ) ;
#7314 = CARTESIAN_POINT ( 'NONE',  ( -2.569501288236065495, 15.63800383155555096, 12.10000000000029985 ) ) ;
#7315 = EDGE_CURVE ( 'NONE', #8312, #7795, #805, .T. ) ;
#7316 = CARTESIAN_POINT ( 'NONE',  ( 43.83801135896457879, 39.60994545293124958, -2.816137819104007622 ) ) ;
#7317 = DIRECTION ( 'NONE',  ( -0.000000000000000000, -0.000000000000000000, 1.000000000000000000 ) ) ;
#7318 = PLANE ( 'NONE',  #56 ) ;
#7319 = ORIENTED_EDGE ( 'NONE', *, *, #1057, .F. ) ;
#7320 = AXIS2_PLACEMENT_3D ( 'NONE', #1872, #5626, #6389 ) ;
#7321 = DIRECTION ( 'NONE',  ( 0.000000000000000000, 0.000000000000000000, 1.000000000000000000 ) ) ;
#7322 = ORIENTED_EDGE ( 'NONE', *, *, #5278, .F. ) ;
#7323 = CARTESIAN_POINT ( 'NONE',  ( 9.630498711763927133, 9.533253831555560609, 12.49999999999999822 ) ) ;
#7324 = ADVANCED_FACE ( 'NONE', ( #5683 ), #6192, .F. ) ;
#7325 = PLANE ( 'NONE',  #1643 ) ;
#7326 = DIRECTION ( 'NONE',  ( -0.4058374489394844797, 0.9139452746408239792, 0.000000000000000000 ) ) ;
#7327 = AXIS2_PLACEMENT_3D ( 'NONE', #4725, #7742, #591 ) ;
#7328 = PLANE ( 'NONE',  #8123 ) ;
#7329 = DIRECTION ( 'NONE',  ( 1.000000000000000000, 0.000000000000000000, 0.000000000000000000 ) ) ;
#7330 = VERTEX_POINT ( 'NONE', #2473 ) ;
#7331 = VECTOR ( 'NONE', #5468, 1000.000000000000000 ) ;
#7332 = EDGE_LOOP ( 'NONE', ( #2676, #1751, #691, #6599 ) ) ;
#7333 = EDGE_CURVE ( 'NONE', #2731, #6779, #6276, .T. ) ;
#7334 = CARTESIAN_POINT ( 'NONE',  ( 32.83112880201868933, 6.284012132296888709, -8.021428571428575793 ) ) ;
#7335 = ORIENTED_EDGE ( 'NONE', *, *, #73, .F. ) ;
#7336 = CARTESIAN_POINT ( 'NONE',  ( 41.64197798282386032, 19.30911120159284522, 6.166336356345629710 ) ) ;
#7337 = CARTESIAN_POINT ( 'NONE',  ( 52.59405826866095168, 26.93199708571248507, -9.764801485277784465 ) ) ;
#7338 = ORIENTED_EDGE ( 'NONE', *, *, #4353, .T. ) ;
#7339 = DIRECTION ( 'NONE',  ( 0.4058374489394845908, -0.9139452746408239792, 0.000000000000000000 ) ) ;
#7340 = DIRECTION ( 'NONE',  ( -0.000000000000000000, 0.000000000000000000, 1.000000000000000000 ) ) ;
#7341 = CARTESIAN_POINT ( 'NONE',  ( -30.74993805753108944, -14.97712165805783435, -5.818812750506013209 ) ) ;
#7342 = CARTESIAN_POINT ( 'NONE',  ( 49.22248578534055952, 22.20456923060874388, -21.62526650690072572 ) ) ;
#7343 = ORIENTED_EDGE ( 'NONE', *, *, #1418, .T. ) ;
#7344 = CARTESIAN_POINT ( 'NONE',  ( 0.1480983826556548366, -0.3335173167576945819, -14.70000000000000284 ) ) ;
#7345 = CARTESIAN_POINT ( 'NONE',  ( -36.67450437646652261, 22.30218152664974696, 15.59999999999999964 ) ) ;
#7346 = VERTEX_POINT ( 'NONE', #8106 ) ;
#7347 = VERTEX_POINT ( 'NONE', #1756 ) ;
#7348 = LINE ( 'NONE', #955, #4813 ) ;
#7349 = CARTESIAN_POINT ( 'NONE',  ( -20.22550218603880268, 23.54230659235769707, 20.10000000000000142 ) ) ;
#7350 = CARTESIAN_POINT ( 'NONE',  ( 16.40737535980886719, 45.40694055502255111, 15.59999999999999964 ) ) ;
#7351 = CARTESIAN_POINT ( 'NONE',  ( 45.31277111254472345, 35.93732175248528193, -2.407444835499602309 ) ) ;
#7352 = FACE_OUTER_BOUND ( 'NONE', #7548, .T. ) ;
#7353 = DIRECTION ( 'NONE',  ( -1.770723453981590705E-15, -7.862898461000498000E-16, 1.000000000000000000 ) ) ;
#7354 = VECTOR ( 'NONE', #5419, 1000.000000000000000 ) ;
#7355 = CARTESIAN_POINT ( 'NONE',  ( -47.05517162423679878, -19.70257857320616068, -14.50547688666645207 ) ) ;
#7356 = DIRECTION ( 'NONE',  ( 1.518089552737042439E-13, 3.640229097077708867E-14, 1.000000000000000000 ) ) ;
#7357 = PLANE ( 'NONE',  #3096 ) ;
#7358 = CARTESIAN_POINT ( 'NONE',  ( 44.98298319997409322, 7.622833691810278367, -9.664955880659885423 ) ) ;
#7359 = EDGE_LOOP ( 'NONE', ( #8020, #8356, #1493, #3503, #4565, #2330, #5338, #2820 ) ) ;
#7360 = LINE ( 'NONE', #923, #4718 ) ;
#7361 = ORIENTED_EDGE ( 'NONE', *, *, #7512, .T. ) ;
#7362 = CARTESIAN_POINT ( 'NONE',  ( -20.19309528035905998, -17.00783130162851364, -6.648741191706663223 ) ) ;
#7363 = DIRECTION ( 'NONE',  ( 0.000000000000000000, 0.000000000000000000, -1.000000000000000000 ) ) ;
#7364 = AXIS2_PLACEMENT_3D ( 'NONE', #5043, #4410, #5156 ) ;
#7365 = CARTESIAN_POINT ( 'NONE',  ( 0.6304987117639266891, 6.959150220622822403, 14.49999999999999822 ) ) ;
#7366 = DIRECTION ( 'NONE',  ( 0.000000000000000000, 0.000000000000000000, -1.000000000000000000 ) ) ;
#7367 = EDGE_CURVE ( 'NONE', #269, #5526, #6607, .T. ) ;
#7368 = CARTESIAN_POINT ( 'NONE',  ( 41.30095721646990370, 17.94041188786060559, -14.19139809630701876 ) ) ;
#7369 = ORIENTED_EDGE ( 'NONE', *, *, #6287, .T. ) ;
#7370 = AXIS2_PLACEMENT_3D ( 'NONE', #7848, #3350, #2768 ) ;
#7371 = ADVANCED_FACE ( 'NONE', ( #6827 ), #1036, .F. ) ;
#7372 = EDGE_LOOP ( 'NONE', ( #8147, #2219, #7163, #3351 ) ) ;
#7373 = ORIENTED_EDGE ( 'NONE', *, *, #1316, .T. ) ;
#7374 = CARTESIAN_POINT ( 'NONE',  ( 37.99252838793221088, 14.92625959322998064, -2.557961263980441657 ) ) ;
#7375 = CARTESIAN_POINT ( 'NONE',  ( 52.46732887745680785, 27.21739146849253999, -9.277818549753666488 ) ) ;
#7376 = ORIENTED_EDGE ( 'NONE', *, *, #2854, .T. ) ;
#7377 = CARTESIAN_POINT ( 'NONE',  ( -8.049818085922094468, 18.12817723098731548, -14.70000000000000284 ) ) ;
#7378 = EDGE_CURVE ( 'NONE', #7203, #442, #6233, .T. ) ;
#7379 = LINE ( 'NONE', #2083, #1353 ) ;
#7380 = VERTEX_POINT ( 'NONE', #5635 ) ;
#7381 = CARTESIAN_POINT ( 'NONE',  ( 51.23318108776901170, 22.60456812185746500, -19.90226640499234279 ) ) ;
#7382 = FACE_OUTER_BOUND ( 'NONE', #553, .T. ) ;
#7383 = ORIENTED_EDGE ( 'NONE', *, *, #5907, .F. ) ;
#7384 = ORIENTED_EDGE ( 'NONE', *, *, #168, .T. ) ;
#7385 = CIRCLE ( 'NONE', #3726, 2.100000000000004530 ) ;
#7386 = LINE ( 'NONE', #4879, #21 ) ;
#7387 = DIRECTION ( 'NONE',  ( 1.000000000000000000, 0.000000000000000000, 0.000000000000000000 ) ) ;
#7388 = EDGE_CURVE ( 'NONE', #6717, #2468, #4601, .T. ) ;
#7389 = CARTESIAN_POINT ( 'NONE',  ( 46.44578014024421719, 40.77790942654582551, -2.675592887094392580 ) ) ;
#7390 = CARTESIAN_POINT ( 'NONE',  ( 46.20736166986193183, 33.92270527306748562, -2.675592887100077810 ) ) ;
#7391 = CIRCLE ( 'NONE', #5745, 1.500000000000001332 ) ;
#7392 = CARTESIAN_POINT ( 'NONE',  ( 49.67658570320782729, 21.65961017318292647, -21.81194195411929826 ) ) ;
#7393 = EDGE_CURVE ( 'NONE', #5760, #5145, #7509, .T. ) ;
#7394 = DIRECTION ( 'NONE',  ( -0.9291758890562308304, -0.2221085408716758358, -0.2954656718950918748 ) ) ;
#7395 = CARTESIAN_POINT ( 'NONE',  ( 43.40423111497054975, 40.20994372784870308, -2.827507457970799720 ) ) ;
#7396 = CARTESIAN_POINT ( 'NONE',  ( -35.46600263493998995, 27.49445797275911119, 15.09999999999999964 ) ) ;
#7397 = CARTESIAN_POINT ( 'NONE',  ( -2.569501288236065495, 15.63800383155555096, -14.70000000000000284 ) ) ;
#7398 = CYLINDRICAL_SURFACE ( 'NONE', #2018, 1.749999999999999778 ) ;
#7399 = ORIENTED_EDGE ( 'NONE', *, *, #6890, .F. ) ;
#7400 = DIRECTION ( 'NONE',  ( -0.000000000000000000, -0.000000000000000000, -1.000000000000000000 ) ) ;
#7401 = DIRECTION ( 'NONE',  ( 1.000000000000000000, 0.000000000000000000, 0.000000000000000000 ) ) ;
#7402 = CARTESIAN_POINT ( 'NONE',  ( 19.53649960956662568, 7.733701070753433271, 12.49999999999999822 ) ) ;
#7403 = DIRECTION ( 'NONE',  ( 0.4342997651233633793, -0.9007684019845453305, 0.000000000000000000 ) ) ;
#7404 = CARTESIAN_POINT ( 'NONE',  ( 35.60861326097371915, 36.34422849585955362, 6.171003022311925434 ) ) ;
#7405 = ORIENTED_EDGE ( 'NONE', *, *, #6325, .F. ) ;
#7406 = EDGE_CURVE ( 'NONE', #5547, #6604, #1696, .T. ) ;
#7407 = ORIENTED_EDGE ( 'NONE', *, *, #5380, .T. ) ;
#7408 = VECTOR ( 'NONE', #7051, 1000.000000000000000 ) ;
#7409 = EDGE_CURVE ( 'NONE', #6884, #6896, #2044, .T. ) ;
#7410 = EDGE_CURVE ( 'NONE', #5025, #1212, #8158, .T. ) ;
#7411 = CARTESIAN_POINT ( 'NONE',  ( 33.98019955206203946, 7.249358620038186984, -4.459276188112879957 ) ) ;
#7412 = EDGE_CURVE ( 'NONE', #1562, #4616, #5310, .T. ) ;
#7413 = ORIENTED_EDGE ( 'NONE', *, *, #3527, .F. ) ;
#7414 = CARTESIAN_POINT ( 'NONE',  ( 36.96553556515255679, 14.26274285825202348, 10.35651828149775966 ) ) ;
#7415 = EDGE_CURVE ( 'NONE', #5384, #6391, #643, .T. ) ;
#7416 = CARTESIAN_POINT ( 'NONE',  ( -20.66237568175213823, -11.83943345217144127, -12.87486597965695978 ) ) ;
#7417 = ORIENTED_EDGE ( 'NONE', *, *, #8270, .T. ) ;
#7418 = CARTESIAN_POINT ( 'NONE',  ( 40.30783251418225177, 20.78364512433755706, 2.829349243213076459 ) ) ;
#7419 = DIRECTION ( 'NONE',  ( -0.000000000000000000, -0.000000000000000000, -1.000000000000000000 ) ) ;
#7420 = CARTESIAN_POINT ( 'NONE',  ( 49.48281089098293961, 21.61831751629810938, -20.31676954922404832 ) ) ;
#7421 = EDGE_LOOP ( 'NONE', ( #8061, #5829, #6595, #440 ) ) ;
#7422 = TOROIDAL_SURFACE ( 'NONE', #3104, 26.50000000000001421, 11.00000000000000000 ) ;
#7423 = VECTOR ( 'NONE', #4596, 1000.000000000000114 ) ;
#7424 = CARTESIAN_POINT ( 'NONE',  ( 0.000000000000000000, 0.000000000000000000, -14.70000000000000284 ) ) ;
#7425 = CARTESIAN_POINT ( 'NONE',  ( -16.88713200266511194, -6.256776172494366683, -12.50000000000000178 ) ) ;
#7426 = ORIENTED_EDGE ( 'NONE', *, *, #7149, .F. ) ;
#7427 = ORIENTED_EDGE ( 'NONE', *, *, #4543, .F. ) ;
#7428 = CARTESIAN_POINT ( 'NONE',  ( -2.569501288236065495, 15.63800383155555096, -12.50000000000000178 ) ) ;
#7429 = CARTESIAN_POINT ( 'NONE',  ( -28.86285952746079531, 3.462880363371011683, -17.14999999999996660 ) ) ;
#7430 = CARTESIAN_POINT ( 'NONE',  ( -17.72235263888314094, 47.39760212532419814, 15.59999999999999964 ) ) ;
#7431 = CARTESIAN_POINT ( 'NONE',  ( 48.65740862624564045, 35.79732567479000238, -2.511903653824927307 ) ) ;
#7432 = AXIS2_PLACEMENT_3D ( 'NONE', #8111, #487, #4886 ) ;
#7433 = STYLED_ITEM ( 'NONE', ( #7798 ), #6977 ) ;
#7434 = FACE_OUTER_BOUND ( 'NONE', #8271, .T. ) ;
#7435 = FACE_OUTER_BOUND ( 'NONE', #5329, .T. ) ;
#7436 = CARTESIAN_POINT ( 'NONE',  ( -1.960745114826851099, 14.26708591959435424, 12.49999999999999822 ) ) ;
#7437 = CARTESIAN_POINT ( 'NONE',  ( -47.60080316382139642, -11.08169507306992330, -3.842806056089146605 ) ) ;
#7438 = AXIS2_PLACEMENT_3D ( 'NONE', #4174, #2099, #4632 ) ;
#7439 = VECTOR ( 'NONE', #3665, 1000.000000000000000 ) ;
#7440 = FACE_OUTER_BOUND ( 'NONE', #395, .T. ) ;
#7441 = CARTESIAN_POINT ( 'NONE',  ( 29.75626963065874619, 12.81399273714134068, -14.70000000000051976 ) ) ;
#7442 = ORIENTED_EDGE ( 'NONE', *, *, #7415, .F. ) ;
#7443 = CARTESIAN_POINT ( 'NONE',  ( -27.71043159888493079, -12.70409907107182335, -7.495391079702869774 ) ) ;
#7444 = DIRECTION ( 'NONE',  ( 1.000000000000000000, 0.000000000000000000, 0.000000000000000000 ) ) ;
#7445 = CARTESIAN_POINT ( 'NONE',  ( -42.00416033149355854, -18.75724418416965023, -21.09063244998280240 ) ) ;
#7446 = CARTESIAN_POINT ( 'NONE',  ( 9.286952852967614191, 46.43450517825943535, 15.09999999999999964 ) ) ;
#7447 = CARTESIAN_POINT ( 'NONE',  ( -51.56259303145988326, -1.959788680502720259, -2.756756505699319959 ) ) ;
#7448 = VERTEX_POINT ( 'NONE', #4571 ) ;
#7449 = AXIS2_PLACEMENT_3D ( 'NONE', #6485, #2173, #3436 ) ;
#7450 = ORIENTED_EDGE ( 'NONE', *, *, #54, .T. ) ;
#7451 = ORIENTED_EDGE ( 'NONE', *, *, #352, .F. ) ;
#7452 = EDGE_CURVE ( 'NONE', #7301, #8054, #2001, .T. ) ;
#7453 = ORIENTED_EDGE ( 'NONE', *, *, #4383, .T. ) ;
#7454 = FACE_OUTER_BOUND ( 'NONE', #8296, .T. ) ;
#7455 = CARTESIAN_POINT ( 'NONE',  ( -15.84483385302862679, -10.58705791466761070, -14.31594876364563440 ) ) ;
#7456 = CIRCLE ( 'NONE', #2727, 8507.626810897734686 ) ;
#7457 = EDGE_LOOP ( 'NONE', ( #3952, #7272, #7697, #2328 ) ) ;
#7458 = CARTESIAN_POINT ( 'NONE',  ( -4.397281045466727711, 9.902669759219890011, -22.15000000000000213 ) ) ;
#7459 = CARTESIAN_POINT ( 'NONE',  ( -49.86056896585148479, -6.323095022135643895, -2.541489669459787049 ) ) ;
#7460 = CARTESIAN_POINT ( 'NONE',  ( 39.45774217870472000, 39.22391195176920320, -1.191626790723634421 ) ) ;
#7461 = ORIENTED_EDGE ( 'NONE', *, *, #6253, .F. ) ;
#7462 = LINE ( 'NONE', #8182, #8128 ) ;
#7463 = EDGE_CURVE ( 'NONE', #342, #7034, #1292, .T. ) ;
#7464 = CARTESIAN_POINT ( 'NONE',  ( 37.18451996978642882, 13.95269738713616370, -2.840337392272753725 ) ) ;
#7466 = ORIENTED_EDGE ( 'NONE', *, *, #2287, .F. ) ;
#7465 = ORIENTED_EDGE ( 'NONE', *, *, #3807, .F. ) ;
#7467 = EDGE_LOOP ( 'NONE', ( #2190, #4525, #5423, #4531, #7818 ) ) ;
#7468 = CARTESIAN_POINT ( 'NONE',  ( 53.16274170314988368, 25.65132291659301345, -22.15000000000000213 ) ) ;
#7469 = CARTESIAN_POINT ( 'NONE',  ( -1.317115961808390523, 24.55044070337397955, 14.49999999999999822 ) ) ;
#7470 = FACE_OUTER_BOUND ( 'NONE', #3688, .T. ) ;
#7471 = CARTESIAN_POINT ( 'NONE',  ( -10.47380404903821649, -4.892997066247143145, 14.45000000000000107 ) ) ;
#7472 = LINE ( 'NONE', #4170, #1214 ) ;
#7473 = CARTESIAN_POINT ( 'NONE',  ( -48.14593412867354516, -17.24618318808531114, -8.972107258979653110 ) ) ;
#7474 = CARTESIAN_POINT ( 'NONE',  ( 41.75736980498201945, 18.14308192262655695, -13.14809138725869175 ) ) ;
#7475 = CIRCLE ( 'NONE', #3411, 26.50000000000001421 ) ;
#7476 = CARTESIAN_POINT ( 'NONE',  ( -47.11306970084455514, -12.18007003806324562, -4.592060007040719150 ) ) ;
#7477 = DIRECTION ( 'NONE',  ( -1.000000000000000000, 0.000000000000000000, 0.000000000000000000 ) ) ;
#7478 = CARTESIAN_POINT ( 'NONE',  ( 35.76158367845626174, 15.48065276686357095, -14.70000000000074891 ) ) ;
#7479 = ORIENTED_EDGE ( 'NONE', *, *, #6417, .F. ) ;
#7480 = CARTESIAN_POINT ( 'NONE',  ( -19.61263208559830673, -16.92834239995236345, -7.693043215731659501 ) ) ;
#7481 = CARTESIAN_POINT ( 'NONE',  ( 44.23852665893191727, 19.24483975864301399, -14.70000000000000462 ) ) ;
#7482 = CARTESIAN_POINT ( 'NONE',  ( 34.21104452411216101, 39.16194217919968423, 5.586078477233045625 ) ) ;
#7483 = CARTESIAN_POINT ( 'NONE',  ( 15.35737535980886825, 45.40694055502255111, 20.10000000000000142 ) ) ;
#7484 = CARTESIAN_POINT ( 'NONE',  ( 38.13343172869603848, 29.73792102278675387, 6.524807588253865198 ) ) ;
#7485 = ORIENTED_EDGE ( 'NONE', *, *, #1365, .T. ) ;
#7486 = DIRECTION ( 'NONE',  ( -1.000000000000000000, 0.000000000000000000, 0.000000000000000000 ) ) ;
#7487 = ORIENTED_EDGE ( 'NONE', *, *, #6579, .F. ) ;
#7488 = VECTOR ( 'NONE', #1539, 1000.000000000000114 ) ;
#7489 = ADVANCED_FACE ( 'NONE', ( #7120 ), #7169, .F. ) ;
#7490 = ORIENTED_EDGE ( 'NONE', *, *, #6728, .T. ) ;
#7491 = EDGE_CURVE ( 'NONE', #6222, #5704, #604, .T. ) ;
#7492 = AXIS2_PLACEMENT_3D ( 'NONE', #7202, #6558, #4648 ) ;
#7493 = ORIENTED_EDGE ( 'NONE', *, *, #8292, .F. ) ;
#7494 = CARTESIAN_POINT ( 'NONE',  ( 37.01571220163576470, 28.28947513671056413, 8.049142725598279924 ) ) ;
#7495 = CARTESIAN_POINT ( 'NONE',  ( -25.97788413074140834, -11.93476127356002081, -14.69999999999973106 ) ) ;
#7496 = CARTESIAN_POINT ( 'NONE',  ( 20.83649960956662284, 7.733701070753433271, 15.99999999999999645 ) ) ;
#7497 = CARTESIAN_POINT ( 'NONE',  ( 35.27286535801582090, 25.39997782226751610, 10.52780878195583725 ) ) ;
#7498 = FACE_OUTER_BOUND ( 'NONE', #2068, .T. ) ;
#7499 = ORIENTED_EDGE ( 'NONE', *, *, #786, .T. ) ;
#7500 = ORIENTED_EDGE ( 'NONE', *, *, #1159, .F. ) ;
#7501 = CARTESIAN_POINT ( 'NONE',  ( 35.66980807088935990, 31.85226104223874088, -13.14809138725793503 ) ) ;
#7502 = DIRECTION ( 'NONE',  ( -0.000000000000000000, -0.000000000000000000, -1.000000000000000000 ) ) ;
#7504 = ORIENTED_EDGE ( 'NONE', *, *, #6349, .F. ) ;
#7503 = ORIENTED_EDGE ( 'NONE', *, *, #3864, .F. ) ;
#7505 = VERTEX_POINT ( 'NONE', #6436 ) ;
#7506 = PLANE ( 'NONE',  #5484 ) ;
#7507 = CARTESIAN_POINT ( 'NONE',  ( -0.4606577907535720495, 1.037400595203546549, -12.50000000000000178 ) ) ;
#7508 = CARTESIAN_POINT ( 'NONE',  ( -48.59957729728677123, -16.22457951052128067, -7.476053542682082664 ) ) ;
#7509 = LINE ( 'NONE', #2430, #3218 ) ;
#7510 = EDGE_CURVE ( 'NONE', #6893, #8371, #5759, .T. ) ;
#7511 = DIRECTION ( 'NONE',  ( -1.000000000000000000, 0.000000000000000000, 0.000000000000000000 ) ) ;
#7512 = EDGE_CURVE ( 'NONE', #1825, #104, #5087, .T. ) ;
#7513 = CARTESIAN_POINT ( 'NONE',  ( 48.05460693646725190, 37.15483409930360637, -2.407444835499587210 ) ) ;
#7514 = ADVANCED_FACE ( 'NONE', ( #8355 ), #6130, .T. ) ;
#7515 = LINE ( 'NONE', #4214, #6205 ) ;
#7516 = FACE_OUTER_BOUND ( 'NONE', #5842, .T. ) ;
#7517 = CARTESIAN_POINT ( 'NONE',  ( -40.55164782898485498, -18.33223889590418310, -20.58591298666576819 ) ) ;
#7518 = EDGE_CURVE ( 'NONE', #5992, #7035, #7379, .T. ) ;
#7519 = AXIS2_PLACEMENT_3D ( 'NONE', #3950, #2598, #603 ) ;
#7520 = CARTESIAN_POINT ( 'NONE',  ( 28.18237727243083768, 6.420622033432868747, -13.16963693493865684 ) ) ;
#7521 = ORIENTED_EDGE ( 'NONE', *, *, #6997, .F. ) ;
#7522 = ADVANCED_FACE ( 'NONE', ( #7249 ), #313, .F. ) ;
#7523 = CARTESIAN_POINT ( 'NONE',  ( 51.23318108776901170, 22.60456812185746500, -19.90226640499234279 ) ) ;
#7524 = DIRECTION ( 'NONE',  ( 0.000000000000000000, 0.000000000000000000, -1.000000000000000000 ) ) ;
#7525 = CARTESIAN_POINT ( 'NONE',  ( 38.29812721663934383, 36.26221167778741972, 3.825002615724000243 ) ) ;
#7526 = CARTESIAN_POINT ( 'NONE',  ( -12.32595542943953326, -15.15849751514841337, 20.10000000000000142 ) ) ;
#7527 = DIRECTION ( 'NONE',  ( -0.000000000000000000, -0.000000000000000000, -1.000000000000000000 ) ) ;
#7528 = ORIENTED_EDGE ( 'NONE', *, *, #951, .T. ) ;
#7529 = CARTESIAN_POINT ( 'NONE',  ( 28.22700005846794369, 3.781549690352192350, 20.10000000000000142 ) ) ;
#7530 = VERTEX_POINT ( 'NONE', #2252 ) ;
#7531 = B_SPLINE_CURVE_WITH_KNOTS ( 'NONE', 3,
 ( #4535, #2518, #3911, #1888 ),
 .UNSPECIFIED., .F., .F.,
 ( 4, 4 ),
 ( -9.274943283201991854E-07, 0.09360275521591553127 ),
 .UNSPECIFIED. ) ;
#7532 = ORIENTED_EDGE ( 'NONE', *, *, #7826, .T. ) ;
#7533 = ORIENTED_EDGE ( 'NONE', *, *, #67, .F. ) ;
#7534 = CARTESIAN_POINT ( 'NONE',  ( -19.78216076845490434, -9.183549977376411988, -14.70000000000001883 ) ) ;
#7535 = CARTESIAN_POINT ( 'NONE',  ( 38.01275381110087892, 24.35821838144578422, 0.6839368558718621482 ) ) ;
#7536 = AXIS2_PLACEMENT_3D ( 'NONE', #1339, #3917, #2010 ) ;
#7537 = DIRECTION ( 'NONE',  ( 0.000000000000000000, 0.000000000000000000, -1.000000000000000000 ) ) ;
#7538 = CARTESIAN_POINT ( 'NONE',  ( 34.20747276335336551, 8.150640029605515480, 5.795706215207174772 ) ) ;
#7539 = ORIENTED_EDGE ( 'NONE', *, *, #3232, .F. ) ;
#7540 = B_SPLINE_CURVE_WITH_KNOTS ( 'NONE', 3,
 ( #6344, #5621, #2416, #4988, #390, #8213, #7663, #2335, #2374, #4272, #1067, #6898, #3766, #2955, #5670, #3678, #7584, #1739, #1196, #6849 ),
 .UNSPECIFIED., .F., .F.,
 ( 4, 2, 2, 2, 2, 2, 2, 2, 2, 4 ),
 ( 0.000000000000000000, 0.001695993541164380692, 0.003391987082328761383, 0.004239983852910952054, 0.005087980623493143159, 0.006783974164657525369, 0.008479967705821907578, 0.01017596124698628979, 0.01187195478815067200, 0.01356794832931505421 ),
 .UNSPECIFIED. ) ;
#7541 = VECTOR ( 'NONE', #4479, 1000.000000000000000 ) ;
#7542 = ORIENTED_EDGE ( 'NONE', *, *, #7624, .T. ) ;
#7543 = VECTOR ( 'NONE', #6311, 1000.000000000000000 ) ;
#7544 = CARTESIAN_POINT ( 'NONE',  ( -34.15307648475368296, -15.56495588323782719, -13.14809138725794568 ) ) ;
#7545 = DIRECTION ( 'NONE',  ( 1.000000000000000000, 0.000000000000000000, 0.000000000000000000 ) ) ;
#7547 = ORIENTED_EDGE ( 'NONE', *, *, #6496, .T. ) ;
#7546 = EDGE_LOOP ( 'NONE', ( #2448, #4949, #3040, #6169, #7216, #7676, #1371, #421, #5736, #6378, #3845 ) ) ;
#7548 = EDGE_LOOP ( 'NONE', ( #2464, #436 ) ) ;
#7549 = DIRECTION ( 'NONE',  ( 1.000000000000000000, 0.000000000000000000, 0.000000000000000000 ) ) ;
#7550 = CARTESIAN_POINT ( 'NONE',  ( -35.57163024377512528, -16.19486475712639262, -14.70000000000000284 ) ) ;
#7551 = CARTESIAN_POINT ( 'NONE',  ( -45.85774147336429962, -15.00706716370282834, -7.476053542682082664 ) ) ;
#7552 = CARTESIAN_POINT ( 'NONE',  ( -42.05275135841492329, -18.64781727060914918, -16.46973243518483088 ) ) ;
#7553 = PLANE ( 'NONE',  #7013 ) ;
#7554 = VECTOR ( 'NONE', #492, 1000.000000000000000 ) ;
#7555 = EDGE_CURVE ( 'NONE', #2877, #1016, #3806, .T. ) ;
#7556 = CARTESIAN_POINT ( 'NONE',  ( -31.20435378904550916, 20.60636290730911924, -20.15623793949518117 ) ) ;
#7557 = CARTESIAN_POINT ( 'NONE',  ( 0.4524764693605800581, -1.018976272739017697, -21.35000000000000497 ) ) ;
#7558 = CYLINDRICAL_SURFACE ( 'NONE', #2291, 26.50000000000001421 ) ;
#7559 = CARTESIAN_POINT ( 'NONE',  ( -54.08820007025627774, -3.864209956775416899, -2.675592887099891737 ) ) ;
#7560 = AXIS2_PLACEMENT_3D ( 'NONE', #5389, #1467, #4668 ) ;
#7561 = CARTESIAN_POINT ( 'NONE',  ( 32.10720379541881897, 5.838064681265442424, -9.191794534129430261 ) ) ;
#7562 = CARTESIAN_POINT ( 'NONE',  ( -42.57203864707316399, -2.624681370721262841, -22.15000000000000213 ) ) ;
#7563 = FACE_OUTER_BOUND ( 'NONE', #8253, .T. ) ;
#7564 = CARTESIAN_POINT ( 'NONE',  ( 49.34014147213326851, 21.93960881539865326, -16.45322290687306577 ) ) ;
#7565 = DIRECTION ( 'NONE',  ( 0.8834091605351979126, 0.4686024488652369979, 4.392750869514008590E-14 ) ) ;
#7566 = ADVANCED_FACE ( 'NONE', ( #7587 ), #511, .F. ) ;
#7567 = CIRCLE ( 'NONE', #4183, 1.749999999999999778 ) ;
#7568 = CIRCLE ( 'NONE', #3782, 1.500000000000837552 ) ;
#7569 = CARTESIAN_POINT ( 'NONE',  ( -28.86285952746079531, 4.156063735603909848, -15.62008810533300007 ) ) ;
#7570 = VERTEX_POINT ( 'NONE', #4234 ) ;
#7571 = CARTESIAN_POINT ( 'NONE',  ( 40.95178662916638501, 17.67005208667803728, -9.097669672167112864 ) ) ;
#7572 = EDGE_CURVE ( 'NONE', #678, #1958, #1704, .T. ) ;
#7573 = EDGE_CURVE ( 'NONE', #1376, #1571, #4274, .T. ) ;
#7574 = ORIENTED_EDGE ( 'NONE', *, *, #3734, .F. ) ;
#7575 = AXIS2_PLACEMENT_3D ( 'NONE', #1487, #3420, #2791 ) ;
#7576 = CARTESIAN_POINT ( 'NONE',  ( -46.57237684027962388, -20.78983164107977188, -20.60878397050812083 ) ) ;
#7577 = MECHANICAL_DESIGN_GEOMETRIC_PRESENTATION_REPRESENTATION (  '', ( #4319 ), #5237 ) ;
#7578 = EDGE_LOOP ( 'NONE', ( #8250, #4474, #7532, #94, #340, #8001 ) ) ;
#7579 = ADVANCED_FACE ( 'NONE', ( #5623 ), #3081, .F. ) ;
#7580 = AXIS2_PLACEMENT_3D ( 'NONE', #7787, #4556, #6554 ) ;
#7581 = AXIS2_PLACEMENT_3D ( 'NONE', #2265, #2857, #5600 ) ;
#7582 = VERTEX_POINT ( 'NONE', #1157 ) ;
#7583 = CARTESIAN_POINT ( 'NONE',  ( -2.569501288236065495, 15.63800383155555096, 105.0107324298252394 ) ) ;
#7584 = CARTESIAN_POINT ( 'NONE',  ( -15.75814259667763295, -9.620887711912732954, -14.52979772131865488 ) ) ;
#7585 = AXIS2_PLACEMENT_3D ( 'NONE', #1994, #1404, #4609 ) ;
#7586 = CARTESIAN_POINT ( 'NONE',  ( -14.42595542943953291, -15.15849751514841337, 20.10000000000000142 ) ) ;
#7587 = FACE_OUTER_BOUND ( 'NONE', #2286, .T. ) ;
#7588 = EDGE_LOOP ( 'NONE', ( #5028, #3194, #6456, #4411 ) ) ;
#7589 = VERTEX_POINT ( 'NONE', #350 ) ;
#7590 = PLANE ( 'NONE',  #8263 ) ;
#7591 = AXIS2_PLACEMENT_3D ( 'NONE', #7261, #3276, #1425 ) ;
#7592 = CARTESIAN_POINT ( 'NONE',  ( 26.51187246540082754, 29.37032337709918295, 20.10000000000000142 ) ) ;
#7594 = ORIENTED_EDGE ( 'NONE', *, *, #4075, .T. ) ;
#7593 = ORIENTED_EDGE ( 'NONE', *, *, #4874, .T. ) ;
#7595 = ORIENTED_EDGE ( 'NONE', *, *, #6368, .T. ) ;
#7596 = CARTESIAN_POINT ( 'NONE',  ( 50.67907468573008600, 31.24453699844717036, -4.592060007051736115 ) ) ;
#7597 = CARTESIAN_POINT ( 'NONE',  ( -42.57203864707316399, -2.624681370721262841, -25.68553390593274344 ) ) ;
#7598 = CARTESIAN_POINT ( 'NONE',  ( -46.23653496618384651, -14.15402483423870450, -6.409287478489480883 ) ) ;
#7599 = CARTESIAN_POINT ( 'NONE',  ( 38.93644397279472713, 30.75749791535604061, 5.427860062973919320 ) ) ;
#7600 = VECTOR ( 'NONE', #1138, 1000.000000000000000 ) ;
#7601 = EDGE_LOOP ( 'NONE', ( #4511, #7283 ) ) ;
#7602 = LINE ( 'NONE', #3785, #5656 ) ;
#7603 = CARTESIAN_POINT ( 'NONE',  ( -44.98403507927280742, 3.815991529449099584, 5.203438196985208819 ) ) ;
#7604 = DIRECTION ( 'NONE',  ( 1.000000000000000000, 0.000000000000000000, 0.000000000000000000 ) ) ;
#7605 = CARTESIAN_POINT ( 'NONE',  ( -43.91174718580310810, -19.38944313280613230, -18.04912948749871049 ) ) ;
#7606 = CARTESIAN_POINT ( 'NONE',  ( 2.295951381870787511, 8.066519808264603242, 14.49999999999999822 ) ) ;
#7607 = EDGE_CURVE ( 'NONE', #2116, #2528, #5584, .T. ) ;
#7608 = CARTESIAN_POINT ( 'NONE',  ( 28.15836010659623057, 10.14135664657426972, -13.73733957257165628 ) ) ;
#7609 = LINE ( 'NONE', #1853, #5925 ) ;
#7610 = DIRECTION ( 'NONE',  ( 1.000000000000000000, 0.000000000000000000, 0.000000000000000000 ) ) ;
#7611 = CARTESIAN_POINT ( 'NONE',  ( 43.97826621608606246, 37.27286184403465086, -1.729927390893897465 ) ) ;
#7612 = CARTESIAN_POINT ( 'NONE',  ( 15.35737535980886825, 45.40694055502255111, 15.59999999999999964 ) ) ;
#7613 = CIRCLE ( 'NONE', #7200, 1.125000000000000888 ) ;
#7614 = PLANE ( 'NONE',  #3941 ) ;
#7615 = ORIENTED_EDGE ( 'NONE', *, *, #6890, .T. ) ;
#7616 = FACE_OUTER_BOUND ( 'NONE', #5203, .T. ) ;
#7617 = EDGE_LOOP ( 'NONE', ( #7500, #3809, #4445, #5619 ) ) ;
#7618 = ORIENTED_EDGE ( 'NONE', *, *, #7315, .F. ) ;
#7619 = CARTESIAN_POINT ( 'NONE',  ( -44.40206128744580383, -18.28525657373648272, -22.07649650625657500 ) ) ;
#7620 = EDGE_CURVE ( 'NONE', #8335, #6718, #8140, .T. ) ;
#7621 = ORIENTED_EDGE ( 'NONE', *, *, #3157, .T. ) ;
#7622 = EDGE_CURVE ( 'NONE', #136, #6418, #4316, .T. ) ;
#7623 = ORIENTED_EDGE ( 'NONE', *, *, #7859, .F. ) ;
#7624 = EDGE_CURVE ( 'NONE', #5321, #8335, #8178, .T. ) ;
#7625 = CARTESIAN_POINT ( 'NONE',  ( -21.36735046896994561, -16.82426214852457136, 5.852055885360740284 ) ) ;
#7626 = VECTOR ( 'NONE', #7278, 1000.000000000000000 ) ;
#7627 = CARTESIAN_POINT ( 'NONE',  ( -2.569501288236065495, 15.63800383155555096, 12.49999999999999822 ) ) ;
#7628 = DIRECTION ( 'NONE',  ( 1.000000000000000000, 0.000000000000000000, -0.000000000000000000 ) ) ;
#7629 = CARTESIAN_POINT ( 'NONE',  ( 34.46805378951138721, 8.976222594526905851, 5.483183595888688089 ) ) ;
#7630 = VERTEX_POINT ( 'NONE', #7460 ) ;
#7631 = AXIS2_PLACEMENT_3D ( 'NONE', #2979, #7004, #5564 ) ;
#7632 = ORIENTED_EDGE ( 'NONE', *, *, #1673, .F. ) ;
#7633 = DIRECTION ( 'NONE',  ( 0.000000000000000000, 0.000000000000000000, -1.000000000000000000 ) ) ;
#7634 = DIRECTION ( 'NONE',  ( -1.000000000000000000, 0.000000000000000000, 0.000000000000000000 ) ) ;
#7636 = ORIENTED_EDGE ( 'NONE', *, *, #8039, .T. ) ;
#7635 = ORIENTED_EDGE ( 'NONE', *, *, #3878, .T. ) ;
#7637 = EDGE_CURVE ( 'NONE', #6507, #4391, #2378, .T. ) ;
#7638 = ORIENTED_EDGE ( 'NONE', *, *, #8031, .T. ) ;
#7639 = CARTESIAN_POINT ( 'NONE',  ( 50.38267468605877752, 24.51990715458127923, -12.25715201020416245 ) ) ;
#7640 = DIRECTION ( 'NONE',  ( -0.000000000000000000, -0.000000000000000000, 1.000000000000000000 ) ) ;
#7641 = LINE ( 'NONE', #6998, #900 ) ;
#7642 = CARTESIAN_POINT ( 'NONE',  ( -42.22797526128275791, -18.25321332647173378, -14.70000000000000284 ) ) ;
#7643 = ORIENTED_EDGE ( 'NONE', *, *, #8218, .F. ) ;
#7644 = CARTESIAN_POINT ( 'NONE',  ( 45.09549613017185266, 25.64324288658262674, -2.632956581901357396 ) ) ;
#7645 = CARTESIAN_POINT ( 'NONE',  ( -14.92235263888314201, 47.39760212532419814, 15.59999999999999964 ) ) ;
#7646 = CARTESIAN_POINT ( 'NONE',  ( 37.47004393574535897, 26.30554286361554261, 12.49999999999999822 ) ) ;
#7647 = CARTESIAN_POINT ( 'NONE',  ( 49.48264984409448175, 21.61868019362889015, -20.04512421095780184 ) ) ;
#7648 = CARTESIAN_POINT ( 'NONE',  ( 34.93049871176394561, 15.63800383155555096, -12.50000000000000178 ) ) ;
#7649 = DIRECTION ( 'NONE',  ( 0.000000000000000000, 1.000000000000000000, 0.000000000000000000 ) ) ;
#7650 = CARTESIAN_POINT ( 'NONE',  ( 23.27391297607459464, 11.57673803580539307, -14.70000000000000284 ) ) ;
#7651 = EDGE_CURVE ( 'NONE', #2208, #6398, #3693, .T. ) ;
#7652 = DIRECTION ( 'NONE',  ( 1.000000000000000000, 0.000000000000000000, -0.000000000000000000 ) ) ;
#7653 = DIRECTION ( 'NONE',  ( 1.000000000000000000, 0.000000000000000000, 0.000000000000000000 ) ) ;
#7654 = CARTESIAN_POINT ( 'NONE',  ( 33.16573170925812519, 6.566867572693821486, -7.391441753582908447 ) ) ;
#7655 = FACE_OUTER_BOUND ( 'NONE', #4281, .T. ) ;
#7656 = CARTESIAN_POINT ( 'NONE',  ( -49.73753745010102989, -6.269772937221060438, -2.407444835499586322 ) ) ;
#7657 = VERTEX_POINT ( 'NONE', #6261 ) ;
#7658 = VERTEX_POINT ( 'NONE', #2957 ) ;
#7659 = CARTESIAN_POINT ( 'NONE',  ( -8.049818085922090916, 18.12817723098731193, -22.15000000000000213 ) ) ;
#7660 = VECTOR ( 'NONE', #3986, 1000.000000000000000 ) ;
#7661 = ORIENTED_EDGE ( 'NONE', *, *, #3327, .F. ) ;
#7662 = ORIENTED_EDGE ( 'NONE', *, *, #3259, .F. ) ;
#7663 = CARTESIAN_POINT ( 'NONE',  ( -17.38791287618306569, -15.64339915028711836, -11.13277483204488938 ) ) ;
#7664 = ADVANCED_FACE ( 'NONE', ( #7498 ), #3038, .F. ) ;
#7665 = EDGE_CURVE ( 'NONE', #3473, #5319, #6719, .T. ) ;
#7666 = CARTESIAN_POINT ( 'NONE',  ( 28.36476386061550059, 30.35318554795655288, 1.300000000000007816 ) ) ;
#7667 = DIRECTION ( 'NONE',  ( -0.4058374489394845352, 0.9139452746408240902, -0.000000000000000000 ) ) ;
#7668 = EDGE_CURVE ( 'NONE', #4239, #6170, #7568, .T. ) ;
#7669 = ADVANCED_FACE ( 'NONE', ( #718 ), #5747, .F. ) ;
#7670 = EDGE_CURVE ( 'NONE', #6888, #7034, #5398, .T. ) ;
#7671 = ORIENTED_EDGE ( 'NONE', *, *, #6626, .F. ) ;
#7672 = LINE ( 'NONE', #1162, #6219 ) ;
#7673 = LINE ( 'NONE', #3256, #2080 ) ;
#7675 = ORIENTED_EDGE ( 'NONE', *, *, #4154, .F. ) ;
#7674 = ORIENTED_EDGE ( 'NONE', *, *, #806, .F. ) ;
#7676 = ORIENTED_EDGE ( 'NONE', *, *, #7491, .T. ) ;
#7677 = CARTESIAN_POINT ( 'NONE',  ( 50.13897623280266203, 25.06871567477261209, -10.98622590194991666 ) ) ;
#7678 = CARTESIAN_POINT ( 'NONE',  ( 11.43049871176334165, 31.13800383155554385, 18.09999999999999787 ) ) ;
#7679 = CARTESIAN_POINT ( 'NONE',  ( -48.84294689279353463, -8.284389416617079505, -2.675592887094639050 ) ) ;
#7680 = DIRECTION ( 'NONE',  ( 0.000000000000000000, 0.000000000000000000, -1.000000000000000000 ) ) ;
#7681 = ORIENTED_EDGE ( 'NONE', *, *, #2287, .T. ) ;
#7682 = FACE_OUTER_BOUND ( 'NONE', #1122, .T. ) ;
#7683 = CIRCLE ( 'NONE', #6455, 1.500000000000582423 ) ;
#7684 = CARTESIAN_POINT ( 'NONE',  ( -44.11873370640824987, 0.4812541265643791588, 5.373182724161347679 ) ) ;
#7685 = DIRECTION ( 'NONE',  ( -0.000000000000000000, -0.000000000000000000, -1.000000000000000000 ) ) ;
#7686 = EDGE_CURVE ( 'NONE', #342, #5526, #7834, .T. ) ;
#7687 = CARTESIAN_POINT ( 'NONE',  ( -0.4365318825140183101, 9.473125808711095885, -10.95433043669959972 ) ) ;
#7688 = CARTESIAN_POINT ( 'NONE',  ( 12.54113411298415137, 6.810846997591947449, -89.50000000000001421 ) ) ;
#7689 = CARTESIAN_POINT ( 'NONE',  ( -1.350233715278489344, -1.819469828328178718, -21.35000000000000853 ) ) ;
#7690 = ADVANCED_FACE ( 'NONE', ( #3851, #1242, #5112, #1951, #2786, #46, #3125, #1910, #4519, #2628, #5192, #3250, #3938, #7707, #557, #5785, #1834 ), #3202, .T. ) ;
#7691 = DIRECTION ( 'NONE',  ( 0.000000000000000000, 0.000000000000000000, 1.000000000000000000 ) ) ;
#7692 = CARTESIAN_POINT ( 'NONE',  ( 44.72156638937911310, 37.59910268524700427, -2.541489669459686684 ) ) ;
#7693 = CARTESIAN_POINT ( 'NONE',  ( 40.56840958437817335, 21.11642780293432509, -3.183803752492271322 ) ) ;
#7694 = CARTESIAN_POINT ( 'NONE',  ( 45.87122029678157986, 42.07181725911096493, -3.097864185165814188 ) ) ;
#7695 = DIRECTION ( 'NONE',  ( 0.000000000000000000, 0.000000000000000000, -1.000000000000000000 ) ) ;
#7696 = EDGE_LOOP ( 'NONE', ( #5447, #506, #8256 ) ) ;
#7697 = ORIENTED_EDGE ( 'NONE', *, *, #6997, .T. ) ;
#7698 = CARTESIAN_POINT ( 'NONE',  ( -46.55170864932721031, -20.83637637347372973, -20.04434947234183539 ) ) ;
#7699 = ADVANCED_FACE ( 'NONE', ( #1319 ), #6423, .F. ) ;
#7700 = VECTOR ( 'NONE', #3744, 1000.000000000000000 ) ;
#7701 = VECTOR ( 'NONE', #2704, 1000.000000000000000 ) ;
#7702 = ORIENTED_EDGE ( 'NONE', *, *, #8292, .T. ) ;
#7703 = ORIENTED_EDGE ( 'NONE', *, *, #3169, .T. ) ;
#7704 = VECTOR ( 'NONE', #5672, 1000.000000000000000 ) ;
#7705 = DIRECTION ( 'NONE',  ( -0.9139452746408240902, -0.4058374489394843132, 8.673617379884010820E-16 ) ) ;
#7706 = CYLINDRICAL_SURFACE ( 'NONE', #1239, 32.16057989992779653 ) ;
#7707 = FACE_BOUND ( 'NONE', #2848, .T. ) ;
#7708 = AXIS2_PLACEMENT_3D ( 'NONE', #1967, #5763, #3139 ) ;
#7709 = CARTESIAN_POINT ( 'NONE',  ( -53.19360951293946016, -5.878826436192337468, -2.407444835499559677 ) ) ;
#7710 = VERTEX_POINT ( 'NONE', #4558 ) ;
#7711 = CARTESIAN_POINT ( 'NONE',  ( -2.569501288236065495, 15.63800383155555096, 14.49999999999999822 ) ) ;
#7712 = CARTESIAN_POINT ( 'NONE',  ( 50.01126867707365875, 32.74843504330046784, -3.619624500537929723 ) ) ;
#7713 = VECTOR ( 'NONE', #4269, 1000.000000000000114 ) ;
#7715 = EDGE_LOOP ( 'NONE', ( #6697, #7490, #2256, #8100 ) ) ;
#7714 = VERTEX_POINT ( 'NONE', #7108 ) ;
#7716 = ORIENTED_EDGE ( 'NONE', *, *, #3973, .T. ) ;
#7717 = DIRECTION ( 'NONE',  ( -0.000000000000000000, -0.000000000000000000, -1.000000000000000000 ) ) ;
#7718 = CARTESIAN_POINT ( 'NONE',  ( -40.85705734932152211, -17.64445715306250762, -14.70000000000000284 ) ) ;
#7719 = DIRECTION ( 'NONE',  ( 0.3769758968958037970, -0.9262230687904530191, 0.000000000000000000 ) ) ;
#7720 = CARTESIAN_POINT ( 'NONE',  ( -34.89114643292222695, -14.71815452154630322, 6.179153287204229628 ) ) ;
#7721 = AXIS2_PLACEMENT_3D ( 'NONE', #222, #985, #3471 ) ;
#7722 = VERTEX_POINT ( 'NONE', #7790 ) ;
#7723 = CARTESIAN_POINT ( 'NONE',  ( 41.75736980498162154, 18.14308192262637220, -13.14809138725793680 ) ) ;
#7724 = EDGE_CURVE ( 'NONE', #5360, #4796, #1199, .T. ) ;
#7725 = CARTESIAN_POINT ( 'NONE',  ( -43.27243430517033573, 1.538086640326540522, 6.524807588252524937 ) ) ;
#7726 = CARTESIAN_POINT ( 'NONE',  ( -13.32380404903821614, -4.892997066247143145, 14.45000000000000107 ) ) ;
#7727 = CARTESIAN_POINT ( 'NONE',  ( -0.4365318825140183101, 9.473125808711095885, -10.95433043669959972 ) ) ;
#7728 = LINE ( 'NONE', #5728, #7408 ) ;
#7729 = PLANE ( 'NONE',  #3901 ) ;
#7730 = CARTESIAN_POINT ( 'NONE',  ( 53.60462347092779822, 24.65620589458196221, -21.85770313855648084 ) ) ;
#7731 = CARTESIAN_POINT ( 'NONE',  ( -51.55219921993500520, -9.337946989179055635, -5.548663825266582528 ) ) ;
#7732 = CARTESIAN_POINT ( 'NONE',  ( -37.61237716010475651, 5.000921265356228496, 5.499999999999999112 ) ) ;
#7733 = CYLINDRICAL_SURFACE ( 'NONE', #712, 1.125000000000000888 ) ;
#7734 = CARTESIAN_POINT ( 'NONE',  ( -7.623804049038215958, -4.892997066247143145, 14.45000000000000107 ) ) ;
#7735 = ORIENTED_EDGE ( 'NONE', *, *, #2621, .F. ) ;
#7736 = ORIENTED_EDGE ( 'NONE', *, *, #3156, .T. ) ;
#7737 = CARTESIAN_POINT ( 'NONE',  ( -44.24132534082329471, -18.64723366398393622, -21.91673915299398345 ) ) ;
#7738 = ORIENTED_EDGE ( 'NONE', *, *, #1573, .F. ) ;
#7739 = EDGE_LOOP ( 'NONE', ( #5105, #7335, #2849, #3899 ) ) ;
#7740 = ADVANCED_FACE ( 'NONE', ( #2502 ), #5076, .F. ) ;
#7741 = FACE_OUTER_BOUND ( 'NONE', #472, .T. ) ;
#7742 = DIRECTION ( 'NONE',  ( 0.000000000000000000, 0.000000000000000000, -1.000000000000000000 ) ) ;
#7743 = DIRECTION ( 'NONE',  ( 0.000000000000000000, 0.000000000000000000, 1.000000000000000000 ) ) ;
#7744 = EDGE_CURVE ( 'NONE', #6391, #3697, #1990, .T. ) ;
#7745 = AXIS2_PLACEMENT_3D ( 'NONE', #3555, #1495, #3387 ) ;
#7746 = CARTESIAN_POINT ( 'NONE',  ( -1.960745114826851099, 14.26708591959435424, -5.002747934976703448 ) ) ;
#7747 = ORIENTED_EDGE ( 'NONE', *, *, #6373, .F. ) ;
#7748 = B_SPLINE_CURVE_WITH_KNOTS ( 'NONE', 3,
 ( #1372, #2078, #1452, #3948, #137, #6523, #95, #726, #3903, #5241 ),
 .UNSPECIFIED., .F., .F.,
 ( 4, 2, 2, 2, 4 ),
 ( 0.000000000000000000, 0.2500000000000000000, 0.5000000000000000000, 0.7500000000000000000, 1.000000000000000000 ),
 .UNSPECIFIED. ) ;
#7749 = CARTESIAN_POINT ( 'NONE',  ( 34.72839117100393480, 36.41283174857342431, 6.906601717798161566 ) ) ;
#7750 = CARTESIAN_POINT ( 'NONE',  ( 49.13209165968853398, 34.72834025587172135, -2.778193805496548041 ) ) ;
#7752 = VERTEX_POINT ( 'NONE', #2587 ) ;
#7751 = VERTEX_POINT ( 'NONE', #6386 ) ;
#7753 = ORIENTED_EDGE ( 'NONE', *, *, #5539, .T. ) ;
#7754 = FACE_OUTER_BOUND ( 'NONE', #37, .T. ) ;
#7755 = CARTESIAN_POINT ( 'NONE',  ( -40.57922685209146607, -18.27013098074417385, -18.25191352495191666 ) ) ;
#7756 = CIRCLE ( 'NONE', #2624, 1.500000000000837552 ) ;
#7757 = LINE ( 'NONE', #6525, #1178 ) ;
#7758 = CARTESIAN_POINT ( 'NONE',  ( -36.59250726127923770, -15.12029410257928852, 4.819387986878557406 ) ) ;
#7759 = ORIENTED_EDGE ( 'NONE', *, *, #2194, .T. ) ;
#7760 = DIRECTION ( 'NONE',  ( 0.000000000000000000, 0.000000000000000000, 1.000000000000000000 ) ) ;
#7761 = CARTESIAN_POINT ( 'NONE',  ( 53.85148064382121902, 24.10028394290394260, -21.26716052623752518 ) ) ;
#7762 = EDGE_CURVE ( 'NONE', #5704, #3210, #8379, .T. ) ;
#7763 = VECTOR ( 'NONE', #4238, 1000.000000000000000 ) ;
#7764 = CARTESIAN_POINT ( 'NONE',  ( -45.57766424970313324, 3.209174081889345498, 4.445766048499360856 ) ) ;
#7765 = CARTESIAN_POINT ( 'NONE',  ( -40.06950128823608281, 15.63800383155555451, -12.50000000000000178 ) ) ;
#7766 = VERTEX_POINT ( 'NONE', #1360 ) ;
#7767 = DIRECTION ( 'NONE',  ( 0.000000000000000000, 0.000000000000000000, -1.000000000000000000 ) ) ;
#7768 = CARTESIAN_POINT ( 'NONE',  ( 38.55803607060096994, 33.90068903383242116, -10.90000000000000036 ) ) ;
#7769 = DIRECTION ( 'NONE',  ( 1.000000000000000000, 0.000000000000000000, 0.000000000000000000 ) ) ;
#7770 = EDGE_CURVE ( 'NONE', #864, #7887, #3163, .T. ) ;
#7771 = FACE_OUTER_BOUND ( 'NONE', #5776, .T. ) ;
#7772 = CARTESIAN_POINT ( 'NONE',  ( 17.96149960956662639, 7.733701070753433271, 18.09999999999999787 ) ) ;
#7773 = EDGE_CURVE ( 'NONE', #6611, #6227, #1896, .T. ) ;
#7774 = DIRECTION ( 'NONE',  ( 0.000000000000000000, -1.000000000000000000, -0.000000000000000000 ) ) ;
#7775 = ADVANCED_FACE ( 'NONE', ( #4181 ), #6713, .F. ) ;
#7776 = DIRECTION ( 'NONE',  ( 1.000000000000000000, 0.000000000000000000, 0.000000000000000000 ) ) ;
#7777 = EDGE_CURVE ( 'NONE', #6888, #6142, #411, .T. ) ;
#7778 = DIRECTION ( 'NONE',  ( 0.9139452746408245343, 0.4058374489394834250, 0.000000000000000000 ) ) ;
#7779 = CARTESIAN_POINT ( 'NONE',  ( 48.11173193213324595, 21.00992402021965688, -20.04512421095780184 ) ) ;
#7780 = CARTESIAN_POINT ( 'NONE',  ( -22.84854960623507480, -16.15028268294071623, 5.250062145364854160 ) ) ;
#7781 = EDGE_CURVE ( 'NONE', #625, #3683, #6757, .T. ) ;
#7782 = ORIENTED_EDGE ( 'NONE', *, *, #5274, .F. ) ;
#7783 = VERTEX_POINT ( 'NONE', #6839 ) ;
#7784 = CARTESIAN_POINT ( 'NONE',  ( -42.50575087613817260, -17.62766309380850061, -22.08157474135969522 ) ) ;
#7785 = ORIENTED_EDGE ( 'NONE', *, *, #6943, .F. ) ;
#7786 = ORIENTED_EDGE ( 'NONE', *, *, #273, .T. ) ;
#7787 = CARTESIAN_POINT ( 'NONE',  ( -29.98785952746079531, 3.462880363371011683, -14.70000000000000284 ) ) ;
#7788 = CIRCLE ( 'NONE', #490, 15.00000000000000178 ) ;
#7789 = CARTESIAN_POINT ( 'NONE',  ( 42.93641811536046049, 40.76861819074435545, -2.886758449375626867 ) ) ;
#7790 = CARTESIAN_POINT ( 'NONE',  ( -44.62940268341836969, -17.77328411993173773, -22.15000000000000213 ) ) ;
#7791 = CYLINDRICAL_SURFACE ( 'NONE', #6180, 1.500000000000837552 ) ;
#7792 = EDGE_LOOP ( 'NONE', ( #5699, #7681, #4657, #3160 ) ) ;
#7793 = CARTESIAN_POINT ( 'NONE',  ( 43.17592356400307096, 18.77299079651493940, -14.70000000000000284 ) ) ;
#7794 = CARTESIAN_POINT ( 'NONE',  ( 30.57293695756229113, 5.653640979951996215, -11.13281885103613966 ) ) ;
#7795 = VERTEX_POINT ( 'NONE', #7402 ) ;
#7796 = ORIENTED_EDGE ( 'NONE', *, *, #7724, .T. ) ;
#7797 = CARTESIAN_POINT ( 'NONE',  ( -16.67235263888314378, 47.39760212532419814, 15.59999999999999964 ) ) ;
#7798 = PRESENTATION_STYLE_ASSIGNMENT (( #1498 ) ) ;
#7799 = FACE_OUTER_BOUND ( 'NONE', #6215, .T. ) ;
#7800 = CARTESIAN_POINT ( 'NONE',  ( -0.4395012882360722628, -1.451996168444437352, 18.09999999999999787 ) ) ;
#7801 = ORIENTED_EDGE ( 'NONE', *, *, #2342, .T. ) ;
#7802 = CARTESIAN_POINT ( 'NONE',  ( 53.55068908679582762, 24.77766603988287741, -21.91692808353571209 ) ) ;
#7803 = DIRECTION ( 'NONE',  ( -0.9139452746408244233, -0.4058374489394838136, 0.000000000000000000 ) ) ;
#7804 = CARTESIAN_POINT ( 'NONE',  ( -34.92450437646652261, 22.30218152664974696, 15.59999999999999964 ) ) ;
#7805 = ORIENTED_EDGE ( 'NONE', *, *, #5280, .F. ) ;
#7806 = DIRECTION ( 'NONE',  ( 1.000000000000000000, 0.000000000000000000, 0.000000000000000000 ) ) ;
#7807 = LINE ( 'NONE', #2689, #3248 ) ;
#7808 = DIRECTION ( 'NONE',  ( -1.000000000000000000, 0.000000000000000000, 0.000000000000000000 ) ) ;
#7809 = DIRECTION ( 'NONE',  ( -0.000000000000000000, -0.000000000000000000, 1.000000000000000000 ) ) ;
#7810 = CARTESIAN_POINT ( 'NONE',  ( 34.45986572217446309, 9.705425082159765182, 8.115575860487775017 ) ) ;
#7811 = AXIS2_PLACEMENT_3D ( 'NONE', #7507, #2388, #1715 ) ;
#7812 = CARTESIAN_POINT ( 'NONE',  ( -42.07229238297988161, -19.08148413379436903, -21.81194195411929471 ) ) ;
#7813 = EDGE_CURVE ( 'NONE', #355, #2103, #6509, .T. ) ;
#7814 = CARTESIAN_POINT ( 'NONE',  ( -47.22534102602560324, -19.31935735727482850, -13.32978784020870044 ) ) ;
#7815 = FACE_OUTER_BOUND ( 'NONE', #6979, .T. ) ;
#7816 = CARTESIAN_POINT ( 'NONE',  ( -23.10050218603879912, 23.54230659235769707, 10.09999999999999964 ) ) ;
#7817 = CARTESIAN_POINT ( 'NONE',  ( -16.53399739458083673, -7.741202854449517723, -14.70000000000000462 ) ) ;
#7818 = ORIENTED_EDGE ( 'NONE', *, *, #7826, .F. ) ;
#7819 = ORIENTED_EDGE ( 'NONE', *, *, #627, .T. ) ;
#7820 = CARTESIAN_POINT ( 'NONE',  ( 33.58098476249934095, 28.95523558980950796, -10.00000000000000178 ) ) ;
#7821 = ORIENTED_EDGE ( 'NONE', *, *, #7141, .F. ) ;
#7822 = PRESENTATION_LAYER_ASSIGNMENT (  '', '', ( #4319 ) ) ;
#7823 = AXIS2_PLACEMENT_3D ( 'NONE', #782, #5859, #7264 ) ;
#7824 = ORIENTED_EDGE ( 'NONE', *, *, #2223, .F. ) ;
#7825 = EDGE_CURVE ( 'NONE', #5045, #84, #3288, .T. ) ;
#7826 = EDGE_CURVE ( 'NONE', #4373, #3754, #4802, .T. ) ;
#7827 = CARTESIAN_POINT ( 'NONE',  ( 49.26631319190042291, 23.75259321057332329, -22.15000000000000213 ) ) ;
#7828 = CIRCLE ( 'NONE', #535, 1.574999999999999956 ) ;
#7829 =( GEOMETRIC_REPRESENTATION_CONTEXT ( 3 ) GLOBAL_UNCERTAINTY_ASSIGNED_CONTEXT ( ( #4910 ) ) GLOBAL_UNIT_ASSIGNED_CONTEXT ( ( #1373, #7167, #3949 ) ) REPRESENTATION_CONTEXT ( 'NONE', 'WORKASPACE' ) );
#7830 = EDGE_CURVE ( 'NONE', #6208, #3823, #3497, .T. ) ;
#7831 = CARTESIAN_POINT ( 'NONE',  ( -34.15307648475368296, -15.56495588323782719, -13.14809138725794568 ) ) ;
#7832 = EDGE_LOOP ( 'NONE', ( #7338, #4783, #3046, #2474 ) ) ;
#7833 = CIRCLE ( 'NONE', #7159, 33.34419726574434151 ) ;
#7834 = CIRCLE ( 'NONE', #3640, 7.250000000000000000 ) ;
#7835 = CIRCLE ( 'NONE', #1228, 15.00000000000000355 ) ;
#7836 = CARTESIAN_POINT ( 'NONE',  ( 0.000000000000000000, 0.000000000000000000, -21.35000000000000497 ) ) ;
#7837 = CARTESIAN_POINT ( 'NONE',  ( 53.71027537242819250, 24.41827798431680208, -16.18830319176716870 ) ) ;
#7838 = EDGE_LOOP ( 'NONE', ( #7303, #4095 ) ) ;
#7839 = EDGE_LOOP ( 'NONE', ( #3461, #4446, #8161, #3630 ) ) ;
#7840 = CARTESIAN_POINT ( 'NONE',  ( 38.55803607060096994, 33.90068903383242116, -10.90000000000000036 ) ) ;
#7841 = DIRECTION ( 'NONE',  ( -0.7444334620662310664, -0.03387422295043582970, -0.6668368297984069715 ) ) ;
#7842 = DIRECTION ( 'NONE',  ( 0.000000000000000000, 0.000000000000000000, -1.000000000000000000 ) ) ;
#7843 = AXIS2_PLACEMENT_3D ( 'NONE', #1086, #6278, #2515 ) ;
#7844 = VERTEX_POINT ( 'NONE', #2906 ) ;
#7845 = DIRECTION ( 'NONE',  ( 1.000000000000000000, 0.000000000000000000, 0.000000000000000000 ) ) ;
#7846 = AXIS2_PLACEMENT_3D ( 'NONE', #790, #1430, #198 ) ;
#7847 = DIRECTION ( 'NONE',  ( 1.000000000000000000, 0.000000000000000000, 0.000000000000000000 ) ) ;
#7848 = CARTESIAN_POINT ( 'NONE',  ( -29.98785952746079531, 3.462880363371011683, -33.93855045229617673 ) ) ;
#7849 = VERTEX_POINT ( 'NONE', #2234 ) ;
#7850 = DIRECTION ( 'NONE',  ( -0.000000000000000000, -0.000000000000000000, -1.000000000000000000 ) ) ;
#7851 = LINE ( 'NONE', #3914, #1760 ) ;
#7852 = AXIS2_PLACEMENT_3D ( 'NONE', #1022, #1832, #7628 ) ;
#7853 = CARTESIAN_POINT ( 'NONE',  ( 17.96149960956662639, 7.733701070753433271, 18.09999999999999787 ) ) ;
#7854 = EDGE_CURVE ( 'NONE', #5577, #6863, #2866, .T. ) ;
#7855 = DIRECTION ( 'NONE',  ( -1.000000000000000000, 0.000000000000000000, 0.000000000000000000 ) ) ;
#7856 = DIRECTION ( 'NONE',  ( -0.000000000000000000, -0.000000000000000000, 1.000000000000000000 ) ) ;
#7857 = CARTESIAN_POINT ( 'NONE',  ( -43.81911541519473730, -19.59804972948757396, -20.46716776084002731 ) ) ;
#7858 = CARTESIAN_POINT ( 'NONE',  ( 43.99573318385728982, 38.90328902483057050, -2.511903653822805005 ) ) ;
#7859 = EDGE_CURVE ( 'NONE', #1007, #623, #298, .T. ) ;
#7860 = DIRECTION ( 'NONE',  ( -0.000000000000000000, -0.000000000000000000, -1.000000000000000000 ) ) ;
#7861 = AXIS2_PLACEMENT_3D ( 'NONE', #6328, #7095, #3875 ) ;
#7862 = LINE ( 'NONE', #5396, #2024 ) ;
#7863 = CARTESIAN_POINT ( 'NONE',  ( 38.07670822762293028, 15.18198124532239035, -6.940886655611352651 ) ) ;
#7864 = ORIENTED_EDGE ( 'NONE', *, *, #4249, .F. ) ;
#7865 = DIRECTION ( 'NONE',  ( 1.000000000000000000, 0.000000000000000000, 0.000000000000000000 ) ) ;
#7866 = EDGE_LOOP ( 'NONE', ( #4135, #7282, #683, #4916, #4236, #3089, #8337, #1461, #2425, #3414, #6804, #1522, #1706, #4367, #1018 ) ) ;
#7867 = CARTESIAN_POINT ( 'NONE',  ( 39.63498345181734805, 23.21850193460821998, -3.183803752492271322 ) ) ;
#7868 = EDGE_LOOP ( 'NONE', ( #6553, #5240, #2121 ) ) ;
#7869 = CARTESIAN_POINT ( 'NONE',  ( 40.56840958437817335, 21.11642780293432509, -3.183803752492271322 ) ) ;
#7870 = ORIENTED_EDGE ( 'NONE', *, *, #3083, .F. ) ;
#7871 =( BOUNDED_SURFACE ( )  B_SPLINE_SURFACE ( 3, 2, ( 
 ( #4250, #2477, #5090 ),
 ( #8280, #5011, #7725 ),
 ( #7603, #3788, #3910 ),
 ( #7764, #4534, #7684 ),
 ( #7126, #4376, #5688 ),
 ( #1334, #1887, #4492 ),
 ( #6960, #529, #573 ),
 ( #7044, #6441, #6319 ),
 ( #5168, #1257, #3866 ),
 ( #8233, #5055, #5808 ),
 ( #1217, #7086, #1808 ),
 ( #4456, #2603, #486 ) ),
 .UNSPECIFIED., .F., .F., .T. ) 
 B_SPLINE_SURFACE_WITH_KNOTS ( ( 4, 2, 2, 2, 2, 4 ),
 ( 3, 3 ),
 ( -4.336808689942017736E-19, 0.001703284384590953273, 0.003406568769181906979, 0.006813137538363814825, 0.01021970630754572180, 0.01362627507672762965 ),
 ( 0.8311173805558498273, 1.000000000000000000 ),
 .UNSPECIFIED. ) 
 GEOMETRIC_REPRESENTATION_ITEM ( )  RATIONAL_B_SPLINE_SURFACE ( (
 ( 0.9469610685739930922, 0.9680917926475471891, 1.000000000000000000),
 ( 0.9451149826274478638, 0.9669811878222032142, 1.000000000000000000),
 ( 0.9433439700758070590, 0.9659157471317099120, 1.000000000000000000),
 ( 0.9399891394364385810, 0.9638974818915312381, 1.000000000000000000),
 ( 0.9384051146379133179, 0.9629445329846837431, 1.000000000000000000),
 ( 0.9339395290767087410, 0.9602580378723940546, 1.000000000000000000),
 ( 0.9313448508022028616, 0.9586970800972296480, 1.000000000000000000),
 ( 0.9268160485858809583, 0.9559725538616616891, 1.000000000000000000),
 ( 0.9248791281333045289, 0.9548073030211119416, 1.000000000000000000),
 ( 0.9215411924575982461, 0.9527992017866786512, 1.000000000000000000),
 ( 0.9201403338921037012, 0.9519564456379877582, 1.000000000000000000),
 ( 0.9189575381745798133, 0.9512448760419262017, 1.000000000000000000) ) ) 
 REPRESENTATION_ITEM ( '' )  SURFACE ( )  );
#7872 = CARTESIAN_POINT ( 'NONE',  ( 35.39856900773625625, 23.19738947725257461, -4.154549302121753662 ) ) ;
#7873 = ADVANCED_FACE ( 'NONE', ( #418 ), #4672, .T. ) ;
#7874 = EDGE_CURVE ( 'NONE', #5630, #5493, #2299, .T. ) ;
#7875 = CARTESIAN_POINT ( 'NONE',  ( -2.569501288236065495, 15.63800383155555096, 12.49999999999999822 ) ) ;
#7876 = EDGE_CURVE ( 'NONE', #1161, #4817, #3750, .T. ) ;
#7877 = ORIENTED_EDGE ( 'NONE', *, *, #1786, .T. ) ;
#7878 = AXIS2_PLACEMENT_3D ( 'NONE', #113, #76, #3876 ) ;
#7879 = CARTESIAN_POINT ( 'NONE',  ( -42.61273063479070800, -17.09476879795588644, -22.15000000000000213 ) ) ;
#7880 = EDGE_CURVE ( 'NONE', #7710, #4690, #1140, .T. ) ;
#7881 = CARTESIAN_POINT ( 'NONE',  ( -11.66950128823607002, -2.305950852478507063, 20.10000000000000142 ) ) ;
#7882 = VERTEX_POINT ( 'NONE', #4426 ) ;
#7883 = CARTESIAN_POINT ( 'NONE',  ( 50.97420605113211423, 23.18777948296457936, -16.23035432845728465 ) ) ;
#7884 = DIRECTION ( 'NONE',  ( 1.000000000000000000, 0.000000000000000000, 0.000000000000000000 ) ) ;
#7885 = DIRECTION ( 'NONE',  ( 1.000000000000000000, 0.000000000000000000, 0.000000000000000000 ) ) ;
#7886 = CARTESIAN_POINT ( 'NONE',  ( -20.74716702841540084, -17.16238137530103458, 12.09952186011843267 ) ) ;
#7887 = VERTEX_POINT ( 'NONE', #6879 ) ;
#7888 = CARTESIAN_POINT ( 'NONE',  ( 50.70362689986651361, 23.79712329133352000, -22.03231568273206165 ) ) ;
#7889 = DIRECTION ( 'NONE',  ( 0.000000000000000000, -0.000000000000000000, 1.000000000000000000 ) ) ;
#7890 = EDGE_CURVE ( 'NONE', #1016, #6314, #2883, .T. ) ;
#7891 = DIRECTION ( 'NONE',  ( -0.000000000000000000, -0.000000000000000000, 1.000000000000000000 ) ) ;
#7892 = ORIENTED_EDGE ( 'NONE', *, *, #761, .F. ) ;
#7893 = CARTESIAN_POINT ( 'NONE',  ( 42.93049066639083833, 19.15489916558832562, -9.051739535670696668 ) ) ;
#7894 = DIRECTION ( 'NONE',  ( 0.9139452746408245343, 0.4058374489394834250, 0.000000000000000000 ) ) ;
#7895 = CARTESIAN_POINT ( 'NONE',  ( -34.77151501752836538, -1.396695657129539914, -10.00000000000000178 ) ) ;
#7896 = DIRECTION ( 'NONE',  ( -1.000000000000000000, 0.000000000000000000, 0.000000000000000000 ) ) ;
#7897 = CARTESIAN_POINT ( 'NONE',  ( 23.72385695098861547, 27.81312729974014886, -22.15000000000000213 ) ) ;
#7898 = CARTESIAN_POINT ( 'NONE',  ( 34.90481452392524631, 14.05605354785661198, 10.43810541776499967 ) ) ;
#7899 = CARTESIAN_POINT ( 'NONE',  ( -39.43258052134785885, -17.90931993798839272, -18.92396247111499363 ) ) ;
#7900 = CIRCLE ( 'NONE', #593, 26.16057989992778943 ) ;
#7901 = CARTESIAN_POINT ( 'NONE',  ( 44.29372579701143309, 38.23221014489529068, -2.420152625384575096 ) ) ;
#7902 = CARTESIAN_POINT ( 'NONE',  ( -44.17291552284002165, -5.011336000492035758, 3.154816932867349877 ) ) ;
#7903 = FACE_OUTER_BOUND ( 'NONE', #4561, .T. ) ;
#7904 = CARTESIAN_POINT ( 'NONE',  ( -27.43844129263073128, -15.02521119413941975, 0.2226472766703095352 ) ) ;
#7905 = VERTEX_POINT ( 'NONE', #1225 ) ;
#7906 = FACE_BOUND ( 'NONE', #2514, .T. ) ;
#7907 = VERTEX_POINT ( 'NONE', #5651 ) ;
#7908 = CARTESIAN_POINT ( 'NONE',  ( -41.92812565359704990, -18.92847415507045028, -20.58272969854866119 ) ) ;
#7909 = EDGE_LOOP ( 'NONE', ( #2321, #4164, #299, #5334 ) ) ;
#7910 = CARTESIAN_POINT ( 'NONE',  ( 0.000000000000000000, 0.000000000000000000, -17.14999999999996660 ) ) ;
#7911 = ORIENTED_EDGE ( 'NONE', *, *, #1619, .F. ) ;
#7912 = EDGE_LOOP ( 'NONE', ( #3563, #808 ) ) ;
#7913 = CARTESIAN_POINT ( 'NONE',  ( 28.36476386061549704, 30.35318554795655643, 5.499999999999999112 ) ) ;
#7914 = ORIENTED_EDGE ( 'NONE', *, *, #5754, .F. ) ;
#7915 = DIRECTION ( 'NONE',  ( 1.000000000000000000, 0.000000000000000000, 0.000000000000000000 ) ) ;
#7916 = CARTESIAN_POINT ( 'NONE',  ( 50.96480796620439691, 30.60106611575909596, -5.127511684595998709 ) ) ;
#7917 = VECTOR ( 'NONE', #5291, 1000.000000000000000 ) ;
#7918 = ORIENTED_EDGE ( 'NONE', *, *, #3791, .T. ) ;
#7919 = CARTESIAN_POINT ( 'NONE',  ( 37.86948632844809737, 14.90706279848711802, 0.1733566791083068492 ) ) ;
#7920 = DIRECTION ( 'NONE',  ( -1.000000000000000000, 0.000000000000000000, 0.000000000000000000 ) ) ;
#7921 = EDGE_CURVE ( 'NONE', #5371, #8046, #2025, .T. ) ;
#7922 = CARTESIAN_POINT ( 'NONE',  ( -25.82921771397181487, -13.80925092715878932, 10.09675291899051075 ) ) ;
#7923 = CARTESIAN_POINT ( 'NONE',  ( 48.72631936155603682, 23.32193520961902067, -22.14999999999999858 ) ) ;
#7924 = EDGE_CURVE ( 'NONE', #2950, #5855, #566, .T. ) ;
#7925 = EDGE_LOOP ( 'NONE', ( #5186, #2345, #1695, #2177 ) ) ;
#7926 = EDGE_CURVE ( 'NONE', #6248, #6654, #3146, .T. ) ;
#7927 = DIRECTION ( 'NONE',  ( 1.000000000000000000, 0.000000000000000000, 0.000000000000000000 ) ) ;
#7928 = CARTESIAN_POINT ( 'NONE',  ( -10.41471000209347686, -9.674101972506198521, -14.70000000000000284 ) ) ;
#7929 = EDGE_CURVE ( 'NONE', #310, #2961, #7129, .T. ) ;
#7930 = CARTESIAN_POINT ( 'NONE',  ( 46.24883627556291543, 41.22142668934486665, -2.786075478426632834 ) ) ;
#7931 = B_SPLINE_CURVE_WITH_KNOTS ( 'NONE', 3,
 ( #4577, #1218, #3790, #3140, #5726, #8323, #2174, #2049, #274, #2127, #4081, #3437, #863, #6059, #6653, #5426 ),
 .UNSPECIFIED., .F., .F.,
 ( 4, 2, 2, 2, 2, 2, 2, 4 ),
 ( 0.000000000000000000, 0.1249999999999992228, 0.2499999999999984457, 0.4999999999999977796, 0.6249999999999983347, 0.7499999999999988898, 0.8749999999999994449, 1.000000000000000000 ),
 .UNSPECIFIED. ) ;
#7932 = EDGE_LOOP ( 'NONE', ( #4051, #7547, #4743, #4524 ) ) ;
#7933 = ORIENTED_EDGE ( 'NONE', *, *, #6171, .F. ) ;
#7934 = CARTESIAN_POINT ( 'NONE',  ( 34.21516217998393472, 36.76270110587798712, 7.182930062889429479 ) ) ;
#7935 = CARTESIAN_POINT ( 'NONE',  ( 29.62951795730057825, 34.85968845142075168, 12.49999999999999822 ) ) ;
#7936 = CARTESIAN_POINT ( 'NONE',  ( 39.87910269125998752, 16.88174564242236997, -8.705050485631756985 ) ) ;
#7937 = DIRECTION ( 'NONE',  ( 0.4058374489394845908, -0.9139452746408239792, 0.000000000000000000 ) ) ;
#7938 = CARTESIAN_POINT ( 'NONE',  ( 47.85156787337932371, 21.59581305719951771, -21.62526650690072572 ) ) ;
#7939 = CARTESIAN_POINT ( 'NONE',  ( 21.93049871176480892, 11.53325383155555883, 18.09999999999999787 ) ) ;
#7940 = EDGE_CURVE ( 'NONE', #8335, #1376, #5731, .T. ) ;
#7941 = CARTESIAN_POINT ( 'NONE',  ( -46.60738146624097311, -20.71100128037491572, -18.95399154043862211 ) ) ;
#7942 = CARTESIAN_POINT ( 'NONE',  ( -43.33876191278712753, 2.458119804308258605, 6.736382682932164911 ) ) ;
#7943 = DIRECTION ( 'NONE',  ( -0.000000000000000000, -0.000000000000000000, -1.000000000000000000 ) ) ;
#7944 = LINE ( 'NONE', #6793, #6946 ) ;
#7945 = ORIENTED_EDGE ( 'NONE', *, *, #1160, .F. ) ;
#7946 = EDGE_CURVE ( 'NONE', #1878, #1014, #3709, .T. ) ;
#7947 = VECTOR ( 'NONE', #4423, 1000.000000000000114 ) ;
#7948 = FACE_BOUND ( 'NONE', #5154, .T. ) ;
#7949 = ORIENTED_EDGE ( 'NONE', *, *, #5742, .F. ) ;
#7950 = CARTESIAN_POINT ( 'NONE',  ( -40.63324241953232985, -18.14848801076042761, -21.09063244998280240 ) ) ;
#7951 = CARTESIAN_POINT ( 'NONE',  ( -42.99248356281449901, 1.900873093593727248, 6.906601717798149132 ) ) ;
#7952 = CARTESIAN_POINT ( 'NONE',  ( 35.23904900513751670, 37.83150171038974463, 5.785098111027877188 ) ) ;
#7953 = ORIENTED_EDGE ( 'NONE', *, *, #221, .F. ) ;
#7954 = CIRCLE ( 'NONE', #4293, 2.000000000000000000 ) ;
#7955 = VECTOR ( 'NONE', #1843, 1000.000000000000227 ) ;
#7956 = CARTESIAN_POINT ( 'NONE',  ( 34.18688636116715429, 33.44151764052747922, 6.315218993979762274 ) ) ;
#7957 = ORIENTED_EDGE ( 'NONE', *, *, #434, .T. ) ;
#7958 = EDGE_CURVE ( 'NONE', #269, #2410, #1471, .T. ) ;
#7959 = ORIENTED_EDGE ( 'NONE', *, *, #8037, .F. ) ;
#7960 = CIRCLE ( 'NONE', #4702, 1.050000000000002265 ) ;
#7961 = DIRECTION ( 'NONE',  ( 0.000000000000000000, 0.000000000000000000, -1.000000000000000000 ) ) ;
#7962 = ORIENTED_EDGE ( 'NONE', *, *, #4658, .T. ) ;
#7963 = CARTESIAN_POINT ( 'NONE',  ( 34.93457887642401971, 10.18196431835593607, 4.667763598055670649 ) ) ;
#7964 = CARTESIAN_POINT ( 'NONE',  ( 53.23719681026206274, 25.48365013653000588, -12.89292741832922751 ) ) ;
#7965 = VECTOR ( 'NONE', #7040, 1000.000000000000000 ) ;
#7966 = ORIENTED_EDGE ( 'NONE', *, *, #6001, .F. ) ;
#7967 = CARTESIAN_POINT ( 'NONE',  ( -54.28167063507868306, -3.428514559616936186, -2.784127008650170598 ) ) ;
#7968 = DIRECTION ( 'NONE',  ( -0.9139452746408239792, -0.4058374489394846463, -1.387778780781445676E-16 ) ) ;
#7969 = CARTESIAN_POINT ( 'NONE',  ( -21.07376931339865322, -16.97864870975961082, 6.161537602437163308 ) ) ;
#7970 = CARTESIAN_POINT ( 'NONE',  ( -28.39471918605308076, -14.55413128077739415, 10.21329279767332388 ) ) ;
#7971 = ORIENTED_EDGE ( 'NONE', *, *, #3842, .F. ) ;
#7972 = AXIS2_PLACEMENT_3D ( 'NONE', #3221, #64, #649 ) ;
#7973 = AXIS2_PLACEMENT_3D ( 'NONE', #4990, #5544, #2337 ) ;
#7974 = LINE ( 'NONE', #2684, #7174 ) ;
#7975 = DIRECTION ( 'NONE',  ( -1.000000000000000000, 0.000000000000000000, 0.000000000000000000 ) ) ;
#7976 = ORIENTED_EDGE ( 'NONE', *, *, #534, .F. ) ;
#7977 = AXIS2_PLACEMENT_3D ( 'NONE', #7875, #6555, #2071 ) ;
#7978 = VERTEX_POINT ( 'NONE', #6578 ) ;
#7979 = CARTESIAN_POINT ( 'NONE',  ( -11.66950128823607002, 2.638003831554670331, 16.60000000000000142 ) ) ;
#7980 = FACE_OUTER_BOUND ( 'NONE', #2061, .T. ) ;
#7981 = LINE ( 'NONE', #6105, #2247 ) ;
#7982 = CARTESIAN_POINT ( 'NONE',  ( -40.54095970802679005, -18.35630852691025794, -20.04512421095780184 ) ) ;
#7983 = DIRECTION ( 'NONE',  ( 1.000000000000000000, 0.000000000000000000, 0.000000000000000000 ) ) ;
#7984 = ADVANCED_FACE ( 'NONE', ( #1303 ), #6400, .T. ) ;
#7985 = CARTESIAN_POINT ( 'NONE',  ( -2.569501288236065495, 15.63800383155555096, -14.70000000000000284 ) ) ;
#7986 = CIRCLE ( 'NONE', #4999, 9.000000000000000000 ) ;
#7987 = CIRCLE ( 'NONE', #675, 17.00000000000000000 ) ;
#7988 = EDGE_CURVE ( 'NONE', #6188, #5277, #2678, .T. ) ;
#7989 = CARTESIAN_POINT ( 'NONE',  ( -42.99248356281449901, 1.900873093593727248, 6.906601717798149132 ) ) ;
#7990 = FACE_OUTER_BOUND ( 'NONE', #3099, .T. ) ;
#7991 = DIRECTION ( 'NONE',  ( -0.9139452746408239792, -0.4058374489394845908, 0.000000000000000000 ) ) ;
#7992 = DIRECTION ( 'NONE',  ( 1.000000000000000000, 0.000000000000000000, 0.000000000000000000 ) ) ;
#7993 = ORIENTED_EDGE ( 'NONE', *, *, #7491, .F. ) ;
#7994 = VECTOR ( 'NONE', #6267, 1000.000000000000000 ) ;
#7995 = CARTESIAN_POINT ( 'NONE',  ( 32.69650851187383012, 6.170006097794826339, -8.257916789546097647 ) ) ;
#7996 = EDGE_LOOP ( 'NONE', ( #1276, #4418, #4320, #910, #7662, #850 ) ) ;
#7997 = CARTESIAN_POINT ( 'NONE',  ( -8.049818085922094468, 18.12817723098731548, -14.70000000000000284 ) ) ;
#7998 = CARTESIAN_POINT ( 'NONE',  ( 47.69748881700934362, 37.95906352322708699, -54.40744483548749599 ) ) ;
#7999 = CARTESIAN_POINT ( 'NONE',  ( -42.20934650005053612, -18.29516526645432961, -21.72209831239483080 ) ) ;
#8000 = AXIS2_PLACEMENT_3D ( 'NONE', #629, #2538, #1318 ) ;
#8001 = ORIENTED_EDGE ( 'NONE', *, *, #7452, .F. ) ;
#8002 = CARTESIAN_POINT ( 'NONE',  ( 32.08414255442611562, 32.32612180675754843, 5.499999999999999112 ) ) ;
#8003 = ORIENTED_EDGE ( 'NONE', *, *, #2452, .T. ) ;
#8004 = AXIS2_PLACEMENT_3D ( 'NONE', #8103, #1592, #3529 ) ;
#8005 = EDGE_CURVE ( 'NONE', #1840, #6795, #3874, .T. ) ;
#8006 = ORIENTED_EDGE ( 'NONE', *, *, #5570, .T. ) ;
#8007 = VECTOR ( 'NONE', #5983, 1000.000000000000227 ) ;
#8008 = B_SPLINE_SURFACE_WITH_KNOTS ( 'NONE', 3, 1, ( 
 ( #6458, #2784 ),
 ( #5354, #3930 ),
 ( #1351, #798 ),
 ( #6505, #7908 ),
 ( #2620, #2745 ),
 ( #4638, #3287 ),
 ( #7950, #665 ),
 ( #6588, #2149 ),
 ( #6632, #5915 ),
 ( #3370, #3242 ),
 ( #1480, #5187 ),
 ( #1985, #5826 ),
 ( #5870, #7784 ),
 ( #82, #2023 ),
 ( #5956, #5271 ),
 ( #7276, #752 ) ),
 .UNSPECIFIED., .F., .F., .F.,
 ( 4, 2, 2, 2, 2, 2, 2, 4 ),
 ( 2, 2 ),
 ( 0.000000000000000000, 0.1249999999999998890, 0.2499999999999997780, 0.3749999999999996669, 0.4999999999999995559, 0.7500000000000011102, 0.8750000000000005551, 1.000000000000000000 ),
 ( 0.000000000000000000, 1.000000000000000000 ),
 .UNSPECIFIED. ) ;
#8009 = CARTESIAN_POINT ( 'NONE',  ( -34.77151501752836538, -1.396695657129539914, 5.499999999999999112 ) ) ;
#8010 = ORIENTED_EDGE ( 'NONE', *, *, #5392, .T. ) ;
#8011 = CARTESIAN_POINT ( 'NONE',  ( 35.75754103544437612, 11.82740306971427380, 2.860126918770164117 ) ) ;
#8012 = ADVANCED_FACE ( 'NONE', ( #1343 ), #745, .F. ) ;
#8013 = CARTESIAN_POINT ( 'NONE',  ( 50.84858041048172339, 30.86281038212328554, -4.904501315499498304 ) ) ;
#8014 = EDGE_LOOP ( 'NONE', ( #4441, #4611, #2463, #3858 ) ) ;
#8015 = EDGE_CURVE ( 'NONE', #3292, #2617, #4042, .T. ) ;
#8016 = DIRECTION ( 'NONE',  ( 0.000000000000000000, 0.000000000000000000, -1.000000000000000000 ) ) ;
#8017 = DIRECTION ( 'NONE',  ( -0.4058374489394844797, 0.9139452746408239792, -0.000000000000000000 ) ) ;
#8018 = CARTESIAN_POINT ( 'NONE',  ( -22.73272330814677744, -15.98137577166005840, 7.883978416991046068 ) ) ;
#8019 = CARTESIAN_POINT ( 'NONE',  ( -26.10086476308519821, -9.367798573019152641, 15.28108449677386815 ) ) ;
#8020 = ORIENTED_EDGE ( 'NONE', *, *, #5227, .T. ) ;
#8021 = AXIS2_PLACEMENT_3D ( 'NONE', #6453, #5142, #5182 ) ;
#8022 = LINE ( 'NONE', #2341, #1237 ) ;
#8023 = CARTESIAN_POINT ( 'NONE',  ( -1.960745114826851099, 14.26708591959435424, -5.002747934976703448 ) ) ;
#8024 = EDGE_LOOP ( 'NONE', ( #4352, #6819, #7111, #5847 ) ) ;
#8025 = ORIENTED_EDGE ( 'NONE', *, *, #6950, .T. ) ;
#8026 = DIRECTION ( 'NONE',  ( -0.000000000000000000, -0.000000000000000000, 1.000000000000000000 ) ) ;
#8027 = CARTESIAN_POINT ( 'NONE',  ( 5.334801472566043756, 36.16900472935827793, 12.49999999999999822 ) ) ;
#8028 = CARTESIAN_POINT ( 'NONE',  ( -42.21564687750919376, 2.961356938923733750, 7.976518207551514195 ) ) ;
#8029 = CARTESIAN_POINT ( 'NONE',  ( 37.66684634390682618, 25.66093581165338477, 2.065774960756366241 ) ) ;
#8030 = CARTESIAN_POINT ( 'NONE',  ( 58.02117233412604946, 25.36502432073926627, -12.68076278183287187 ) ) ;
#8031 = EDGE_CURVE ( 'NONE', #4720, #303, #5941, .T. ) ;
#8032 = DIRECTION ( 'NONE',  ( -0.4058374489394845352, 0.9139452746408240902, -0.000000000000000000 ) ) ;
#8033 = DIRECTION ( 'NONE',  ( -0.7381062247016301203, 0.000000000000000000, 0.6746845196510043996 ) ) ;
#8034 = CARTESIAN_POINT ( 'NONE',  ( 26.51187246540084175, 29.37032337709918650, 6.000000000000016875 ) ) ;
#8035 = AXIS2_PLACEMENT_3D ( 'NONE', #6530, #3217, #1457 ) ;
#8036 = CARTESIAN_POINT ( 'NONE',  ( -25.71574199273388928, -15.28840155818543600, 2.541466372752713365 ) ) ;
#8037 = EDGE_CURVE ( 'NONE', #3697, #1535, #6450, .T. ) ;
#8038 = CARTESIAN_POINT ( 'NONE',  ( -14.88171938129457672, -7.828126774681247291, -14.70000000000000284 ) ) ;
#8039 = EDGE_CURVE ( 'NONE', #7722, #4786, #1172, .T. ) ;
#8040 = ORIENTED_EDGE ( 'NONE', *, *, #3466, .F. ) ;
#8041 = CARTESIAN_POINT ( 'NONE',  ( -26.95016505529880035, -12.36650267101812872, -9.434880330940149662 ) ) ;
#8042 = FACE_OUTER_BOUND ( 'NONE', #4228, .T. ) ;
#8043 = CIRCLE ( 'NONE', #7631, 1.125000000000000888 ) ;
#8044 = EDGE_CURVE ( 'NONE', #8210, #6504, #2737, .T. ) ;
#8045 = CARTESIAN_POINT ( 'NONE',  ( 18.13049871176392713, 0.000000000000000000, 20.10000000000000142 ) ) ;
#8046 = VERTEX_POINT ( 'NONE', #3445 ) ;
#8047 = ADVANCED_FACE ( 'NONE', ( #2894 ), #6068, .F. ) ;
#8048 = DIRECTION ( 'NONE',  ( 0.000000000000000000, 0.000000000000000000, 1.000000000000000000 ) ) ;
#8049 = ORIENTED_EDGE ( 'NONE', *, *, #282, .T. ) ;
#8050 = AXIS2_PLACEMENT_3D ( 'NONE', #4121, #1460, #4621 ) ;
#8051 = ORIENTED_EDGE ( 'NONE', *, *, #1052, .T. ) ;
#8052 = B_SPLINE_CURVE_WITH_KNOTS ( 'NONE', 3,
 ( #7087, #1968, #4457, #5091 ),
 .UNSPECIFIED., .F., .F.,
 ( 4, 4 ),
 ( 2.844613339524419216E-07, 0.003016299448816139699 ),
 .UNSPECIFIED. ) ;
#8053 = CARTESIAN_POINT ( 'NONE',  ( 36.81590799521271151, 26.01507376362513568, -9.664955880659885423 ) ) ;
#8054 = VERTEX_POINT ( 'NONE', #4129 ) ;
#8055 = CARTESIAN_POINT ( 'NONE',  ( 36.25576183754844806, 12.65678956517483478, 1.677687080172125977 ) ) ;
#8056 = CARTESIAN_POINT ( 'NONE',  ( -27.79649922780303584, -12.74231740637505794, -14.70000000000072227 ) ) ;
#8057 = ORIENTED_EDGE ( 'NONE', *, *, #4649, .F. ) ;
#8058 = CARTESIAN_POINT ( 'NONE',  ( 5.334801472566043756, 36.16900472935827793, 10.09999999999999964 ) ) ;
#8059 = CARTESIAN_POINT ( 'NONE',  ( -31.83132295621376429, -15.00065132370265886, -8.433252907771857210 ) ) ;
#8060 = CARTESIAN_POINT ( 'NONE',  ( -29.82649052106472709, -7.693804546463897331, 13.72980514523467122 ) ) ;
#8061 = ORIENTED_EDGE ( 'NONE', *, *, #5387, .T. ) ;
#8062 = B_SPLINE_CURVE_WITH_KNOTS ( 'NONE', 3,
 ( #6859, #5464, #8098, #8063 ),
 .UNSPECIFIED., .F., .F.,
 ( 4, 4 ),
 ( 0.0006731129592683148628, 0.001201277597261227398 ),
 .UNSPECIFIED. ) ;
#8063 = CARTESIAN_POINT ( 'NONE',  ( 32.48447089831211798, 24.09169888503756951, -4.488965390296136171 ) ) ;
#8064 = CYLINDRICAL_SURFACE ( 'NONE', #5868, 1.574999999999999956 ) ;
#8065 = ORIENTED_EDGE ( 'NONE', *, *, #7988, .T. ) ;
#8066 = ORIENTED_EDGE ( 'NONE', *, *, #6725, .T. ) ;
#8067 = AXIS2_PLACEMENT_3D ( 'NONE', #1410, #6475, #55 ) ;
#8068 = LINE ( 'NONE', #7468, #6906 ) ;
#8069 = CARTESIAN_POINT ( 'NONE',  ( -18.06950128823605439, 0.1380038315555598971, 18.09999999999999787 ) ) ;
#8070 = DIRECTION ( 'NONE',  ( -0.000000000000000000, -0.000000000000000000, 1.000000000000000000 ) ) ;
#8071 = LINE ( 'NONE', #232, #1221 ) ;
#8072 = CARTESIAN_POINT ( 'NONE',  ( 50.08572856671874973, 21.84129008398974392, -4.034261475899269200 ) ) ;
#8073 = DIRECTION ( 'NONE',  ( -0.9139452746408238681, -0.4058374489394849793, 0.000000000000000000 ) ) ;
#8074 = CARTESIAN_POINT ( 'NONE',  ( -20.85651692632217191, -17.10088831604766924, 5.886796564403917742 ) ) ;
#8075 = CARTESIAN_POINT ( 'NONE',  ( -45.73686332603204363, -15.27928455480447312, -7.845790856426372528 ) ) ;
#8076 = DIRECTION ( 'NONE',  ( -0.000000000000000000, -0.000000000000000000, 1.000000000000000000 ) ) ;
#8077 = CARTESIAN_POINT ( 'NONE',  ( 32.45670470813098518, 14.01312108024443503, -14.69999999999975770 ) ) ;
#8078 = EDGE_LOOP ( 'NONE', ( #441, #7966 ) ) ;
#8079 = CARTESIAN_POINT ( 'NONE',  ( 29.59107861169173503, 15.63800383155555096, -10.37867965644034740 ) ) ;
#8080 = EDGE_CURVE ( 'NONE', #3520, #7064, #4453, .T. ) ;
#8081 = CARTESIAN_POINT ( 'NONE',  ( 53.98960911003178609, 23.78921886176070188, -20.18805613299939239 ) ) ;
#8082 = DIRECTION ( 'NONE',  ( 0.000000000000000000, 0.000000000000000000, 1.000000000000000000 ) ) ;
#8083 = CARTESIAN_POINT ( 'NONE',  ( -51.75650414436299229, -2.046763549313376895, -2.969009626126009049 ) ) ;
#8084 = EDGE_LOOP ( 'NONE', ( #7914, #5376, #4206, #2420 ) ) ;
#8085 = VECTOR ( 'NONE', #5257, 1000.000000000000000 ) ;
#8086 = ORIENTED_EDGE ( 'NONE', *, *, #3789, .T. ) ;
#8087 = VECTOR ( 'NONE', #1167, 1000.000000000000000 ) ;
#8088 = CARTESIAN_POINT ( 'NONE',  ( 34.81866095741969502, 23.05876929520460195, 0.9148257472633043452 ) ) ;
#8089 = EDGE_CURVE ( 'NONE', #2663, #1646, #810, .T. ) ;
#8090 = VERTEX_POINT ( 'NONE', #5346 ) ;
#8091 = CARTESIAN_POINT ( 'NONE',  ( 40.24699511959182985, 18.11437392322210371, 7.464979932088827930 ) ) ;
#8092 = CARTESIAN_POINT ( 'NONE',  ( -26.36907315152133080, -12.10846877952482537, -10.46107186641804176 ) ) ;
#8093 = ORIENTED_EDGE ( 'NONE', *, *, #5589, .T. ) ;
#8094 = CARTESIAN_POINT ( 'NONE',  ( -51.58478271671599913, -9.501901763435530057, -2.675592887094638606 ) ) ;
#8095 = CARTESIAN_POINT ( 'NONE',  ( -43.43712979311779065, -4.986204014659821659, 3.825002615725936472 ) ) ;
#8096 = DIRECTION ( 'NONE',  ( -0.9139452746408239792, -0.4058374489394844242, 0.000000000000000000 ) ) ;
#8097 = ORIENTED_EDGE ( 'NONE', *, *, #7670, .F. ) ;
#8098 = CARTESIAN_POINT ( 'NONE',  ( 32.52176555492913934, 24.10825957933785446, -4.660225930200559752 ) ) ;
#8099 = CARTESIAN_POINT ( 'NONE',  ( -41.91187761998802586, -18.96506470031948410, -20.04512421095780184 ) ) ;
#8101 = ORIENTED_EDGE ( 'NONE', *, *, #4915, .T. ) ;
#8100 = ORIENTED_EDGE ( 'NONE', *, *, #2325, .T. ) ;
#8102 = ORIENTED_EDGE ( 'NONE', *, *, #7744, .T. ) ;
#8103 = CARTESIAN_POINT ( 'NONE',  ( 15.35737535980886825, 45.40694055502255111, 15.59999999999999964 ) ) ;
#8104 = CARTESIAN_POINT ( 'NONE',  ( -39.95755607995402414, -17.76929336918114899, -14.70000000000000462 ) ) ;
#8105 = CARTESIAN_POINT ( 'NONE',  ( 47.04034295635043605, 39.43895493213585723, -2.419953286813306015 ) ) ;
#8106 = CARTESIAN_POINT ( 'NONE',  ( 19.51356857293895786, 30.36770057680353929, -22.15000000000000568 ) ) ;
#8107 = AXIS2_PLACEMENT_3D ( 'NONE', #4856, #3067, #1053 ) ;
#8108 = VECTOR ( 'NONE', #4417, 1000.000000000000114 ) ;
#8109 = DIRECTION ( 'NONE',  ( -0.000000000000000000, -0.000000000000000000, 1.000000000000000000 ) ) ;
#8110 = DIRECTION ( 'NONE',  ( -0.000000000000000000, -0.000000000000000000, -1.000000000000000000 ) ) ;
#8111 = CARTESIAN_POINT ( 'NONE',  ( -2.569501288236065495, 15.63800383155555096, 12.10000000000029985 ) ) ;
#8112 = CARTESIAN_POINT ( 'NONE',  ( 29.74241460900789846, 27.25071830426368535, -10.00000000000000178 ) ) ;
#8113 = AXIS2_PLACEMENT_3D ( 'NONE', #2397, #5644, #2355 ) ;
#8114 = VECTOR ( 'NONE', #1975, 1000.000000000000000 ) ;
#8115 = VECTOR ( 'NONE', #6940, 1000.000000000000000 ) ;
#8116 = CARTESIAN_POINT ( 'NONE',  ( 8.535532021701095928, 4.115352563500928262, 22.50000000000000000 ) ) ;
#8117 = EDGE_CURVE ( 'NONE', #2705, #639, #7472, .T. ) ;
#8118 = CARTESIAN_POINT ( 'NONE',  ( 33.07237921072677267, 13.06905045488042560, -10.85346938526461180 ) ) ;
#8119 = ORIENTED_EDGE ( 'NONE', *, *, #1981, .T. ) ;
#8120 = DIRECTION ( 'NONE',  ( 0.000000000000000000, 0.000000000000000000, -1.000000000000000000 ) ) ;
#8121 = DIRECTION ( 'NONE',  ( -1.000000000000000000, 0.000000000000000000, 0.000000000000000000 ) ) ;
#8122 = CARTESIAN_POINT ( 'NONE',  ( 35.18524846183408528, 36.37722494252744809, 6.524807588256624769 ) ) ;
#8123 = AXIS2_PLACEMENT_3D ( 'NONE', #6589, #1530, #6039 ) ;
#8124 = DIRECTION ( 'NONE',  ( 1.000000000000000000, 0.000000000000000000, 0.000000000000000000 ) ) ;
#8125 = CARTESIAN_POINT ( 'NONE',  ( -36.67450437646652261, 22.30218152664974696, 15.59999999999999964 ) ) ;
#8126 = ORIENTED_EDGE ( 'NONE', *, *, #285, .F. ) ;
#8127 = CARTESIAN_POINT ( 'NONE',  ( -16.67235263888314378, 47.39760212532419814, 22.50000000000000000 ) ) ;
#8128 = VECTOR ( 'NONE', #1709, 1000.000000000000000 ) ;
#8129 = VERTEX_POINT ( 'NONE', #7939 ) ;
#8130 = CIRCLE ( 'NONE', #2583, 1.050000000000000488 ) ;
#8131 = ORIENTED_EDGE ( 'NONE', *, *, #5279, .F. ) ;
#8132 = ORIENTED_EDGE ( 'NONE', *, *, #1149, .T. ) ;
#8133 = PLANE ( 'NONE',  #423 ) ;
#8134 = CARTESIAN_POINT ( 'NONE',  ( -22.15197631044942383, -10.23586669775984781, -14.70000000000018403 ) ) ;
#8135 = AXIS2_PLACEMENT_3D ( 'NONE', #3444, #233, #6661 ) ;
#8136 = EDGE_CURVE ( 'NONE', #2617, #599, #6348, .T. ) ;
#8137 = LINE ( 'NONE', #8176, #4859 ) ;
#8138 = EDGE_CURVE ( 'NONE', #117, #7783, #3356, .T. ) ;
#8139 = CARTESIAN_POINT ( 'NONE',  ( 36.49351306229881686, 27.48697379425325593, 8.788084383090742691 ) ) ;
#8140 = LINE ( 'NONE', #1792, #2832 ) ;
#8141 = VERTEX_POINT ( 'NONE', #2312 ) ;
#8142 = EDGE_CURVE ( 'NONE', #310, #4954, #7224, .T. ) ;
#8143 = ADVANCED_FACE ( 'NONE', ( #1596 ), #1233, .T. ) ;
#8144 = ORIENTED_EDGE ( 'NONE', *, *, #1877, .F. ) ;
#8145 = DIRECTION ( 'NONE',  ( -0.4058374489394845908, 0.9139452746408239792, -0.000000000000000000 ) ) ;
#8146 = DIRECTION ( 'NONE',  ( -0.000000000000000000, -0.000000000000000000, 1.000000000000000000 ) ) ;
#8148 = ORIENTED_EDGE ( 'NONE', *, *, #584, .T. ) ;
#8147 = ORIENTED_EDGE ( 'NONE', *, *, #6762, .T. ) ;
#8149 = ORIENTED_EDGE ( 'NONE', *, *, #3107, .F. ) ;
#8150 = CARTESIAN_POINT ( 'NONE',  ( 47.61483506910165175, 30.75307746819330035, -4.077197461567558356 ) ) ;
#8151 = DIRECTION ( 'NONE',  ( -0.000000000000000000, -0.000000000000000000, -1.000000000000000000 ) ) ;
#8152 = CARTESIAN_POINT ( 'NONE',  ( -49.25183267308994317, -14.75570146554995077, -5.754329382438782226 ) ) ;
#8153 = CARTESIAN_POINT ( 'NONE',  ( -41.95014476405269477, -18.87888715415340002, -18.25191352495191666 ) ) ;
#8154 = FACE_OUTER_BOUND ( 'NONE', #1829, .T. ) ;
#8155 = CARTESIAN_POINT ( 'NONE',  ( -49.93959525540530819, -13.20686124929869365, -4.441584604070953013 ) ) ;
#8156 = CARTESIAN_POINT ( 'NONE',  ( -10.41471000209347686, -9.674101972506198521, -21.35000000000000497 ) ) ;
#8157 = DIRECTION ( 'NONE',  ( 0.000000000000000000, 0.000000000000000000, 1.000000000000000000 ) ) ;
#8158 = B_SPLINE_CURVE_WITH_KNOTS ( 'NONE', 3,
 ( #3136, #3862, #2681, #5719 ),
 .UNSPECIFIED., .F., .F.,
 ( 4, 4 ),
 ( 2.842512264948944260E-07, 0.003016299238708676587 ),
 .UNSPECIFIED. ) ;
#8159 = FACE_OUTER_BOUND ( 'NONE', #7909, .T. ) ;
#8160 = CARTESIAN_POINT ( 'NONE',  ( 33.43999265600213278, 13.66079201101975471, -10.65124612575595719 ) ) ;
#8161 = ORIENTED_EDGE ( 'NONE', *, *, #2342, .F. ) ;
#8162 = CARTESIAN_POINT ( 'NONE',  ( -52.47937327402353702, -7.487285284039526978, -2.407444835499582325 ) ) ;
#8163 = DIRECTION ( 'NONE',  ( 0.9139452746408240902, 0.4058374489394846463, 0.000000000000000000 ) ) ;
#8164 = CIRCLE ( 'NONE', #856, 26.16057989992778943 ) ;
#8165 = DIRECTION ( 'NONE',  ( -0.000000000000000000, -0.000000000000000000, -1.000000000000000000 ) ) ;
#8166 = DIRECTION ( 'NONE',  ( 1.000000000000000000, 0.000000000000000000, 0.000000000000000000 ) ) ;
#8167 = CYLINDRICAL_SURFACE ( 'NONE', #8107, 2.000000000000000000 ) ;
#8168 = ORIENTED_EDGE ( 'NONE', *, *, #677, .F. ) ;
#8169 = LINE ( 'NONE', #2366, #6926 ) ;
#8170 = ORIENTED_EDGE ( 'NONE', *, *, #2126, .T. ) ;
#8171 = VECTOR ( 'NONE', #2100, 1000.000000000000114 ) ;
#8172 = EDGE_LOOP ( 'NONE', ( #4778, #5714 ) ) ;
#8173 = VECTOR ( 'NONE', #5196, 1000.000000000000114 ) ;
#8174 = VERTEX_POINT ( 'NONE', #6148 ) ;
#8175 = CARTESIAN_POINT ( 'NONE',  ( -32.20738459232882889, -14.70097129252557444, -14.70000000000006679 ) ) ;
#8176 = CARTESIAN_POINT ( 'NONE',  ( -0.000000000000000000, 3.033253831555559721, 20.10000000000000142 ) ) ;
#8177 = CARTESIAN_POINT ( 'NONE',  ( 35.66967915879077822, 23.26219516234990081, -4.914214297436441115 ) ) ;
#8178 = LINE ( 'NONE', #2376, #2708 ) ;
#8179 = ADVANCED_FACE ( 'NONE', ( #7434 ), #7422, .T. ) ;
#8180 = EDGE_LOOP ( 'NONE', ( #8102, #2789, #7953, #5972 ) ) ;
#8181 = EDGE_LOOP ( 'NONE', ( #2636, #4995, #2674, #1077, #813, #7405, #7503, #1383, #1145, #6309, #1483, #7542, #4010, #7143, #1798, #1923, #1354, #4766, #4326, #7417 ) ) ;
#8182 = CARTESIAN_POINT ( 'NONE',  ( 4.130498711763927133, 27.78325383155556239, 12.49999999999999822 ) ) ;
#8183 = DIRECTION ( 'NONE',  ( -0.3769758968958037970, 0.9262230687904531301, 0.000000000000000000 ) ) ;
#8185 = ORIENTED_EDGE ( 'NONE', *, *, #5380, .F. ) ;
#8184 = VERTEX_POINT ( 'NONE', #998 ) ;
#8186 = EDGE_LOOP ( 'NONE', ( #6337, #4015 ) ) ;
#8187 = CARTESIAN_POINT ( 'NONE',  ( 52.69856551319091409, 26.69664694108204017, -10.16694649596427347 ) ) ;
#8188 = CYLINDRICAL_SURFACE ( 'NONE', #6858, 2.099999999999999645 ) ;
#8189 = EDGE_CURVE ( 'NONE', #5526, #6888, #363, .T. ) ;
#8190 = DIRECTION ( 'NONE',  ( 1.000000000000000000, 0.000000000000000000, 0.000000000000000000 ) ) ;
#8191 = DIRECTION ( 'NONE',  ( 1.000000000000000000, 0.000000000000000000, 0.000000000000000000 ) ) ;
#8192 = CYLINDRICAL_SURFACE ( 'NONE', #550, 35.72902093797250700 ) ;
#8193 = EDGE_CURVE ( 'NONE', #6297, #3683, #7310, .T. ) ;
#8194 = EDGE_CURVE ( 'NONE', #7346, #2765, #5393, .T. ) ;
#8195 = DIRECTION ( 'NONE',  ( -0.9139452746408239792, -0.4058374489394846463, -1.387778780781445676E-16 ) ) ;
#8196 = CARTESIAN_POINT ( 'NONE',  ( 39.53927441693564049, 16.55310101612037599, -7.633802519288673594 ) ) ;
#8197 = PLANE ( 'NONE',  #8113 ) ;
#8198 = CARTESIAN_POINT ( 'NONE',  ( -40.68659284042172430, -18.02834294972823415, -21.32835245854840522 ) ) ;
#8199 = AXIS2_PLACEMENT_3D ( 'NONE', #3962, #3918, #5944 ) ;
#8200 = CARTESIAN_POINT ( 'NONE',  ( 24.88989898663339773, 8.586368667790420517, -14.54656637013946252 ) ) ;
#8201 = CARTESIAN_POINT ( 'NONE',  ( 5.334801472566043756, 36.16900472935827793, 20.10000000000000142 ) ) ;
#8202 = CARTESIAN_POINT ( 'NONE',  ( -41.35272403067966707, -16.52821659318327718, -22.15000000000000213 ) ) ;
#8203 = CARTESIAN_POINT ( 'NONE',  ( 36.55081185516471010, 37.83100337726598639, 4.651027029389894096 ) ) ;
#8204 = DIRECTION ( 'NONE',  ( -0.9139452746408244233, -0.4058374489394838136, 0.000000000000000000 ) ) ;
#8205 = CARTESIAN_POINT ( 'NONE',  ( -51.79476919454029371, -1.287036011977757077, -2.959199050281102306 ) ) ;
#8206 = EDGE_LOOP ( 'NONE', ( #7083, #7195, #8101, #6102 ) ) ;
#8207 = DIRECTION ( 'NONE',  ( 0.000000000000000000, 0.000000000000000000, -1.000000000000000000 ) ) ;
#8208 = ORIENTED_EDGE ( 'NONE', *, *, #6799, .T. ) ;
#8209 = FACE_OUTER_BOUND ( 'NONE', #513, .T. ) ;
#8210 = VERTEX_POINT ( 'NONE', #6703 ) ;
#8211 = ORIENTED_EDGE ( 'NONE', *, *, #7958, .F. ) ;
#8212 = CARTESIAN_POINT ( 'NONE',  ( -20.43670938318099672, -11.72047556509820510, -13.00529005118312043 ) ) ;
#8213 = CARTESIAN_POINT ( 'NONE',  ( -17.50288573338256626, -15.79331982562781889, -10.92573607700893490 ) ) ;
#8214 = CIRCLE ( 'NONE', #5096, 1.499999999999742872 ) ;
#8215 = CARTESIAN_POINT ( 'NONE',  ( -42.96314485863167221, -19.11296406105707746, -1.701474974101230941 ) ) ;
#8216 = DIRECTION ( 'NONE',  ( -6.469116461207083539E-16, -4.430940051826901389E-17, -1.000000000000000000 ) ) ;
#8217 = ORIENTED_EDGE ( 'NONE', *, *, #898, .T. ) ;
#8218 = EDGE_CURVE ( 'NONE', #141, #5916, #5686, .T. ) ;
#8219 = ORIENTED_EDGE ( 'NONE', *, *, #7125, .F. ) ;
#8220 = CARTESIAN_POINT ( 'NONE',  ( 50.82255194121810860, 22.34358771688203049, -19.93663853000483854 ) ) ;
#8221 = CARTESIAN_POINT ( 'NONE',  ( 38.13338489074125448, 26.60009945077927540, -3.183803752492271322 ) ) ;
#8223 = ORIENTED_EDGE ( 'NONE', *, *, #7624, .F. ) ;
#8222 = VERTEX_POINT ( 'NONE', #1037 ) ;
#8224 = VERTEX_POINT ( 'NONE', #4286 ) ;
#8225 = DIRECTION ( 'NONE',  ( -0.000000000000000000, -0.000000000000000000, 1.000000000000000000 ) ) ;
#8226 = PLANE ( 'NONE',  #3608 ) ;
#8227 = CARTESIAN_POINT ( 'NONE',  ( -47.60080316382139642, -11.08169507306992330, -3.842806056089146605 ) ) ;
#8228 = CARTESIAN_POINT ( 'NONE',  ( 37.85348098634232628, 29.37513456951747060, 6.906601717798149132 ) ) ;
#8229 = EDGE_LOOP ( 'NONE', ( #6131, #2022 ) ) ;
#8230 = DIRECTION ( 'NONE',  ( 0.4058374489394847018, -0.9139452746408238681, 0.000000000000000000 ) ) ;
#8231 = AXIS2_PLACEMENT_3D ( 'NONE', #1924, #5131, #5848 ) ;
#8232 = AXIS2_PLACEMENT_3D ( 'NONE', #8201, #538, #6965 ) ;
#8233 = CARTESIAN_POINT ( 'NONE',  ( -50.42204048413719164, -0.6054660856234217459, -1.435387697971501897 ) ) ;
#8234 = CARTESIAN_POINT ( 'NONE',  ( -43.81712747487676296, -19.60252656784883740, -19.90226640499236055 ) ) ;
#8235 = CARTESIAN_POINT ( 'NONE',  ( -44.07610251151407965, -19.01931520674085618, -16.23035432845312442 ) ) ;
#8236 = CARTESIAN_POINT ( 'NONE',  ( -54.47647588598198354, -2.989813451556065260, -2.927881913502033751 ) ) ;
#8237 = VECTOR ( 'NONE', #8360, 1000.000000000000000 ) ;
#8238 = VECTOR ( 'NONE', #2930, 1000.000000000000000 ) ;
#8239 = CARTESIAN_POINT ( 'NONE',  ( 30.57314920886421206, 5.653899771322732803, -11.13232148521338694 ) ) ;
#8240 = ADVANCED_FACE ( 'NONE', ( #8279 ), #7553, .F. ) ;
#8241 = DIRECTION ( 'NONE',  ( -5.567976301071580056E-16, -2.472460179489899479E-16, -1.000000000000000000 ) ) ;
#8242 = CARTESIAN_POINT ( 'NONE',  ( 9.286952852967614191, 46.43450517825943535, 15.09999999999999964 ) ) ;
#8243 = EDGE_CURVE ( 'NONE', #2171, #7505, #6362, .T. ) ;
#8244 = CARTESIAN_POINT ( 'NONE',  ( 40.25335105326678331, 38.14505718645008159, 1.255533891391605650 ) ) ;
#8245 = CARTESIAN_POINT ( 'NONE',  ( -50.45177368901692461, -4.661314089374025471, -2.407444835499600533 ) ) ;
#8246 = EDGE_CURVE ( 'NONE', #7887, #6546, #3054, .T. ) ;
#8247 = AXIS2_PLACEMENT_3D ( 'NONE', #7136, #7774, #7267 ) ;
#8248 = AXIS2_PLACEMENT_3D ( 'NONE', #6461, #2584, #7705 ) ;
#8249 = CARTESIAN_POINT ( 'NONE',  ( -51.58478271671599913, -9.501901763435530057, -2.675592887094638606 ) ) ;
#8250 = ORIENTED_EDGE ( 'NONE', *, *, #2854, .F. ) ;
#8251 = DIRECTION ( 'NONE',  ( 0.000000000000000000, 0.000000000000000000, 1.000000000000000000 ) ) ;
#8252 = EDGE_LOOP ( 'NONE', ( #8131, #7288, #5467 ) ) ;
#8253 = EDGE_LOOP ( 'NONE', ( #2407, #7594, #3600, #3586, #6381, #5803, #3196, #825, #795, #1417, #5366, #6844 ) ) ;
#8254 = DIRECTION ( 'NONE',  ( 0.000000000000000000, 0.000000000000000000, 1.000000000000000000 ) ) ;
#8255 = VECTOR ( 'NONE', #4713, 1000.000000000000000 ) ;
#8256 = ORIENTED_EDGE ( 'NONE', *, *, #7412, .F. ) ;
#8257 = AXIS2_PLACEMENT_3D ( 'NONE', #3394, #5893, #6531 ) ;
#8258 = VERTEX_POINT ( 'NONE', #6193 ) ;
#8259 = ADVANCED_FACE ( 'NONE', ( #7682 ), #8192, .F. ) ;
#8260 = CARTESIAN_POINT ( 'NONE',  ( -20.85651692632217191, -17.10088831604766924, 5.886796564403917742 ) ) ;
#8261 = AXIS2_PLACEMENT_3D ( 'NONE', #2984, #6797, #7401 ) ;
#8262 = PLANE ( 'NONE',  #543 ) ;
#8263 = AXIS2_PLACEMENT_3D ( 'NONE', #1795, #4362, #2672 ) ;
#8264 = DIRECTION ( 'NONE',  ( 0.000000000000000000, 0.000000000000000000, 1.000000000000000000 ) ) ;
#8265 = CARTESIAN_POINT ( 'NONE',  ( 37.11463530561896107, 13.87481409165655677, -0.4152379812494387257 ) ) ;
#8266 = ORIENTED_EDGE ( 'NONE', *, *, #6835, .T. ) ;
#8267 = ORIENTED_EDGE ( 'NONE', *, *, #1833, .F. ) ;
#8268 = DIRECTION ( 'NONE',  ( 0.000000000000000000, 0.7831235737295617616, 0.6218661176403161850 ) ) ;
#8269 = DIRECTION ( 'NONE',  ( 0.000000000000000000, 0.000000000000000000, -1.000000000000000000 ) ) ;
#8270 = EDGE_CURVE ( 'NONE', #3548, #725, #1171, .T. ) ;
#8272 = ORIENTED_EDGE ( 'NONE', *, *, #4967, .F. ) ;
#8271 = EDGE_LOOP ( 'NONE', ( #2089, #1045, #6054, #1906, #3565, #7285, #6271, #819, #6904, #7621 ) ) ;
#8273 = VERTEX_POINT ( 'NONE', #4419 ) ;
#8274 = CARTESIAN_POINT ( 'NONE',  ( -51.72795773228961025, -1.267103055866477535, -2.886758449385950165 ) ) ;
#8275 = DIRECTION ( 'NONE',  ( 1.000000000000000000, 0.000000000000000000, 0.000000000000000000 ) ) ;
#8276 = CARTESIAN_POINT ( 'NONE',  ( 34.15131180397241195, 20.78347724097131888, -3.183803752492270434 ) ) ;
#8277 = DIRECTION ( 'NONE',  ( -0.000000000000000000, -0.000000000000000000, -1.000000000000000000 ) ) ;
#8278 = VERTEX_POINT ( 'NONE', #2475 ) ;
#8279 = FACE_OUTER_BOUND ( 'NONE', #3117, .T. ) ;
#8280 = CARTESIAN_POINT ( 'NONE',  ( -44.68491787330074771, 4.128185783266643760, 5.586078477228777928 ) ) ;
#8281 = LINE ( 'NONE', #8156, #405 ) ;
#8282 = CARTESIAN_POINT ( 'NONE',  ( 44.59853487362877900, 37.54578060033247766, -2.407444835499608971 ) ) ;
#8283 = LINE ( 'NONE', #6920, #3017 ) ;
#8284 = LINE ( 'NONE', #6446, #7947 ) ;
#8285 = CARTESIAN_POINT ( 'NONE',  ( -33.36600263493999563, 27.49445797275911119, 15.09999999999999964 ) ) ;
#8286 = LINE ( 'NONE', #3144, #1112 ) ;
#8287 = CARTESIAN_POINT ( 'NONE',  ( 40.82271050261793022, 36.46664958202543971, 1.468577726121150118 ) ) ;
#8288 = AXIS2_PLACEMENT_3D ( 'NONE', #5102, #3282, #8369 ) ;
#8289 = CARTESIAN_POINT ( 'NONE',  ( 30.89635222598155551, 35.42222627736733642, 10.72390011532683296 ) ) ;
#8290 = CARTESIAN_POINT ( 'NONE',  ( 37.20107891322190596, 26.18610893072743195, 0.6839368558718621482 ) ) ;
#8291 = DIRECTION ( 'NONE',  ( 1.000000000000000000, 0.000000000000000000, 0.000000000000000000 ) ) ;
#8292 = EDGE_CURVE ( 'NONE', #8224, #7630, #1847, .T. ) ;
#8293 = ADVANCED_FACE ( 'NONE', ( #8154 ), #2351, .F. ) ;
#8294 = EDGE_LOOP ( 'NONE', ( #3615, #3337, #3192, #3258 ) ) ;
#8295 = EDGE_CURVE ( 'NONE', #5873, #907, #3765, .T. ) ;
#8296 = EDGE_LOOP ( 'NONE', ( #4706, #7121, #4296, #1577, #754, #4913, #5223, #3407, #5825, #896, #8170 ) ) ;
#8297 = CARTESIAN_POINT ( 'NONE',  ( -43.80891949922374806, -19.62101091566362854, -20.18573529012025958 ) ) ;
#8298 = ADVANCED_FACE ( 'NONE', ( #1886 ), #1759, .F. ) ;
#8299 = ADVANCED_FACE ( 'NONE', ( #3742 ), #3512, .T. ) ;
#8300 = ORIENTED_EDGE ( 'NONE', *, *, #5648, .F. ) ;
#8301 = ORIENTED_EDGE ( 'NONE', *, *, #8218, .T. ) ;
#8302 = AXIS2_PLACEMENT_3D ( 'NONE', #6714, #1481, #928 ) ;
#8303 = CARTESIAN_POINT ( 'NONE',  ( -37.72450437646652688, 22.30218152664974696, 15.59999999999999964 ) ) ;
#8304 = DIRECTION ( 'NONE',  ( -1.000000000000000000, 0.000000000000000000, 0.000000000000000000 ) ) ;
#8305 = DIRECTION ( 'NONE',  ( 0.000000000000000000, 1.000000000000000000, -0.000000000000000000 ) ) ;
#8306 = AXIS2_PLACEMENT_3D ( 'NONE', #3275, #6534, #5856 ) ;
#8307 = EDGE_CURVE ( 'NONE', #2961, #8054, #254, .T. ) ;
#8308 = ORIENTED_EDGE ( 'NONE', *, *, #6725, .F. ) ;
#8309 = FACE_OUTER_BOUND ( 'NONE', #3902, .T. ) ;
#8310 = CARTESIAN_POINT ( 'NONE',  ( 30.18300423905372654, 5.710729709718100011, -11.53708712973695150 ) ) ;
#8311 = ADVANCED_FACE ( 'NONE', ( #485 ), #1128, .F. ) ;
#8313 = ORIENTED_EDGE ( 'NONE', *, *, #8031, .F. ) ;
#8312 = VERTEX_POINT ( 'NONE', #2392 ) ;
#8314 = ORIENTED_EDGE ( 'NONE', *, *, #6636, .T. ) ;
#8315 = CARTESIAN_POINT ( 'NONE',  ( 21.93049871176480892, 3.033253831555559721, 8.907611844574882198 ) ) ;
#8316 = DIRECTION ( 'NONE',  ( 0.000000000000000000, 0.000000000000000000, 1.000000000000000000 ) ) ;
#8317 = CARTESIAN_POINT ( 'NONE',  ( -44.66763387658843243, -17.68718753512188258, -12.25715201019640332 ) ) ;
#8318 = DIRECTION ( 'NONE',  ( -0.000000000000000000, -0.000000000000000000, 1.000000000000000000 ) ) ;
#8319 = ORIENTED_EDGE ( 'NONE', *, *, #2643, .T. ) ;
#8320 = DIRECTION ( 'NONE',  ( -0.000000000000000000, -0.000000000000000000, 1.000000000000000000 ) ) ;
#8321 = DIRECTION ( 'NONE',  ( -1.000000000000000000, 0.000000000000000000, 0.000000000000000000 ) ) ;
#8322 = ADVANCED_FACE ( 'NONE', ( #4959 ), #5009, .F. ) ;
#8323 = CARTESIAN_POINT ( 'NONE',  ( 51.16818435201444260, 22.75094066501535295, -21.01423600150946669 ) ) ;
#8324 = CARTESIAN_POINT ( 'NONE',  ( 40.11321881683239354, 39.51497638859962791, 0.2929841900304053226 ) ) ;
#8325 = DIRECTION ( 'NONE',  ( -0.000000000000000000, -0.000000000000000000, 1.000000000000000000 ) ) ;
#8326 = CARTESIAN_POINT ( 'NONE',  ( -4.269501288236071446, 0.000000000000000000, 16.60000000000000142 ) ) ;
#8327 = CARTESIAN_POINT ( 'NONE',  ( 7.630498711763930686, 2.647361049741535145E-15, 18.09999999999999787 ) ) ;
#8328 = CARTESIAN_POINT ( 'NONE',  ( 49.48264984409448175, 21.61868019362888660, -20.04512421095780184 ) ) ;
#8329 = FACE_OUTER_BOUND ( 'NONE', #8351, .T. ) ;
#8330 = LINE ( 'NONE', #2659, #1127 ) ;
#8332 = VECTOR ( 'NONE', #97, 1000.000000000000114 ) ;
#8331 = CARTESIAN_POINT ( 'NONE',  ( 34.06790080312240576, 7.639064507501056589, 5.894535295579474088 ) ) ;
#8333 = EDGE_LOOP ( 'NONE', ( #3886, #860, #5288, #3450, #2040 ) ) ;
#8334 = EDGE_CURVE ( 'NONE', #930, #8222, #7602, .T. ) ;
#8335 = VERTEX_POINT ( 'NONE', #1294 ) ;
#8336 = CARTESIAN_POINT ( 'NONE',  ( -47.31313594895507890, -19.12164333369161895, -22.15000000000000213 ) ) ;
#8337 = ORIENTED_EDGE ( 'NONE', *, *, #5357, .F. ) ;
#8338 = VERTEX_POINT ( 'NONE', #7723 ) ;
#8339 = DIRECTION ( 'NONE',  ( 1.000000000000000000, 0.000000000000000000, 0.000000000000000000 ) ) ;
#8340 = EDGE_CURVE ( 'NONE', #7199, #120, #142, .T. ) ;
#8341 = DIRECTION ( 'NONE',  ( -0.000000000000000000, -0.000000000000000000, -1.000000000000000000 ) ) ;
#8342 = CARTESIAN_POINT ( 'NONE',  ( -11.66950128823607002, 0.000000000000000000, 20.10000000000000142 ) ) ;
#8343 = DIRECTION ( 'NONE',  ( -0.000000000000000000, 0.000000000000000000, 1.000000000000000000 ) ) ;
#8344 = B_SPLINE_CURVE_WITH_KNOTS ( 'NONE', 3,
 ( #3936, #45, #5191, #7951 ),
 .UNSPECIFIED., .F., .F.,
 ( 4, 4 ),
 ( 0.007259997262099030652, 0.008935802132108828719 ),
 .UNSPECIFIED. ) ;
#8345 = ORIENTED_EDGE ( 'NONE', *, *, #3470, .T. ) ;
#8346 = CARTESIAN_POINT ( 'NONE',  ( 27.81093364920968725, 25.96232883501525635, -3.700000000000003730 ) ) ;
#8347 = CARTESIAN_POINT ( 'NONE',  ( 31.64772531871686567, 5.682654290668570418, -9.850336175392879312 ) ) ;
#8349 = ORIENTED_EDGE ( 'NONE', *, *, #5589, .F. ) ;
#8348 = ORIENTED_EDGE ( 'NONE', *, *, #4192, .T. ) ;
#8350 = VECTOR ( 'NONE', #5137, 1000.000000000000000 ) ;
#8351 = EDGE_LOOP ( 'NONE', ( #889, #1336 ) ) ;
#8352 = LINE ( 'NONE', #3304, #7660 ) ;
#8353 = FACE_OUTER_BOUND ( 'NONE', #7332, .T. ) ;
#8354 = CARTESIAN_POINT ( 'NONE',  ( -1.374106771306977892, -0.5592660666727979901, 14.49999999999999822 ) ) ;
#8355 = FACE_OUTER_BOUND ( 'NONE', #7839, .T. ) ;
#8356 = ORIENTED_EDGE ( 'NONE', *, *, #5309, .T. ) ;
#8357 = AXIS2_PLACEMENT_3D ( 'NONE', #5973, #183, #7927 ) ;
#8358 = VECTOR ( 'NONE', #220, 1000.000000000000114 ) ;
#8359 = DIRECTION ( 'NONE',  ( 0.4058374489394845352, -0.9139452746408239792, 0.000000000000000000 ) ) ;
#8360 = DIRECTION ( 'NONE',  ( 0.9139452746408245343, 0.4058374489394834250, 0.000000000000000000 ) ) ;
#8361 = CARTESIAN_POINT ( 'NONE',  ( 45.42060866974505728, 24.97352767975192478, -3.622164365741004310 ) ) ;
#8362 = CARTESIAN_POINT ( 'NONE',  ( 15.08649960956662639, 7.733701070753433271, 15.99999999999999645 ) ) ;
#8363 = PLANE ( 'NONE',  #655 ) ;
#8364 = CIRCLE ( 'NONE', #1740, 1.999999999999999112 ) ;
#8365 = DIRECTION ( 'NONE',  ( 3.469446951953614189E-16, -1.000000000000000000, 0.000000000000000000 ) ) ;
#8366 = CARTESIAN_POINT ( 'NONE',  ( -36.79284747345876383, -16.73714633442381228, -16.03600617086404156 ) ) ;
#8367 = EDGE_CURVE ( 'NONE', #310, #2257, #5924, .T. ) ;
#8368 = DIRECTION ( 'NONE',  ( -0.8834091605351976906, -0.4686024488652369979, 0.000000000000000000 ) ) ;
#8369 = DIRECTION ( 'NONE',  ( 1.000000000000000000, 0.000000000000000000, 0.000000000000000000 ) ) ;
#8370 = CARTESIAN_POINT ( 'NONE',  ( 47.41133459783372217, 22.58721767738961006, -22.15000000000000568 ) ) ;
#8371 = VERTEX_POINT ( 'NONE', #3991 ) ;
#8372 = EDGE_CURVE ( 'NONE', #4160, #4834, #2835, .T. ) ;
#8373 = ORIENTED_EDGE ( 'NONE', *, *, #6162, .F. ) ;
#8374 = DIRECTION ( 'NONE',  ( -0.000000000000000000, -0.000000000000000000, 1.000000000000000000 ) ) ;
#8375 = AXIS2_PLACEMENT_3D ( 'NONE', #7869, #6716, #4016 ) ;
#8376 = ORIENTED_EDGE ( 'NONE', *, *, #2949, .T. ) ;
#8377 = VERTEX_POINT ( 'NONE', #773 ) ;
#8378 = AXIS2_PLACEMENT_3D ( 'NONE', #1536, #7961, #3550 ) ;
#8379 = CIRCLE ( 'NONE', #6469, 37.50000000000002132 ) ;
#8380 = CARTESIAN_POINT ( 'NONE',  ( -24.67550218603879841, 23.54230659235769707, 12.49999999999999822 ) ) ;
#8381 = CYLINDRICAL_SURFACE ( 'NONE', #8000, 2.850000000000000089 ) ;
#8382 = DIRECTION ( 'NONE',  ( -0.000000000000000000, -1.000000000000000000, -0.000000000000000000 ) ) ;
#8383 = AXIS2_PLACEMENT_3D ( 'NONE', #6549, #5993, #205 ) ;
#8384 = AXIS2_PLACEMENT_3D ( 'NONE', #917, #2015, #3403 ) ;
ENDSEC;
END-ISO-10303-21;
