ISO-10303-21;
HEADER;
FILE_DESCRIPTION (( 'STEP AP214' ),
    '1' );
FILE_NAME ('Gripper_mirror_body.STEP',
    '2026-08-24T12:40:13',
    ( '' ),
    ( '' ),
    'SwSTEP 2.0',
    'SolidWorks 2020',
    '' );
FILE_SCHEMA (( 'AUTOMOTIVE_DESIGN' ));
ENDSEC;

DATA;
#1 = LINE ( 'NONE', #4236, #1741 ) ;
#2 = ORIENTED_EDGE ( 'NONE', *, *, #3477, .F. ) ;
#3 = AXIS2_PLACEMENT_3D ( 'NONE', #6497, #6538, #250 ) ;
#4 = DIRECTION ( 'NONE',  ( 0.6705919300765831315, 0.7418264374610565870, 0.000000000000000000 ) ) ;
#5 = DIRECTION ( 'NONE',  ( 0.4058374489394843132, -0.9139452746408243122, 1.232595164407831220E-32 ) ) ;
#6 = AXIS2_PLACEMENT_3D ( 'NONE', #6282, #658, #3162 ) ;
#7 = CARTESIAN_POINT ( 'NONE',  ( -44.97219588994057915, -20.28281019441403643, -19.99739207309211508 ) ) ;
#8 = LINE ( 'NONE', #7516, #2582 ) ;
#9 = CARTESIAN_POINT ( 'NONE',  ( -142.8183742304930774, -45.29835127897572278, 0.6748340197240816352 ) ) ;
#10 = ORIENTED_EDGE ( 'NONE', *, *, #1348, .T. ) ;
#11 = AXIS2_PLACEMENT_3D ( 'NONE', #4684, #7846, #3332 ) ;
#12 = LINE ( 'NONE', #3784, #3023 ) ;
#13 = VERTEX_POINT ( 'NONE', #776 ) ;
#14 = EDGE_CURVE ( 'NONE', #5145, #3135, #4298, .T. ) ;
#15 = DIRECTION ( 'NONE',  ( -0.6705919300765826874, -0.7418264374610571421, 0.000000000000000000 ) ) ;
#16 = VERTEX_POINT ( 'NONE', #3287 ) ;
#17 = CARTESIAN_POINT ( 'NONE',  ( -57.05478052624663121, -27.29225850723673830, -2.560113271595174655 ) ) ;
#18 = EDGE_CURVE ( 'NONE', #1748, #4082, #7062, .T. ) ;
#19 = VECTOR ( 'NONE', #5010, 1000.000000000000000 ) ;
#20 = DIRECTION ( 'NONE',  ( -0.1984292974655322839, -0.08811254033772802918, 0.9761465023973437960 ) ) ;
#21 = ORIENTED_EDGE ( 'NONE', *, *, #618, .F. ) ;
#22 = FACE_BOUND ( 'NONE', #552, .T. ) ;
#23 = DIRECTION ( 'NONE',  ( 0.9139452746408236461, 0.4058374489394852014, -1.665334536937734071E-16 ) ) ;
#24 = ORIENTED_EDGE ( 'NONE', *, *, #606, .F. ) ;
#25 = ADVANCED_FACE ( 'NONE', ( #3207 ), #3168, .F. ) ;
#26 = CIRCLE ( 'NONE', #3042, 2.875000000000003553 ) ;
#27 = ORIENTED_EDGE ( 'NONE', *, *, #1866, .F. ) ;
#28 = CARTESIAN_POINT ( 'NONE',  ( -54.00395920906893821, -24.37974143721864095, -14.69999999999999574 ) ) ;
#29 = VERTEX_POINT ( 'NONE', #7715 ) ;
#30 = CARTESIAN_POINT ( 'NONE',  ( -65.42079060534516088, -7.347406238285649316, 12.10000000000030340 ) ) ;
#31 = ORIENTED_EDGE ( 'NONE', *, *, #18, .T. ) ;
#32 = PLANE ( 'NONE',  #5727 ) ;
#33 = DIRECTION ( 'NONE',  ( 0.9139452746408243122, 0.4058374489394841467, -2.775557561562890365E-16 ) ) ;
#34 = EDGE_CURVE ( 'NONE', #484, #1729, #6909, .T. ) ;
#35 = AXIS2_PLACEMENT_3D ( 'NONE', #4105, #372, #2751 ) ;
#36 = VECTOR ( 'NONE', #1681, 1000.000000000000000 ) ;
#37 = DIRECTION ( 'NONE',  ( 1.522024630730408022E-16, 6.758551201016278582E-17, 1.000000000000000000 ) ) ;
#38 =( LENGTH_UNIT ( ) NAMED_UNIT ( * ) SI_UNIT ( .MILLI., .METRE. ) );
#39 = CARTESIAN_POINT ( 'NONE',  ( -115.3055986665901571, -51.20145736261863334, -14.69999999999998863 ) ) ;
#40 = FACE_OUTER_BOUND ( 'NONE', #2478, .T. ) ;
#41 = VERTEX_POINT ( 'NONE', #3826 ) ;
#42 = AXIS2_PLACEMENT_3D ( 'NONE', #8047, #7357, #3003 ) ;
#43 = CARTESIAN_POINT ( 'NONE',  ( -128.1692436190571698, -56.67086605358312568, 7.464979932090042958 ) ) ;
#44 = EDGE_CURVE ( 'NONE', #4246, #1528, #2126, .T. ) ;
#45 = CARTESIAN_POINT ( 'NONE',  ( -111.0043000685904246, -47.49645080092922456, 20.10000000000000853 ) ) ;
#46 = AXIS2_PLACEMENT_3D ( 'NONE', #5354, #7859, #2242 ) ;
#47 = DIRECTION ( 'NONE',  ( 0.4058374489394843687, -0.9139452746408243122, 1.232595164407831220E-32 ) ) ;
#48 = DIRECTION ( 'NONE',  ( -1.522024630730408022E-16, -6.758551201016278582E-17, -1.000000000000000000 ) ) ;
#49 = VERTEX_POINT ( 'NONE', #851 ) ;
#50 = CARTESIAN_POINT ( 'NONE',  ( -120.4086416581153003, -65.81932632673331796, 1.305171413906723865 ) ) ;
#51 = CARTESIAN_POINT ( 'NONE',  ( -106.2416252207019625, -22.96988349774755278, 20.09999999999999076 ) ) ;
#52 = CARTESIAN_POINT ( 'NONE',  ( -43.80987282540473160, -19.61886402665529516, -20.04434947234183895 ) ) ;
#53 = DIRECTION ( 'NONE',  ( -0.8242562653224093649, -0.5653021714570524159, 0.03217241089342039867 ) ) ;
#54 = CARTESIAN_POINT ( 'NONE',  ( -98.72394471534117599, -4.676606161317431898, 18.10000000000000497 ) ) ;
#55 = DIRECTION ( 'NONE',  ( -0.6705919300765830204, -0.7418264374610568090, 0.000000000000000000 ) ) ;
#56 = ORIENTED_EDGE ( 'NONE', *, *, #2209, .T. ) ;
#57 = CARTESIAN_POINT ( 'NONE',  ( -86.83605988275722609, -34.02568100546319840, 16.60000000000000853 ) ) ;
#58 = EDGE_CURVE ( 'NONE', #461, #5358, #7839, .T. ) ;
#59 = ORIENTED_EDGE ( 'NONE', *, *, #6434, .T. ) ;
#60 = CARTESIAN_POINT ( 'NONE',  ( -57.61680752313700538, -13.37620955883037510, 7.479366328325927959 ) ) ;
#61 = CARTESIAN_POINT ( 'NONE',  ( -97.61980985088180773, -26.56909085815083316, 20.10000000000000142 ) ) ;
#62 = ORIENTED_EDGE ( 'NONE', *, *, #2449, .T. ) ;
#63 = CARTESIAN_POINT ( 'NONE',  ( -147.8867999561271347, -48.89015054982255748, -54.40744483544659715 ) ) ;
#64 = CARTESIAN_POINT ( 'NONE',  ( -148.8467197653567382, -46.72841270140050085, -2.511903653822800120 ) ) ;
#65 = CARTESIAN_POINT ( 'NONE',  ( -107.5515181425170113, -21.84033093509863122, 12.50000000000001066 ) ) ;
#66 = ORIENTED_EDGE ( 'NONE', *, *, #4226, .F. ) ;
#67 = EDGE_CURVE ( 'NONE', #5498, #7105, #5288, .T. ) ;
#68 = VERTEX_POINT ( 'NONE', #7798 ) ;
#69 = CARTESIAN_POINT ( 'NONE',  ( -43.81712747487680559, -19.60252656784884095, -19.90226640499236410 ) ) ;
#70 = EDGE_CURVE ( 'NONE', #1212, #7512, #6724, .T. ) ;
#71 = VERTEX_POINT ( 'NONE', #5330 ) ;
#72 = VECTOR ( 'NONE', #6751, 1000.000000000000000 ) ;
#73 = DIRECTION ( 'NONE',  ( 0.2045671521635543388, 0.07422845807449066080, -0.9760340241341880496 ) ) ;
#74 = VERTEX_POINT ( 'NONE', #5245 ) ;
#75 = CARTESIAN_POINT ( 'NONE',  ( -96.40054227792418828, -44.02656451803455440, -37.50000000000001421 ) ) ;
#76 = CARTESIAN_POINT ( 'NONE',  ( -51.34636424633382035, -2.646697609956966790, -2.675592887099892181 ) ) ;
#77 = EDGE_CURVE ( 'NONE', #314, #7638, #6449, .T. ) ;
#78 = CARTESIAN_POINT ( 'NONE',  ( -61.46932380014637687, -13.25185909989688504, -9.999999999999998224 ) ) ;
#79 = PRESENTATION_STYLE_ASSIGNMENT (( #3268 ) ) ;
#80 = DIRECTION ( 'NONE',  ( -1.000000000000000000, 0.000000000000000000, 1.577021341797097807E-16 ) ) ;
#81 = CARTESIAN_POINT ( 'NONE',  ( -82.10316895809933158, -1.995258738329439119, -20.15623793949517761 ) ) ;
#82 = ORIENTED_EDGE ( 'NONE', *, *, #4996, .T. ) ;
#83 = CARTESIAN_POINT ( 'NONE',  ( -137.7739505052872460, -59.34406745629755875, -22.14999999999998437 ) ) ;
#84 = DIRECTION ( 'NONE',  ( -0.6705919300765830204, -0.7418264374610566980, 1.522024630730407282E-16 ) ) ;
#85 = FACE_BOUND ( 'NONE', #4989, .T. ) ;
#86 = CARTESIAN_POINT ( 'NONE',  ( -123.7494215873525860, -57.13832443231898850, -0.4657670247081131532 ) ) ;
#87 = AXIS2_PLACEMENT_3D ( 'NONE', #1749, #6845, #3763 ) ;
#88 = CARTESIAN_POINT ( 'NONE',  ( -56.49227249204469103, -8.306405655874037564, -10.89999999999999858 ) ) ;
#89 = CARTESIAN_POINT ( 'NONE',  ( -81.87367960019051338, -28.53616536825137828, 16.60000000000000853 ) ) ;
#90 = CARTESIAN_POINT ( 'NONE',  ( -138.7473472097189244, -44.83177606042754348, -10.89999999999998259 ) ) ;
#91 = FACE_OUTER_BOUND ( 'NONE', #8094, .T. ) ;
#92 = ORIENTED_EDGE ( 'NONE', *, *, #1168, .F. ) ;
#93 = DIRECTION ( 'NONE',  ( -0.6705919300765830204, -0.7418264374610566980, 1.522024630730407282E-16 ) ) ;
#94 = EDGE_CURVE ( 'NONE', #3016, #3212, #7500, .T. ) ;
#95 = ORIENTED_EDGE ( 'NONE', *, *, #2961, .T. ) ;
#96 = CARTESIAN_POINT ( 'NONE',  ( -62.98163860304764938, -24.85042244278104207, 14.93208371222955577 ) ) ;
#97 = CARTESIAN_POINT ( 'NONE',  ( -125.0381680901065948, -38.74421432633528184, -17.14999999999995239 ) ) ;
#98 = ORIENTED_EDGE ( 'NONE', *, *, #4845, .T. ) ;
#99 = FACE_BOUND ( 'NONE', #4329, .T. ) ;
#100 = CARTESIAN_POINT ( 'NONE',  ( -146.3966728089698393, -44.85379229968517478, -2.675592887094409011 ) ) ;
#101 = CARTESIAN_POINT ( 'NONE',  ( -142.4215470699865875, -61.19789115645666300, -22.14999999999998437 ) ) ;
#102 = ORIENTED_EDGE ( 'NONE', *, *, #6814, .F. ) ;
#103 = VECTOR ( 'NONE', #2730, 1000.000000000000000 ) ;
#104 = VECTOR ( 'NONE', #5051, 1000.000000000000000 ) ;
#105 = DIRECTION ( 'NONE',  ( 0.4058374489394843687, -0.9139452746408243122, 1.232595164407831220E-32 ) ) ;
#106 = ORIENTED_EDGE ( 'NONE', *, *, #6732, .T. ) ;
#107 = CARTESIAN_POINT ( 'NONE',  ( -58.77635452662629234, -29.52249570843490645, 1.634404498565190211 ) ) ;
#108 = EDGE_CURVE ( 'NONE', #6964, #3731, #7757, .T. ) ;
#109 = EDGE_LOOP ( 'NONE', ( #4873, #871, #2307, #5356, #6760, #3650 ) ) ;
#110 = DIRECTION ( 'NONE',  ( -0.6705919300765837976, -0.7418264374610561429, 0.000000000000000000 ) ) ;
#111 = EDGE_CURVE ( 'NONE', #6918, #4560, #1179, .T. ) ;
#112 = CARTESIAN_POINT ( 'NONE',  ( -113.8304676623177585, 2.742666189187668658E-16, 20.09999999999999076 ) ) ;
#113 = CYLINDRICAL_SURFACE ( 'NONE', #3546, 2.099999999999996092 ) ;
#114 = CARTESIAN_POINT ( 'NONE',  ( -136.9054867346953301, -55.50255068349969889, -3.036880696088788412 ) ) ;
#115 = ORIENTED_EDGE ( 'NONE', *, *, #5776, .T. ) ;
#116 = ADVANCED_FACE ( 'NONE', ( #2876 ), #4143, .T. ) ;
#117 = ADVANCED_FACE ( 'NONE', ( #4675 ), #2832, .F. ) ;
#118 = DIRECTION ( 'NONE',  ( -0.6705919300765862401, -0.7418264374610538114, 0.000000000000000000 ) ) ;
#119 = LINE ( 'NONE', #5699, #5180 ) ;
#120 = CARTESIAN_POINT ( 'NONE',  ( -137.1703911991352527, -47.21089099306801984, 4.987336529265515850 ) ) ;
#121 = CARTESIAN_POINT ( 'NONE',  ( -65.04704898895811027, -36.45897722742625291, -11.71283833075131042 ) ) ;
#122 = CARTESIAN_POINT ( 'NONE',  ( -120.3007378950874227, -54.60778775648658012, -10.65124612576257945 ) ) ;
#123 = DIRECTION ( 'NONE',  ( -0.6734051375846820120, -0.2990255879899517688, -0.6760985271406965147 ) ) ;
#124 = CARTESIAN_POINT ( 'NONE',  ( -125.6515415886562721, -42.18269164550567751, -3.699999999999989964 ) ) ;
#125 = ORIENTED_EDGE ( 'NONE', *, *, #5169, .T. ) ;
#126 = FACE_OUTER_BOUND ( 'NONE', #4868, .T. ) ;
#127 = ORIENTED_EDGE ( 'NONE', *, *, #2193, .T. ) ;
#128 = LINE ( 'NONE', #2634, #2327 ) ;
#129 = EDGE_CURVE ( 'NONE', #1280, #4082, #810, .T. ) ;
#130 = EDGE_CURVE ( 'NONE', #3545, #7916, #4594, .T. ) ;
#131 = VECTOR ( 'NONE', #8101, 1000.000000000000000 ) ;
#132 = AXIS2_PLACEMENT_3D ( 'NONE', #7254, #1537, #1624 ) ;
#133 = ORIENTED_EDGE ( 'NONE', *, *, #5838, .T. ) ;
#134 = DIRECTION ( 'NONE',  ( -0.9139452746408243122, -0.4058374489394839246, 1.665334536937734071E-16 ) ) ;
#135 = CARTESIAN_POINT ( 'NONE',  ( -46.95482466412158118, -21.16058012423761170, -20.58272969854866830 ) ) ;
#136 = ADVANCED_FACE ( 'NONE', ( #370 ), #2279, .T. ) ;
#137 = VERTEX_POINT ( 'NONE', #983 ) ;
#138 = CARTESIAN_POINT ( 'NONE',  ( -43.49469914226139622, -12.93651248742024507, -6.409287478489496870 ) ) ;
#139 = CARTESIAN_POINT ( 'NONE',  ( -149.1385086328923251, -46.07130464650363422, -2.675592887094408123 ) ) ;
#140 = FACE_OUTER_BOUND ( 'NONE', #243, .T. ) ;
#141 = ORIENTED_EDGE ( 'NONE', *, *, #7783, .T. ) ;
#142 = AXIS2_PLACEMENT_3D ( 'NONE', #4923, #1802, #3705 ) ;
#143 = CIRCLE ( 'NONE', #6033, 1.124999999999999778 ) ;
#144 = AXIS2_PLACEMENT_3D ( 'NONE', #332, #2226, #4725 ) ;
#145 = AXIS2_PLACEMENT_3D ( 'NONE', #5835, #33, #644 ) ;
#146 = DIRECTION ( 'NONE',  ( 1.522024630730408022E-16, 6.758551201016278582E-17, 1.000000000000000000 ) ) ;
#147 = ORIENTED_EDGE ( 'NONE', *, *, #180, .T. ) ;
#148 = CARTESIAN_POINT ( 'NONE',  ( -70.31117565217564902, -38.98837015291091035, 16.60000000000000853 ) ) ;
#149 = EDGE_LOOP ( 'NONE', ( #865, #287, #330, #1014 ) ) ;
#150 = LINE ( 'NONE', #3228, #4679 ) ;
#151 = EDGE_CURVE ( 'NONE', #4974, #7151, #7103, .T. ) ;
#152 = AXIS2_PLACEMENT_3D ( 'NONE', #3658, #8041, #5411 ) ;
#153 = CARTESIAN_POINT ( 'NONE',  ( -146.5233333790315555, -44.92002003708957147, -2.816137819104231887 ) ) ;
#154 = LINE ( 'NONE', #5117, #6293 ) ;
#155 = CARTESIAN_POINT ( 'NONE',  ( -48.98951893504369082, -0.5621872551305933108, -2.924884108004941030 ) ) ;
#156 = EDGE_LOOP ( 'NONE', ( #3170, #2220, #6680, #1136, #3314, #5796, #3634, #1476 ) ) ;
#157 = CARTESIAN_POINT ( 'NONE',  ( -116.2547313700893454, -59.11170848929354804, 5.894535295578887002 ) ) ;
#158 = CARTESIAN_POINT ( 'NONE',  ( -79.91673861581968197, -30.30518944920304492, 20.10000000000000497 ) ) ;
#159 = CARTESIAN_POINT ( 'NONE',  ( -66.22947101946850523, -7.706500820184030154, 5.500000000000001776 ) ) ;
#160 = FACE_BOUND ( 'NONE', #5394, .T. ) ;
#161 = VECTOR ( 'NONE', #7641, 1000.000000000000114 ) ;
#162 = CARTESIAN_POINT ( 'NONE',  ( -64.85357164819664888, -36.49865486182168439, -11.52311681044731628 ) ) ;
#163 = ADVANCED_FACE ( 'NONE', ( #3978 ), #3364, .F. ) ;
#164 = CARTESIAN_POINT ( 'NONE',  ( -118.3663715277847501, -52.95987412983014053, -14.69999999999931184 ) ) ;
#165 = B_SPLINE_CURVE_WITH_KNOTS ( 'NONE', 3,
 ( #1275, #3127, #6982, #6332 ),
 .UNSPECIFIED., .F., .F.,
 ( 4, 4 ),
 ( 0.8365216647649472703, 0.8985083637398034728 ),
 .UNSPECIFIED. ) ;
#166 = CARTESIAN_POINT ( 'NONE',  ( -97.61980985088182194, -26.56909085815083671, -14.69999999999999396 ) ) ;
#167 = DIRECTION ( 'NONE',  ( -0.9139452746408242012, -0.4058374489394842577, 8.326672684688670355E-17 ) ) ;
#168 = ORIENTED_EDGE ( 'NONE', *, *, #1279, .T. ) ;
#169 = DIRECTION ( 'NONE',  ( -0.4058374489394843687, 0.9139452746408243122, -1.232595164407831220E-32 ) ) ;
#170 = VERTEX_POINT ( 'NONE', #2795 ) ;
#171 = DIRECTION ( 'NONE',  ( 0.6705919300765823543, 0.7418264374610571421, 0.000000000000000000 ) ) ;
#172 = ORIENTED_EDGE ( 'NONE', *, *, #4680, .F. ) ;
#173 = DIRECTION ( 'NONE',  ( 0.6734051375846851206, 0.2990255879899516023, 0.6760985271406935171 ) ) ;
#174 = DIRECTION ( 'NONE',  ( -0.6705919300765827984, -0.7418264374610570311, 0.000000000000000000 ) ) ;
#175 = ORIENTED_EDGE ( 'NONE', *, *, #5826, .T. ) ;
#176 = CARTESIAN_POINT ( 'NONE',  ( -48.46616940623624714, -9.132891703259033989, -2.886959476949469305 ) ) ;
#177 = CARTESIAN_POINT ( 'NONE',  ( -145.5020822516626993, -46.86840877908026926, -2.407444835499555236 ) ) ;
#178 = DIRECTION ( 'NONE',  ( 0.000000000000000000, 0.000000000000000000, -1.000000000000000000 ) ) ;
#179 = VERTEX_POINT ( 'NONE', #938 ) ;
#180 = EDGE_CURVE ( 'NONE', #6087, #2710, #2303, .T. ) ;
#181 = AXIS2_PLACEMENT_3D ( 'NONE', #1239, #550, #3754 ) ;
#182 = CARTESIAN_POINT ( 'NONE',  ( -45.13971358769983055, -16.62379100846828806, -10.01023920914049015 ) ) ;
#183 = VERTEX_POINT ( 'NONE', #4803 ) ;
#184 = VERTEX_POINT ( 'NONE', #7308 ) ;
#185 = CARTESIAN_POINT ( 'NONE',  ( -137.5234762650354128, -59.90892878288401846, -22.07156029612962911 ) ) ;
#186 = CARTESIAN_POINT ( 'NONE',  ( -128.8483783178912745, -57.60594083630573436, -9.168013829689037664 ) ) ;
#187 = VERTEX_POINT ( 'NONE', #4187 ) ;
#188 = CARTESIAN_POINT ( 'NONE',  ( -146.6775384307451873, -44.19587638283132236, -2.827507457971044413 ) ) ;
#189 = DIRECTION ( 'NONE',  ( 0.9139452746408243122, 0.4058374489394839246, 0.000000000000000000 ) ) ;
#190 = CARTESIAN_POINT ( 'NONE',  ( -71.95553968771336883, -33.17175978759917854, -21.35000000000000142 ) ) ;
#191 = ORIENTED_EDGE ( 'NONE', *, *, #364, .T. ) ;
#192 = CARTESIAN_POINT ( 'NONE',  ( -139.4299312339520043, -37.75987096564511347, 5.975304817286269277 ) ) ;
#193 = PLANE ( 'NONE',  #3772 ) ;
#194 = CARTESIAN_POINT ( 'NONE',  ( -96.51894823147023317, -42.53409510979201968, 20.10000000000000853 ) ) ;
#195 = EDGE_CURVE ( 'NONE', #6281, #74, #6060, .T. ) ;
#196 = CARTESIAN_POINT ( 'NONE',  ( -135.3745596009479755, -47.30831196913441516, 6.524807588254490476 ) ) ;
#197 = CARTESIAN_POINT ( 'NONE',  ( -69.48574489513407570, -34.14319986408479934, -14.38293797904246496 ) ) ;
#198 = CARTESIAN_POINT ( 'NONE',  ( -118.7543191773543896, -53.13214230473178645, -14.69999999999997620 ) ) ;
#199 = CARTESIAN_POINT ( 'NONE',  ( -43.81911541519473730, -19.59804972948756330, -20.46716776084002731 ) ) ;
#200 = CARTESIAN_POINT ( 'NONE',  ( -137.1046945545949427, -60.85123076825620103, -16.45322290687308353 ) ) ;
#201 = ORIENTED_EDGE ( 'NONE', *, *, #7293, .F. ) ;
#202 = AXIS2_PLACEMENT_3D ( 'NONE', #3615, #6106, #5527 ) ;
#203 = DIRECTION ( 'NONE',  ( 0.9139452746408242012, 0.4058374489394840356, -8.326672684688669123E-17 ) ) ;
#204 = VERTEX_POINT ( 'NONE', #7250 ) ;
#205 = EDGE_CURVE ( 'NONE', #593, #682, #2019, .T. ) ;
#206 = CARTESIAN_POINT ( 'NONE',  ( -97.61980985088180773, -26.56909085815083316, -37.50000000000001421 ) ) ;
#207 = ADVANCED_FACE ( 'NONE', ( #7820 ), #1660, .F. ) ;
#208 = EDGE_CURVE ( 'NONE', #6267, #6918, #6405, .T. ) ;
#209 = CIRCLE ( 'NONE', #2681, 1.750000000000002220 ) ;
#210 = ORIENTED_EDGE ( 'NONE', *, *, #3476, .T. ) ;
#211 = CARTESIAN_POINT ( 'NONE',  ( -143.2995903582780102, -41.92949150659700308, -1.191626790723634199 ) ) ;
#212 = CARTESIAN_POINT ( 'NONE',  ( -77.08880895307909498, -34.47339361895294019, 10.10000000000000675 ) ) ;
#213 = EDGE_LOOP ( 'NONE', ( #6871, #758 ) ) ;
#214 = CARTESIAN_POINT ( 'NONE',  ( -44.66763387658846085, -17.68718753512188613, -12.25715201019640688 ) ) ;
#215 = CARTESIAN_POINT ( 'NONE',  ( -54.88881671272005036, -2.391881579153456450, 0.02412178972581635605 ) ) ;
#216 = CARTESIAN_POINT ( 'NONE',  ( -137.5206347000102767, -39.61201845364680452, 7.622384956028797731 ) ) ;
#217 = EDGE_LOOP ( 'NONE', ( #5880, #5058 ) ) ;
#218 = CARTESIAN_POINT ( 'NONE',  ( -127.7633920421547344, -47.06637337407163102, -4.993901786691822053 ) ) ;
#219 = LINE ( 'NONE', #5220, #1384 ) ;
#220 = ORIENTED_EDGE ( 'NONE', *, *, #5018, .T. ) ;
#221 = ORIENTED_EDGE ( 'NONE', *, *, #3636, .T. ) ;
#222 = VECTOR ( 'NONE', #743, 1000.000000000000000 ) ;
#223 = LINE ( 'NONE', #4165, #4054 ) ;
#224 = CARTESIAN_POINT ( 'NONE',  ( -134.8876547533220958, -57.59188261323826907, -6.530812643528712158 ) ) ;
#225 = AXIS2_PLACEMENT_3D ( 'NONE', #7749, #2123, #2166 ) ;
#226 = EDGE_LOOP ( 'NONE', ( #4288, #5715 ) ) ;
#227 = LINE ( 'NONE', #4497, #6012 ) ;
#228 = PLANE ( 'NONE',  #772 ) ;
#229 = ADVANCED_FACE ( 'NONE', ( #5438 ), #2800, .F. ) ;
#230 = CARTESIAN_POINT ( 'NONE',  ( -136.4030325933260031, -58.73531128288833258, -22.14999999999998437 ) ) ;
#231 = ORIENTED_EDGE ( 'NONE', *, *, #2209, .F. ) ;
#232 = CARTESIAN_POINT ( 'NONE',  ( -138.6030292968700905, -41.02709805249409669, 6.141930112105844941 ) ) ;
#233 = CARTESIAN_POINT ( 'NONE',  ( -97.61980985088180773, -26.56909085815083316, 12.50000000000000711 ) ) ;
#234 = DIRECTION ( 'NONE',  ( -0.8718344350502140738, -0.3871381283276791874, 0.3000479752566501679 ) ) ;
#235 = CYLINDRICAL_SURFACE ( 'NONE', #1981, 32.16057989992779653 ) ;
#236 = CARTESIAN_POINT ( 'NONE',  ( -64.29407609561604886, -36.56821182884392130, -10.93122798603447166 ) ) ;
#237 = CARTESIAN_POINT ( 'NONE',  ( -116.8481130121471523, -54.52076623816527956, -12.21234137676213294 ) ) ;
#238 = CARTESIAN_POINT ( 'NONE',  ( -43.94485346349433996, -19.31488784931539016, -21.25607010062776325 ) ) ;
#239 = PLANE ( 'NONE',  #3084 ) ;
#240 = DIRECTION ( 'NONE',  ( 0.9139452746408235351, 0.4058374489394856455, 0.000000000000000000 ) ) ;
#241 = VECTOR ( 'NONE', #2952, 1000.000000000000114 ) ;
#242 = CARTESIAN_POINT ( 'NONE',  ( -42.04884880621069954, -16.19256509154575951, -11.61811063186244652 ) ) ;
#243 = EDGE_LOOP ( 'NONE', ( #6183, #7208, #4440, #6466, #2901, #2247, #6541, #6063, #5522, #7443, #6118, #4116, #5518, #635, #2003, #3070, #2633, #546, #428, #4938 ) ) ;
#244 = DIRECTION ( 'NONE',  ( 1.522024630730407529E-16, 6.758551201016273652E-17, 1.000000000000000000 ) ) ;
#245 = CARTESIAN_POINT ( 'NONE',  ( -82.43270857789077866, -35.26402932394314860, 14.50000000000000711 ) ) ;
#246 = ORIENTED_EDGE ( 'NONE', *, *, #3576, .F. ) ;
#247 = CARTESIAN_POINT ( 'NONE',  ( -111.7226612015289078, 5.190507435617802479, 15.60000000000000853 ) ) ;
#248 = DIRECTION ( 'NONE',  ( 1.522024630730408022E-16, 6.758551201016278582E-17, 1.000000000000000000 ) ) ;
#249 = ORIENTED_EDGE ( 'NONE', *, *, #796, .T. ) ;
#250 = DIRECTION ( 'NONE',  ( -0.6705919300765834645, -0.7418264374610562539, 0.000000000000000000 ) ) ;
#251 = CARTESIAN_POINT ( 'NONE',  ( -127.3085420921591435, -38.93364007781029557, -12.49999999999998934 ) ) ;
#252 = CARTESIAN_POINT ( 'NONE',  ( -141.7038915723711625, -62.81405016933132401, -18.04912948750102331 ) ) ;
#253 = EDGE_LOOP ( 'NONE', ( #7572, #2391, #4152, #3435 ) ) ;
#254 = AXIS2_PLACEMENT_3D ( 'NONE', #2366, #4366, #2444 ) ;
#255 = CIRCLE ( 'NONE', #2367, 30.00000000000000711 ) ;
#256 = LINE ( 'NONE', #2234, #7044 ) ;
#257 = EDGE_CURVE ( 'NONE', #4076, #4513, #6549, .T. ) ;
#258 = DIRECTION ( 'NONE',  ( -1.522024630730408022E-16, -6.758551201016278582E-17, -1.000000000000000000 ) ) ;
#259 = DIRECTION ( 'NONE',  ( 0.4058374489394843687, -0.9139452746408243122, 1.232595164407831220E-32 ) ) ;
#260 = CIRCLE ( 'NONE', #4860, 52.00744483544678332 ) ;
#261 = EDGE_LOOP ( 'NONE', ( #6878, #5593, #4337, #5092, #514 ) ) ;
#262 = VERTEX_POINT ( 'NONE', #2856 ) ;
#263 = EDGE_CURVE ( 'NONE', #1198, #6803, #3588, .T. ) ;
#264 = AXIS2_PLACEMENT_3D ( 'NONE', #458, #3047, #5540 ) ;
#265 = DIRECTION ( 'NONE',  ( 0.8718344350502144069, 0.3871381283276792984, -0.3000479752566487246 ) ) ;
#266 = CARTESIAN_POINT ( 'NONE',  ( -132.0380177784598459, -58.08064321609371206, -8.599496397436400486 ) ) ;
#267 = EDGE_LOOP ( 'NONE', ( #6218, #7915, #4790, #953, #3219, #4994 ) ) ;
#268 = CARTESIAN_POINT ( 'NONE',  ( -146.3940839750205782, -44.86202245364718522, -2.674618696605052914 ) ) ;
#269 = CIRCLE ( 'NONE', #4336, 37.50000000000001421 ) ;
#270 = CARTESIAN_POINT ( 'NONE',  ( -80.86646908047072202, 1.901649599759181575, 15.60000000000000497 ) ) ;
#271 = DIRECTION ( 'NONE',  ( 1.522024630730407529E-16, 6.758551201016273652E-17, 1.000000000000000000 ) ) ;
#272 = ORIENTED_EDGE ( 'NONE', *, *, #1305, .T. ) ;
#273 = CARTESIAN_POINT ( 'NONE',  ( -142.3955928797671504, -40.67114299728770987, 2.217238392865209740 ) ) ;
#274 = ADVANCED_FACE ( 'NONE', ( #6632 ), #6010, .F. ) ;
#275 = DIRECTION ( 'NONE',  ( -1.522024630730408022E-16, -6.758551201016278582E-17, -1.000000000000000000 ) ) ;
#276 = CARTESIAN_POINT ( 'NONE',  ( -51.34636424633382035, -2.646697609956966790, -2.675592887099892181 ) ) ;
#277 = VECTOR ( 'NONE', #3575, 1000.000000000000000 ) ;
#278 = DIRECTION ( 'NONE',  ( -0.4058374489394842577, 0.9139452746408240902, -1.232595164407830946E-32 ) ) ;
#279 = DIRECTION ( 'NONE',  ( 1.522024630730408022E-16, 6.758551201016278582E-17, 1.000000000000000000 ) ) ;
#280 = DIRECTION ( 'NONE',  ( 1.522024630730408022E-16, 6.758551201016278582E-17, 1.000000000000000000 ) ) ;
#281 = EDGE_CURVE ( 'NONE', #7479, #1738, #8039, .T. ) ;
#282 = CARTESIAN_POINT ( 'NONE',  ( -117.7699785440916145, -54.71502412767335954, -11.70302481599422784 ) ) ;
#283 = CARTESIAN_POINT ( 'NONE',  ( -89.71550709007968294, -6.038089960348102636, 16.60000000000000497 ) ) ;
#284 = CARTESIAN_POINT ( 'NONE',  ( -55.71236201961357892, -25.86833385938493279, -6.923041732767955203 ) ) ;
#285 = DIRECTION ( 'NONE',  ( 0.6734051375846823451, 0.2990255879899512137, 0.6760985271406964037 ) ) ;
#286 = CARTESIAN_POINT ( 'NONE',  ( -42.15598031782980826, -15.95130510170171156, -11.08671935404310283 ) ) ;
#287 = ORIENTED_EDGE ( 'NONE', *, *, #517, .T. ) ;
#288 = FACE_BOUND ( 'NONE', #5260, .T. ) ;
#289 = VECTOR ( 'NONE', #6578, 1000.000000000000000 ) ;
#290 = CARTESIAN_POINT ( 'NONE',  ( -93.71388455645242743, -25.67870128336240398, 6.000000000000039080 ) ) ;
#291 = EDGE_LOOP ( 'NONE', ( #2516, #1611, #5154, #2949 ) ) ;
#292 = CARTESIAN_POINT ( 'NONE',  ( -119.1864351983565626, -50.42665927199593767, -10.37867965644033319 ) ) ;
#293 = LINE ( 'NONE', #4067, #2499 ) ;
#294 = VERTEX_POINT ( 'NONE', #5093 ) ;
#295 = CARTESIAN_POINT ( 'NONE',  ( -46.10111106887107013, -7.066877069798629840, -2.675592887094639494 ) ) ;
#296 = CARTESIAN_POINT ( 'NONE',  ( -138.8353784199437086, -51.98288952764604431, -1.191626790723633089 ) ) ;
#297 = CARTESIAN_POINT ( 'NONE',  ( -140.7871718886741803, -57.48637924451892900, -7.845790856437547589 ) ) ;
#298 = ORIENTED_EDGE ( 'NONE', *, *, #2983, .T. ) ;
#299 = EDGE_LOOP ( 'NONE', ( #3328, #6546, #922, #4734, #440, #3055 ) ) ;
#300 = FACE_OUTER_BOUND ( 'NONE', #1387, .T. ) ;
#301 = CARTESIAN_POINT ( 'NONE',  ( -46.77858270760462744, -12.93332943075913377, -5.224030576388942748 ) ) ;
#302 = ORIENTED_EDGE ( 'NONE', *, *, #8084, .F. ) ;
#303 = EDGE_LOOP ( 'NONE', ( #5430, #7864, #4197, #5994 ) ) ;
#304 = CARTESIAN_POINT ( 'NONE',  ( -110.8845070452456838, -58.92342772352317581, 20.10000000000000853 ) ) ;
#305 = CARTESIAN_POINT ( 'NONE',  ( -143.9550669964057761, -42.22055594342744911, 0.2929841900304153146 ) ) ;
#306 = CARTESIAN_POINT ( 'NONE',  ( -85.76335570967896160, 4.227410488553371870, 20.10000000000000497 ) ) ;
#307 = ADVANCED_FACE ( 'NONE', ( #91 ), #741, .F. ) ;
#308 = EDGE_CURVE ( 'NONE', #4321, #2541, #4891, .T. ) ;
#309 = EDGE_CURVE ( 'NONE', #5296, #5751, #3289, .T. ) ;
#310 = EDGE_LOOP ( 'NONE', ( #3271, #4691, #5104, #2647, #6008, #1083 ) ) ;
#311 = LINE ( 'NONE', #3566, #5189 ) ;
#312 = CARTESIAN_POINT ( 'NONE',  ( -85.48702535372942179, -39.18041673395227775, -37.50000000000001421 ) ) ;
#313 = LINE ( 'NONE', #5404, #910 ) ;
#314 = VERTEX_POINT ( 'NONE', #4552 ) ;
#315 = DIRECTION ( 'NONE',  ( 0.6705919300765830204, 0.7418264374610565870, -1.618183019125878364E-16 ) ) ;
#316 = CARTESIAN_POINT ( 'NONE',  ( -151.8904121920039074, -53.87469780094451011, -11.32278134548812432 ) ) ;
#317 = ADVANCED_FACE ( 'NONE', ( #126 ), #6910, .T. ) ;
#318 = CARTESIAN_POINT ( 'NONE',  ( -97.61980985088180773, -26.56909085815083316, -10.37867965644033852 ) ) ;
#319 = DIRECTION ( 'NONE',  ( 0.6705919300765862401, 0.7418264374610538114, 0.000000000000000000 ) ) ;
#320 = DIRECTION ( 'NONE',  ( -1.522024630730408022E-16, -6.758551201016278582E-17, -1.000000000000000000 ) ) ;
#321 = PLANE ( 'NONE',  #6223 ) ;
#322 = VECTOR ( 'NONE', #2794, 1000.000000000000000 ) ;
#323 = CARTESIAN_POINT ( 'NONE',  ( -41.60452722102547085, -17.19317657839214064, -22.03201252163746204 ) ) ;
#324 = CYLINDRICAL_SURFACE ( 'NONE', #7412, 1.750000000000004885 ) ;
#325 = DIRECTION ( 'NONE',  ( 1.522024630730408022E-16, 6.758551201016278582E-17, 1.000000000000000000 ) ) ;
#326 = CARTESIAN_POINT ( 'NONE',  ( -43.92125727994724116, -11.97590425543593717, -5.451848437386356494 ) ) ;
#327 = VERTEX_POINT ( 'NONE', #3208 ) ;
#328 = CARTESIAN_POINT ( 'NONE',  ( -130.4992342486128507, -50.90730910067919979, 6.628595752665778384 ) ) ;
#329 = CARTESIAN_POINT ( 'NONE',  ( -45.56765871855132843, -20.58841449607741936, -20.04512421095780184 ) ) ;
#330 = ORIENTED_EDGE ( 'NONE', *, *, #6188, .T. ) ;
#331 = CARTESIAN_POINT ( 'NONE',  ( -49.17908826586418058, -0.1352774305954651535, -22.15000000000000213 ) ) ;
#332 = CARTESIAN_POINT ( 'NONE',  ( -66.82330850417764623, -38.42554499935376811, 15.10000000000000320 ) ) ;
#333 = ORIENTED_EDGE ( 'NONE', *, *, #5769, .T. ) ;
#334 = CARTESIAN_POINT ( 'NONE',  ( -71.88420294925140297, -20.06490158467027385, -22.14999999999999858 ) ) ;
#335 = CARTESIAN_POINT ( 'NONE',  ( -52.52647833075518946, -3.487592614813671332, -1.023668446105010066 ) ) ;
#336 = EDGE_CURVE ( 'NONE', #1935, #7988, #6288, .T. ) ;
#337 = PLANE ( 'NONE',  #1464 ) ;
#338 = VERTEX_POINT ( 'NONE', #5786 ) ;
#339 = ORIENTED_EDGE ( 'NONE', *, *, #257, .F. ) ;
#340 =( BOUNDED_SURFACE ( )  B_SPLINE_SURFACE ( 3, 2, ( 
 ( #6427, #3883, #268 ),
 ( #3924, #188, #7744 ),
 ( #6968, #2652, #153 ),
 ( #4002, #6391, #1493 ) ),
 .UNSPECIFIED., .F., .F., .T. ) 
 B_SPLINE_SURFACE_WITH_KNOTS ( ( 4, 4 ),
 ( 3, 3 ),
 ( -1.128003940253918813E-14, 0.0003003506504196064753 ),
 ( 0.8333773795114276517, 0.8982281693490323793 ),
 .UNSPECIFIED. ) 
 GEOMETRIC_REPRESENTATION_ITEM ( )  RATIONAL_B_SPLINE_SURFACE ( (
 ( 0.9198246300226418093, 0.9323075648343408517, 0.9472187633249264938),
 ( 0.9198226475526172230, 0.9323058910257429055, 0.9472174582206331905),
 ( 0.9198206751879396403, 0.9323042257491361839, 0.9472161597689157109),
 ( 0.9198187127756436432, 0.9323025688753711071, 0.9472148678690730517) ) ) 
 REPRESENTATION_ITEM ( '' )  SURFACE ( )  );
#341 = DIRECTION ( 'NONE',  ( -1.522024630730407529E-16, -6.758551201016273652E-17, -1.000000000000000000 ) ) ;
#342 = CARTESIAN_POINT ( 'NONE',  ( -46.79331994494933156, -12.90014475957697826, -5.194673066866456246 ) ) ;
#343 = ORIENTED_EDGE ( 'NONE', *, *, #3966, .F. ) ;
#344 = EDGE_LOOP ( 'NONE', ( #1097, #1355, #7943, #5340 ) ) ;
#345 = CARTESIAN_POINT ( 'NONE',  ( -44.16566241411654659, -18.81615341214465431, -21.80410050484033135 ) ) ;
#346 = DIRECTION ( 'NONE',  ( -1.522024630730408022E-16, -6.758551201016278582E-17, -1.000000000000000000 ) ) ;
#347 = CIRCLE ( 'NONE', #2705, 32.16057989992780364 ) ;
#348 = VECTOR ( 'NONE', #995, 1000.000000000000000 ) ;
#349 = ORIENTED_EDGE ( 'NONE', *, *, #1719, .T. ) ;
#350 = LINE ( 'NONE', #7992, #612 ) ;
#351 = ADVANCED_FACE ( 'NONE', ( #666 ), #5131, .F. ) ;
#352 = CARTESIAN_POINT ( 'NONE',  ( -46.93857663051255713, -21.19717066948664552, -20.04512421095780184 ) ) ;
#353 = CARTESIAN_POINT ( 'NONE',  ( -141.6576900288913237, -62.91809597006997734, -18.95399154034084788 ) ) ;
#354 = ORIENTED_EDGE ( 'NONE', *, *, #3381, .F. ) ;
#355 = ADVANCED_FACE ( 'NONE', ( #3169 ), #2004, .F. ) ;
#356 = DIRECTION ( 'NONE',  ( -0.6705919300765831315, -0.7418264374610568090, 1.456566760383705999E-16 ) ) ;
#357 = DIRECTION ( 'NONE',  ( 0.9139452746408240902, 0.4058374489394844242, 1.871770328879346547E-14 ) ) ;
#358 = VECTOR ( 'NONE', #2494, 1000.000000000000114 ) ;
#359 = AXIS2_PLACEMENT_3D ( 'NONE', #3470, #2811, #5965 ) ;
#360 = DIRECTION ( 'NONE',  ( 0.9139452746408246453, 0.4058374489394833140, 0.000000000000000000 ) ) ;
#361 = DIRECTION ( 'NONE',  ( -0.6705919300765830204, -0.7418264374610565870, 1.020425574104003753E-16 ) ) ;
#362 = B_SPLINE_CURVE_WITH_KNOTS ( 'NONE', 3,
 ( #5530, #2419, #4918, #1796 ),
 .UNSPECIFIED., .F., .F.,
 ( 4, 4 ),
 ( 0.000000000000000000, 1.000000000000000000 ),
 .UNSPECIFIED. ) ;
#363 = EDGE_CURVE ( 'NONE', #1738, #7479, #7383, .T. ) ;
#364 = EDGE_CURVE ( 'NONE', #3845, #7481, #6336, .T. ) ;
#365 = FACE_OUTER_BOUND ( 'NONE', #3097, .T. ) ;
#366 = DIRECTION ( 'NONE',  ( -0.6705919300765830204, -0.7418264374610566980, 1.522024630730407282E-16 ) ) ;
#367 = ADVANCED_FACE ( 'NONE', ( #4477 ), #7215, .T. ) ;
#368 = DIRECTION ( 'NONE',  ( 1.522024630730408022E-16, 6.758551201016278582E-17, 1.000000000000000000 ) ) ;
#369 = DIRECTION ( 'NONE',  ( 1.522024630730408022E-16, 6.758551201016278582E-17, 1.000000000000000000 ) ) ;
#370 = FACE_OUTER_BOUND ( 'NONE', #2357, .T. ) ;
#371 = CARTESIAN_POINT ( 'NONE',  ( -41.58268242907104195, -17.24237101432779440, -14.42401707152988699 ) ) ;
#372 = DIRECTION ( 'NONE',  ( 0.5243398662736733495, 0.5295246425432130755, 0.6668368297984064164 ) ) ;
#373 = DIRECTION ( 'NONE',  ( -1.000000000000000000, 0.000000000000000000, 1.734723475976808080E-16 ) ) ;
#374 = ORIENTED_EDGE ( 'NONE', *, *, #5223, .F. ) ;
#375 = CARTESIAN_POINT ( 'NONE',  ( -77.11646607598169112, 0.2190869478421175742, -14.69999999999999751 ) ) ;
#376 = CIRCLE ( 'NONE', #4964, 30.00000000000000711 ) ;
#377 = CARTESIAN_POINT ( 'NONE',  ( -145.8107082654138082, -46.17338349830303201, -2.420311757243858608 ) ) ;
#378 = AXIS2_PLACEMENT_3D ( 'NONE', #931, #746, #7023 ) ;
#379 = ORIENTED_EDGE ( 'NONE', *, *, #385, .F. ) ;
#380 = CARTESIAN_POINT ( 'NONE',  ( -141.8871557110455797, -62.40133962724053873, -21.69207333721579545 ) ) ;
#381 = CARTESIAN_POINT ( 'NONE',  ( -59.55884834650326809, -2.999171477117425155, 4.445766048498636103 ) ) ;
#382 = CARTESIAN_POINT ( 'NONE',  ( -141.2868435288249032, -56.36111952395558689, -6.409287478501261681 ) ) ;
#383 = EDGE_CURVE ( 'NONE', #6616, #6802, #4398, .T. ) ;
#384 = EDGE_LOOP ( 'NONE', ( #5471, #1234, #1827, #2058 ) ) ;
#385 = EDGE_CURVE ( 'NONE', #3707, #2360, #1969, .T. ) ;
#386 = ORIENTED_EDGE ( 'NONE', *, *, #5223, .T. ) ;
#387 = EDGE_CURVE ( 'NONE', #5384, #2075, #165, .T. ) ;
#388 = DIRECTION ( 'NONE',  ( 0.9262230687904539073, 0.3769758968958017431, -1.664515414321705804E-16 ) ) ;
#389 = CARTESIAN_POINT ( 'NONE',  ( -46.99570162617860092, -5.052260590402617879, -2.407444835499595204 ) ) ;
#390 = VERTEX_POINT ( 'NONE', #5623 ) ;
#391 = ORIENTED_EDGE ( 'NONE', *, *, #4638, .F. ) ;
#392 = EDGE_CURVE ( 'NONE', #184, #3845, #12, .T. ) ;
#393 = DIRECTION ( 'NONE',  ( -0.7662190125374173100, 0.000000000000000000, -0.6425795085638703608 ) ) ;
#394 = VECTOR ( 'NONE', #2693, 1000.000000000000000 ) ;
#395 = CARTESIAN_POINT ( 'NONE',  ( -87.74221200772909413, -38.96193401680242374, -12.49999999999999289 ) ) ;
#396 = VECTOR ( 'NONE', #1325, 999.9999999999998863 ) ;
#397 = ORIENTED_EDGE ( 'NONE', *, *, #4410, .T. ) ;
#398 = CARTESIAN_POINT ( 'NONE',  ( -61.07010901058307439, -34.95773606966548641, -4.459276188112612616 ) ) ;
#399 = VECTOR ( 'NONE', #2430, 999.9999999999998863 ) ;
#400 = ORIENTED_EDGE ( 'NONE', *, *, #7950, .F. ) ;
#401 = DIRECTION ( 'NONE',  ( 1.522024630730408022E-16, 6.758551201016278582E-17, 1.000000000000000000 ) ) ;
#402 = FACE_OUTER_BOUND ( 'NONE', #4202, .T. ) ;
#403 = ORIENTED_EDGE ( 'NONE', *, *, #5072, .F. ) ;
#404 = VERTEX_POINT ( 'NONE', #1930 ) ;
#405 = CARTESIAN_POINT ( 'NONE',  ( -98.72394471534117599, -4.676606161317431898, 12.50000000000000711 ) ) ;
#406 = EDGE_CURVE ( 'NONE', #2655, #49, #1835, .T. ) ;
#407 = CARTESIAN_POINT ( 'NONE',  ( -113.7678080419834856, -58.95476639470703617, -8.937561083270734841 ) ) ;
#408 = VECTOR ( 'NONE', #6474, 1000.000000000000000 ) ;
#409 = CARTESIAN_POINT ( 'NONE',  ( -60.66078528048096530, -33.47765029228271771, 5.579354653944971432 ) ) ;
#410 = FACE_OUTER_BOUND ( 'NONE', #1621, .T. ) ;
#411 = LINE ( 'NONE', #6571, #7090 ) ;
#412 = CARTESIAN_POINT ( 'NONE',  ( -56.65744945265354460, -12.13298331536509167, 6.171003022311922770 ) ) ;
#413 = DIRECTION ( 'NONE',  ( 0.9139452746408239792, 0.4058374489394845352, 0.000000000000000000 ) ) ;
#414 = CARTESIAN_POINT ( 'NONE',  ( -119.0911647625867147, -65.23430063957917469, -5.175980714260886018 ) ) ;
#415 = CARTESIAN_POINT ( 'NONE',  ( -46.97684377457723315, -21.11099312332056499, -18.25191352495191666 ) ) ;
#416 = DIRECTION ( 'NONE',  ( -1.522024630730408022E-16, -6.758551201016278582E-17, -1.000000000000000000 ) ) ;
#417 = CARTESIAN_POINT ( 'NONE',  ( -134.0115464673501720, -45.01970087483270788, 6.628595752665780161 ) ) ;
#418 = CARTESIAN_POINT ( 'NONE',  ( -45.67772936153945551, -20.34053503297654686, -17.31063908858394385 ) ) ;
#419 = EDGE_LOOP ( 'NONE', ( #1286, #742, #8020, #4581 ) ) ;
#420 = EDGE_CURVE ( 'NONE', #4890, #390, #6445, .T. ) ;
#421 = DIRECTION ( 'NONE',  ( -0.6705919300765830204, -0.7418264374610566980, 1.522024630730407282E-16 ) ) ;
#422 = DIRECTION ( 'NONE',  ( 1.522024630730408022E-16, 6.758551201016278582E-17, 1.000000000000000000 ) ) ;
#423 = EDGE_LOOP ( 'NONE', ( #66, #2607, #3671, #1652 ) ) ;
#424 = LINE ( 'NONE', #1648, #3556 ) ;
#425 = CARTESIAN_POINT ( 'NONE',  ( -115.9068254889678542, -59.30798300575407467, -3.699999999999990408 ) ) ;
#426 = CARTESIAN_POINT ( 'NONE',  ( -144.3021412357304314, -56.96279615526817253, -5.754329382450590558 ) ) ;
#427 = ORIENTED_EDGE ( 'NONE', *, *, #6017, .F. ) ;
#428 = ORIENTED_EDGE ( 'NONE', *, *, #151, .T. ) ;
#429 = AXIS2_PLACEMENT_3D ( 'NONE', #1550, #1508, #6655 ) ;
#430 = DIRECTION ( 'NONE',  ( 0.3769758968958016876, -0.9262230687904537962, 5.222600313117346239E-18 ) ) ;
#431 = CARTESIAN_POINT ( 'NONE',  ( -97.61980985088180773, -26.56909085815082605, 105.0107324298252536 ) ) ;
#432 = CIRCLE ( 'NONE', #35, 15.00000000000000000 ) ;
#433 = ORIENTED_EDGE ( 'NONE', *, *, #3369, .F. ) ;
#434 = ORIENTED_EDGE ( 'NONE', *, *, #2127, .F. ) ;
#435 = CARTESIAN_POINT ( 'NONE',  ( -118.1508107486845205, -18.66478809734867284, 16.60000000000001208 ) ) ;
#436 = CARTESIAN_POINT ( 'NONE',  ( -146.0618056994563574, -43.15605337916191075, -2.102949113505393264 ) ) ;
#437 = EDGE_CURVE ( 'NONE', #3187, #3653, #5766, .T. ) ;
#438 = EDGE_LOOP ( 'NONE', ( #6421, #7378 ) ) ;
#439 = CARTESIAN_POINT ( 'NONE',  ( -47.75034095316543414, -19.36907873575966477, -22.15000000000000213 ) ) ;
#440 = ORIENTED_EDGE ( 'NONE', *, *, #6483, .T. ) ;
#441 = LINE ( 'NONE', #4620, #2084 ) ;
#442 = DIRECTION ( 'NONE',  ( -1.522024630730408022E-16, -6.758551201016278582E-17, -1.000000000000000000 ) ) ;
#443 = VERTEX_POINT ( 'NONE', #3455 ) ;
#444 = DIRECTION ( 'NONE',  ( -0.6705919300765836866, -0.7418264374610560319, 0.000000000000000000 ) ) ;
#445 = B_SPLINE_SURFACE_WITH_KNOTS ( 'NONE', 3, 1, ( 
 ( #139, #100 ),
 ( #6257, #2641 ),
 ( #6415, #5140 ),
 ( #1326, #3910 ) ),
 .UNSPECIFIED., .F., .F., .F.,
 ( 4, 4 ),
 ( 2, 2 ),
 ( 0.000000000000000000, 1.000000000000000000 ),
 ( 0.000000000000000000, 1.000000000000000000 ),
 .UNSPECIFIED. ) ;
#446 = CARTESIAN_POINT ( 'NONE',  ( -72.47261247300994569, 1.249400546638804954, -12.49999999999999822 ) ) ;
#447 = CARTESIAN_POINT ( 'NONE',  ( -136.8887596444090491, -24.09756821951850725, 12.50000000000001421 ) ) ;
#448 = FACE_OUTER_BOUND ( 'NONE', #1818, .T. ) ;
#449 = CYLINDRICAL_SURFACE ( 'NONE', #7872, 10.99999999999999645 ) ;
#450 = DIRECTION ( 'NONE',  ( -0.4058374489394841467, 0.9139452746408240902, -1.232595164407830809E-32 ) ) ;
#451 = EDGE_CURVE ( 'NONE', #6616, #5069, #7323, .T. ) ;
#452 = LINE ( 'NONE', #6739, #5768 ) ;
#453 = CARTESIAN_POINT ( 'NONE',  ( -134.9177023101219390, -47.34391877516853242, 6.906601717798165119 ) ) ;
#454 = CARTESIAN_POINT ( 'NONE',  ( -142.2659159300810074, -54.15679005824748060, -4.427542334028484738 ) ) ;
#455 = CARTESIAN_POINT ( 'NONE',  ( -132.9830529722429446, -48.38229709772451770, 6.000000000000015987 ) ) ;
#456 = CARTESIAN_POINT ( 'NONE',  ( -127.0080681444252519, -13.15480119827988936, 15.10000000000001208 ) ) ;
#457 = EDGE_LOOP ( 'NONE', ( #3126, #4334 ) ) ;
#458 = CARTESIAN_POINT ( 'NONE',  ( -92.13949305319582095, -29.05926425758253728, -22.14999999999999503 ) ) ;
#459 = VECTOR ( 'NONE', #6610, 1000.000000000000000 ) ;
#460 = CARTESIAN_POINT ( 'NONE',  ( -146.1093963275949648, -45.50073846829301516, -2.514435035630665283 ) ) ;
#461 = VERTEX_POINT ( 'NONE', #5375 ) ;
#462 = CARTESIAN_POINT ( 'NONE',  ( -111.7226612015289078, 5.190507435617802479, 15.60000000000000853 ) ) ;
#463 = EDGE_CURVE ( 'NONE', #7851, #6267, #4284, .T. ) ;
#464 = CARTESIAN_POINT ( 'NONE',  ( -97.37259023266631175, -15.57186927902598228, 14.50000000000000888 ) ) ;
#465 = CARTESIAN_POINT ( 'NONE',  ( -60.15199075554628649, -24.86106546923401339, 11.44427197157451914 ) ) ;
#466 = ADVANCED_FACE ( 'NONE', ( #7882 ), #3080, .T. ) ;
#467 = ORIENTED_EDGE ( 'NONE', *, *, #309, .T. ) ;
#468 = VERTEX_POINT ( 'NONE', #4233 ) ;
#469 = EDGE_CURVE ( 'NONE', #5842, #5332, #6656, .T. ) ;
#470 = CARTESIAN_POINT ( 'NONE',  ( -135.6875332273828292, -57.08808124140276874, -5.526125473707372393 ) ) ;
#471 = ORIENTED_EDGE ( 'NONE', *, *, #205, .T. ) ;
#472 = CARTESIAN_POINT ( 'NONE',  ( -116.9314160232910353, -58.71571440998839364, 7.075982650452742106 ) ) ;
#473 = DIRECTION ( 'NONE',  ( -0.6705919300765830204, -0.7418264374610566980, 1.522024630730407282E-16 ) ) ;
#474 = ORIENTED_EDGE ( 'NONE', *, *, #6792, .T. ) ;
#475 = EDGE_CURVE ( 'NONE', #4857, #5296, #7907, .T. ) ;
#476 = CARTESIAN_POINT ( 'NONE',  ( -97.61980985088182194, -26.56909085815083316, -12.49999999999999289 ) ) ;
#477 = CARTESIAN_POINT ( 'NONE',  ( -139.1056071530897498, -61.27326029284525077, -21.58283252100686056 ) ) ;
#478 = AXIS2_PLACEMENT_3D ( 'NONE', #5503, #6122, #503 ) ;
#479 = ORIENTED_EDGE ( 'NONE', *, *, #4983, .T. ) ;
#480 = FACE_OUTER_BOUND ( 'NONE', #2963, .T. ) ;
#481 = ORIENTED_EDGE ( 'NONE', *, *, #6107, .T. ) ;
#482 = CARTESIAN_POINT ( 'NONE',  ( -82.50917444966155756, -35.39624769211440736, -14.69999999999999574 ) ) ;
#483 = CARTESIAN_POINT ( 'NONE',  ( -142.1090292234187302, -61.90168083840537605, -14.47952300098608980 ) ) ;
#484 = VERTEX_POINT ( 'NONE', #6037 ) ;
#485 = CARTESIAN_POINT ( 'NONE',  ( -133.4713661368738826, -37.56526800624851603, -12.49999999999998757 ) ) ;
#486 = CARTESIAN_POINT ( 'NONE',  ( -146.9268801468907668, -51.05188839825981262, -2.511903653824931304 ) ) ;
#487 = EDGE_CURVE ( 'NONE', #7455, #7512, #4888, .T. ) ;
#488 = AXIS2_PLACEMENT_3D ( 'NONE', #7725, #2100, #2929 ) ;
#489 = CARTESIAN_POINT ( 'NONE',  ( -146.5893428156670382, -44.41989975811883085, -2.783677907395087914 ) ) ;
#490 = LINE ( 'NONE', #4838, #2510 ) ;
#491 = EDGE_CURVE ( 'NONE', #1043, #2250, #5642, .T. ) ;
#492 = CARTESIAN_POINT ( 'NONE',  ( -135.7661429342352903, -42.00253292241954739, 6.000000000000427214 ) ) ;
#493 = CARTESIAN_POINT ( 'NONE',  ( -91.75635109969279313, -38.87923196358112676, 12.50000000000000711 ) ) ;
#494 = VECTOR ( 'NONE', #3943, 1000.000000000000000 ) ;
#495 = PLANE ( 'NONE',  #8008 ) ;
#496 = FACE_BOUND ( 'NONE', #3248, .T. ) ;
#497 = CARTESIAN_POINT ( 'NONE',  ( -131.0107270397799084, -51.25810775116718787, 6.000000000000427214 ) ) ;
#498 = VECTOR ( 'NONE', #1628, 1000.000000000000000 ) ;
#499 = CARTESIAN_POINT ( 'NONE',  ( -136.6694022255286711, -47.22028764515768273, 5.427860062973926425 ) ) ;
#500 = EDGE_LOOP ( 'NONE', ( #6413, #2290, #2453, #3091 ) ) ;
#501 = DIRECTION ( 'NONE',  ( 0.6705919300765819102, 0.7418264374610576972, 0.000000000000000000 ) ) ;
#502 = VERTEX_POINT ( 'NONE', #4188 ) ;
#503 = DIRECTION ( 'NONE',  ( 0.9139452746408240902, 0.4058374489394843132, -2.168404344971002705E-16 ) ) ;
#504 = CARTESIAN_POINT ( 'NONE',  ( -114.8776657978080067, -59.16463445931195508, -7.353751536248688936 ) ) ;
#505 = CARTESIAN_POINT ( 'NONE',  ( -60.50185543186835702, -31.91738717280511040, 8.513933870739940346 ) ) ;
#506 = ORIENTED_EDGE ( 'NONE', *, *, #5490, .F. ) ;
#507 = ORIENTED_EDGE ( 'NONE', *, *, #6787, .F. ) ;
#508 = CARTESIAN_POINT ( 'NONE',  ( -125.1354048246073347, -57.02156739611208280, -7.532427688266650101 ) ) ;
#509 = ORIENTED_EDGE ( 'NONE', *, *, #6986, .F. ) ;
#510 = CARTESIAN_POINT ( 'NONE',  ( -117.2039838581524833, -58.55063490963030404, 7.348615307937115482 ) ) ;
#511 = CARTESIAN_POINT ( 'NONE',  ( -56.01112689297516312, -26.19435393510383037, -5.818812750507444953 ) ) ;
#512 = ORIENTED_EDGE ( 'NONE', *, *, #2523, .F. ) ;
#513 = PLANE ( 'NONE',  #4846 ) ;
#514 = ORIENTED_EDGE ( 'NONE', *, *, #4369, .F. ) ;
#515 = ORIENTED_EDGE ( 'NONE', *, *, #7802, .T. ) ;
#516 = CARTESIAN_POINT ( 'NONE',  ( -60.49585018712235041, -27.26246597930128601, -9.434880330940131898 ) ) ;
#517 = EDGE_CURVE ( 'NONE', #4445, #7717, #1572, .T. ) ;
#518 = VERTEX_POINT ( 'NONE', #5570 ) ;
#519 = CARTESIAN_POINT ( 'NONE',  ( -60.17182091650227704, -32.16713634252928244, 4.768199937032017388 ) ) ;
#520 = ORIENTED_EDGE ( 'NONE', *, *, #34, .T. ) ;
#521 = LINE ( 'NONE', #7917, #3516 ) ;
#522 = DIRECTION ( 'NONE',  ( -0.6705919300765857960, -0.7418264374610542555, 0.000000000000000000 ) ) ;
#523 = AXIS2_PLACEMENT_3D ( 'NONE', #6602, #442, #971 ) ;
#524 = AXIS2_PLACEMENT_3D ( 'NONE', #5190, #7703, #4578 ) ;
#525 = CARTESIAN_POINT ( 'NONE',  ( -45.53121988697868971, -20.69263463986562002, -22.15000000000000213 ) ) ;
#526 = CARTESIAN_POINT ( 'NONE',  ( -129.8218235801741400, -43.60379034683590760, -9.999999999999985789 ) ) ;
#527 = ADVANCED_FACE ( 'NONE', ( #6820 ), #3666, .T. ) ;
#528 = DIRECTION ( 'NONE',  ( 1.522024630730408022E-16, 6.758551201016278582E-17, 1.000000000000000000 ) ) ;
#529 = CARTESIAN_POINT ( 'NONE',  ( -121.4441744275950583, -57.36987571510385919, 1.677687080173996481 ) ) ;
#530 = AXIS2_PLACEMENT_3D ( 'NONE', #7758, #1470, #7226 ) ;
#531 = VECTOR ( 'NONE', #616, 1000.000000000000000 ) ;
#532 = DIRECTION ( 'NONE',  ( -1.427351680762747839E-16, -9.367655076294346507E-17, -1.000000000000000000 ) ) ;
#533 = FACE_BOUND ( 'NONE', #3587, .T. ) ;
#534 = DIRECTION ( 'NONE',  ( 0.4058374489394843687, -0.9139452746408243122, 1.232595164407831220E-32 ) ) ;
#535 = VECTOR ( 'NONE', #422, 1000.000000000000000 ) ;
#536 = CARTESIAN_POINT ( 'NONE',  ( -65.67796676562562652, -36.29358422032461107, -12.29374985533980080 ) ) ;
#537 = ORIENTED_EDGE ( 'NONE', *, *, #7344, .F. ) ;
#538 = EDGE_CURVE ( 'NONE', #2014, #7418, #2624, .T. ) ;
#539 = CARTESIAN_POINT ( 'NONE',  ( -70.20145161165707748, -14.39396738996630631, -17.14999999999996305 ) ) ;
#540 = CARTESIAN_POINT ( 'NONE',  ( -76.73321304916328245, -26.57769564988307209, 18.10000000000000142 ) ) ;
#541 = ORIENTED_EDGE ( 'NONE', *, *, #3110, .T. ) ;
#542 = LINE ( 'NONE', #4394, #1255 ) ;
#543 = CARTESIAN_POINT ( 'NONE',  ( -51.92092408978494689, -1.352789777417755301, -3.097864185164253215 ) ) ;
#544 = CARTESIAN_POINT ( 'NONE',  ( -60.93271195481288061, -34.33598948436235787, 6.560015840981880508 ) ) ;
#545 = ORIENTED_EDGE ( 'NONE', *, *, #5526, .F. ) ;
#546 = ORIENTED_EDGE ( 'NONE', *, *, #6799, .T. ) ;
#547 = CARTESIAN_POINT ( 'NONE',  ( -115.9068254889678542, -59.30798300575407467, -3.699999999999990408 ) ) ;
#548 = CIRCLE ( 'NONE', #798, 3.999999999999998668 ) ;
#549 = ORIENTED_EDGE ( 'NONE', *, *, #4568, .F. ) ;
#550 = DIRECTION ( 'NONE',  ( -1.522024630730408022E-16, -6.758551201016278582E-17, -1.000000000000000000 ) ) ;
#551 = CARTESIAN_POINT ( 'NONE',  ( -134.5819707994962471, -38.05843206712305005, -9.999999999999985789 ) ) ;
#552 = EDGE_LOOP ( 'NONE', ( #7991, #4576 ) ) ;
#553 = CARTESIAN_POINT ( 'NONE',  ( -97.61980985088180773, -26.56909085815083316, 12.50000000000000888 ) ) ;
#554 = ORIENTED_EDGE ( 'NONE', *, *, #5018, .F. ) ;
#555 = EDGE_CURVE ( 'NONE', #3006, #5145, #1184, .T. ) ;
#556 = AXIS2_PLACEMENT_3D ( 'NONE', #7066, #5824, #93 ) ;
#557 = VERTEX_POINT ( 'NONE', #4804 ) ;
#558 = CARTESIAN_POINT ( 'NONE',  ( -61.58402636602633606, -35.38747650263539413, -6.648741191706330156 ) ) ;
#559 = ORIENTED_EDGE ( 'NONE', *, *, #4824, .T. ) ;
#560 = B_SPLINE_CURVE_WITH_KNOTS ( 'NONE', 3,
 ( #6890, #602, #1484, #218 ),
 .UNSPECIFIED., .F., .F.,
 ( 4, 4 ),
 ( 0.0001378646646271319961, 0.001786008266188820939 ),
 .UNSPECIFIED. ) ;
#561 = CARTESIAN_POINT ( 'NONE',  ( -143.5650551277258842, -58.62271287112394447, -7.738879842300354639 ) ) ;
#562 = ADVANCED_FACE ( 'NONE', ( #2466 ), #4962, .F. ) ;
#563 = ORIENTED_EDGE ( 'NONE', *, *, #733, .F. ) ;
#564 = DIRECTION ( 'NONE',  ( 1.522024630730408022E-16, 6.758551201016278582E-17, 1.000000000000000000 ) ) ;
#565 = ADVANCED_FACE ( 'NONE', ( #3043 ), #3582, .T. ) ;
#566 = DIRECTION ( 'NONE',  ( 0.6705919300765830204, 0.7418264374610566980, -1.522024630730407282E-16 ) ) ;
#567 = EDGE_CURVE ( 'NONE', #3845, #628, #2325, .T. ) ;
#568 = CARTESIAN_POINT ( 'NONE',  ( -139.0065057676882532, -59.78504852084218868, -22.14999999999998082 ) ) ;
#569 = DIRECTION ( 'NONE',  ( 1.522024630730408022E-16, 6.758551201016278582E-17, 1.000000000000000000 ) ) ;
#570 = CARTESIAN_POINT ( 'NONE',  ( -132.0372553235077646, -49.69617976881266230, 2.065774799370236892 ) ) ;
#571 = DIRECTION ( 'NONE',  ( 1.522024630730408022E-16, 6.758551201016278582E-17, 1.000000000000000000 ) ) ;
#572 = LINE ( 'NONE', #3077, #2631 ) ;
#573 = DIRECTION ( 'NONE',  ( -0.5243398662736699078, -0.5295246425432156290, 0.6668368297984069715 ) ) ;
#574 = CARTESIAN_POINT ( 'NONE',  ( -97.61980985088180773, -26.56909085815083316, 14.50000000000000888 ) ) ;
#575 = AXIS2_PLACEMENT_3D ( 'NONE', #4402, #6952, #7791 ) ;
#576 = CARTESIAN_POINT ( 'NONE',  ( -63.40256312029568164, -36.52443558009105828, -9.850308740921978057 ) ) ;
#577 = ORIENTED_EDGE ( 'NONE', *, *, #3554, .F. ) ;
#578 = CARTESIAN_POINT ( 'NONE',  ( -65.30789395363784422, -14.95637638544271830, 5.500000000000001776 ) ) ;
#579 = CARTESIAN_POINT ( 'NONE',  ( -123.8658339058238482, -37.54123780831753265, -15.87024210915923383 ) ) ;
#580 = CARTESIAN_POINT ( 'NONE',  ( -106.2416252207019625, -22.96988349774755278, 12.50000000000000888 ) ) ;
#581 = CARTESIAN_POINT ( 'NONE',  ( -130.8706445814234200, -58.51239725975684536, -7.522403129503938857 ) ) ;
#582 = CARTESIAN_POINT ( 'NONE',  ( -130.6683032151823340, -70.37512959946090518, -1.191626790723634199 ) ) ;
#583 = EDGE_LOOP ( 'NONE', ( #4412, #587, #6887, #5034 ) ) ;
#584 = EDGE_LOOP ( 'NONE', ( #4787, #6220, #4833, #5393 ) ) ;
#585 = DIRECTION ( 'NONE',  ( -0.6463027959179783455, -0.2869907916979901330, 0.7070565617184845220 ) ) ;
#586 = ADVANCED_FACE ( 'NONE', ( #6899 ), #4694, .F. ) ;
#587 = ORIENTED_EDGE ( 'NONE', *, *, #7475, .F. ) ;
#588 = DIRECTION ( 'NONE',  ( 0.9139452746408235351, 0.4058374489394856455, 0.000000000000000000 ) ) ;
#589 = CARTESIAN_POINT ( 'NONE',  ( -53.29293875766413890, -24.06401276707990533, -13.14809138725795812 ) ) ;
#590 = EDGE_CURVE ( 'NONE', #6762, #7120, #4331, .T. ) ;
#591 = VERTEX_POINT ( 'NONE', #6360 ) ;
#592 = DIRECTION ( 'NONE',  ( 1.522024630730408022E-16, 6.758551201016278582E-17, 1.000000000000000000 ) ) ;
#593 = VERTEX_POINT ( 'NONE', #7468 ) ;
#594 = AXIS2_PLACEMENT_3D ( 'NONE', #7353, #1721, #6075 ) ;
#595 = ORIENTED_EDGE ( 'NONE', *, *, #1661, .F. ) ;
#596 = CARTESIAN_POINT ( 'NONE',  ( -62.03224726888775820, -35.76477483048005013, -7.693043215736556029 ) ) ;
#597 = ORIENTED_EDGE ( 'NONE', *, *, #2417, .T. ) ;
#598 = CARTESIAN_POINT ( 'NONE',  ( -143.7455485962984199, -58.21624187359421398, -7.207184820290979843 ) ) ;
#599 = CIRCLE ( 'NONE', #4525, 9.999999999999994671 ) ;
#600 = VERTEX_POINT ( 'NONE', #6862 ) ;
#601 = CARTESIAN_POINT ( 'NONE',  ( -127.3978952012167554, -46.90407448196347673, -4.488965390296051794 ) ) ;
#602 = CARTESIAN_POINT ( 'NONE',  ( -127.3185587067138300, -48.07105047681271515, -4.988586274307607482 ) ) ;
#603 = AXIS2_PLACEMENT_3D ( 'NONE', #4972, #7476, #4933 ) ;
#604 =( BOUNDED_SURFACE ( )  B_SPLINE_SURFACE ( 3, 2, ( 
 ( #192, #2076, #1343 ),
 ( #3315, #1458, #3968 ),
 ( #6396, #5851, #232 ),
 ( #3272, #3853, #6357 ),
 ( #3236, #2618, #7787 ),
 ( #7173, #2164, #4662 ),
 ( #273, #1540, #4048 ),
 ( #6562, #2783, #927 ),
 ( #3441, #5278, #9 ),
 ( #1081, #3125, #7978 ),
 ( #5621, #6245, #2356 ),
 ( #4244, #6207, #3088 ) ),
 .UNSPECIFIED., .F., .F., .F. ) 
 B_SPLINE_SURFACE_WITH_KNOTS ( ( 4, 2, 2, 2, 2, 4 ),
 ( 3, 3 ),
 ( -9.540979117872439019E-18, 0.001703284384590776765, 0.003406568769181563070, 0.006813137538363135681, 0.01021970630754470873, 0.01362627507672628177 ),
 ( 0.8311173805558765837, 1.000000000000000000 ),
 .UNSPECIFIED. ) 
 GEOMETRIC_REPRESENTATION_ITEM ( )  RATIONAL_B_SPLINE_SURFACE ( (
 ( 0.9469610685739997535, 0.9680917926475522961, 1.000000000000000000),
 ( 0.9451149826274480859, 0.9669811878222044355, 1.000000000000000000),
 ( 0.9433439700758234903, 0.9659157471317209032, 1.000000000000000000),
 ( 0.9399891394364381370, 0.9638974818915321263, 1.000000000000000000),
 ( 0.9384051146379219777, 0.9629445329846901824, 1.000000000000000000),
 ( 0.9339395290767182889, 0.9602580378724010490, 1.000000000000000000),
 ( 0.9313448508022481587, 0.9586970800972581808, 1.000000000000000000),
 ( 0.9268160485858565334, 0.9559725538616483664, 1.000000000000000000),
 ( 0.9248791281333507142, 0.9548073030211411405, 1.000000000000000000),
 ( 0.9215411924575742653, 0.9527992017866657726, 1.000000000000000000),
 ( 0.9201403338921421149, 0.9519564456380124051, 1.000000000000000000),
 ( 0.9189575381745915816, 0.9512448760419347504, 1.000000000000000000) ) ) 
 REPRESENTATION_ITEM ( '' )  SURFACE ( )  );
#605 = FACE_OUTER_BOUND ( 'NONE', #1342, .T. ) ;
#606 = EDGE_CURVE ( 'NONE', #1400, #2075, #5510, .T. ) ;
#607 = CARTESIAN_POINT ( 'NONE',  ( -97.61980985088180773, -26.56909085815083316, 20.10000000000000853 ) ) ;
#608 = DIRECTION ( 'NONE',  ( -0.6705919300765831315, -0.7418264374610566980, 0.000000000000000000 ) ) ;
#609 = CARTESIAN_POINT ( 'NONE',  ( -136.2161186929589007, -32.71368432027762907, 1.099228855159487095 ) ) ;
#610 = DIRECTION ( 'NONE',  ( -1.522024630730408022E-16, -6.758551201016278582E-17, -1.000000000000000000 ) ) ;
#611 = CARTESIAN_POINT ( 'NONE',  ( -140.9449472470483045, -57.13220048804738838, -7.368970878556116766 ) ) ;
#612 = VECTOR ( 'NONE', #7169, 1000.000000000000000 ) ;
#613 = CARTESIAN_POINT ( 'NONE',  ( -139.2232240854858105, -47.21843069019849537, 3.154816932867291701 ) ) ;
#614 = EDGE_LOOP ( 'NONE', ( #3956, #1483, #6054, #6493 ) ) ;
#615 = CIRCLE ( 'NONE', #5197, 2.875000000000000888 ) ;
#616 = DIRECTION ( 'NONE',  ( 1.522024630730408022E-16, 6.758551201016278582E-17, 1.000000000000000000 ) ) ;
#617 = CARTESIAN_POINT ( 'NONE',  ( -119.8977220603996727, -57.69933212377217302, 3.536828723205583280 ) ) ;
#618 = EDGE_CURVE ( 'NONE', #3352, #2289, #119, .T. ) ;
#619 = DIRECTION ( 'NONE',  ( -0.6705919300765831315, -0.7418264374610565870, 1.448010099518133651E-16 ) ) ;
#620 = CARTESIAN_POINT ( 'NONE',  ( -77.08880895307909498, -34.47339361895294019, 12.50000000000000533 ) ) ;
#621 = CARTESIAN_POINT ( 'NONE',  ( -60.37138944339253044, -22.00089654454844634, 11.97218923696538440 ) ) ;
#622 = ORIENTED_EDGE ( 'NONE', *, *, #4098, .T. ) ;
#623 = DIRECTION ( 'NONE',  ( 0.6463027959179780124, 0.2869907916979916318, 0.7070565617184841889 ) ) ;
#624 = ORIENTED_EDGE ( 'NONE', *, *, #6542, .F. ) ;
#625 = DIRECTION ( 'NONE',  ( -1.522024630730408022E-16, -6.758551201016278582E-17, -1.000000000000000000 ) ) ;
#626 = AXIS2_PLACEMENT_3D ( 'NONE', #1587, #3316, #356 ) ;
#627 = AXIS2_PLACEMENT_3D ( 'NONE', #7900, #7853, #1570 ) ;
#628 = VERTEX_POINT ( 'NONE', #1303 ) ;
#629 = CARTESIAN_POINT ( 'NONE',  ( -118.6267589943961838, -57.63478897506529819, 8.580004513971323021 ) ) ;
#630 = CARTESIAN_POINT ( 'NONE',  ( -56.27947881570317890, -26.48577198483429029, -4.811230814442359893 ) ) ;
#631 = ORIENTED_EDGE ( 'NONE', *, *, #2273, .F. ) ;
#632 = FACE_OUTER_BOUND ( 'NONE', #1616, .T. ) ;
#633 = EDGE_CURVE ( 'NONE', #468, #8110, #4794, .T. ) ;
#634 = LINE ( 'NONE', #5717, #3890 ) ;
#635 = ORIENTED_EDGE ( 'NONE', *, *, #7989, .T. ) ;
#636 = ORIENTED_EDGE ( 'NONE', *, *, #2160, .T. ) ;
#637 = CARTESIAN_POINT ( 'NONE',  ( -128.4163111975860829, -14.71263671694811315, 15.10000000000001208 ) ) ;
#638 = ORIENTED_EDGE ( 'NONE', *, *, #5747, .T. ) ;
#639 = CARTESIAN_POINT ( 'NONE',  ( -144.5820907909407254, -56.33235021246554908, -5.201366229514524875 ) ) ;
#640 = AXIS2_PLACEMENT_3D ( 'NONE', #6916, #3602, #473 ) ;
#641 = VECTOR ( 'NONE', #761, 1000.000000000000227 ) ;
#642 = ORIENTED_EDGE ( 'NONE', *, *, #2896, .T. ) ;
#643 = DIRECTION ( 'NONE',  ( -0.6705919300765831315, -0.7418264374610566980, 0.000000000000000000 ) ) ;
#644 = DIRECTION ( 'NONE',  ( -0.4058374489394839246, 0.9139452746408242012, 0.000000000000000000 ) ) ;
#645 = CARTESIAN_POINT ( 'NONE',  ( -52.05430042604333352, -1.402280869446634659, -2.959199050281657861 ) ) ;
#646 = SURFACE_SIDE_STYLE ('',( #7540 ) ) ;
#647 = CARTESIAN_POINT ( 'NONE',  ( -71.77639558657114094, -30.63035665390093243, -12.49999999999999645 ) ) ;
#648 = ADVANCED_FACE ( 'NONE', ( #4386 ), #1755, .T. ) ;
#649 = CARTESIAN_POINT ( 'NONE',  ( -61.79551975831862620, -5.045175732475303043, 7.790762234172520451 ) ) ;
#650 = CARTESIAN_POINT ( 'NONE',  ( -136.1327582152333378, -59.34396874256781729, -22.04106919000454212 ) ) ;
#651 = CIRCLE ( 'NONE', #3017, 2.100000000000001865 ) ;
#652 = CARTESIAN_POINT ( 'NONE',  ( -136.9621861826337579, -61.17215939002593927, -20.04512421095767749 ) ) ;
#653 = AXIS2_PLACEMENT_3D ( 'NONE', #4659, #7295, #7210 ) ;
#654 = CARTESIAN_POINT ( 'NONE',  ( -139.7428219729555110, -59.83949639988981062, -12.12447870778509973 ) ) ;
#655 = CARTESIAN_POINT ( 'NONE',  ( -97.61980985088180773, -26.56909085815083316, 12.10000000000030873 ) ) ;
#656 = ORIENTED_EDGE ( 'NONE', *, *, #6098, .F. ) ;
#657 = VECTOR ( 'NONE', #6046, 1000.000000000000000 ) ;
#658 = DIRECTION ( 'NONE',  ( -1.522024630730408022E-16, -6.758551201016278582E-17, -1.000000000000000000 ) ) ;
#659 = LINE ( 'NONE', #540, #5246 ) ;
#660 = VECTOR ( 'NONE', #8012, 1000.000000000000000 ) ;
#661 = CARTESIAN_POINT ( 'NONE',  ( -127.2438992105753357, -34.79996097873833349, -11.79316348048143226 ) ) ;
#662 = CARTESIAN_POINT ( 'NONE',  ( -41.07529165095432688, -18.38501422103040994, -19.90226640499236765 ) ) ;
#663 = CARTESIAN_POINT ( 'NONE',  ( -123.0283308189108453, -57.18982772407447612, -3.183803752492257555 ) ) ;
#664 = ORIENTED_EDGE ( 'NONE', *, *, #3262, .F. ) ;
#665 = AXIS2_PLACEMENT_3D ( 'NONE', #5957, #1517, #1559 ) ;
#666 = FACE_OUTER_BOUND ( 'NONE', #253, .T. ) ;
#667 = ORIENTED_EDGE ( 'NONE', *, *, #4292, .F. ) ;
#668 = EDGE_CURVE ( 'NONE', #7121, #5055, #3445, .T. ) ;
#669 = LINE ( 'NONE', #4554, #222 ) ;
#670 = EDGE_CURVE ( 'NONE', #7916, #4858, #2029, .T. ) ;
#671 = ORIENTED_EDGE ( 'NONE', *, *, #6090, .T. ) ;
#672 = VECTOR ( 'NONE', #6784, 1000.000000000000000 ) ;
#673 = CARTESIAN_POINT ( 'NONE',  ( -46.93566571046092406, -21.20372605670631927, -20.18153086136963736 ) ) ;
#674 = ORIENTED_EDGE ( 'NONE', *, *, #668, .T. ) ;
#675 = DIRECTION ( 'NONE',  ( -0.2742274291513611129, -0.1217707048376158729, -0.9539241125710082869 ) ) ;
#676 = CARTESIAN_POINT ( 'NONE',  ( -145.8068913282801020, -46.18197923451739939, -2.420152625384522249 ) ) ;
#677 = CARTESIAN_POINT ( 'NONE',  ( -53.29293875766411759, -24.06401276707992309, -13.14809138725794391 ) ) ;
#678 = B_SPLINE_CURVE_WITH_KNOTS ( 'NONE', 3,
 ( #6842, #2939, #1093, #7029 ),
 .UNSPECIFIED., .F., .F.,
 ( 4, 4 ),
 ( 0.01270697174935496096, 0.01856655259915390363 ),
 .UNSPECIFIED. ) ;
#679 = ORIENTED_EDGE ( 'NONE', *, *, #3829, .F. ) ;
#680 = EDGE_CURVE ( 'NONE', #7455, #5723, #885, .T. ) ;
#681 = VECTOR ( 'NONE', #1219, 1000.000000000000114 ) ;
#682 = VERTEX_POINT ( 'NONE', #7708 ) ;
#683 = CARTESIAN_POINT ( 'NONE',  ( -138.8674360375225092, -61.80962125755532099, -19.90226640499231792 ) ) ;
#684 = EDGE_LOOP ( 'NONE', ( #1857, #6450, #6581, #1078 ) ) ;
#685 = CARTESIAN_POINT ( 'NONE',  ( -44.62940268341840522, -17.77328411993175905, -22.15000000000000213 ) ) ;
#686 = ORIENTED_EDGE ( 'NONE', *, *, #2236, .T. ) ;
#687 = LINE ( 'NONE', #5603, #2853 ) ;
#688 = DIRECTION ( 'NONE',  ( -0.9139452746408243122, -0.4058374489394838691, 3.053113317719179993E-16 ) ) ;
#689 = AXIS2_PLACEMENT_3D ( 'NONE', #6488, #5948, #240 ) ;
#690 = CARTESIAN_POINT ( 'NONE',  ( -44.10050593664258400, -20.06302533304822688, -22.15000000000000213 ) ) ;
#691 = CARTESIAN_POINT ( 'NONE',  ( -97.61980985088180773, -26.56909085815083316, 14.50000000000000888 ) ) ;
#692 = LINE ( 'NONE', #5081, #408 ) ;
#693 = ORIENTED_EDGE ( 'NONE', *, *, #5234, .T. ) ;
#694 = CARTESIAN_POINT ( 'NONE',  ( -135.6786858375134273, -60.36653899833514458, -21.09685713910385729 ) ) ;
#695 = CARTESIAN_POINT ( 'NONE',  ( -87.59411362507343313, -39.29545133356011632, -14.69999999999999396 ) ) ;
#696 = AXIS2_PLACEMENT_3D ( 'NONE', #7519, #1354, #4512 ) ;
#697 = CARTESIAN_POINT ( 'NONE',  ( -140.3499863955265141, -58.47092026370770412, -9.373919542434144603 ) ) ;
#698 = PLANE ( 'NONE',  #3704 ) ;
#699 = ADVANCED_FACE ( 'NONE', ( #5196 ), #4707, .F. ) ;
#700 = CARTESIAN_POINT ( 'NONE',  ( -116.3143245612945265, -59.08036559357820039, 5.886796564403929288 ) ) ;
#701 = DIRECTION ( 'NONE',  ( 0.6705919300765829094, 0.7418264374610568090, -1.560742454363070004E-16 ) ) ;
#702 = DIRECTION ( 'NONE',  ( -1.522024630730408022E-16, -6.758551201016278582E-17, -1.000000000000000000 ) ) ;
#703 = CARTESIAN_POINT ( 'NONE',  ( -51.87438499864267527, -23.43410389319135945, -14.70000000000000107 ) ) ;
#704 = ORIENTED_EDGE ( 'NONE', *, *, #1567, .T. ) ;
#705 = CARTESIAN_POINT ( 'NONE',  ( -123.1936934505124412, -57.17911504015469148, -1.821242248229421046 ) ) ;
#706 = ORIENTED_EDGE ( 'NONE', *, *, #2899, .F. ) ;
#707 = DIRECTION ( 'NONE',  ( -1.522024630730408022E-16, -6.758551201016278582E-17, -1.000000000000000000 ) ) ;
#708 = ORIENTED_EDGE ( 'NONE', *, *, #6025, .F. ) ;
#709 = CARTESIAN_POINT ( 'NONE',  ( -113.8304676623177585, 2.742666189187668658E-16, 12.50000000000000888 ) ) ;
#710 = EDGE_CURVE ( 'NONE', #3510, #4818, #5280, .T. ) ;
#711 = DIRECTION ( 'NONE',  ( 0.6705919300765829094, 0.7418264374610568090, -1.326211790879754574E-16 ) ) ;
#712 = ORIENTED_EDGE ( 'NONE', *, *, #3829, .T. ) ;
#713 = CARTESIAN_POINT ( 'NONE',  ( -53.54275110708208274, -5.680526604617635478, 0.8272401976826309067 ) ) ;
#714 = EDGE_CURVE ( 'NONE', #7402, #1768, #4963, .T. ) ;
#715 = LINE ( 'NONE', #4406, #2847 ) ;
#716 = CARTESIAN_POINT ( 'NONE',  ( -51.87438499864267527, -23.43410389319135945, -14.70000000000000107 ) ) ;
#717 = ORIENTED_EDGE ( 'NONE', *, *, #7302, .T. ) ;
#718 = EDGE_CURVE ( 'NONE', #5546, #1970, #1500, .T. ) ;
#719 = CARTESIAN_POINT ( 'NONE',  ( -43.87195323836674987, -19.47905903768097957, -18.82849810282477776 ) ) ;
#720 = ORIENTED_EDGE ( 'NONE', *, *, #3664, .F. ) ;
#721 = VECTOR ( 'NONE', #3900, 1000.000000000000000 ) ;
#722 = DIRECTION ( 'NONE',  ( -1.522024630730407036E-16, -6.758551201016276117E-17, -1.000000000000000000 ) ) ;
#723 = EDGE_LOOP ( 'NONE', ( #6388, #2094, #7805, #1708 ) ) ;
#724 = DIRECTION ( 'NONE',  ( -1.522024630730407529E-16, -6.758551201016273652E-17, -1.000000000000000000 ) ) ;
#725 = DIRECTION ( 'NONE',  ( 1.522024630730408022E-16, 6.758551201016278582E-17, 1.000000000000000000 ) ) ;
#726 = PLANE ( 'NONE',  #911 ) ;
#727 = CARTESIAN_POINT ( 'NONE',  ( -136.1859888338353812, -59.22409347609180230, -22.08209200522896865 ) ) ;
#728 = ORIENTED_EDGE ( 'NONE', *, *, #7908, .T. ) ;
#729 = CARTESIAN_POINT ( 'NONE',  ( -115.8486825202163146, -59.34060976872969206, 5.886200472901905734 ) ) ;
#730 = EDGE_CURVE ( 'NONE', #2394, #6981, #2310, .T. ) ;
#731 = CARTESIAN_POINT ( 'NONE',  ( -61.07010901051873475, -34.95773606938510625, -3.700000000000000178 ) ) ;
#732 = DIRECTION ( 'NONE',  ( -1.000000000000000000, 4.510281037539700812E-15, 1.734723475976808080E-16 ) ) ;
#733 = EDGE_CURVE ( 'NONE', #170, #557, #992, .T. ) ;
#734 = DIRECTION ( 'NONE',  ( 0.6705919300765831315, 0.7418264374610565870, -1.387778780781444936E-16 ) ) ;
#735 = CARTESIAN_POINT ( 'NONE',  ( -68.59902591213842982, -34.77820277780512015, -14.08729076397996494 ) ) ;
#736 = CARTESIAN_POINT ( 'NONE',  ( -118.2335889936252613, -54.76592546595451694, -11.46367599439459539 ) ) ;
#737 = VECTOR ( 'NONE', #1089, 1000.000000000000000 ) ;
#738 = LINE ( 'NONE', #3244, #5721 ) ;
#739 = DIRECTION ( 'NONE',  ( 0.6705919300765830204, 0.7418264374610566980, -1.522024630730407282E-16 ) ) ;
#740 = ORIENTED_EDGE ( 'NONE', *, *, #4589, .T. ) ;
#741 = CYLINDRICAL_SURFACE ( 'NONE', #696, 2.875000000000003553 ) ;
#742 = ORIENTED_EDGE ( 'NONE', *, *, #760, .T. ) ;
#743 = DIRECTION ( 'NONE',  ( 1.522024630730408022E-16, 6.758551201016278582E-17, 1.000000000000000000 ) ) ;
#744 = AXIS2_PLACEMENT_3D ( 'NONE', #1941, #5298, #3335 ) ;
#745 = VERTEX_POINT ( 'NONE', #2036 ) ;
#746 = DIRECTION ( 'NONE',  ( -1.522024630730408022E-16, -6.758551201016278582E-17, -1.000000000000000000 ) ) ;
#747 = FACE_OUTER_BOUND ( 'NONE', #1434, .T. ) ;
#748 = ORIENTED_EDGE ( 'NONE', *, *, #3476, .F. ) ;
#749 = DIRECTION ( 'NONE',  ( -1.522024630730408022E-16, -6.758551201016278582E-17, -1.000000000000000000 ) ) ;
#750 = FACE_OUTER_BOUND ( 'NONE', #6675, .T. ) ;
#751 = EDGE_CURVE ( 'NONE', #5358, #989, #6243, .T. ) ;
#752 = LINE ( 'NONE', #101, #6459 ) ;
#753 = ORIENTED_EDGE ( 'NONE', *, *, #5500, .F. ) ;
#754 = CIRCLE ( 'NONE', #3371, 2.850000000000005862 ) ;
#755 = CARTESIAN_POINT ( 'NONE',  ( -133.0399288012109764, -37.37368823386940875, 1.305171413906723865 ) ) ;
#756 = ORIENTED_EDGE ( 'NONE', *, *, #6714, .F. ) ;
#757 = CARTESIAN_POINT ( 'NONE',  ( -105.4650185647391822, -51.88119666221260218, -14.69999999999999041 ) ) ;
#758 = ORIENTED_EDGE ( 'NONE', *, *, #1491, .F. ) ;
#759 = CARTESIAN_POINT ( 'NONE',  ( -128.0882540362979682, -22.41493826972756764, 7.114656559949423754E-14 ) ) ;
#760 = EDGE_CURVE ( 'NONE', #3805, #7172, #2692, .T. ) ;
#761 = DIRECTION ( 'NONE',  ( -0.4058374489394842577, 0.9139452746408240902, -1.232595164407830946E-32 ) ) ;
#762 = VECTOR ( 'NONE', #20, 1000.000000000000114 ) ;
#763 = CARTESIAN_POINT ( 'NONE',  ( -92.38463137604783526, -36.24343354055747568, 13.50000000000000888 ) ) ;
#764 = CYLINDRICAL_SURFACE ( 'NONE', #3159, 4.000000000000011546 ) ;
#765 = ORIENTED_EDGE ( 'NONE', *, *, #1294, .T. ) ;
#766 = CARTESIAN_POINT ( 'NONE',  ( -123.5616797435972813, -50.46593272099460847, 14.33227735278204129 ) ) ;
#767 = LINE ( 'NONE', #158, #4164 ) ;
#768 = CARTESIAN_POINT ( 'NONE',  ( -138.9981269003114903, -61.51725698326651326, -17.83656227884839041 ) ) ;
#769 = EDGE_CURVE ( 'NONE', #6264, #7148, #7018, .T. ) ;
#770 = DIRECTION ( 'NONE',  ( -0.6705919300765831315, -0.7418264374610566980, 0.000000000000000000 ) ) ;
#771 = CARTESIAN_POINT ( 'NONE',  ( -58.58010459451902108, -26.41177904465350323, -14.69999999999953388 ) ) ;
#772 = AXIS2_PLACEMENT_3D ( 'NONE', #5152, #7622, #1416 ) ;
#773 = CARTESIAN_POINT ( 'NONE',  ( -111.2255944545986779, -54.85589890754803122, -13.55757678511060860 ) ) ;
#774 = CARTESIAN_POINT ( 'NONE',  ( -89.69915299209991133, -37.19290993585075711, 16.60000000000000853 ) ) ;
#775 = CARTESIAN_POINT ( 'NONE',  ( -135.5912682706724866, -60.56340321661672732, -20.04512421095792618 ) ) ;
#776 = CARTESIAN_POINT ( 'NONE',  ( -129.8245542507469281, -16.27047223561633515, 20.10000000000000853 ) ) ;
#777 = DIRECTION ( 'NONE',  ( -0.4058374489394839801, 0.9139452746408243122, 4.345238508069938843E-15 ) ) ;
#778 = ORIENTED_EDGE ( 'NONE', *, *, #3963, .T. ) ;
#779 = CARTESIAN_POINT ( 'NONE',  ( -122.9990339933746952, -32.91502834804259692, -14.69999999999998863 ) ) ;
#780 = AXIS2_PLACEMENT_3D ( 'NONE', #1519, #902, #3420 ) ;
#781 = ORIENTED_EDGE ( 'NONE', *, *, #7547, .F. ) ;
#782 = CARTESIAN_POINT ( 'NONE',  ( -111.9374405653108226, -48.46387086220078544, -12.49999999999999112 ) ) ;
#783 = AXIS2_PLACEMENT_3D ( 'NONE', #166, #2043, #7101 ) ;
#784 = ORIENTED_EDGE ( 'NONE', *, *, #3308, .T. ) ;
#785 = CARTESIAN_POINT ( 'NONE',  ( -44.07610251151410807, -19.01931520674086329, -16.23035432845313153 ) ) ;
#786 = FACE_OUTER_BOUND ( 'NONE', #2334, .T. ) ;
#787 = CARTESIAN_POINT ( 'NONE',  ( -97.61980985088180773, -26.56909085815083316, 14.50000000000000888 ) ) ;
#788 = ORIENTED_EDGE ( 'NONE', *, *, #6059, .F. ) ;
#789 = VECTOR ( 'NONE', #6247, 1000.000000000000000 ) ;
#790 = AXIS2_PLACEMENT_3D ( 'NONE', #2214, #320, #4183 ) ;
#791 = VECTOR ( 'NONE', #7117, 1000.000000000000000 ) ;
#792 = CARTESIAN_POINT ( 'NONE',  ( -45.07313970185489893, -16.77346852689010248, -10.29384975987923845 ) ) ;
#793 = ORIENTED_EDGE ( 'NONE', *, *, #933, .T. ) ;
#794 = ORIENTED_EDGE ( 'NONE', *, *, #5500, .T. ) ;
#795 = CARTESIAN_POINT ( 'NONE',  ( -137.2513853046698955, -60.52108240901501546, -21.68294961622240891 ) ) ;
#796 = EDGE_CURVE ( 'NONE', #1212, #6594, #599, .T. ) ;
#797 = CARTESIAN_POINT ( 'NONE',  ( -127.2613098402209317, -57.27249410542371777, -8.811751400381725219 ) ) ;
#798 = AXIS2_PLACEMENT_3D ( 'NONE', #6736, #6692, #2339 ) ;
#799 = VERTEX_POINT ( 'NONE', #3356 ) ;
#800 = FACE_OUTER_BOUND ( 'NONE', #723, .T. ) ;
#801 = ADVANCED_FACE ( 'NONE', ( #4626 ), #6517, .F. ) ;
#802 = CARTESIAN_POINT ( 'NONE',  ( -45.78493838064485999, -20.09910077858937782, -21.51412343937554539 ) ) ;
#803 = CARTESIAN_POINT ( 'NONE',  ( -129.2801892518208149, -39.64906446037012699, 5.500000000000013323 ) ) ;
#804 = ADVANCED_FACE ( 'NONE', ( #5237, #4543 ), #5895, .T. ) ;
#805 = VERTEX_POINT ( 'NONE', #6069 ) ;
#806 = CARTESIAN_POINT ( 'NONE',  ( -115.8448110924851875, -54.32089993442327369, 16.42173635167932488 ) ) ;
#807 = EDGE_CURVE ( 'NONE', #6177, #6514, #7419, .T. ) ;
#808 = PLANE ( 'NONE',  #225 ) ;
#809 = CARTESIAN_POINT ( 'NONE',  ( -97.01105367747261710, -27.94000877011203698, 6.000000000000072831 ) ) ;
#810 = CIRCLE ( 'NONE', #5399, 1.050000000000005596 ) ;
#811 = LINE ( 'NONE', #5815, #7494 ) ;
#812 = CIRCLE ( 'NONE', #1863, 1.124999999999998446 ) ;
#813 = CARTESIAN_POINT ( 'NONE',  ( -67.66385447396551456, -30.44541867294140047, -14.70000000000027995 ) ) ;
#814 = CARTESIAN_POINT ( 'NONE',  ( -111.7226612015289078, 5.190507435617802479, 22.50000000000000711 ) ) ;
#815 = DIRECTION ( 'NONE',  ( -0.6705919300765834645, -0.7418264374610563650, 0.000000000000000000 ) ) ;
#816 = EDGE_LOOP ( 'NONE', ( #820, #4677, #4399, #7191, #3140, #7248, #1900, #2353, #5436 ) ) ;
#817 = CARTESIAN_POINT ( 'NONE',  ( -45.03903988557858185, -9.458659646387264530, -3.619624500528076716 ) ) ;
#818 = ORIENTED_EDGE ( 'NONE', *, *, #3814, .F. ) ;
#819 = FACE_OUTER_BOUND ( 'NONE', #1251, .T. ) ;
#820 = ORIENTED_EDGE ( 'NONE', *, *, #8017, .F. ) ;
#821 = CARTESIAN_POINT ( 'NONE',  ( -135.6803077805318196, -32.47575745545653803, 0.9148257472633202214 ) ) ;
#822 = CARTESIAN_POINT ( 'NONE',  ( -91.73509228634814860, -45.54420875464012397, 18.10000000000000497 ) ) ;
#823 = EDGE_LOOP ( 'NONE', ( #671, #3913 ) ) ;
#824 = CARTESIAN_POINT ( 'NONE',  ( -46.50999684916749288, -13.53818911873150377, -5.754329382438791107 ) ) ;
#825 = CARTESIAN_POINT ( 'NONE',  ( -52.80200172359887745, -1.702019743131466312, -2.165282555786396834 ) ) ;
#826 = CARTESIAN_POINT ( 'NONE',  ( -111.7226612015289078, 5.190507435617802479, 22.50000000000000711 ) ) ;
#827 = EDGE_LOOP ( 'NONE', ( #7625, #1191, #781, #433, #997 ) ) ;
#828 = EDGE_CURVE ( 'NONE', #5120, #5111, #3095, .T. ) ;
#829 = FACE_OUTER_BOUND ( 'NONE', #1686, .T. ) ;
#830 = AXIS2_PLACEMENT_3D ( 'NONE', #7944, #6213, #3680 ) ;
#831 = ADVANCED_FACE ( 'NONE', ( #2909 ), #3458, .F. ) ;
#832 = DIRECTION ( 'NONE',  ( 1.522024630730408022E-16, 6.758551201016278582E-17, 1.000000000000000000 ) ) ;
#833 = ORIENTED_EDGE ( 'NONE', *, *, #7413, .T. ) ;
#834 = VERTEX_POINT ( 'NONE', #3573 ) ;
#835 = CARTESIAN_POINT ( 'NONE',  ( -46.24458728496230719, -6.981101620618635373, -5.548663825269842143 ) ) ;
#836 = CARTESIAN_POINT ( 'NONE',  ( -136.5455764783257848, -56.19995899206218581, -4.054639236155040294 ) ) ;
#837 = ORIENTED_EDGE ( 'NONE', *, *, #6668, .F. ) ;
#838 = CARTESIAN_POINT ( 'NONE',  ( -48.60452842241132743, -1.429185263138552209, -2.675592887099900619 ) ) ;
#839 = AXIS2_PLACEMENT_3D ( 'NONE', #7676, #2629, #2002 ) ;
#840 = FACE_BOUND ( 'NONE', #3484, .T. ) ;
#841 = CARTESIAN_POINT ( 'NONE',  ( -136.8915717025153072, -55.53685241831976782, -3.086008035683430073 ) ) ;
#842 = EDGE_LOOP ( 'NONE', ( #1902, #7200, #6585, #3961, #3099, #6350, #545, #4905 ) ) ;
#843 = CARTESIAN_POINT ( 'NONE',  ( -126.6838624730682312, -49.20303570218513300, 12.77124631240514141 ) ) ;
#844 = DIRECTION ( 'NONE',  ( -0.6705919300765836866, -0.7418264374610560319, 0.000000000000000000 ) ) ;
#845 = CARTESIAN_POINT ( 'NONE',  ( -134.4828890839255848, -60.11641462766468180, -18.92396247118528407 ) ) ;
#846 = DIRECTION ( 'NONE',  ( -1.522024630730408022E-16, -6.758551201016278582E-17, -1.000000000000000000 ) ) ;
#847 = CARTESIAN_POINT ( 'NONE',  ( -54.00395920906887426, -24.37974143721863740, -14.70000000000000107 ) ) ;
#848 = CARTESIAN_POINT ( 'NONE',  ( -114.4201483707315532, -59.10292550940742018, -8.021428571428550924 ) ) ;
#849 = FACE_OUTER_BOUND ( 'NONE', #7322, .T. ) ;
#850 = CARTESIAN_POINT ( 'NONE',  ( -54.69902465107953304, -24.90285136567145230, -10.08557107842866429 ) ) ;
#851 = CARTESIAN_POINT ( 'NONE',  ( -123.0283308189108453, -57.18982772407447612, -3.183803752492257555 ) ) ;
#852 = CARTESIAN_POINT ( 'NONE',  ( -43.70951991618586163, -12.45273645409183949, -5.911015901460229038 ) ) ;
#853 = ORIENTED_EDGE ( 'NONE', *, *, #3021, .T. ) ;
#854 = CARTESIAN_POINT ( 'NONE',  ( -140.8369499037711137, -43.58432277324336468, 3.154816932867376078 ) ) ;
#855 = CIRCLE ( 'NONE', #6505, 1.500000000000838662 ) ;
#856 =( BOUNDED_SURFACE ( )  B_SPLINE_SURFACE ( 3, 2, ( 
 ( #1422, #2586, #3160 ),
 ( #196, #3933, #3856 ),
 ( #3820, #5006, #5702 ),
 ( #6399, #7012, #6362 ),
 ( #120, #2623, #3281 ),
 ( #5124, #7632, #2660 ),
 ( #5779, #2080, #4588 ),
 ( #3972, #2827, #6570 ),
 ( #7751, #4757, #3358 ),
 ( #7097, #887, #2254 ),
 ( #5240, #2788, #7218 ),
 ( #7178, #5982, #976 ) ),
 .UNSPECIFIED., .F., .F., .F. ) 
 B_SPLINE_SURFACE_WITH_KNOTS ( ( 4, 2, 2, 2, 2, 4 ),
 ( 3, 3 ),
 ( 4.336808689942017736E-18, 0.001703284384590977992, 0.003406568769181951648, 0.006813137538363898960, 0.01021970630754584497, 0.01362627507672779271 ),
 ( 0.000000000000000000, 1.000000000000000000 ),
 .UNSPECIFIED. ) 
 GEOMETRIC_REPRESENTATION_ITEM ( )  RATIONAL_B_SPLINE_SURFACE ( (
 ( 1.000000000000000000, 0.8110628112148337010, 1.000000000000000000),
 ( 1.000000000000000000, 0.8044866174715615825, 1.000000000000000000),
 ( 1.000000000000000000, 0.7981778528750695934, 1.000000000000000000),
 ( 1.000000000000000000, 0.7862271545332273348, 1.000000000000000000),
 ( 1.000000000000000000, 0.7805844844349066891, 1.000000000000000000),
 ( 1.000000000000000000, 0.7646770149681499928, 1.000000000000000000),
 ( 1.000000000000000000, 0.7554341587150151804, 1.000000000000000000),
 ( 1.000000000000000000, 0.7393014966060583726, 1.000000000000000000),
 ( 1.000000000000000000, 0.7324017289190437596, 1.000000000000000000),
 ( 1.000000000000000000, 0.7205112144240414240, 1.000000000000000000),
 ( 1.000000000000000000, 0.7155210256678170566, 1.000000000000000000),
 ( 1.000000000000000000, 0.7113076282299292119, 1.000000000000000000) ) ) 
 REPRESENTATION_ITEM ( '' )  SURFACE ( )  );
#857 = EDGE_CURVE ( 'NONE', #4209, #3187, #1339, .T. ) ;
#858 = CARTESIAN_POINT ( 'NONE',  ( -143.1600668203733449, -52.14262371946138330, -3.212004222436824818 ) ) ;
#859 = ORIENTED_EDGE ( 'NONE', *, *, #7122, .F. ) ;
#860 = DIRECTION ( 'NONE',  ( 0.4058374489394847573, -0.9139452746408239792, 2.775557561562891967E-17 ) ) ;
#861 = VERTEX_POINT ( 'NONE', #1629 ) ;
#862 = CARTESIAN_POINT ( 'NONE',  ( -41.70662455069191310, -16.96325355811412194, -13.56279912685057809 ) ) ;
#863 = CARTESIAN_POINT ( 'NONE',  ( -61.28066331632012265, -3.057684294080460496, 5.975304817286091641 ) ) ;
#864 = CARTESIAN_POINT ( 'NONE',  ( -138.9620557484487051, -61.59653782251286458, -18.04912948750102331 ) ) ;
#865 = ORIENTED_EDGE ( 'NONE', *, *, #4071, .F. ) ;
#866 = CIRCLE ( 'NONE', #7959, 26.50000000000001776 ) ;
#867 = CARTESIAN_POINT ( 'NONE',  ( -125.1106010042340415, -37.62154853770939411, -14.69999999999999041 ) ) ;
#868 = DIRECTION ( 'NONE',  ( 0.6705919300765831315, 0.7418264374610568090, -1.309225264888155391E-16 ) ) ;
#869 = ADVANCED_FACE ( 'NONE', ( #7998, #4914 ), #7382, .T. ) ;
#870 = DIRECTION ( 'NONE',  ( -0.9139452746408243122, -0.4058374489394839246, 0.000000000000000000 ) ) ;
#871 = ORIENTED_EDGE ( 'NONE', *, *, #1294, .F. ) ;
#872 = VERTEX_POINT ( 'NONE', #1793 ) ;
#873 = AXIS2_PLACEMENT_3D ( 'NONE', #5884, #5844, #4656 ) ;
#874 = CARTESIAN_POINT ( 'NONE',  ( -109.4762639920848670, -57.36559220485496269, 20.10000000000000853 ) ) ;
#875 = CARTESIAN_POINT ( 'NONE',  ( -137.0506354257694852, -60.97301859852679229, -17.68956480856340008 ) ) ;
#876 = VECTOR ( 'NONE', #5777, 1000.000000000000000 ) ;
#877 = EDGE_CURVE ( 'NONE', #3776, #4281, #2635, .T. ) ;
#878 = ORIENTED_EDGE ( 'NONE', *, *, #7689, .T. ) ;
#879 = CARTESIAN_POINT ( 'NONE',  ( -46.99570162617860092, -5.052260590402625873, -2.407444835499583213 ) ) ;
#880 = DIRECTION ( 'NONE',  ( 0.9139452746408239792, 0.4058374489394845352, 0.000000000000000000 ) ) ;
#881 = PLANE ( 'NONE',  #4586 ) ;
#882 = EDGE_LOOP ( 'NONE', ( #5419, #2447, #5968, #3456 ) ) ;
#883 = CARTESIAN_POINT ( 'NONE',  ( -119.7053311094985304, -57.63521892490553000, 11.58342430710068349 ) ) ;
#884 = CARTESIAN_POINT ( 'NONE',  ( -109.4762639920848670, -57.36559220485496269, 20.10000000000000853 ) ) ;
#885 = LINE ( 'NONE', #2825, #7289 ) ;
#886 = CARTESIAN_POINT ( 'NONE',  ( -59.96186841618274599, -17.18912619271020503, 10.79557143701916289 ) ) ;
#887 = CARTESIAN_POINT ( 'NONE',  ( -138.0134534212778306, -61.32005875077588541, -1.701474974097042070 ) ) ;
#888 = EDGE_CURVE ( 'NONE', #5145, #6345, #1016, .T. ) ;
#889 = CARTESIAN_POINT ( 'NONE',  ( -65.84203615900840134, -31.81806505981311517, -13.26042230033976210 ) ) ;
#890 = CARTESIAN_POINT ( 'NONE',  ( -115.0359006121055074, -53.66260324724907349, -13.26042230033913683 ) ) ;
#891 = CARTESIAN_POINT ( 'NONE',  ( -41.77239094366147754, -16.81514774816047364, -22.13507550033143190 ) ) ;
#892 = CARTESIAN_POINT ( 'NONE',  ( -56.35745395472620345, -26.57358391235812789, -4.505697400634003813 ) ) ;
#893 = CARTESIAN_POINT ( 'NONE',  ( -97.61980985088182194, -26.56909085815083316, -12.49999999999999289 ) ) ;
#894 = CARTESIAN_POINT ( 'NONE',  ( -123.0283308189108453, -57.18982772407447612, -3.183803752492257555 ) ) ;
#895 = ORIENTED_EDGE ( 'NONE', *, *, #3534, .T. ) ;
#896 = FACE_BOUND ( 'NONE', #1972, .T. ) ;
#897 = CARTESIAN_POINT ( 'NONE',  ( -45.70042598765455466, -20.28939405647896166, -16.94259990765311485 ) ) ;
#898 = EDGE_LOOP ( 'NONE', ( #7727, #1158 ) ) ;
#899 = CARTESIAN_POINT ( 'NONE',  ( -95.84832263637285621, -27.14256941780439902, 12.50000000000000711 ) ) ;
#900 = CARTESIAN_POINT ( 'NONE',  ( -125.0381680901065948, -38.74421432633528184, -17.14999999999995239 ) ) ;
#901 = VERTEX_POINT ( 'NONE', #6771 ) ;
#902 = DIRECTION ( 'NONE',  ( 1.522024630730407529E-16, 6.758551201016273652E-17, 1.000000000000000000 ) ) ;
#903 = EDGE_CURVE ( 'NONE', #4682, #2528, #946, .T. ) ;
#904 = CARTESIAN_POINT ( 'NONE',  ( -58.51355225324017084, -5.910765832487663296, 5.373182724161236656 ) ) ;
#905 = CARTESIAN_POINT ( 'NONE',  ( -87.17159876283979258, 2.669574969885152527, 15.10000000000000320 ) ) ;
#906 = ORIENTED_EDGE ( 'NONE', *, *, #4599, .T. ) ;
#907 = ORIENTED_EDGE ( 'NONE', *, *, #7344, .T. ) ;
#908 = ADVANCED_FACE ( 'NONE', ( #7258 ), #3529, .T. ) ;
#910 = VECTOR ( 'NONE', #6684, 1000.000000000000114 ) ;
#909 = B_SPLINE_CURVE_WITH_KNOTS ( 'NONE', 3,
 ( #1634, #2171, #4758, #2791, #3490, #7876, #5450, #7963, #2255, #5326 ),
 .UNSPECIFIED., .F., .F.,
 ( 4, 2, 2, 2, 4 ),
 ( 0.06668148479368117554, 0.06783866790303258454, 0.06899585101238400742, 0.07015303412173543030, 0.07131021723108683930 ),
 .UNSPECIFIED. ) ;
#911 = AXIS2_PLACEMENT_3D ( 'NONE', #2735, #1340, #3350 ) ;
#912 = CARTESIAN_POINT ( 'NONE',  ( -108.0680209389240360, -55.80775668618674246, 15.10000000000001208 ) ) ;
#913 = CARTESIAN_POINT ( 'NONE',  ( -111.7226612015289078, 5.190507435617802479, 12.50000000000000711 ) ) ;
#914 = AXIS2_PLACEMENT_3D ( 'NONE', #159, #47, #1842 ) ;
#915 = ORIENTED_EDGE ( 'NONE', *, *, #3450, .F. ) ;
#916 = ORIENTED_EDGE ( 'NONE', *, *, #1336, .F. ) ;
#917 = EDGE_CURVE ( 'NONE', #998, #3596, #5647, .T. ) ;
#918 = CIRCLE ( 'NONE', #4190, 52.00744483566130327 ) ;
#919 = CARTESIAN_POINT ( 'NONE',  ( -134.9177023101219390, -47.34391877516853242, 6.906601717798165119 ) ) ;
#920 = CARTESIAN_POINT ( 'NONE',  ( -141.6010629234257294, -63.04562011943565381, -20.18575762563240517 ) ) ;
#921 = CARTESIAN_POINT ( 'NONE',  ( -133.6957756237432875, -57.97699424004095903, -7.621288410780514333 ) ) ;
#922 = ORIENTED_EDGE ( 'NONE', *, *, #4369, .T. ) ;
#923 = CARTESIAN_POINT ( 'NONE',  ( -53.74935134617584964, -24.26668280184569682, -14.19139809630702231 ) ) ;
#924 = LINE ( 'NONE', #4131, #7343 ) ;
#925 = LINE ( 'NONE', #3439, #3142 ) ;
#926 = ORIENTED_EDGE ( 'NONE', *, *, #6460, .F. ) ;
#927 = CARTESIAN_POINT ( 'NONE',  ( -142.1695169802060548, -44.79105898983443979, 1.468577726123709404 ) ) ;
#928 = CARTESIAN_POINT ( 'NONE',  ( -47.75034095316543414, -19.36907873575966477, -22.15000000000000213 ) ) ;
#929 = CARTESIAN_POINT ( 'NONE',  ( -142.8236478879292690, -63.82012902854258840, -9.798281837885980394 ) ) ;
#930 =( GEOMETRIC_REPRESENTATION_CONTEXT ( 3 ) GLOBAL_UNCERTAINTY_ASSIGNED_CONTEXT ( ( #1096 ) ) GLOBAL_UNIT_ASSIGNED_CONTEXT ( ( #38, #7621, #1912 ) ) REPRESENTATION_CONTEXT ( 'NONE', 'WORKASPACE' ) );
#931 = CARTESIAN_POINT ( 'NONE',  ( -77.08880895307909498, -34.47339361895293308, 20.10000000000000497 ) ) ;
#932 = CYLINDRICAL_SURFACE ( 'NONE', #6582, 1.050000000000006928 ) ;
#933 = EDGE_CURVE ( 'NONE', #7935, #6061, #3807, .T. ) ;
#934 = CARTESIAN_POINT ( 'NONE',  ( -87.74221200772909413, -38.96193401680242374, 18.10000000000000497 ) ) ;
#935 = CARTESIAN_POINT ( 'NONE',  ( -88.20286979848266640, -37.92453342159888052, -12.49999999999999289 ) ) ;
#936 = CARTESIAN_POINT ( 'NONE',  ( -41.77047203740018233, -16.81946912193791732, -22.15000000000000568 ) ) ;
#937 = DIRECTION ( 'NONE',  ( -0.6705919300765834645, -0.7418264374610563650, 0.000000000000000000 ) ) ;
#938 = CARTESIAN_POINT ( 'NONE',  ( -122.7670072287536556, -54.38758226294049791, 10.97154826940791672 ) ) ;
#939 = CARTESIAN_POINT ( 'NONE',  ( -41.92679719629877155, -16.46742511846749579, -12.25191637358130414 ) ) ;
#940 = ORIENTED_EDGE ( 'NONE', *, *, #6234, .T. ) ;
#941 = CARTESIAN_POINT ( 'NONE',  ( -135.1831094278649914, -41.79097560382803778, 6.628595752665778384 ) ) ;
#942 = AXIS2_PLACEMENT_3D ( 'NONE', #1038, #951, #5300 ) ;
#943 = CARTESIAN_POINT ( 'NONE',  ( -45.63042034417544102, -20.44707541729644618, -18.11558293000204500 ) ) ;
#944 = ORIENTED_EDGE ( 'NONE', *, *, #3730, .F. ) ;
#945 = LINE ( 'NONE', #2141, #6566 ) ;
#946 = B_SPLINE_CURVE_WITH_KNOTS ( 'NONE', 3,
 ( #1138, #3655, #6810, #6187, #2336, #1103, #2951, #2865, #4221, #1058, #1713, #4835, #5364, #6688, #4135, #5446, #7870, #2252, #7341, #407, #4754, #6734 ),
 .UNSPECIFIED., .F., .F.,
 ( 4, 2, 2, 2, 2, 2, 2, 2, 2, 2, 4 ),
 ( -5.443579803052245211E-05, 0.0007903545291625594217, 0.001635144856355641180, 0.003324725510741806649, 0.005014306165127971684, 0.006703886819514138021, 0.008393467473900302622, 0.009238257801093397933, 0.01008304812828649324, 0.01177262878267268734, 0.01346220943705888143 ),
 .UNSPECIFIED. ) ;
#947 = DIRECTION ( 'NONE',  ( -0.4058374489394844242, 0.9139452746408240902, 1.232595164407830946E-32 ) ) ;
#948 = ORIENTED_EDGE ( 'NONE', *, *, #406, .F. ) ;
#949 = CARTESIAN_POINT ( 'NONE',  ( -47.60080316382141774, -11.08169507306992863, -3.842806056089168365 ) ) ;
#950 = CARTESIAN_POINT ( 'NONE',  ( -60.70979101962164037, -4.357979895039098217, 6.546553914693875598 ) ) ;
#951 = DIRECTION ( 'NONE',  ( 1.522024630730408022E-16, 6.758551201016278582E-17, 1.000000000000000000 ) ) ;
#952 = ORIENTED_EDGE ( 'NONE', *, *, #6519, .T. ) ;
#953 = ORIENTED_EDGE ( 'NONE', *, *, #4826, .F. ) ;
#954 = EDGE_CURVE ( 'NONE', #7988, #7666, #560, .T. ) ;
#955 = LINE ( 'NONE', #7775, #6662 ) ;
#956 = ADVANCED_FACE ( 'NONE', ( #829 ), #3952, .T. ) ;
#957 = CARTESIAN_POINT ( 'NONE',  ( -46.39747703253960509, -6.399461401852176934, -2.509335970678299610 ) ) ;
#958 = PRODUCT_DEFINITION_SHAPE ( 'NONE', 'NONE',  #7048 ) ;
#959 = VERTEX_POINT ( 'NONE', #4955 ) ;
#960 = EDGE_LOOP ( 'NONE', ( #6642, #1939, #6534, #7518 ) ) ;
#961 = DIRECTION ( 'NONE',  ( -0.6705919300765862401, -0.7418264374610538114, 0.000000000000000000 ) ) ;
#962 = CARTESIAN_POINT ( 'NONE',  ( -142.3634437653483928, -61.32873970395726104, -22.14999999999999147 ) ) ;
#963 =( BOUNDED_SURFACE ( )  B_SPLINE_SURFACE ( 3, 2, ( 
 ( #2168, #6990, #5749 ),
 ( #60, #7177, #5630 ),
 ( #4667, #4051, #17 ),
 ( #2560, #2520, #5021 ),
 ( #7523, #3832, #5135 ),
 ( #886, #7646, #7603 ),
 ( #3213, #1893, #1358 ),
 ( #4482, #2599, #1281 ),
 ( #3788, #1321, #6295 ),
 ( #3173, #2012, #1393 ),
 ( #5713, #4443, #5056 ),
 ( #96, #7563, #1936 ),
 ( #1973, #4517, #3906 ),
 ( #6520, #3867, #4708 ),
 ( #1715, #6026, #1591 ),
 ( #2826, #7873, #975 ),
 ( #4136, #7345, #409 ),
 ( #2253, #7961, #6646 ),
 ( #2995, #4756, #3617 ),
 ( #2381, #7300, #2338 ) ),
 .UNSPECIFIED., .F., .F., .F. ) 
 B_SPLINE_SURFACE_WITH_KNOTS ( ( 4, 2, 2, 2, 2, 2, 2, 2, 2, 4 ),
 ( 3, 3 ),
 ( 0.04866700580334035880, 0.05123715849050214377, 0.05380731117766392180, 0.05637746386482569982, 0.05894761655198747785, 0.06151776923914926282, 0.06408792192631104778, 0.06537299826989192986, 0.06665807461347282581, 0.06922822730063460384 ),
 ( 0.000000000000000000, 1.000000000000000000 ),
 .UNSPECIFIED. ) 
 GEOMETRIC_REPRESENTATION_ITEM ( )  RATIONAL_B_SPLINE_SURFACE ( (
 ( 1.000000000000000000, 0.8110628112148340341, 1.000000000000000000),
 ( 1.000000000000000000, 0.8167002478454157277, 1.000000000000000000),
 ( 1.000000000000000000, 0.8224219627063203975, 1.000000000000000000),
 ( 1.000000000000000000, 0.8340240903200161204, 1.000000000000000000),
 ( 1.000000000000000000, 0.8399144275293803918, 1.000000000000000000),
 ( 1.000000000000000000, 0.8517164178266689589, 1.000000000000000000),
 ( 1.000000000000000000, 0.8576389097186823962, 1.000000000000000000),
 ( 1.000000000000000000, 0.8694195127513016930, 1.000000000000000000),
 ( 1.000000000000000000, 0.8752503296899092344, 1.000000000000000000),
 ( 1.000000000000000000, 0.8865170891123892449, 1.000000000000000000),
 ( 1.000000000000000000, 0.8919645304623911031, 1.000000000000000000),
 ( 1.000000000000000000, 0.9021277665786857636, 1.000000000000000000),
 ( 1.000000000000000000, 0.9068464158952426191, 1.000000000000000000),
 ( 1.000000000000000000, 0.9129462938457674204, 1.000000000000000000),
 ( 1.000000000000000000, 0.9148181060438246304, 1.000000000000000000),
 ( 1.000000000000000000, 0.9180707212937807560, 1.000000000000000000),
 ( 1.000000000000000000, 0.9194614070092922420, 1.000000000000000000),
 ( 1.000000000000000000, 0.9228284028221376278, 1.000000000000000000),
 ( 1.000000000000000000, 0.9239957018566644642, 1.000000000000000000),
 ( 1.000000000000000000, 0.9238709320613808229, 1.000000000000000000) ) ) 
 REPRESENTATION_ITEM ( '' )  SURFACE ( )  );
#964 = BREP_WITH_VOIDS ( 'NONE', #5729, ( #7661, #5002 ) );
#965 = ADVANCED_FACE ( 'NONE', ( #8071 ), #2722, .T. ) ;
#966 = ADVANCED_FACE ( 'NONE', ( #5217 ), #7730, .F. ) ;
#967 = EDGE_LOOP ( 'NONE', ( #3058, #693 ) ) ;
#968 = CARTESIAN_POINT ( 'NONE',  ( -51.40014792819204814, -23.22351889625063492, -3.700000000000002398 ) ) ;
#969 = EDGE_CURVE ( 'NONE', #799, #3120, #1579, .T. ) ;
#970 = DIRECTION ( 'NONE',  ( -0.6705919300765827984, -0.7418264374610570311, 0.000000000000000000 ) ) ;
#971 = DIRECTION ( 'NONE',  ( -0.6705919300765831315, -0.7418264374610565870, 1.850371707708593084E-16 ) ) ;
#972 = VERTEX_POINT ( 'NONE', #2455 ) ;
#973 = CARTESIAN_POINT ( 'NONE',  ( -145.0256280975351046, -47.94138275889858392, -2.397531466759287522 ) ) ;
#974 = DIRECTION ( 'NONE',  ( 1.522024630730408022E-16, 6.758551201016278582E-17, 1.000000000000000000 ) ) ;
#975 = CARTESIAN_POINT ( 'NONE',  ( -60.58970659314766749, -33.26511305358654624, 5.481649028267107759 ) ) ;
#976 = CARTESIAN_POINT ( 'NONE',  ( -129.2033850473997916, -57.77205057294444401, -13.14809138725865978 ) ) ;
#977 = ADVANCED_FACE ( 'NONE', ( #1214 ), #3734, .F. ) ;
#978 = CARTESIAN_POINT ( 'NONE',  ( -70.91201784783505957, -31.88776579587304738, -14.69999999999999929 ) ) ;
#979 = CARTESIAN_POINT ( 'NONE',  ( -111.5843059572271869, -49.94829754415219725, -14.69999999999999396 ) ) ;
#980 = AXIS2_PLACEMENT_3D ( 'NONE', #3453, #3408, #2217 ) ;
#981 = DIRECTION ( 'NONE',  ( 0.9139452746408235351, 0.4058374489394856455, 0.000000000000000000 ) ) ;
#982 = CARTESIAN_POINT ( 'NONE',  ( -92.13949305319582095, -29.05926425758253728, -22.14999999999999503 ) ) ;
#983 = CARTESIAN_POINT ( 'NONE',  ( -53.29293875766411759, -24.06401276707992309, -13.14809138725794391 ) ) ;
#984 = CARTESIAN_POINT ( 'NONE',  ( -41.81311175238942468, -16.72344455316471112, -12.89292741828479372 ) ) ;
#985 = CARTESIAN_POINT ( 'NONE',  ( -140.2533308577157527, -42.97773870873831470, 3.919630135262771820 ) ) ;
#986 = ADVANCED_FACE ( 'NONE', ( #3107 ), #5604, .F. ) ;
#988 = EDGE_CURVE ( 'NONE', #5296, #1043, #6930, .T. ) ;
#987 = FACE_OUTER_BOUND ( 'NONE', #2507, .T. ) ;
#989 = VERTEX_POINT ( 'NONE', #76 ) ;
#990 = CARTESIAN_POINT ( 'NONE',  ( -47.25467427180730340, -20.48531929563890230, -14.70000000000000107 ) ) ;
#991 = LINE ( 'NONE', #2883, #4993 ) ;
#992 = CIRCLE ( 'NONE', #1250, 1.500000000000005107 ) ;
#993 = ORIENTED_EDGE ( 'NONE', *, *, #4222, .F. ) ;
#994 = DIRECTION ( 'NONE',  ( 1.522024630730408022E-16, 6.758551201016278582E-17, 1.000000000000000000 ) ) ;
#995 = DIRECTION ( 'NONE',  ( 0.4058374489394843132, -0.9139452746408240902, 0.000000000000000000 ) ) ;
#996 = CARTESIAN_POINT ( 'NONE',  ( -144.0286793527473890, -57.57863187077404632, -6.409287478501260793 ) ) ;
#997 = ORIENTED_EDGE ( 'NONE', *, *, #7387, .T. ) ;
#998 = VERTEX_POINT ( 'NONE', #3383 ) ;
#999 = DIRECTION ( 'NONE',  ( 1.522024630730408022E-16, 6.758551201016278582E-17, 1.000000000000000000 ) ) ;
#1000 = FACE_OUTER_BOUND ( 'NONE', #4934, .T. ) ;
#1001 = EDGE_CURVE ( 'NONE', #805, #6948, #2765, .T. ) ;
#1002 = ORIENTED_EDGE ( 'NONE', *, *, #1984, .F. ) ;
#1003 = EDGE_LOOP ( 'NONE', ( #6764, #3838, #7890, #4454 ) ) ;
#1004 = DIRECTION ( 'NONE',  ( 0.4058374489394843687, -0.9139452746408239792, 1.232595164407831220E-32 ) ) ;
#1005 = CARTESIAN_POINT ( 'NONE',  ( -143.2619393523517033, -41.91277257536651746, 1.101145421330192553 ) ) ;
#1006 = CIRCLE ( 'NONE', #87, 2.100000000000001865 ) ;
#1007 = VECTOR ( 'NONE', #2968, 1000.000000000000000 ) ;
#1008 = AXIS2_PLACEMENT_3D ( 'NONE', #6808, #564, #3071 ) ;
#1009 = ORIENTED_EDGE ( 'NONE', *, *, #3506, .F. ) ;
#1010 = CARTESIAN_POINT ( 'NONE',  ( -131.0303330706336737, -51.27155421470233421, 1.977412168642064705 ) ) ;
#1011 = VERTEX_POINT ( 'NONE', #867 ) ;
#1012 = CARTESIAN_POINT ( 'NONE',  ( -77.08880895307909498, -34.47339361895294019, 14.45000000000000817 ) ) ;
#1013 = DIRECTION ( 'NONE',  ( 0.4058374489394851459, -0.9139452746408237571, -1.602373713730180230E-31 ) ) ;
#1014 = ORIENTED_EDGE ( 'NONE', *, *, #5139, .F. ) ;
#1015 = CARTESIAN_POINT ( 'NONE',  ( -61.07010901051872764, -34.95773606938511335, 5.886796564403921295 ) ) ;
#1016 = LINE ( 'NONE', #446, #5387 ) ;
#1017 = AXIS2_PLACEMENT_3D ( 'NONE', #6233, #2035, #610 ) ;
#1018 = VECTOR ( 'NONE', #3426, 1000.000000000000227 ) ;
#1019 = EDGE_CURVE ( 'NONE', #2859, #6475, #256, .T. ) ;
#1020 = CARTESIAN_POINT ( 'NONE',  ( -133.7366179578682477, -46.85781846377329884, 2.716122747957108174 ) ) ;
#1021 = CARTESIAN_POINT ( 'NONE',  ( -47.07945036893945456, -20.87992323977631415, -16.46973243518483088 ) ) ;
#1022 = DIRECTION ( 'NONE',  ( -1.522024630730408022E-16, -6.758551201016278582E-17, -1.000000000000000000 ) ) ;
#1023 = CARTESIAN_POINT ( 'NONE',  ( -112.4005394935720119, -50.31074609038957135, -14.69999999999957119 ) ) ;
#1024 = DIRECTION ( 'NONE',  ( -1.522024630730408022E-16, -6.758551201016278582E-17, -1.000000000000000000 ) ) ;
#1025 = DIRECTION ( 'NONE',  ( 1.522024630730408022E-16, 6.758551201016278582E-17, 1.000000000000000000 ) ) ;
#1026 = DIRECTION ( 'NONE',  ( -1.522024630730408022E-16, -6.758551201016278582E-17, -1.000000000000000000 ) ) ;
#1027 = CARTESIAN_POINT ( 'NONE',  ( -133.7258567031406358, -44.88782443637875019, 6.940088891536092319 ) ) ;
#1028 = CARTESIAN_POINT ( 'NONE',  ( -45.71217353149999241, -20.26291368770922929, -16.76608703737199946 ) ) ;
#1029 = ORIENTED_EDGE ( 'NONE', *, *, #1565, .F. ) ;
#1030 = ADVANCED_FACE ( 'NONE', ( #300 ), #2768, .T. ) ;
#1031 = FACE_BOUND ( 'NONE', #4991, .T. ) ;
#1032 = VECTOR ( 'NONE', #3214, 1000.000000000000000 ) ;
#1033 = CYLINDRICAL_SURFACE ( 'NONE', #6304, 1.124999999999998446 ) ;
#1034 = CIRCLE ( 'NONE', #7332, 37.50000000000002132 ) ;
#1035 = EDGE_LOOP ( 'NONE', ( #5301, #400 ) ) ;
#1036 = LINE ( 'NONE', #1079, #657 ) ;
#1037 = FACE_OUTER_BOUND ( 'NONE', #5557, .T. ) ;
#1038 = CARTESIAN_POINT ( 'NONE',  ( -79.69293320283669857, 3.199845865316033766, 12.50000000000000355 ) ) ;
#1039 = VERTEX_POINT ( 'NONE', #912 ) ;
#1040 = ORIENTED_EDGE ( 'NONE', *, *, #769, .F. ) ;
#1041 = DIRECTION ( 'NONE',  ( -1.522024630730408022E-16, -6.758551201016278582E-17, -1.000000000000000000 ) ) ;
#1042 = DIRECTION ( 'NONE',  ( -0.6705919300765830204, -0.7418264374610566980, 1.522024630730407282E-16 ) ) ;
#1043 = VERTEX_POINT ( 'NONE', #4117 ) ;
#1044 = ORIENTED_EDGE ( 'NONE', *, *, #4599, .F. ) ;
#1045 = VECTOR ( 'NONE', #2981, 1000.000000000000114 ) ;
#1046 = CARTESIAN_POINT ( 'NONE',  ( -44.02091616840930044, -19.14359265723231474, -21.48810012414097059 ) ) ;
#1047 = CIRCLE ( 'NONE', #5627, 1.574999999999997735 ) ;
#1048 = CARTESIAN_POINT ( 'NONE',  ( -139.4525919973358441, -60.49185098821016737, -22.07663646782955524 ) ) ;
#1049 = AXIS2_PLACEMENT_3D ( 'NONE', #6993, #1940, #1361 ) ;
#1050 = VERTEX_POINT ( 'NONE', #3559 ) ;
#1051 = CARTESIAN_POINT ( 'NONE',  ( -47.00682397428433035, -21.04347776236338419, -20.96969781442291492 ) ) ;
#1052 = VECTOR ( 'NONE', #6825, 1000.000000000000114 ) ;
#1053 = ORIENTED_EDGE ( 'NONE', *, *, #469, .T. ) ;
#1054 = LINE ( 'NONE', #5936, #7206 ) ;
#1055 = DIRECTION ( 'NONE',  ( -0.9139452746408237571, -0.4058374489394851459, 1.665334536937733825E-16 ) ) ;
#1056 = AXIS2_PLACEMENT_3D ( 'NONE', #283, #2793, #6611 ) ;
#1057 = CARTESIAN_POINT ( 'NONE',  ( -97.61980985088180773, -26.56909085815083316, 14.50000000000000888 ) ) ;
#1058 = CARTESIAN_POINT ( 'NONE',  ( -111.2489099000464279, -54.98689532400987190, -13.50453551730316093 ) ) ;
#1059 = VECTOR ( 'NONE', #7665, 1000.000000000000000 ) ;
#1060 = EDGE_CURVE ( 'NONE', #6934, #4318, #4034, .T. ) ;
#1061 = CYLINDRICAL_SURFACE ( 'NONE', #6277, 2.100000000000003197 ) ;
#1062 = CARTESIAN_POINT ( 'NONE',  ( -78.51939732520267512, 4.498042130872885735, 15.60000000000000497 ) ) ;
#1063 = EDGE_CURVE ( 'NONE', #6831, #7418, #4079, .T. ) ;
#1064 = EDGE_CURVE ( 'NONE', #3983, #5934, #2849, .T. ) ;
#1065 = CARTESIAN_POINT ( 'NONE',  ( -71.09883919007953068, -32.28068024662771762, -14.70000000002044160 ) ) ;
#1066 = DIRECTION ( 'NONE',  ( -0.9139452746408237571, -0.4058374489394852014, 1.665334536937733825E-16 ) ) ;
#1067 = CARTESIAN_POINT ( 'NONE',  ( -59.38050049175978984, -10.35483364746906787, -13.14809138724569770 ) ) ;
#1068 = CARTESIAN_POINT ( 'NONE',  ( -97.61980985088182194, -26.56909085815083671, -21.34999999999999787 ) ) ;
#1069 = AXIS2_PLACEMENT_3D ( 'NONE', #2213, #6027, #2169 ) ;
#1070 = DIRECTION ( 'NONE',  ( 0.6705919300765831315, 0.7418264374610565870, -1.387778780781444936E-16 ) ) ;
#1071 = CARTESIAN_POINT ( 'NONE',  ( -60.50308626678613422, -5.163699359136068701, 6.736382682932166688 ) ) ;
#1072 = EDGE_CURVE ( 'NONE', #4082, #1280, #8096, .T. ) ;
#1073 = DIRECTION ( 'NONE',  ( 1.522024630730407529E-16, 6.758551201016273652E-17, 1.000000000000000000 ) ) ;
#1074 = ORIENTED_EDGE ( 'NONE', *, *, #4567, .F. ) ;
#1075 = CARTESIAN_POINT ( 'NONE',  ( -111.0043000685904246, -47.49645080092922456, 8.907611844574892856 ) ) ;
#1076 = B_SPLINE_CURVE_WITH_KNOTS ( 'NONE', 3,
 ( #1625, #353, #2862, #7866, #1752, #8068, #3145, #7420, #5523, #483, #7496, #6224, #8107, #3652, #4832, #6850, #4219, #4875, #2492, #4335, #6768, #1135, #2990, #2452, #5601, #3068, #1790, #561, #8036, #4992, #598, #1211, #6885, #6103, #5643, #4297, #1101, #6142, #4374, #639, #6729, #5558, #1868, #2413, #1249, #3728, #3765, #3104, #4912, #1710, #7380, #4952 ),
 .UNSPECIFIED., .F., .F.,
 ( 4, 1, 1, 1, 1, 1, 2, 2, 1, 1, 1, 2, 2, 1, 1, 1, 1, 2, 2, 1, 1, 1, 1, 2, 2, 1, 1, 1, 1, 2, 2, 1, 1, 1, 1, 2, 2, 4 ),
 ( 0.000000000000000000, 0.1249999999999781841, 0.1874999999999674982, 0.2187499999999619471, 0.2343749999999591715, 0.2421874999999574229, 0.2460937499999566735, 0.2499999999999558964, 0.3124999999999453215, 0.3437499999999403810, 0.3593749999999379385, 0.3671874999999366618, 0.3749999999999353295, 0.4374999999999273359, 0.4687499999999226730, 0.4843749999999207301, 0.4921874999999201195, 0.4960937499999199529, 0.4999999999999198419, 0.5624999999999202860, 0.5937499999999208411, 0.6093749999999218403, 0.6171874999999231726, 0.6210937499999233946, 0.6249999999999235056, 0.6874999999999213962, 0.7187499999999203970, 0.7343749999999193978, 0.7421874999999193978, 0.7460937499999197309, 0.7499999999999200639, 0.8124999999999338307, 0.8437499999999407141, 0.8593749999999440448, 0.8671874999999464873, 0.8710937499999477085, 0.8749999999999488187, 1.000000000000000000 ),
 .UNSPECIFIED. ) ;
#1077 = FACE_OUTER_BOUND ( 'NONE', #1471, .T. ) ;
#1078 = ORIENTED_EDGE ( 'NONE', *, *, #4947, .F. ) ;
#1079 = CARTESIAN_POINT ( 'NONE',  ( -129.3508263196537484, -69.79010391230676191, -7.672778918891222766 ) ) ;
#1080 = FACE_BOUND ( 'NONE', #2889, .T. ) ;
#1081 = CARTESIAN_POINT ( 'NONE',  ( -145.4723490467748945, -42.81256077533488735, -1.435387697968771858 ) ) ;
#1082 = ORIENTED_EDGE ( 'NONE', *, *, #437, .T. ) ;
#1083 = ORIENTED_EDGE ( 'NONE', *, *, #6552, .F. ) ;
#1084 = DIRECTION ( 'NONE',  ( -1.522024630730408022E-16, -6.758551201016278582E-17, -1.000000000000000000 ) ) ;
#1085 = AXIS2_PLACEMENT_3D ( 'NONE', #7771, #3989, #7893 ) ;
#1086 = AXIS2_PLACEMENT_3D ( 'NONE', #54, #4438, #3326 ) ;
#1087 = ORIENTED_EDGE ( 'NONE', *, *, #1734, .F. ) ;
#1088 = DIRECTION ( 'NONE',  ( 1.522024630730408022E-16, 6.758551201016278582E-17, 1.000000000000000000 ) ) ;
#1089 = DIRECTION ( 'NONE',  ( -1.466073828900804912E-13, -5.315551262989937225E-14, 1.000000000000000000 ) ) ;
#1090 = AXIS2_PLACEMENT_3D ( 'NONE', #7055, #48, #7548 ) ;
#1091 = ORIENTED_EDGE ( 'NONE', *, *, #6519, .F. ) ;
#1092 = ADVANCED_FACE ( 'NONE', ( #5878 ), #5304, .F. ) ;
#1093 = CARTESIAN_POINT ( 'NONE',  ( -64.15395634788640677, -6.784868417322286405, 10.72390012751699295 ) ) ;
#1094 = CARTESIAN_POINT ( 'NONE',  ( -141.8907351952380793, -62.39327863466342450, -21.67929094319402239 ) ) ;
#1095 = EDGE_CURVE ( 'NONE', #3030, #4909, #955, .T. ) ;
#1096 = UNCERTAINTY_MEASURE_WITH_UNIT (LENGTH_MEASURE( 1.000000000000000082E-05 ), #38, 'distance_accuracy_value', 'NONE');
#1097 = ORIENTED_EDGE ( 'NONE', *, *, #7133, .T. ) ;
#1098 = CARTESIAN_POINT ( 'NONE',  ( -45.56750679536048665, -20.58875662685602137, -20.31630695402710174 ) ) ;
#1099 = ORIENTED_EDGE ( 'NONE', *, *, #2585, .T. ) ;
#1100 = CARTESIAN_POINT ( 'NONE',  ( -59.44169530167194893, -5.862866193846912211, 6.171003022311898789 ) ) ;
#1101 = CARTESIAN_POINT ( 'NONE',  ( -144.4741122857503228, -56.57551763045379545, -5.420558026786204131 ) ) ;
#1102 = CARTESIAN_POINT ( 'NONE',  ( -127.9644587584665771, -45.83117923727751730, -4.118550721140421089 ) ) ;
#1103 = CARTESIAN_POINT ( 'NONE',  ( -110.8084399380534535, -51.82781230006990114, -14.52982668711634773 ) ) ;
#1104 = CARTESIAN_POINT ( 'NONE',  ( -145.5020822516627277, -46.86840877908024794, -2.407444835499567226 ) ) ;
#1105 = CARTESIAN_POINT ( 'NONE',  ( -133.0253151000710261, -53.77956025799294082, 2.554497805462627280 ) ) ;
#1106 = CYLINDRICAL_SURFACE ( 'NONE', #3143, 5.999999999999992006 ) ;
#1107 = LINE ( 'NONE', #2384, #2317 ) ;
#1108 = DIRECTION ( 'NONE',  ( -1.522024630730408022E-16, -6.758551201016278582E-17, -1.000000000000000000 ) ) ;
#1109 = PLANE ( 'NONE',  #5303 ) ;
#1110 = CARTESIAN_POINT ( 'NONE',  ( -130.6219388064208147, -58.40195944683284068, -14.69999999999998508 ) ) ;
#1111 = CARTESIAN_POINT ( 'NONE',  ( -71.88420294925140297, -20.06490158467027030, 4.002394000832230910E-15 ) ) ;
#1112 = ORIENTED_EDGE ( 'NONE', *, *, #6135, .F. ) ;
#1113 = CARTESIAN_POINT ( 'NONE',  ( -51.98524618597014779, -1.381352007724471198, -3.027495581421823623 ) ) ;
#1114 = CONICAL_SURFACE ( 'NONE', #4387, 35.94015283223684776, 1.538618363230597419 ) ;
#1115 = LINE ( 'NONE', #7889, #1968 ) ;
#1116 = ORIENTED_EDGE ( 'NONE', *, *, #2769, .T. ) ;
#1117 = DIRECTION ( 'NONE',  ( -0.6705919300765844637, -0.7418264374610555878, 0.000000000000000000 ) ) ;
#1118 = DIRECTION ( 'NONE',  ( 1.522024630730408022E-16, 6.758551201016278582E-17, 1.000000000000000000 ) ) ;
#1119 = CARTESIAN_POINT ( 'NONE',  ( -100.6746173626164307, -11.27795392891637505, 12.50000000000000711 ) ) ;
#1120 = ORIENTED_EDGE ( 'NONE', *, *, #8082, .T. ) ;
#1121 = ORIENTED_EDGE ( 'NONE', *, *, #5979, .F. ) ;
#1122 = DIRECTION ( 'NONE',  ( -0.6705919300765837976, -0.7418264374610561429, 0.000000000000000000 ) ) ;
#1123 = ADVANCED_FACE ( 'NONE', ( #5433 ), #4776, .F. ) ;
#1124 = EDGE_LOOP ( 'NONE', ( #386, #5616, #2240, #2536, #2924, #1586, #4911, #7645 ) ) ;
#1125 = DIRECTION ( 'NONE',  ( -0.6705919300765862401, -0.7418264374610538114, 0.000000000000000000 ) ) ;
#1126 = DIRECTION ( 'NONE',  ( 0.9139452746408235351, 0.4058374489394856455, 0.000000000000000000 ) ) ;
#1127 = EDGE_LOOP ( 'NONE', ( #6248, #3179, #3333, #1726 ) ) ;
#1128 = CARTESIAN_POINT ( 'NONE',  ( -101.2046617022203776, -43.69797982398731051, -14.69999999999999218 ) ) ;
#1129 = EDGE_LOOP ( 'NONE', ( #3082, #6496, #818, #1154 ) ) ;
#1130 = EDGE_CURVE ( 'NONE', #484, #3875, #6337, .T. ) ;
#1131 = VERTEX_POINT ( 'NONE', #4737 ) ;
#1132 = CARTESIAN_POINT ( 'NONE',  ( -61.65069948056262916, -35.44346496254673440, -6.827566779408466680 ) ) ;
#1133 = VERTEX_POINT ( 'NONE', #6627 ) ;
#1134 = CARTESIAN_POINT ( 'NONE',  ( -78.20612330996527817, -31.85154148202835245, 20.10000000000000497 ) ) ;
#1135 = CARTESIAN_POINT ( 'NONE',  ( -143.0467788395952766, -59.78987022866453316, -9.548796757623508213 ) ) ;
#1136 = ORIENTED_EDGE ( 'NONE', *, *, #2596, .F. ) ;
#1137 = CYLINDRICAL_SURFACE ( 'NONE', #6128, 10.99999999999999645 ) ;
#1138 = CARTESIAN_POINT ( 'NONE',  ( -110.7595557283413967, -49.58206716013717141, -14.69999999999999041 ) ) ;
#1139 = CONICAL_SURFACE ( 'NONE', #744, 35.94015283223684776, 1.538618363230597419 ) ;
#1140 = EDGE_CURVE ( 'NONE', #1552, #13, #5201, .T. ) ;
#1141 = LINE ( 'NONE', #3036, #7063 ) ;
#1142 = DIRECTION ( 'NONE',  ( 1.522024630730408022E-16, 6.758551201016278582E-17, 1.000000000000000000 ) ) ;
#1143 = DIRECTION ( 'NONE',  ( 0.6705919300765819102, 0.7418264374610576972, 0.000000000000000000 ) ) ;
#1144 = CARTESIAN_POINT ( 'NONE',  ( -131.1195569783011194, -57.16289016361527331, 5.268080604212525664 ) ) ;
#1145 = VECTOR ( 'NONE', #6370, 1000.000000000000227 ) ;
#1146 = B_SPLINE_CURVE_WITH_KNOTS ( 'NONE', 3,
 ( #731, #3238, #5318, #4583, #2208, #2251, #2864, #7095 ),
 .UNSPECIFIED., .F., .F.,
 ( 4, 2, 2, 4 ),
 ( 0.000000000000000000, 0.002312687040596443644, 0.003469030560894665466, 0.004625374081192887288 ),
 .UNSPECIFIED. ) ;
#1147 = CYLINDRICAL_SURFACE ( 'NONE', #6172, 1.500000000000587308 ) ;
#1148 = CARTESIAN_POINT ( 'NONE',  ( -97.01105367747261710, -27.94000877011203698, 12.50000000000000711 ) ) ;
#1149 = CARTESIAN_POINT ( 'NONE',  ( -134.9879799855039835, -59.97106821998474402, -14.69999999999998508 ) ) ;
#1150 = CARTESIAN_POINT ( 'NONE',  ( -122.9990339933746952, -32.91502834804259692, -12.49999999999998934 ) ) ;
#1151 = ORIENTED_EDGE ( 'NONE', *, *, #1763, .F. ) ;
#1152 = LINE ( 'NONE', #3627, #1052 ) ;
#1153 = CARTESIAN_POINT ( 'NONE',  ( -125.1106010042340415, -37.62154853770939411, -14.69999999999999041 ) ) ;
#1154 = ORIENTED_EDGE ( 'NONE', *, *, #5925, .T. ) ;
#1155 = CARTESIAN_POINT ( 'NONE',  ( -131.7248129391122689, -19.90491316305642044, 20.10000000000001208 ) ) ;
#1156 = DIRECTION ( 'NONE',  ( -1.522024630730408022E-16, -6.758551201016278582E-17, -1.000000000000000000 ) ) ;
#1157 = CARTESIAN_POINT ( 'NONE',  ( -60.69310489242347018, -33.10748681997264953, 7.658499120039722108 ) ) ;
#1158 = ORIENTED_EDGE ( 'NONE', *, *, #77, .T. ) ;
#1159 = VERTEX_POINT ( 'NONE', #7282 ) ;
#1160 = CARTESIAN_POINT ( 'NONE',  ( -56.49227249204469814, -8.306405655874041116, -25.68553390593274344 ) ) ;
#1161 = ORIENTED_EDGE ( 'NONE', *, *, #888, .F. ) ;
#1162 = CARTESIAN_POINT ( 'NONE',  ( -46.37942304120421255, -18.76032256235043860, -22.15000000000000213 ) ) ;
#1163 = EDGE_CURVE ( 'NONE', #4069, #4038, #7815, .T. ) ;
#1164 = CARTESIAN_POINT ( 'NONE',  ( -106.2416252207046483, -22.96988349774547800, 14.50000000000001066 ) ) ;
#1165 = ADVANCED_FACE ( 'NONE', ( #6591 ), #7314, .F. ) ;
#1166 = B_SPLINE_SURFACE_WITH_KNOTS ( 'NONE', 3, 1, ( 
 ( #295, #5831 ),
 ( #4561, #176 ),
 ( #7724, #7027 ),
 ( #2186, #949 ),
 ( #2677, #5176 ),
 ( #4028, #7769 ),
 ( #2806, #3377 ),
 ( #5138, #824 ),
 ( #138, #4686 ),
 ( #3948, #5793 ),
 ( #4520, #2054 ),
 ( #7192, #7071 ),
 ( #1439, #7686 ),
 ( #6455, #3298 ),
 ( #2717, #5256 ),
 ( #3334, #214 ),
 ( #5213, #2640 ),
 ( #862, #1480 ),
 ( #5297, #2099 ),
 ( #7809, #785 ),
 ( #1561, #4070 ),
 ( #7112, #4605 ) ),
 .UNSPECIFIED., .F., .F., .F.,
 ( 4, 2, 2, 2, 2, 2, 2, 2, 2, 2, 4 ),
 ( 2, 2 ),
 ( 0.000000000000000000, 0.1250000000000006106, 0.1875000000000006661, 0.2500000000000007216, 0.3750000000000006661, 0.4375000000000006661, 0.5000000000000005551, 0.6250000000000004441, 0.6875000000000004441, 0.7500000000000004441, 1.000000000000000000 ),
 ( 0.000000000000000000, 1.000000000000000000 ),
 .UNSPECIFIED. ) ;
#1167 = ORIENTED_EDGE ( 'NONE', *, *, #796, .F. ) ;
#1168 = EDGE_CURVE ( 'NONE', #6803, #5963, #2723, .T. ) ;
#1169 = DIRECTION ( 'NONE',  ( -0.6705919300765815771, -0.7418264374610579193, 0.000000000000000000 ) ) ;
#1170 = ORIENTED_EDGE ( 'NONE', *, *, #933, .F. ) ;
#1171 = ORIENTED_EDGE ( 'NONE', *, *, #4879, .T. ) ;
#1172 = CARTESIAN_POINT ( 'NONE',  ( -61.40916074234530697, -35.24087857073713081, -6.109301298667806357 ) ) ;
#1173 = EDGE_LOOP ( 'NONE', ( #2927, #1574 ) ) ;
#1174 = DIRECTION ( 'NONE',  ( -0.9610761936858023269, 0.000000000000000000, 0.2762834593862077415 ) ) ;
#1175 = CARTESIAN_POINT ( 'NONE',  ( -136.2161186929588439, -32.71368432027760065, -4.154549302121592014 ) ) ;
#1176 = CARTESIAN_POINT ( 'NONE',  ( -133.2379508649930813, -41.08516277266078731, 5.500000000000013323 ) ) ;
#1177 = AXIS2_PLACEMENT_3D ( 'NONE', #5437, #592, #1169 ) ;
#1178 = VECTOR ( 'NONE', #7091, 1000.000000000000000 ) ;
#1179 =( BOUNDED_CURVE ( )  B_SPLINE_CURVE ( 3, ( #7225, #1639, #2175, #4762 ),
 .UNSPECIFIED., .F., .F. ) 
 B_SPLINE_CURVE_WITH_KNOTS ( ( 4, 4 ),
 ( 4.994058953086408792, 6.038051238738244564 ),
 .UNSPECIFIED. ) 
 CURVE ( )  GEOMETRIC_REPRESENTATION_ITEM ( )  RATIONAL_B_SPLINE_CURVE ( ( 1.000000000000000000, 0.9112170717761675087, 0.9112170717761675087, 1.000000000000000000 ) ) 
 REPRESENTATION_ITEM ( '' )  );
#1180 = CARTESIAN_POINT ( 'NONE',  ( -51.14744960093479165, -2.568653546343392158, -2.886897491484059053 ) ) ;
#1181 = CARTESIAN_POINT ( 'NONE',  ( -88.20286979848266640, -37.92453342159888052, -12.49999999999999289 ) ) ;
#1182 = CARTESIAN_POINT ( 'NONE',  ( -131.6769698186959090, -50.26577944803242559, 2.034913210965858088 ) ) ;
#1183 = CARTESIAN_POINT ( 'NONE',  ( -135.6076908099708476, -60.52641968483933255, -20.58494765305776042 ) ) ;
#1184 = CIRCLE ( 'NONE', #5378, 37.50000000000002132 ) ;
#1185 = CYLINDRICAL_SURFACE ( 'NONE', #6839, 26.50000000000001776 ) ;
#1186 = CYLINDRICAL_SURFACE ( 'NONE', #6361, 41.22755788103231822 ) ;
#1187 = CARTESIAN_POINT ( 'NONE',  ( -135.5912682706725150, -60.56340321661671311, -20.04512421095767749 ) ) ;
#1188 = EDGE_CURVE ( 'NONE', #1039, #3499, #3897, .T. ) ;
#1189 = AXIS2_PLACEMENT_3D ( 'NONE', #2574, #3072, #5561 ) ;
#1190 = CARTESIAN_POINT ( 'NONE',  ( -68.71942922282359234, -34.69663042937695252, -14.13459679480582132 ) ) ;
#1191 = ORIENTED_EDGE ( 'NONE', *, *, #2273, .T. ) ;
#1192 = CARTESIAN_POINT ( 'NONE',  ( -100.4125857312673276, -20.48750484791351667, 12.50000000000000711 ) ) ;
#1193 = CARTESIAN_POINT ( 'NONE',  ( -117.8981075892651518, -58.35501199292832553, 5.259983217788158250 ) ) ;
#1194 = CARTESIAN_POINT ( 'NONE',  ( -97.01105367747261710, -27.94000877011203698, 6.000000000000072831 ) ) ;
#1195 = PLANE ( 'NONE',  #5983 ) ;
#1196 = CARTESIAN_POINT ( 'NONE',  ( -97.37259023266631175, -15.57186927902598228, 14.50000000000000888 ) ) ;
#1197 = EDGE_LOOP ( 'NONE', ( #1647, #4047, #2971, #3600 ) ) ;
#1198 = VERTEX_POINT ( 'NONE', #3512 ) ;
#1199 = CARTESIAN_POINT ( 'NONE',  ( -91.73509228634814860, -45.54420875464012397, 18.10000000000000497 ) ) ;
#1200 = VERTEX_POINT ( 'NONE', #7118 ) ;
#1201 = CARTESIAN_POINT ( 'NONE',  ( -122.1727202277607915, -54.92480235498684493, 10.72407175869120088 ) ) ;
#1202 = CARTESIAN_POINT ( 'NONE',  ( -54.48984717410067447, -24.74695163574420320, -10.61123364343649200 ) ) ;
#1203 = EDGE_LOOP ( 'NONE', ( #7001, #2514, #1289, #7800 ) ) ;
#1204 = FACE_OUTER_BOUND ( 'NONE', #3527, .T. ) ;
#1205 = ORIENTED_EDGE ( 'NONE', *, *, #6659, .F. ) ;
#1206 = ADVANCED_FACE ( 'NONE', ( #7159 ), #1525, .T. ) ;
#1207 = AXIS2_PLACEMENT_3D ( 'NONE', #1511, #7760, #4637 ) ;
#1208 = ORIENTED_EDGE ( 'NONE', *, *, #2689, .F. ) ;
#1209 = PLANE ( 'NONE',  #2840 ) ;
#1210 = EDGE_LOOP ( 'NONE', ( #5205, #674, #5864, #8102, #1324, #7437 ) ) ;
#1211 = CARTESIAN_POINT ( 'NONE',  ( -143.7608247380373427, -58.18184002725536885, -7.163734557872537323 ) ) ;
#1212 = VERTEX_POINT ( 'NONE', #7369 ) ;
#1213 = FACE_OUTER_BOUND ( 'NONE', #6166, .T. ) ;
#1214 = FACE_OUTER_BOUND ( 'NONE', #3866, .T. ) ;
#1215 = EDGE_CURVE ( 'NONE', #5046, #7247, #8098, .T. ) ;
#1216 = EDGE_CURVE ( 'NONE', #16, #6543, #1224, .T. ) ;
#1217 = EDGE_CURVE ( 'NONE', #7418, #2014, #7919, .T. ) ;
#1218 = CARTESIAN_POINT ( 'NONE',  ( -51.92459421795869901, -1.345236746022621999, -3.100686844395985187 ) ) ;
#1219 = DIRECTION ( 'NONE',  ( -0.9139452746408248673, -0.4058374489394825924, 1.665334536937733825E-16 ) ) ;
#1220 = DIRECTION ( 'NONE',  ( -1.522024630730408022E-16, -6.758551201016278582E-17, -1.000000000000000000 ) ) ;
#1221 = CARTESIAN_POINT ( 'NONE',  ( -129.8862604980363358, -48.20039447026696422, 10.75766841433065402 ) ) ;
#1222 = DIRECTION ( 'NONE',  ( -0.4058374489394844242, 0.9139452746408240902, 1.232595164407830946E-32 ) ) ;
#1223 = DIRECTION ( 'NONE',  ( 1.522024630730408022E-16, 6.758551201016278582E-17, 1.000000000000000000 ) ) ;
#1224 = CIRCLE ( 'NONE', #2942, 37.50000000000002132 ) ;
#1225 = EDGE_CURVE ( 'NONE', #5046, #2934, #6876, .T. ) ;
#1226 = CARTESIAN_POINT ( 'NONE',  ( -65.06892336427429768, -36.45430777221243801, -11.73409691423527690 ) ) ;
#1227 = ORIENTED_EDGE ( 'NONE', *, *, #5158, .F. ) ;
#1228 = CARTESIAN_POINT ( 'NONE',  ( -104.6987753501714451, -53.19648220658017834, 8.907611844574892856 ) ) ;
#1229 = PLANE ( 'NONE',  #7745 ) ;
#1230 = CARTESIAN_POINT ( 'NONE',  ( -125.0214069032512469, -56.85185275117999737, 0.9991556250142452633 ) ) ;
#1231 = DIRECTION ( 'NONE',  ( -1.000000000000000000, 0.000000000000000000, 1.734723475976808080E-16 ) ) ;
#1232 = EDGE_CURVE ( 'NONE', #262, #3764, #6796, .T. ) ;
#1233 = LINE ( 'NONE', #1119, #4263 ) ;
#1234 = ORIENTED_EDGE ( 'NONE', *, *, #7742, .F. ) ;
#1235 = ORIENTED_EDGE ( 'NONE', *, *, #6635, .F. ) ;
#1236 = DIRECTION ( 'NONE',  ( 0.6705919300765862401, 0.7418264374610538114, 0.000000000000000000 ) ) ;
#1237 = CIRCLE ( 'NONE', #6097, 2.100000000000001865 ) ;
#1238 = ORIENTED_EDGE ( 'NONE', *, *, #7860, .F. ) ;
#1239 = CARTESIAN_POINT ( 'NONE',  ( -97.61980985088180773, -26.56909085815083316, -14.69999999999999396 ) ) ;
#1240 = CARTESIAN_POINT ( 'NONE',  ( -55.78487611203570395, -11.07164858978544864, 4.987336529262279328 ) ) ;
#1241 = ORIENTED_EDGE ( 'NONE', *, *, #3584, .F. ) ;
#1242 = CARTESIAN_POINT ( 'NONE',  ( -57.70532761497000251, -3.921354477548201878, 3.530088410304285329 ) ) ;
#1243 = EDGE_LOOP ( 'NONE', ( #7986, #3639 ) ) ;
#1244 = CIRCLE ( 'NONE', #4915, 8507.626810897734686 ) ;
#1245 = ADVANCED_FACE ( 'NONE', ( #3059 ), #6838, .F. ) ;
#1246 = ORIENTED_EDGE ( 'NONE', *, *, #5979, .T. ) ;
#1247 = CARTESIAN_POINT ( 'NONE',  ( -149.7130684763548629, -44.77739681393870796, -3.097864185165791540 ) ) ;
#1248 = ORIENTED_EDGE ( 'NONE', *, *, #5299, .F. ) ;
#1249 = CARTESIAN_POINT ( 'NONE',  ( -145.4173062558413392, -54.45144634455620292, -3.818833134553583974 ) ) ;
#1250 = AXIS2_PLACEMENT_3D ( 'NONE', #2125, #974, #3931 ) ;
#1251 = EDGE_LOOP ( 'NONE', ( #5672, #3197 ) ) ;
#1252 = CARTESIAN_POINT ( 'NONE',  ( -118.1508107486845205, -18.66478809734867284, 20.10000000000000853 ) ) ;
#1253 = DIRECTION ( 'NONE',  ( -1.522024630730407529E-16, -6.758551201016273652E-17, -1.000000000000000000 ) ) ;
#1254 = ADVANCED_FACE ( 'NONE', ( #2976 ), #3094, .F. ) ;
#1255 = VECTOR ( 'NONE', #3746, 1000.000000000000000 ) ;
#1256 = CARTESIAN_POINT ( 'NONE',  ( -45.22574981960430307, -18.14169870431382137, -22.15000000000000213 ) ) ;
#1257 = EDGE_CURVE ( 'NONE', #3908, #179, #8025, .T. ) ;
#1258 = CARTESIAN_POINT ( 'NONE',  ( -146.9314572430269834, -51.04158078521168562, -2.509335970680235395 ) ) ;
#1259 = CARTESIAN_POINT ( 'NONE',  ( -61.35933021288131783, -5.095117180312584537, 7.442308602933989548 ) ) ;
#1260 = CARTESIAN_POINT ( 'NONE',  ( -137.2223502413876588, -60.58627035304603936, -21.62526650690076480 ) ) ;
#1261 = CIRCLE ( 'NONE', #4541, 35.72902093797259226 ) ;
#1262 = CARTESIAN_POINT ( 'NONE',  ( -97.61980985088182194, -26.56909085815083316, -12.49999999999999289 ) ) ;
#1263 = ADVANCED_FACE ( 'NONE', ( #4286 ), #3014, .F. ) ;
#1264 = CARTESIAN_POINT ( 'NONE',  ( -141.3250141461034843, -56.27626621880845903, -6.315491138373914737 ) ) ;
#1265 = FACE_OUTER_BOUND ( 'NONE', #6426, .T. ) ;
#1266 = VERTEX_POINT ( 'NONE', #4206 ) ;
#1267 = VECTOR ( 'NONE', #2476, 1000.000000000000000 ) ;
#1268 = FACE_OUTER_BOUND ( 'NONE', #6053, .T. ) ;
#1269 = FACE_OUTER_BOUND ( 'NONE', #7781, .T. ) ;
#1270 = CARTESIAN_POINT ( 'NONE',  ( -130.1901766306605168, -54.92600511461888857, 2.829349243213095999 ) ) ;
#1271 =( BOUNDED_SURFACE ( )  B_SPLINE_SURFACE ( 3, 2, ( 
 ( #968, #2945, #4127 ),
 ( #7252, #1622, #398 ),
 ( #6638, #2902, #5440 ),
 ( #3726, #2487, #1172 ),
 ( #3800, #2370, #4413 ),
 ( #6925, #5685, #558 ),
 ( #3185, #1901, #1132 ),
 ( #6804, #516, #4990 ),
 ( #3101, #1825, #596 ),
 ( #28, #6221, #3066 ) ),
 .UNSPECIFIED., .F., .F., .T. ) 
 B_SPLINE_SURFACE_WITH_KNOTS ( ( 4, 2, 2, 2, 4 ),
 ( 3, 3 ),
 ( 0.1213943583778177571, 0.1271262654635427758, 0.1285592422349740305, 0.1299922190064052852, 0.1328581725492678223 ),
 ( 0.000000000000000000, 1.000000000000000000 ),
 .UNSPECIFIED. ) 
 GEOMETRIC_REPRESENTATION_ITEM ( )  RATIONAL_B_SPLINE_SURFACE ( (
 ( 1.000000000000000000, 0.8944271909999176318, 1.000000000000000000),
 ( 1.000000000000000000, 0.8944225122559503749, 1.000000000000000000),
 ( 1.000000000000000000, 0.8938570179380588288, 1.000000000000000000),
 ( 1.000000000000000000, 0.8924326617850235621, 1.000000000000000000),
 ( 1.000000000000000000, 0.8921114901316514745, 1.000000000000000000),
 ( 1.000000000000000000, 0.8913936881908440801, 1.000000000000000000),
 ( 1.000000000000000000, 0.8909958416247402146, 1.000000000000000000),
 ( 1.000000000000000000, 0.8897019739022240525, 1.000000000000000000),
 ( 1.000000000000000000, 0.8887022215978271911, 1.000000000000000000),
 ( 1.000000000000000000, 0.8875621284095470687, 1.000000000000000000) ) ) 
 REPRESENTATION_ITEM ( '' )  SURFACE ( )  );
#1272 = CARTESIAN_POINT ( 'NONE',  ( -48.60452842241134874, -1.429185263138514017, -2.675592887099892625 ) ) ;
#1273 = DIRECTION ( 'NONE',  ( -0.9139452746408237571, -0.4058374489394851459, 1.665334536937733825E-16 ) ) ;
#1274 = ORIENTED_EDGE ( 'NONE', *, *, #8081, .F. ) ;
#1275 = CARTESIAN_POINT ( 'NONE',  ( -107.5515181425170113, -21.84033093509863122, 14.50000000000001066 ) ) ;
#1276 = ORIENTED_EDGE ( 'NONE', *, *, #1001, .T. ) ;
#1277 = PLANE ( 'NONE',  #4946 ) ;
#1278 = AXIS2_PLACEMENT_3D ( 'NONE', #233, #7174, #315 ) ;
#1279 = EDGE_CURVE ( 'NONE', #7470, #1050, #7653, .T. ) ;
#1280 = VERTEX_POINT ( 'NONE', #6717 ) ;
#1281 = CARTESIAN_POINT ( 'NONE',  ( -58.81463110721666965, -29.58140909939943342, 1.726138622347152429 ) ) ;
#1282 = DIRECTION ( 'NONE',  ( 0.6705919300765830204, 0.7418264374610566980, -1.522024630730407282E-16 ) ) ;
#1283 = VERTEX_POINT ( 'NONE', #1162 ) ;
#1284 = FACE_BOUND ( 'NONE', #5602, .T. ) ;
#1285 = CARTESIAN_POINT ( 'NONE',  ( -140.1198871507341437, -50.36496086759954238, -22.14999999999998437 ) ) ;
#1286 = ORIENTED_EDGE ( 'NONE', *, *, #7036, .F. ) ;
#1287 = EDGE_LOOP ( 'NONE', ( #7576, #3998, #4241, #1120 ) ) ;
#1288 = CARTESIAN_POINT ( 'NONE',  ( -138.8534268693803426, -61.84116988141597915, -20.17663742571751584 ) ) ;
#1289 = ORIENTED_EDGE ( 'NONE', *, *, #4899, .T. ) ;
#1290 = CARTESIAN_POINT ( 'NONE',  ( -39.67267591700071705, -18.01593431158988423, -9.798281837811590123 ) ) ;
#1291 = ORIENTED_EDGE ( 'NONE', *, *, #2899, .T. ) ;
#1292 = DIRECTION ( 'NONE',  ( -0.000000000000000000, -0.000000000000000000, 1.000000000000000000 ) ) ;
#1293 = CARTESIAN_POINT ( 'NONE',  ( -135.9073659119672470, -59.85155184276898410, -14.70000000000003126 ) ) ;
#1294 = EDGE_CURVE ( 'NONE', #7481, #6671, #4579, .T. ) ;
#1295 = CARTESIAN_POINT ( 'NONE',  ( -44.81058190561007137, -20.39218704955490580, -22.15000000000000213 ) ) ;
#1296 = CARTESIAN_POINT ( 'NONE',  ( -111.0043000685904246, -47.49645080092922456, 12.50000000000001066 ) ) ;
#1297 = CARTESIAN_POINT ( 'NONE',  ( -136.2931184959581401, -58.98283765131061074, -22.13619748345075067 ) ) ;
#1298 = ORIENTED_EDGE ( 'NONE', *, *, #2870, .F. ) ;
#1299 = CARTESIAN_POINT ( 'NONE',  ( -135.5883573056942168, -60.56995870501118873, -20.18153296664775098 ) ) ;
#1300 = AXIS2_PLACEMENT_3D ( 'NONE', #1576, #3018, #6095 ) ;
#1301 = CARTESIAN_POINT ( 'NONE',  ( -128.4163111975860829, -14.71263671694811315, 15.10000000000001208 ) ) ;
#1302 = VECTOR ( 'NONE', #4304, 1000.000000000000000 ) ;
#1303 = CARTESIAN_POINT ( 'NONE',  ( -138.8674360375225092, -61.80962125755532099, -19.90226640499231792 ) ) ;
#1304 = ADVANCED_FACE ( 'NONE', ( #2403, #7406, #1781 ), #4939, .F. ) ;
#1305 = EDGE_CURVE ( 'NONE', #6087, #4373, #6214, .T. ) ;
#1306 = EDGE_CURVE ( 'NONE', #6637, #5390, #3401, .T. ) ;
#1307 = DIRECTION ( 'NONE',  ( 0.6705919300765829094, 0.7418264374610568090, -1.326211790879754574E-16 ) ) ;
#1308 = CIRCLE ( 'NONE', #1833, 1.750000000000002220 ) ;
#1309 = FACE_OUTER_BOUND ( 'NONE', #1124, .T. ) ;
#1310 = VECTOR ( 'NONE', #2508, 1000.000000000000000 ) ;
#1311 = CARTESIAN_POINT ( 'NONE',  ( -128.3866376541060390, -55.66393701097161539, 2.570466539677699114 ) ) ;
#1312 = CARTESIAN_POINT ( 'NONE',  ( -97.61980985088182194, -26.56909085815083671, -14.69999999999999396 ) ) ;
#1313 = DIRECTION ( 'NONE',  ( -1.522024630730408022E-16, -6.758551201016278582E-17, -1.000000000000000000 ) ) ;
#1314 = VERTEX_POINT ( 'NONE', #709 ) ;
#1315 = CIRCLE ( 'NONE', #2235, 1.124999999999998446 ) ;
#1316 = DIRECTION ( 'NONE',  ( 1.522024630730408022E-16, 6.758551201016278582E-17, 1.000000000000000000 ) ) ;
#1317 = ORIENTED_EDGE ( 'NONE', *, *, #1855, .T. ) ;
#1318 = CARTESIAN_POINT ( 'NONE',  ( -64.31018594272278222, -6.854242177411113524, 5.500000000000001776 ) ) ;
#1319 = EDGE_CURVE ( 'NONE', #6139, #5575, #6472, .T. ) ;
#1320 = ORIENTED_EDGE ( 'NONE', *, *, #6835, .T. ) ;
#1321 = CARTESIAN_POINT ( 'NONE',  ( -56.64059530593556246, -25.99767156184937988, 9.131345617624724298 ) ) ;
#1322 = CIRCLE ( 'NONE', #6044, 3.999999999999998668 ) ;
#1323 = CARTESIAN_POINT ( 'NONE',  ( -97.61980985088182194, -26.56909085815083316, -12.49999999999999289 ) ) ;
#1324 = ORIENTED_EDGE ( 'NONE', *, *, #4327, .F. ) ;
#1325 = DIRECTION ( 'NONE',  ( 0.9400287392378581242, 0.3410952497571361208, -1.661277865705174929E-16 ) ) ;
#1326 = CARTESIAN_POINT ( 'NONE',  ( -149.7130684763548629, -44.77739681393870796, -3.097864185165791540 ) ) ;
#1327 = CARTESIAN_POINT ( 'NONE',  ( -149.7130684763548629, -44.77739681393872218, -22.14999999999998437 ) ) ;
#1328 = EDGE_LOOP ( 'NONE', ( #7231, #7321 ) ) ;
#1329 = VECTOR ( 'NONE', #2458, 1000.000000000000000 ) ;
#1330 = EDGE_CURVE ( 'NONE', #1980, #7120, #6372, .T. ) ;
#1331 = CARTESIAN_POINT ( 'NONE',  ( -44.30961683276234453, -18.49343365885873425, -14.53273390703867740 ) ) ;
#1332 = ORIENTED_EDGE ( 'NONE', *, *, #4222, .T. ) ;
#1333 = CARTESIAN_POINT ( 'NONE',  ( -131.2413652338088070, -23.81507746856875585, -14.69999999999998863 ) ) ;
#1334 = ORIENTED_EDGE ( 'NONE', *, *, #6956, .T. ) ;
#1335 = FACE_OUTER_BOUND ( 'NONE', #7847, .T. ) ;
#1336 = EDGE_CURVE ( 'NONE', #5774, #5589, #6569, .T. ) ;
#1337 = CIRCLE ( 'NONE', #4228, 32.16057989992780364 ) ;
#1338 = CARTESIAN_POINT ( 'NONE',  ( -48.01474694171521662, -2.757372197985106688, -2.420152625384702105 ) ) ;
#1339 = B_SPLINE_CURVE_WITH_KNOTS ( 'NONE', 3,
 ( #2416, #1672, #3033, #2379 ),
 .UNSPECIFIED., .F., .F.,
 ( 4, 4 ),
 ( 0.007259997262099028917, 0.008935802132108832188 ),
 .UNSPECIFIED. ) ;
#1340 = DIRECTION ( 'NONE',  ( 1.522024630730407529E-16, 6.758551201016273652E-17, 1.000000000000000000 ) ) ;
#1341 = LINE ( 'NONE', #3351, #6708 ) ;
#1342 = EDGE_LOOP ( 'NONE', ( #1360, #2486, #3290 ) ) ;
#1343 = CARTESIAN_POINT ( 'NONE',  ( -138.0427921254602666, -40.30622159611257871, 6.906601717798171336 ) ) ;
#1344 = DIRECTION ( 'NONE',  ( -0.4058374489394843687, 0.9139452746408243122, -1.232595164407831220E-32 ) ) ;
#1345 = VECTOR ( 'NONE', #777, 1000.000000000000000 ) ;
#1346 = CARTESIAN_POINT ( 'NONE',  ( -139.1713995938405048, -61.12693261763382679, -16.01957246385887501 ) ) ;
#1347 = LINE ( 'NONE', #5087, #2518 ) ;
#1348 = EDGE_CURVE ( 'NONE', #5016, #5302, #1620, .T. ) ;
#1349 = CARTESIAN_POINT ( 'NONE',  ( -66.89194845602817452, -32.06573804311064890, -13.73733957257640803 ) ) ;
#1350 = CARTESIAN_POINT ( 'NONE',  ( -120.5289257151899420, -54.55737645684278192, -10.59523736784349524 ) ) ;
#1351 = CARTESIAN_POINT ( 'NONE',  ( -70.98570184640693981, -13.58738412129853046, -14.69999999999999751 ) ) ;
#1352 = DIRECTION ( 'NONE',  ( -0.4390552265429726320, -0.1949624972389875921, -0.8770519555394862277 ) ) ;
#1353 = ORIENTED_EDGE ( 'NONE', *, *, #6219, .T. ) ;
#1354 = DIRECTION ( 'NONE',  ( 1.522024630730408022E-16, 6.758551201016278582E-17, 1.000000000000000000 ) ) ;
#1355 = ORIENTED_EDGE ( 'NONE', *, *, #7561, .T. ) ;
#1356 = DIRECTION ( 'NONE',  ( 1.522024630730408022E-16, 6.758551201016278582E-17, 1.000000000000000000 ) ) ;
#1357 = ORIENTED_EDGE ( 'NONE', *, *, #6190, .T. ) ;
#1358 = CARTESIAN_POINT ( 'NONE',  ( -58.39704048313491569, -28.96071590716341504, 0.7135060320328244776 ) ) ;
#1359 = CARTESIAN_POINT ( 'NONE',  ( -121.5291482322845411, -37.18603386751507145, -14.69999999999998863 ) ) ;
#1360 = ORIENTED_EDGE ( 'NONE', *, *, #6938, .F. ) ;
#1361 = DIRECTION ( 'NONE',  ( -0.6705919300765834645, -0.7418264374610564760, 0.000000000000000000 ) ) ;
#1362 = CARTESIAN_POINT ( 'NONE',  ( -52.11389044728364439, -1.438476498961338557, -2.886758449385950165 ) ) ;
#1363 = CARTESIAN_POINT ( 'NONE',  ( -138.3904955242317953, -39.74659642670429349, 6.735614515111900680 ) ) ;
#1364 = VERTEX_POINT ( 'NONE', #2637 ) ;
#1365 = DIRECTION ( 'NONE',  ( -0.4058374489394842577, 0.9139452746408240902, -1.232595164407830946E-32 ) ) ;
#1366 = EDGE_LOOP ( 'NONE', ( #6444, #7896, #1457 ) ) ;
#1367 = CIRCLE ( 'NONE', #594, 1.750000000000004885 ) ;
#1368 = CARTESIAN_POINT ( 'NONE',  ( -123.2800083373703330, -45.95612552396948303, 12.50000000000001243 ) ) ;
#1369 = ORIENTED_EDGE ( 'NONE', *, *, #6477, .T. ) ;
#1370 = DIRECTION ( 'NONE',  ( -0.6462569013319324762, -0.2869704122045600991, -0.7071067811865431318 ) ) ;
#1371 = ADVANCED_FACE ( 'NONE', ( #3252 ), #963, .T. ) ;
#1372 = CARTESIAN_POINT ( 'NONE',  ( -47.70993786509446011, -3.443801742555584688, -2.407444835499600977 ) ) ;
#1373 = FILL_AREA_STYLE ('',( #7502 ) ) ;
#1374 = CARTESIAN_POINT ( 'NONE',  ( -46.24796621731334056, -19.05636311584885689, -22.15000000000000568 ) ) ;
#1375 = DIRECTION ( 'NONE',  ( -0.1893738032293799944, -0.1298788091598853944, -0.9732774823151155719 ) ) ;
#1376 = ORIENTED_EDGE ( 'NONE', *, *, #2670, .F. ) ;
#1377 = CARTESIAN_POINT ( 'NONE',  ( -116.6638606967279941, -58.90301682155909191, 5.815134633556239940 ) ) ;
#1378 = FACE_OUTER_BOUND ( 'NONE', #5146, .T. ) ;
#1379 = CARTESIAN_POINT ( 'NONE',  ( -139.3860052356660049, -60.64181002730787640, -14.34341902575345884 ) ) ;
#1380 = B_SPLINE_CURVE_WITH_KNOTS ( 'NONE', 3,
 ( #5566, #8075, #2459, #1838, #7664, #2614, #3195, #2119, #2030, #5693, #2653, #802, #3885, #5080, #6970, #2073, #1374, #4537 ),
 .UNSPECIFIED., .F., .F.,
 ( 4, 2, 2, 2, 1, 1, 2, 2, 2, 4 ),
 ( 0.000000000000000000, 0.2500000000000390243, 0.3750000000000580647, 0.4375000000000668354, 0.4687500000000716094, 0.4843750000000749401, 0.4921875000000754397, 0.5000000000000759393, 0.7500000000000379696, 1.000000000000000000 ),
 .UNSPECIFIED. ) ;
#1381 = DIRECTION ( 'NONE',  ( -0.9139452746408237571, -0.4058374489394851459, 1.665334536937733825E-16 ) ) ;
#1382 = CARTESIAN_POINT ( 'NONE',  ( -63.42207533169755607, -36.52846893355426516, -9.876453364956464753 ) ) ;
#1383 = CARTESIAN_POINT ( 'NONE',  ( -112.2265716781848255, -57.53463810308707593, -11.52311681044984226 ) ) ;
#1384 = VECTOR ( 'NONE', #2683, 1000.000000000000000 ) ;
#1385 = LINE ( 'NONE', #774, #7167 ) ;
#1386 = CARTESIAN_POINT ( 'NONE',  ( -87.59411362507343313, -39.29545133356011632, -14.69999999999999396 ) ) ;
#1387 = EDGE_LOOP ( 'NONE', ( #4213, #4425, #6992, #4848 ) ) ;
#1388 = DIRECTION ( 'NONE',  ( 0.4949680778242058210, 0.5475467111382402718, -0.6746845196510050657 ) ) ;
#1389 = ORIENTED_EDGE ( 'NONE', *, *, #7429, .F. ) ;
#1390 = CARTESIAN_POINT ( 'NONE',  ( -89.71550709007968294, -6.038089960348102636, 12.50000000000000533 ) ) ;
#1391 = VECTOR ( 'NONE', #6047, 1000.000000000000000 ) ;
#1392 = ORIENTED_EDGE ( 'NONE', *, *, #3896, .F. ) ;
#1393 = CARTESIAN_POINT ( 'NONE',  ( -59.40496474367128599, -30.57406436588748733, 3.123203427108153019 ) ) ;
#1394 = DIRECTION ( 'NONE',  ( -0.6705919300765823543, -0.7418264374610571421, 0.000000000000000000 ) ) ;
#1395 = EDGE_CURVE ( 'NONE', #1133, #5251, #5613, .T. ) ;
#1396 = ORIENTED_EDGE ( 'NONE', *, *, #2193, .F. ) ;
#1397 = CARTESIAN_POINT ( 'NONE',  ( -128.9323517985469607, -49.79229178273574519, -4.914409637494129512 ) ) ;
#1398 = CARTESIAN_POINT ( 'NONE',  ( -149.1385086328923251, -46.07130464650364843, -2.675592887094414341 ) ) ;
#1399 = LINE ( 'NONE', #7568, #3960 ) ;
#1400 = VERTEX_POINT ( 'NONE', #4880 ) ;
#1401 = CIRCLE ( 'NONE', #4419, 14.99999999999999822 ) ;
#1402 = B_SPLINE_CURVE_WITH_KNOTS ( 'NONE', 3,
 ( #3123, #5619, #7, #5011 ),
 .UNSPECIFIED., .F., .F.,
 ( 4, 4 ),
 ( 0.000000000000000000, 0.002015935763131622080 ),
 .UNSPECIFIED. ) ;
#1403 = EDGE_CURVE ( 'NONE', #5209, #294, #3574, .T. ) ;
#1404 = EDGE_CURVE ( 'NONE', #6782, #8026, #3116, .T. ) ;
#1405 = EDGE_CURVE ( 'NONE', #4201, #3791, #5219, .T. ) ;
#1406 = CARTESIAN_POINT ( 'NONE',  ( -45.76710465099424141, -15.21004196933829888, -7.720130791938929704 ) ) ;
#1407 = ORIENTED_EDGE ( 'NONE', *, *, #4836, .T. ) ;
#1408 = VERTEX_POINT ( 'NONE', #4223 ) ;
#1409 = CARTESIAN_POINT ( 'NONE',  ( -137.1923674742407400, -60.65379544422054892, -21.54737076856514122 ) ) ;
#1410 = DIRECTION ( 'NONE',  ( 1.522024630730408022E-16, 6.758551201016278582E-17, 1.000000000000000000 ) ) ;
#1411 = ORIENTED_EDGE ( 'NONE', *, *, #1977, .T. ) ;
#1412 = CARTESIAN_POINT ( 'NONE',  ( -135.8591192100038541, -42.78334806883229646, -13.14809138724558046 ) ) ;
#1413 = CARTESIAN_POINT ( 'NONE',  ( -112.8961970791629312, 3.892311170060953174, 20.10000000000000853 ) ) ;
#1414 = AXIS2_PLACEMENT_3D ( 'NONE', #5210, #2674, #7721 ) ;
#1415 = VECTOR ( 'NONE', #725, 1000.000000000000000 ) ;
#1416 = DIRECTION ( 'NONE',  ( 0.6705919300765831315, 0.7418264374610565870, -1.522024630730407282E-16 ) ) ;
#1417 = CARTESIAN_POINT ( 'NONE',  ( -139.5017631310550712, -45.66633080257123112, -22.14999999999998792 ) ) ;
#1418 = ORIENTED_EDGE ( 'NONE', *, *, #7240, .F. ) ;
#1419 = FACE_OUTER_BOUND ( 'NONE', #3635, .T. ) ;
#1420 = FACE_OUTER_BOUND ( 'NONE', #1210, .T. ) ;
#1421 = CARTESIAN_POINT ( 'NONE',  ( -119.7028797120568413, -41.29878760339872912, 7.114656559949423754E-14 ) ) ;
#1422 = CARTESIAN_POINT ( 'NONE',  ( -134.9177023101219675, -47.34391877516852531, 6.906601717798167783 ) ) ;
#1423 = EDGE_CURVE ( 'NONE', #7121, #2439, #6849, .T. ) ;
#1424 = CARTESIAN_POINT ( 'NONE',  ( -63.75932389521937438, -36.57483185967807771, -10.31147908022350279 ) ) ;
#1425 = AXIS2_PLACEMENT_3D ( 'NONE', #691, #7746, #80 ) ;
#1426 = CARTESIAN_POINT ( 'NONE',  ( -117.2022848730808562, -52.44296138745792035, -14.70000000000132268 ) ) ;
#1427 = CARTESIAN_POINT ( 'NONE',  ( -60.50308626678613422, -5.163699359136068701, 6.736382682932166688 ) ) ;
#1428 = CARTESIAN_POINT ( 'NONE',  ( -123.0283308189108453, -57.18982772407447612, -3.355680547416747928 ) ) ;
#1429 = VERTEX_POINT ( 'NONE', #7217 ) ;
#1430 = CARTESIAN_POINT ( 'NONE',  ( -41.88756685949593361, -16.55577177311330672, -22.15000000000000213 ) ) ;
#1431 = VERTEX_POINT ( 'NONE', #6108 ) ;
#1432 = LINE ( 'NONE', #2007, #5532 ) ;
#1433 = EDGE_CURVE ( 'NONE', #6177, #7638, #5366, .T. ) ;
#1434 = EDGE_LOOP ( 'NONE', ( #4866, #21, #246, #940, #333, #7487, #6841, #467, #5887, #6348, #6966, #541 ) ) ;
#1435 = DIRECTION ( 'NONE',  ( -0.7418264374610570311, 0.6705919300765826874, 6.758551201016277350E-17 ) ) ;
#1436 = DIRECTION ( 'NONE',  ( 0.4058374489394843687, -0.9139452746408243122, 1.232595164407831220E-32 ) ) ;
#1437 = AXIS2_PLACEMENT_3D ( 'NONE', #1679, #7879, #4760 ) ;
#1438 = VERTEX_POINT ( 'NONE', #4096 ) ;
#1439 = CARTESIAN_POINT ( 'NONE',  ( -42.65874946438137982, -14.81906980176479038, -8.985648140408127205 ) ) ;
#1440 = CARTESIAN_POINT ( 'NONE',  ( -53.41615679260306848, -5.599291760588019251, 0.6748340197252227224 ) ) ;
#1441 = CARTESIAN_POINT ( 'NONE',  ( -138.2219058747257634, -40.02802268822063780, 6.826527109536142390 ) ) ;
#1442 = ORIENTED_EDGE ( 'NONE', *, *, #130, .F. ) ;
#1443 = DIRECTION ( 'NONE',  ( -0.7418264374610570311, 0.6705919300765826874, 6.758551201016277350E-17 ) ) ;
#1444 = B_SPLINE_CURVE_WITH_KNOTS ( 'NONE', 3,
 ( #7969, #7355, #4844, #1071 ),
 .UNSPECIFIED., .F., .F.,
 ( 4, 4 ),
 ( 5.625788803315104800E-15, 0.001737873352888427052 ),
 .UNSPECIFIED. ) ;
#1445 = CIRCLE ( 'NONE', #790, 40.29378941710766071 ) ;
#1446 = CARTESIAN_POINT ( 'NONE',  ( -71.88420294925141718, -20.06490158467027030, -14.69999999999999751 ) ) ;
#1447 = ORIENTED_EDGE ( 'NONE', *, *, #4926, .T. ) ;
#1448 = EDGE_LOOP ( 'NONE', ( #6308, #7841, #7075, #2851 ) ) ;
#1449 = CARTESIAN_POINT ( 'NONE',  ( -53.29293875766412469, -24.06401276707992309, -13.14809138725794391 ) ) ;
#1450 = CARTESIAN_POINT ( 'NONE',  ( -87.28973553836850385, -39.98091028954144122, -14.69999999999999396 ) ) ;
#1451 = ADVANCED_FACE ( 'NONE', ( #4795 ), #8109, .F. ) ;
#1452 = VERTEX_POINT ( 'NONE', #1104 ) ;
#1453 = CARTESIAN_POINT ( 'NONE',  ( -51.34636424633379903, -2.646697609957003650, -2.675592887099900175 ) ) ;
#1454 = B_SPLINE_CURVE_WITH_KNOTS ( 'NONE', 3,
 ( #5929, #2154, #4654, #7163 ),
 .UNSPECIFIED., .F., .F.,
 ( 4, 4 ),
 ( 2.838738158926004961E-07, 0.005859864638565008381 ),
 .UNSPECIFIED. ) ;
#1455 = DIRECTION ( 'NONE',  ( 8.959456918378546036E-14, -2.014056778806234136E-13, 1.000000000000000000 ) ) ;
#1456 = CARTESIAN_POINT ( 'NONE',  ( -120.4086416581153003, -65.81932632673331796, 1.305171413906723865 ) ) ;
#1457 = ORIENTED_EDGE ( 'NONE', *, *, #4589, .F. ) ;
#1458 = CARTESIAN_POINT ( 'NONE',  ( -139.1444827249755178, -39.39745691399979677, 6.164482761793354193 ) ) ;
#1459 = CARTESIAN_POINT ( 'NONE',  ( -127.6788532421667952, -47.02883391533656265, -4.996850721670937467 ) ) ;
#1460 = DIRECTION ( 'NONE',  ( -0.6705919300765826874, -0.7418264374610571421, 1.530638361156006492E-16 ) ) ;
#1461 = AXIS2_PLACEMENT_3D ( 'NONE', #3454, #325, #2218 ) ;
#1462 = EDGE_CURVE ( 'NONE', #3016, #2938, #6772, .T. ) ;
#1463 = CARTESIAN_POINT ( 'NONE',  ( -70.20145161165707748, -14.39396738996630631, -17.14999999999996305 ) ) ;
#1464 = AXIS2_PLACEMENT_3D ( 'NONE', #4731, #5874, #2845 ) ;
#1465 = CARTESIAN_POINT ( 'NONE',  ( -65.29403893196315778, -29.39310195255284697, -14.70000000000140616 ) ) ;
#1466 = CARTESIAN_POINT ( 'NONE',  ( -115.2317355438053426, -51.56793885056006843, -14.70000000000059615 ) ) ;
#1467 = CARTESIAN_POINT ( 'NONE',  ( -41.35654622705740735, -17.75162937329831792, -21.67887339977874817 ) ) ;
#1468 = DIRECTION ( 'NONE',  ( 0.3410952497571364539, -0.9400287392378579021, 3.937236210573714870E-17 ) ) ;
#1469 = DIRECTION ( 'NONE',  ( -1.710695647292180161E-14, -7.596344952730136157E-15, 1.000000000000000000 ) ) ;
#1470 = DIRECTION ( 'NONE',  ( -0.7444334620662310664, -0.03387422295043936160, 0.6668368297984069715 ) ) ;
#1471 = EDGE_LOOP ( 'NONE', ( #5264, #3297, #3646, #6050 ) ) ;
#1472 = FACE_OUTER_BOUND ( 'NONE', #1328, .T. ) ;
#1473 = ADVANCED_FACE ( 'NONE', ( #7261 ), #1061, .F. ) ;
#1474 = PRODUCT ( 'Gripper_mirror_body', 'Gripper_mirror_body', '', ( #5079 ) ) ;
#1475 = DIRECTION ( 'NONE',  ( 1.522024630730408022E-16, 6.758551201016278582E-17, 1.000000000000000000 ) ) ;
#1476 = ORIENTED_EDGE ( 'NONE', *, *, #4719, .T. ) ;
#1477 = LINE ( 'NONE', #899, #2626 ) ;
#1478 = DIRECTION ( 'NONE',  ( -0.7418264374610570311, 0.6705919300765826874, 6.758551201016277350E-17 ) ) ;
#1479 = ORIENTED_EDGE ( 'NONE', *, *, #6886, .T. ) ;
#1480 = CARTESIAN_POINT ( 'NONE',  ( -44.44846037461439181, -18.18076590493257427, -13.56279912685057809 ) ) ;
#1481 = CARTESIAN_POINT ( 'NONE',  ( -60.40708450295484511, -3.032614406438829846, 5.203438196985970876 ) ) ;
#1482 = DIRECTION ( 'NONE',  ( -1.522024630730408022E-16, -6.758551201016278582E-17, -1.000000000000000000 ) ) ;
#1483 = ORIENTED_EDGE ( 'NONE', *, *, #3381, .T. ) ;
#1484 = CARTESIAN_POINT ( 'NONE',  ( -127.5409346125827028, -47.56869476788752138, -4.991442832807388541 ) ) ;
#1485 = CARTESIAN_POINT ( 'NONE',  ( -85.86930446708031184, -43.17971875078432475, -21.34999999999999787 ) ) ;
#1486 = DIRECTION ( 'NONE',  ( -0.6705919300765837976, -0.7418264374610561429, 0.000000000000000000 ) ) ;
#1487 = ORIENTED_EDGE ( 'NONE', *, *, #3735, .F. ) ;
#1488 = ORIENTED_EDGE ( 'NONE', *, *, #7240, .T. ) ;
#1489 = CARTESIAN_POINT ( 'NONE',  ( -136.2161186929588439, -32.71368432027760065, -4.923186939960158881 ) ) ;
#1490 = CARTESIAN_POINT ( 'NONE',  ( -129.9306260134717661, -57.82405793290693197, -9.163144978990478862 ) ) ;
#1491 = EDGE_CURVE ( 'NONE', #6345, #4174, #1034, .T. ) ;
#1492 = ORIENTED_EDGE ( 'NONE', *, *, #392, .F. ) ;
#1493 = CARTESIAN_POINT ( 'NONE',  ( -146.5879585146271040, -44.94901672319230812, -2.886897491482115718 ) ) ;
#1494 = CIRCLE ( 'NONE', #1891, 32.16057989992780364 ) ;
#1495 = DIRECTION ( 'NONE',  ( 0.7418264374610570311, -0.6705919300765826874, -6.758551201016277350E-17 ) ) ;
#1496 = CARTESIAN_POINT ( 'NONE',  ( -70.34222475535220553, -9.532769340411705983, 12.50000000000000178 ) ) ;
#1497 = ORIENTED_EDGE ( 'NONE', *, *, #387, .T. ) ;
#1498 = CARTESIAN_POINT ( 'NONE',  ( -119.7144069899198371, -57.74994785413349518, 3.725675635204652725 ) ) ;
#1499 = DIRECTION ( 'NONE',  ( -0.6705919300765856850, -0.7418264374610543666, 0.000000000000000000 ) ) ;
#1500 = LINE ( 'NONE', #1421, #1646 ) ;
#1501 = EDGE_CURVE ( 'NONE', #3863, #4739, #4181, .T. ) ;
#1502 = LINE ( 'NONE', #4010, #3433 ) ;
#1503 = CARTESIAN_POINT ( 'NONE',  ( -62.49454512007287832, -36.13506965721671094, -8.492938848719980172 ) ) ;
#1504 = ADVANCED_FACE ( 'NONE', ( #2418 ), #2597, .T. ) ;
#1505 = CARTESIAN_POINT ( 'NONE',  ( -112.9038552799047750, -58.39746369540107196, -10.31147908022027693 ) ) ;
#1506 = CARTESIAN_POINT ( 'NONE',  ( -44.24132534082328760, -18.64723366398393978, -21.91673915299397990 ) ) ;
#1507 = CARTESIAN_POINT ( 'NONE',  ( -87.74221200772909413, -38.96193401680242374, -14.69999999999999396 ) ) ;
#1508 = DIRECTION ( 'NONE',  ( 1.522024630730407036E-16, 6.758551201016274884E-17, 1.000000000000000000 ) ) ;
#1509 = CARTESIAN_POINT ( 'NONE',  ( -41.69214260221654200, -16.99586688251550015, -13.66422616672762480 ) ) ;
#1510 = ORIENTED_EDGE ( 'NONE', *, *, #2871, .T. ) ;
#1511 = CARTESIAN_POINT ( 'NONE',  ( -79.91673861581968197, -30.30518944920304492, 16.60000000000000497 ) ) ;
#1512 = EDGE_CURVE ( 'NONE', #6802, #4121, #6851, .T. ) ;
#1513 = CARTESIAN_POINT ( 'NONE',  ( -114.2262124156449801, 0.9723378149711636720, 32.61767435054035502 ) ) ;
#1514 = EDGE_LOOP ( 'NONE', ( #1952, #479, #7285, #4747 ) ) ;
#1515 = CARTESIAN_POINT ( 'NONE',  ( -111.7226612015289078, 5.190507435617802479, 15.60000000000000853 ) ) ;
#1516 = AXIS2_PLACEMENT_3D ( 'NONE', #4910, #3649, #6140 ) ;
#1517 = DIRECTION ( 'NONE',  ( 1.522024630730408022E-16, 6.758551201016278582E-17, 1.000000000000000000 ) ) ;
#1518 = EDGE_LOOP ( 'NONE', ( #3629, #1241, #5405, #6837 ) ) ;
#1519 = CARTESIAN_POINT ( 'NONE',  ( -56.49227249204469103, -8.306405655874037564, -10.89999999999999858 ) ) ;
#1520 = CARTESIAN_POINT ( 'NONE',  ( -60.32191739164174749, -5.794262941133043299, 6.906601717798151796 ) ) ;
#1521 = CARTESIAN_POINT ( 'NONE',  ( -139.6416855559128862, -60.06601260198404901, -12.68783868663178538 ) ) ;
#1522 = ORIENTED_EDGE ( 'NONE', *, *, #2546, .T. ) ;
#1523 = VECTOR ( 'NONE', #4447, 1000.000000000000114 ) ;
#1524 = ORIENTED_EDGE ( 'NONE', *, *, #2659, .T. ) ;
#1525 = PLANE ( 'NONE',  #2665 ) ;
#1526 = CARTESIAN_POINT ( 'NONE',  ( -128.1969297403453538, -49.32831262514758919, 0.9148257472633209986 ) ) ;
#1527 = ORIENTED_EDGE ( 'NONE', *, *, #4129, .T. ) ;
#1528 = VERTEX_POINT ( 'NONE', #3073 ) ;
#1529 = CIRCLE ( 'NONE', #7965, 1.124999999999999778 ) ;
#1530 = PLANE ( 'NONE',  #6155 ) ;
#1531 = CARTESIAN_POINT ( 'NONE',  ( -141.6092718614449666, -63.02713360437374490, -19.90226640499233568 ) ) ;
#1532 =( BOUNDED_CURVE ( )  B_SPLINE_CURVE ( 3, ( #1153, #579, #3670, #3048 ),
 .UNSPECIFIED., .F., .F. ) 
 B_SPLINE_CURVE_WITH_KNOTS ( ( 4, 4 ),
 ( 1.924261892917338956, 4.358923414262261709 ),
 .UNSPECIFIED. ) 
 CURVE ( )  GEOMETRIC_REPRESENTATION_ITEM ( )  RATIONAL_B_SPLINE_CURVE ( ( 1.000000000000000000, 0.5641008000428497926, 0.5641008000428497926, 1.000000000000000000 ) ) 
 REPRESENTATION_ITEM ( '' )  );
#1533 = CARTESIAN_POINT ( 'NONE',  ( -135.8304423140651238, -56.97199503354390515, -5.317760317588366981 ) ) ;
#1534 = ADVANCED_FACE ( 'NONE', ( #7425 ), #3437, .T. ) ;
#1535 = VERTEX_POINT ( 'NONE', #4302 ) ;
#1536 = DIRECTION ( 'NONE',  ( -1.522024630730408022E-16, -6.758551201016278582E-17, -1.000000000000000000 ) ) ;
#1537 = DIRECTION ( 'NONE',  ( 1.522024630730408022E-16, 6.758551201016278582E-17, 1.000000000000000000 ) ) ;
#1538 = CARTESIAN_POINT ( 'NONE',  ( -123.4155483435690286, -57.16758160005831968, -1.178941080319537482 ) ) ;
#1539 = VERTEX_POINT ( 'NONE', #1795 ) ;
#1540 = CARTESIAN_POINT ( 'NONE',  ( -141.8005339433524057, -42.20254950278653894, 2.766095064531001846 ) ) ;
#1541 = DIRECTION ( 'NONE',  ( -1.522024630730408022E-16, -6.758551201016278582E-17, -1.000000000000000000 ) ) ;
#1542 = CARTESIAN_POINT ( 'NONE',  ( -50.45177368901697434, -4.661314089373903791, -2.407444835499592983 ) ) ;
#1543 = ADVANCED_FACE ( 'NONE', ( #605 ), #7629, .T. ) ;
#1544 = CARTESIAN_POINT ( 'NONE',  ( -61.46932380014638397, -13.25185909989688859, 5.500000000000001776 ) ) ;
#1545 = DIRECTION ( 'NONE',  ( -0.7418264374610570311, 0.6705919300765826874, 6.758551201016277350E-17 ) ) ;
#1546 = FACE_OUTER_BOUND ( 'NONE', #7812, .T. ) ;
#1547 = CARTESIAN_POINT ( 'NONE',  ( -77.08880895307909498, -34.47339361895294019, 14.45000000000000817 ) ) ;
#1548 = CARTESIAN_POINT ( 'NONE',  ( -41.49948951690083021, -17.42972131716549455, -21.91673915299397990 ) ) ;
#1549 = CARTESIAN_POINT ( 'NONE',  ( -53.29293875766411759, -24.06401276707992309, -13.14809138725794391 ) ) ;
#1550 = CARTESIAN_POINT ( 'NONE',  ( -109.1457903838686292, -13.40088016902494061, 22.50000000000001421 ) ) ;
#1551 = CARTESIAN_POINT ( 'NONE',  ( -43.24983571170884744, -13.48794453458531351, -7.098878279255020907 ) ) ;
#1552 = VERTEX_POINT ( 'NONE', #7501 ) ;
#1553 = EDGE_CURVE ( 'NONE', #5934, #4513, #3133, .T. ) ;
#1554 = CARTESIAN_POINT ( 'NONE',  ( -130.2406638975229498, -50.72997301347537302, 6.940088891536093207 ) ) ;
#1555 = EDGE_CURVE ( 'NONE', #1200, #7648, #5691, .T. ) ;
#1556 = CARTESIAN_POINT ( 'NONE',  ( -145.2276178801122626, -54.87862425803807298, -4.077197461567626746 ) ) ;
#1557 = ORIENTED_EDGE ( 'NONE', *, *, #4506, .T. ) ;
#1558 = CARTESIAN_POINT ( 'NONE',  ( -105.4650185647391822, -51.88119666221260218, -21.34999999999999432 ) ) ;
#1559 = DIRECTION ( 'NONE',  ( 1.000000000000000000, 0.000000000000000000, 0.000000000000000000 ) ) ;
#1560 = ORIENTED_EDGE ( 'NONE', *, *, #2769, .F. ) ;
#1561 = CARTESIAN_POINT ( 'NONE',  ( -41.16991136188065781, -18.17193078598767286, -18.04912948749871404 ) ) ;
#1562 = CARTESIAN_POINT ( 'NONE',  ( -51.83840874838437429, -5.196090539345775028, -0.9244324841359271572 ) ) ;
#1563 = CARTESIAN_POINT ( 'NONE',  ( -139.4322644194918723, -60.53762866043808089, -14.00636133654083615 ) ) ;
#1564 = VERTEX_POINT ( 'NONE', #78 ) ;
#1565 = EDGE_CURVE ( 'NONE', #4373, #4130, #5078, .T. ) ;
#1566 = EDGE_LOOP ( 'NONE', ( #4019, #3392, #3330, #6630 ) ) ;
#1567 = EDGE_CURVE ( 'NONE', #4857, #4162, #1141, .T. ) ;
#1568 = AXIS2_PLACEMENT_3D ( 'NONE', #4122, #6631, #2282 ) ;
#1569 = CIRCLE ( 'NONE', #6024, 5.999999999999995559 ) ;
#1570 = DIRECTION ( 'NONE',  ( 0.6705919300765870172, 0.7418264374610531453, 0.000000000000000000 ) ) ;
#1571 = DIRECTION ( 'NONE',  ( 1.522024630730408022E-16, 6.758551201016278582E-17, 1.000000000000000000 ) ) ;
#1572 = CIRCLE ( 'NONE', #6168, 1.750000000000002220 ) ;
#1573 = ORIENTED_EDGE ( 'NONE', *, *, #7581, .F. ) ;
#1574 = ORIENTED_EDGE ( 'NONE', *, *, #6381, .F. ) ;
#1575 = CIRCLE ( 'NONE', #5238, 1.500000000000838662 ) ;
#1576 = CARTESIAN_POINT ( 'NONE',  ( -70.20145161165707748, -14.39396738996630631, -17.14999999999996305 ) ) ;
#1577 = DIRECTION ( 'NONE',  ( -1.522024630730408022E-16, -6.758551201016278582E-17, -1.000000000000000000 ) ) ;
#1578 = DIRECTION ( 'NONE',  ( 0.9139452746408237571, 0.4058374489394852569, -1.665334536937734318E-16 ) ) ;
#1579 = CIRCLE ( 'NONE', #1189, 1.574999999999998623 ) ;
#1580 = EDGE_CURVE ( 'NONE', #4254, #6803, #6191, .T. ) ;
#1581 = ORIENTED_EDGE ( 'NONE', *, *, #5701, .T. ) ;
#1582 = FACE_OUTER_BOUND ( 'NONE', #3947, .T. ) ;
#1583 = PLANE ( 'NONE',  #4193 ) ;
#1584 = ADVANCED_FACE ( 'NONE', ( #7089 ), #2415, .F. ) ;
#1585 = CARTESIAN_POINT ( 'NONE',  ( -118.1508107486845205, -18.66478809734867284, 16.60000000000001208 ) ) ;
#1586 = ORIENTED_EDGE ( 'NONE', *, *, #714, .T. ) ;
#1587 = CARTESIAN_POINT ( 'NONE',  ( -97.01105367747261710, -27.94000877011203698, 12.50000000000000711 ) ) ;
#1588 = CARTESIAN_POINT ( 'NONE',  ( -66.22947101946850523, -7.706500820184030154, -9.999999999999998224 ) ) ;
#1589 = ADVANCED_FACE ( 'NONE', ( #5188 ), #340, .T. ) ;
#1590 = VECTOR ( 'NONE', #2996, 1000.000000000000114 ) ;
#1591 = CARTESIAN_POINT ( 'NONE',  ( -60.44024454573187199, -32.84558723246671263, 5.250685953359955249 ) ) ;
#1592 = CYLINDRICAL_SURFACE ( 'NONE', #1856, 1.124999999999999778 ) ;
#1593 = FACE_OUTER_BOUND ( 'NONE', #6823, .T. ) ;
#1594 = CARTESIAN_POINT ( 'NONE',  ( -110.7607401707084165, -50.79525647089756291, -14.66179662011953511 ) ) ;
#1595 = CARTESIAN_POINT ( 'NONE',  ( -41.07108452357468309, -18.39448866504389812, -20.46999841810720966 ) ) ;
#1596 = CARTESIAN_POINT ( 'NONE',  ( -136.2161186929588439, -32.71368432027759354, -2.213058202862921320 ) ) ;
#1597 = DIRECTION ( 'NONE',  ( -0.8246831757635971760, -0.5655949607382193545, 4.409125353075806188E-14 ) ) ;
#1598 = CARTESIAN_POINT ( 'NONE',  ( -44.10480792372700165, -11.56254850431380099, -5.089850253236045674 ) ) ;
#1599 = ORIENTED_EDGE ( 'NONE', *, *, #2350, .T. ) ;
#1600 = CARTESIAN_POINT ( 'NONE',  ( -138.7473472097189529, -44.83177606042754348, -25.68553390593272923 ) ) ;
#1601 = EDGE_CURVE ( 'NONE', #1431, #2014, #7620, .T. ) ;
#1602 = AXIS2_PLACEMENT_3D ( 'NONE', #290, #2801, #6533 ) ;
#1603 = DIRECTION ( 'NONE',  ( 1.522024630730408022E-16, 6.758551201016278582E-17, 1.000000000000000000 ) ) ;
#1604 = ORIENTED_EDGE ( 'NONE', *, *, #3148, .F. ) ;
#1605 = PLANE ( 'NONE',  #3151 ) ;
#1606 = CARTESIAN_POINT ( 'NONE',  ( -127.0080681444252519, -13.15480119827989647, 15.10000000000001208 ) ) ;
#1607 = ORIENTED_EDGE ( 'NONE', *, *, #2446, .F. ) ;
#1608 = DIRECTION ( 'NONE',  ( -0.6705919300765844637, -0.7418264374610555878, 0.000000000000000000 ) ) ;
#1609 = CARTESIAN_POINT ( 'NONE',  ( -57.91660366469336907, -2.894435593319846234, 2.951800248530593862 ) ) ;
#1610 = CARTESIAN_POINT ( 'NONE',  ( -128.9645075003348609, -47.59972875863902431, 0.9148257472633208875 ) ) ;
#1611 = ORIENTED_EDGE ( 'NONE', *, *, #1232, .T. ) ;
#1612 = ORIENTED_EDGE ( 'NONE', *, *, #2546, .F. ) ;
#1613 = DIRECTION ( 'NONE',  ( -0.6705919300765834645, -0.7418264374610564760, 0.000000000000000000 ) ) ;
#1614 = CARTESIAN_POINT ( 'NONE',  ( -47.44984434223714942, -11.42165409364040407, -3.897553595027981377 ) ) ;
#1615 = VERTEX_POINT ( 'NONE', #2070 ) ;
#1616 = EDGE_LOOP ( 'NONE', ( #95, #3568, #4465, #3386 ) ) ;
#1617 = FACE_OUTER_BOUND ( 'NONE', #149, .T. ) ;
#1618 = CARTESIAN_POINT ( 'NONE',  ( -138.8694293489634219, -61.80513232343374597, -20.46726709676939748 ) ) ;
#1619 = EDGE_CURVE ( 'NONE', #1039, #6321, #227, .T. ) ;
#1620 = CIRCLE ( 'NONE', #378, 2.850000000000005862 ) ;
#1621 = EDGE_LOOP ( 'NONE', ( #2857, #3175, #2140, #2045 ) ) ;
#1622 = CARTESIAN_POINT ( 'NONE',  ( -59.16868276312177244, -26.67313721244073932, -4.899323521368437184 ) ) ;
#1623 = EDGE_LOOP ( 'NONE', ( #3467, #2197, #1235, #3305 ) ) ;
#1624 = DIRECTION ( 'NONE',  ( 0.6705919300765856850, 0.7418264374610543666, 0.000000000000000000 ) ) ;
#1625 = CARTESIAN_POINT ( 'NONE',  ( -141.6092718614449666, -63.02713360437377332, -19.90226640499231792 ) ) ;
#1626 = ORIENTED_EDGE ( 'NONE', *, *, #1580, .F. ) ;
#1627 = ADVANCED_FACE ( 'NONE', ( #7662 ), #2210, .F. ) ;
#1628 = DIRECTION ( 'NONE',  ( 1.522024630730408022E-16, 6.758551201016278582E-17, 1.000000000000000000 ) ) ;
#1629 = CARTESIAN_POINT ( 'NONE',  ( -65.30789395363784422, -14.95637638544272008, -9.999999999999998224 ) ) ;
#1630 = ADVANCED_FACE ( 'NONE', ( #7702, #5888 ), #5229, .F. ) ;
#1631 = AXIS2_PLACEMENT_3D ( 'NONE', #1194, #2511, #701 ) ;
#1632 = CARTESIAN_POINT ( 'NONE',  ( -114.5033528962805320, -51.36719510493085039, -70.65354363657081649 ) ) ;
#1633 = CARTESIAN_POINT ( 'NONE',  ( -47.25467427180730340, -20.48531929563890230, -14.70000000000000107 ) ) ;
#1634 = CARTESIAN_POINT ( 'NONE',  ( -114.4201483707315674, -59.10292550940741307, -8.021428571428556253 ) ) ;
#1635 = CARTESIAN_POINT ( 'NONE',  ( -114.0266076581586532, -51.03280174736101316, -14.69999999999959250 ) ) ;
#1636 = AXIS2_PLACEMENT_3D ( 'NONE', #8045, #573, #6113 ) ;
#1637 = DIRECTION ( 'NONE',  ( -0.6705919300765836866, -0.7418264374610560319, 0.000000000000000000 ) ) ;
#1638 = DIRECTION ( 'NONE',  ( 0.6705919300765805779, 0.7418264374610589185, 0.000000000000000000 ) ) ;
#1639 = CARTESIAN_POINT ( 'NONE',  ( -129.8351005417032127, -50.45182426853544655, 0.2529724166506360783 ) ) ;
#1640 = CARTESIAN_POINT ( 'NONE',  ( -87.59411362507343313, -39.29545133356011632, -14.69999999999999396 ) ) ;
#1641 = CYLINDRICAL_SURFACE ( 'NONE', #6723, 1.124999999999998446 ) ;
#1642 = CARTESIAN_POINT ( 'NONE',  ( -45.80601523072589032, -20.05151894403481805, -15.52378731518748012 ) ) ;
#1643 = EDGE_LOOP ( 'NONE', ( #2280, #133, #3828, #2716, #679, #2673 ) ) ;
#1644 = FACE_OUTER_BOUND ( 'NONE', #303, .T. ) ;
#1645 = CARTESIAN_POINT ( 'NONE',  ( -111.7226612015289078, 5.190507435617802479, 12.50000000000000711 ) ) ;
#1646 = VECTOR ( 'NONE', #6479, 1000.000000000000000 ) ;
#1647 = ORIENTED_EDGE ( 'NONE', *, *, #6745, .T. ) ;
#1648 = CARTESIAN_POINT ( 'NONE',  ( -103.1018594696727746, -24.07968691802500416, 12.50000000000000888 ) ) ;
#1649 = CARTESIAN_POINT ( 'NONE',  ( -129.2841901080723801, -57.80793206453338229, -13.00045845593677996 ) ) ;
#1650 = DIRECTION ( 'NONE',  ( -0.6705919300765827984, -0.7418264374610570311, 0.000000000000000000 ) ) ;
#1651 = ORIENTED_EDGE ( 'NONE', *, *, #208, .F. ) ;
#1652 = ORIENTED_EDGE ( 'NONE', *, *, #2896, .F. ) ;
#1653 = CIRCLE ( 'NONE', #7571, 1.500000000000838662 ) ;
#1654 = EDGE_CURVE ( 'NONE', #2818, #1198, #6779, .T. ) ;
#1655 = DIRECTION ( 'NONE',  ( -1.522024630730408022E-16, -6.758551201016278582E-17, -1.000000000000000000 ) ) ;
#1656 = DIRECTION ( 'NONE',  ( 1.522024630730408022E-16, 6.758551201016278582E-17, 1.000000000000000000 ) ) ;
#1657 = ORIENTED_EDGE ( 'NONE', *, *, #5191, .T. ) ;
#1658 = EDGE_LOOP ( 'NONE', ( #1227, #5688 ) ) ;
#1659 = CARTESIAN_POINT ( 'NONE',  ( -44.05819552535816541, -19.05941261220118577, -21.58334449197843696 ) ) ;
#1660 = CYLINDRICAL_SURFACE ( 'NONE', #4238, 1.500000000000837996 ) ;
#1661 = EDGE_CURVE ( 'NONE', #4818, #5787, #7426, .T. ) ;
#1662 = EDGE_CURVE ( 'NONE', #593, #8026, #7553, .T. ) ;
#1663 = ADVANCED_FACE ( 'NONE', ( #800 ), #6006, .T. ) ;
#1664 = CIRCLE ( 'NONE', #8087, 2.875000000000000888 ) ;
#1665 = ORIENTED_EDGE ( 'NONE', *, *, #6055, .F. ) ;
#1666 = DIRECTION ( 'NONE',  ( -0.9139452746408243122, -0.4058374489394839246, 1.665334536937734071E-16 ) ) ;
#1667 = ORIENTED_EDGE ( 'NONE', *, *, #6017, .T. ) ;
#1668 = CARTESIAN_POINT ( 'NONE',  ( -136.8620337581400008, -55.60483985818319752, -3.183803752481280114 ) ) ;
#1669 = CARTESIAN_POINT ( 'NONE',  ( -78.20612330996527817, -31.85154148202835245, 16.60000000000000497 ) ) ;
#1670 = ORIENTED_EDGE ( 'NONE', *, *, #7028, .T. ) ;
#1671 = FACE_OUTER_BOUND ( 'NONE', #4478, .T. ) ;
#1672 = CARTESIAN_POINT ( 'NONE',  ( -61.18630939629809262, -5.716049322744154892, 7.621694557273196224 ) ) ;
#1673 = VECTOR ( 'NONE', #4542, 1000.000000000000000 ) ;
#1674 = AXIS2_PLACEMENT_3D ( 'NONE', #2935, #1041, #6544 ) ;
#1675 = DIRECTION ( 'NONE',  ( -1.522024630730408022E-16, -6.758551201016278582E-17, -1.000000000000000000 ) ) ;
#1676 = DIRECTION ( 'NONE',  ( 0.4058374489394842022, -0.9139452746408240902, 0.000000000000000000 ) ) ;
#1677 = CARTESIAN_POINT ( 'NONE',  ( -68.46971614690481545, -30.80326159266572006, -14.69999999999972218 ) ) ;
#1678 = CARTESIAN_POINT ( 'NONE',  ( -122.0859540141718753, -64.24014019548205567, -3.183803752492256667 ) ) ;
#1679 = CARTESIAN_POINT ( 'NONE',  ( -97.01105367747261710, -27.94000877011203698, 11.47554723144406985 ) ) ;
#1680 = DIRECTION ( 'NONE',  ( 0.6705919300765827984, 0.7418264374610570311, 0.000000000000000000 ) ) ;
#1681 = DIRECTION ( 'NONE',  ( -1.522024630730408022E-16, -6.758551201016278582E-17, -1.000000000000000000 ) ) ;
#1682 = DIRECTION ( 'NONE',  ( -1.000000000000000000, 0.000000000000000000, 1.522024630730408022E-16 ) ) ;
#1683 = CARTESIAN_POINT ( 'NONE',  ( -120.0787625476547049, -20.79753910504921421, 20.10000000000000853 ) ) ;
#1684 = EDGE_CURVE ( 'NONE', #4862, #2636, #350, .T. ) ;
#1685 = CARTESIAN_POINT ( 'NONE',  ( -62.76653321855733481, -36.30764642794846964, -8.937546650316555485 ) ) ;
#1686 = EDGE_LOOP ( 'NONE', ( #1607, #4115 ) ) ;
#1687 = CARTESIAN_POINT ( 'NONE',  ( -98.72394471534117599, -4.676606161317431898, 12.50000000000000711 ) ) ;
#1688 = CARTESIAN_POINT ( 'NONE',  ( -60.32191739164176170, -5.794262941133050404, 6.906601717798149132 ) ) ;
#1689 = ORIENTED_EDGE ( 'NONE', *, *, #6452, .F. ) ;
#1690 = CARTESIAN_POINT ( 'NONE',  ( -133.0468091936459416, -49.41247504770519328, -3.183803752492255779 ) ) ;
#1691 = CARTESIAN_POINT ( 'NONE',  ( -122.4695699010576107, -54.78189959077010940, -8.338506838567251833 ) ) ;
#1692 = ADVANCED_FACE ( 'NONE', ( #6600 ), #6062, .F. ) ;
#1693 = CARTESIAN_POINT ( 'NONE',  ( -118.1508107486845205, -18.66478809734867284, 12.50000000000001066 ) ) ;
#1694 = ORIENTED_EDGE ( 'NONE', *, *, #2571, .T. ) ;
#1695 = ORIENTED_EDGE ( 'NONE', *, *, #4410, .F. ) ;
#1696 = ORIENTED_EDGE ( 'NONE', *, *, #5573, .T. ) ;
#1697 = CARTESIAN_POINT ( 'NONE',  ( -97.61980985088180773, -26.56909085815083316, -21.34999999999999787 ) ) ;
#1698 = FACE_OUTER_BOUND ( 'NONE', #4528, .T. ) ;
#1699 = ORIENTED_EDGE ( 'NONE', *, *, #2619, .F. ) ;
#1701 = AXIS2_PLACEMENT_3D ( 'NONE', #3028, #2374, #1174 ) ;
#1700 = B_SPLINE_CURVE_WITH_KNOTS ( 'NONE', 3,
 ( #2074, #155, #5192, #6320 ),
 .UNSPECIFIED., .F., .F.,
 ( 4, 4 ),
 ( 0.000000000000000000, 1.000000000000000000 ),
 .UNSPECIFIED. ) ;
#1702 = DIRECTION ( 'NONE',  ( -1.522024630730408022E-16, -6.758551201016278582E-17, -1.000000000000000000 ) ) ;
#1703 = CARTESIAN_POINT ( 'NONE',  ( -139.3969902254249860, -60.61706608807924823, -22.03231568273204388 ) ) ;
#1704 = AXIS2_PLACEMENT_3D ( 'NONE', #3792, #675, #6728 ) ;
#1705 = ORIENTED_EDGE ( 'NONE', *, *, #1279, .F. ) ;
#1706 = CARTESIAN_POINT ( 'NONE',  ( -47.32853672194940486, -20.31898117810643001, -21.88076396437127258 ) ) ;
#1707 = AXIS2_PLACEMENT_3D ( 'NONE', #5956, #4724, #7233 ) ;
#1708 = ORIENTED_EDGE ( 'NONE', *, *, #6460, .T. ) ;
#1709 = PLANE ( 'NONE',  #7348 ) ;
#1710 = CARTESIAN_POINT ( 'NONE',  ( -145.9116685673380118, -53.33814322348253967, -3.199853563066672901 ) ) ;
#1711 = AXIS2_PLACEMENT_3D ( 'NONE', #3770, #3591, #7275 ) ;
#1712 = CARTESIAN_POINT ( 'NONE',  ( -128.5135185158057141, -44.72764644518866817, -3.875964444836002443 ) ) ;
#1713 = CARTESIAN_POINT ( 'NONE',  ( -111.3718705796668331, -55.47657282394887091, -13.23567173081810999 ) ) ;
#1714 = AXIS2_PLACEMENT_3D ( 'NONE', #1848, #4354, #4393 ) ;
#1715 = CARTESIAN_POINT ( 'NONE',  ( -63.90717470920609600, -28.11029156901530968, 15.85728767095950076 ) ) ;
#1716 = DIRECTION ( 'NONE',  ( -0.6705919300765831315, -0.7418264374610566980, 1.732456293792754811E-16 ) ) ;
#1717 = CYLINDRICAL_SURFACE ( 'NONE', #3940, 1.050000000000005596 ) ;
#1718 = CARTESIAN_POINT ( 'NONE',  ( -110.8027726881466748, -51.66796957354053887, -14.54656637013894027 ) ) ;
#1719 = EDGE_CURVE ( 'NONE', #959, #7595, #311, .T. ) ;
#1720 = CARTESIAN_POINT ( 'NONE',  ( -89.99235989150704995, -36.92785847548739042, 18.10000000000000497 ) ) ;
#1721 = DIRECTION ( 'NONE',  ( -1.522024630730408022E-16, -6.758551201016278582E-17, -1.000000000000000000 ) ) ;
#1722 = VECTOR ( 'NONE', #6521, 1000.000000000000000 ) ;
#1723 = DIRECTION ( 'NONE',  ( 0.6705919300765844637, 0.7418264374610554768, 0.000000000000000000 ) ) ;
#1724 = B_SPLINE_CURVE_WITH_KNOTS ( 'NONE', 3,
 ( #4791, #3528, #6021, #4953 ),
 .UNSPECIFIED., .F., .F.,
 ( 4, 4 ),
 ( 3.127617909816150872E-17, 0.002283389062192838805 ),
 .UNSPECIFIED. ) ;
#1725 = CARTESIAN_POINT ( 'NONE',  ( -63.74248037892511576, -36.57414984609355457, -10.29118492615849689 ) ) ;
#1726 = ORIENTED_EDGE ( 'NONE', *, *, #463, .T. ) ;
#1727 = DIRECTION ( 'NONE',  ( -0.8246831757635872950, -0.5655949607382337874, 1.637448356179767875E-16 ) ) ;
#1728 = DIRECTION ( 'NONE',  ( 0.9139452746408236461, 0.4058374489394855900, 0.000000000000000000 ) ) ;
#1729 = VERTEX_POINT ( 'NONE', #4044 ) ;
#1730 = CYLINDRICAL_SURFACE ( 'NONE', #478, 4.000000000000011546 ) ;
#1731 = DIRECTION ( 'NONE',  ( -0.4058374489394840912, 0.9139452746408242012, -2.465190328815661892E-32 ) ) ;
#1732 = CARTESIAN_POINT ( 'NONE',  ( -60.17727962924847418, -29.06150968979596527, 10.09675291899055338 ) ) ;
#1733 = VERTEX_POINT ( 'NONE', #439 ) ;
#1734 = EDGE_CURVE ( 'NONE', #5332, #137, #4090, .T. ) ;
#1735 = EDGE_LOOP ( 'NONE', ( #1599, #686, #1560 ) ) ;
#1736 = CARTESIAN_POINT ( 'NONE',  ( -126.5048083702407240, -57.12921346286345425, -8.492914313841470886 ) ) ;
#1737 = AXIS2_PLACEMENT_3D ( 'NONE', #2048, #5788, #2557 ) ;
#1738 = VERTEX_POINT ( 'NONE', #7334 ) ;
#1739 = DIRECTION ( 'NONE',  ( -0.6705919300765834645, -0.7418264374610564760, 0.000000000000000000 ) ) ;
#1740 = CARTESIAN_POINT ( 'NONE',  ( -141.9821134627494530, -41.34446581944285981, -7.672778918891222766 ) ) ;
#1741 = VECTOR ( 'NONE', #1922, 1000.000000000000000 ) ;
#1742 = EDGE_LOOP ( 'NONE', ( #6506, #7067, #3009, #1009, #6104, #1205, #2937, #2569, #7979, #2399, #3927 ) ) ;
#1743 = CARTESIAN_POINT ( 'NONE',  ( -133.4713661368738826, -37.56526800624851603, 12.50000000000001421 ) ) ;
#1744 = AXIS2_PLACEMENT_3D ( 'NONE', #1888, #2667, #5667 ) ;
#1745 = ADVANCED_FACE ( 'NONE', ( #480 ), #6556, .F. ) ;
#1746 = EDGE_LOOP ( 'NONE', ( #7291, #7680, #4027, #3553, #708 ) ) ;
#1747 = B_SPLINE_CURVE_WITH_KNOTS ( 'NONE', 3,
 ( #2688, #5186, #2068, #4573, #7085, #3959, #875, #7780, #3786, #4247, #3092, #6834, #5017, #8021, #7521, #3637 ),
 .UNSPECIFIED., .F., .F.,
 ( 4, 2, 2, 1, 1, 1, 1, 2, 2, 4 ),
 ( 0.000000000000000000, 0.2500000000000675016, 0.3750000000001024736, 0.4375000000001199596, 0.4687500000001297851, 0.4843750000001338929, 0.4921875000001351141, 0.4960937500001355027, 0.5000000000001358913, 1.000000000000000000 ),
 .UNSPECIFIED. ) ;
#1748 = VERTEX_POINT ( 'NONE', #4170 ) ;
#1749 = CARTESIAN_POINT ( 'NONE',  ( -85.76335570967896160, 4.227410488553371870, 20.10000000000000497 ) ) ;
#1750 = ORIENTED_EDGE ( 'NONE', *, *, #2380, .F. ) ;
#1751 = DIRECTION ( 'NONE',  ( 1.522024630730408022E-16, 6.758551201016278582E-17, 1.000000000000000000 ) ) ;
#1752 = CARTESIAN_POINT ( 'NONE',  ( -142.0122808279273556, -62.11955806762475873, -15.21567391708461514 ) ) ;
#1753 = DIRECTION ( 'NONE',  ( 1.522024630730408022E-16, 6.758551201016278582E-17, 1.000000000000000000 ) ) ;
#1754 = DIRECTION ( 'NONE',  ( 1.522024630730408022E-16, 6.758551201016278582E-17, 1.000000000000000000 ) ) ;
#1755 =( BOUNDED_SURFACE ( )  B_SPLINE_SURFACE ( 3, 2, ( 
 ( #2584, #2622, #7588 ),
 ( #3239, #4585, #6564 ),
 ( #2786, #929, #845 ),
 ( #316, #3318, #5853 ) ),
 .UNSPECIFIED., .F., .F., .F. ) 
 B_SPLINE_SURFACE_WITH_KNOTS ( ( 4, 4 ),
 ( 3, 3 ),
 ( 0.000000000000000000, 0.01225325499469452802 ),
 ( 0.09645970295117135829, 1.000000000000000000 ),
 .UNSPECIFIED. ) 
 GEOMETRIC_REPRESENTATION_ITEM ( )  RATIONAL_B_SPLINE_SURFACE ( (
 ( 0.9496779006532676259, 0.7391548086551440466, 1.000000000000000000),
 ( 0.9496272029843259022, 0.7388920166944057399, 1.000000000000000000),
 ( 0.9495866748391772472, 0.7386819385793549353, 1.000000000000000000),
 ( 0.9495518297153280329, 0.7385013184717701407, 1.000000000000000000) ) ) 
 REPRESENTATION_ITEM ( '' )  SURFACE ( )  );
#1756 = CARTESIAN_POINT ( 'NONE',  ( -56.49227249204469814, -8.306405655874037564, -22.15000000000000213 ) ) ;
#1757 = LINE ( 'NONE', #1181, #1590 ) ;
#1758 = DIRECTION ( 'NONE',  ( 1.522024630730408022E-16, 6.758551201016278582E-17, 1.000000000000000000 ) ) ;
#1759 = CARTESIAN_POINT ( 'NONE',  ( -136.2931184959581401, -58.98283765131061074, -22.13619748345075067 ) ) ;
#1760 = DIRECTION ( 'NONE',  ( -1.522024630730408022E-16, -6.758551201016278582E-17, -1.000000000000000000 ) ) ;
#1761 = DIRECTION ( 'NONE',  ( 1.522024630730408022E-16, 6.758551201016278582E-17, 1.000000000000000000 ) ) ;
#1762 = CARTESIAN_POINT ( 'NONE',  ( -141.8759352103301978, -55.03448741676616152, -5.130883082431515696 ) ) ;
#1763 = EDGE_CURVE ( 'NONE', #7403, #1935, #5312, .T. ) ;
#1764 = ADVANCED_FACE ( 'NONE', ( #1582 ), #1271, .F. ) ;
#1765 = EDGE_CURVE ( 'NONE', #6719, #2318, #1006, .T. ) ;
#1766 = EDGE_CURVE ( 'NONE', #628, #5921, #6551, .T. ) ;
#1767 = CARTESIAN_POINT ( 'NONE',  ( -141.6968685946816322, -47.45765511168390560, 0.8272401976826552206 ) ) ;
#1768 = VERTEX_POINT ( 'NONE', #1247 ) ;
#1769 = CARTESIAN_POINT ( 'NONE',  ( -114.4201483707315674, -59.10292550940741307, -8.021428571428556253 ) ) ;
#1770 = VECTOR ( 'NONE', #2087, 1000.000000000000114 ) ;
#1771 = FACE_OUTER_BOUND ( 'NONE', #4077, .T. ) ;
#1772 = EDGE_LOOP ( 'NONE', ( #6375, #2532 ) ) ;
#1773 = CARTESIAN_POINT ( 'NONE',  ( -141.7313070111809168, -62.75231064574160200, -21.26314370828501410 ) ) ;
#1774 = CARTESIAN_POINT ( 'NONE',  ( -122.0004736179278382, -54.57359736072623235, -9.434880330939275694 ) ) ;
#1775 = CARTESIAN_POINT ( 'NONE',  ( -60.64242415420500976, -32.81518049532869696, 7.883978416991144655 ) ) ;
#1776 = ORIENTED_EDGE ( 'NONE', *, *, #7643, .F. ) ;
#1777 = ORIENTED_EDGE ( 'NONE', *, *, #6863, .F. ) ;
#1778 = CARTESIAN_POINT ( 'NONE',  ( -115.9068254889678684, -59.30798300575408177, -12.49999999999998934 ) ) ;
#1779 = ADVANCED_FACE ( 'NONE', ( #5521 ), #4333, .F. ) ;
#1780 = EDGE_LOOP ( 'NONE', ( #2286, #3750, #7685, #8048 ) ) ;
#1781 = FACE_OUTER_BOUND ( 'NONE', #3942, .T. ) ;
#1782 = CARTESIAN_POINT ( 'NONE',  ( -56.07057743270786432, -11.41234115316269104, 5.373182724160701085 ) ) ;
#1783 = ORIENTED_EDGE ( 'NONE', *, *, #1553, .T. ) ;
#1784 = DIRECTION ( 'NONE',  ( -0.4342997651233613254, 0.9007684019845462187, 5.222600313117001112E-18 ) ) ;
#1785 = VERTEX_POINT ( 'NONE', #2448 ) ;
#1786 = VERTEX_POINT ( 'NONE', #2533 ) ;
#1787 = CARTESIAN_POINT ( 'NONE',  ( -139.2120648546991788, -61.03534518685818000, -21.81447368535143383 ) ) ;
#1788 = ORIENTED_EDGE ( 'NONE', *, *, #2689, .T. ) ;
#1789 = CIRCLE ( 'NONE', #3501, 1.124999999999998446 ) ;
#1790 = CARTESIAN_POINT ( 'NONE',  ( -143.3613485766740041, -59.08145969262526620, -8.384258333472166314 ) ) ;
#1791 = CARTESIAN_POINT ( 'NONE',  ( -97.01105367747261710, -27.94000877011203698, -5.002747934976691901 ) ) ;
#1792 = EDGE_CURVE ( 'NONE', #7535, #3939, #3231, .T. ) ;
#1793 = CARTESIAN_POINT ( 'NONE',  ( -130.5973601839978642, -40.12700809052768847, 11.47554723144407696 ) ) ;
#1794 = CIRCLE ( 'NONE', #6780, 26.16057989992778943 ) ;
#1795 = CARTESIAN_POINT ( 'NONE',  ( -106.9146502185184033, 4.219037406487026409, 20.10000000000000853 ) ) ;
#1796 = CARTESIAN_POINT ( 'NONE',  ( -149.1385086328923251, -46.07130464650364843, -2.675592887094414341 ) ) ;
#1797 = CARTESIAN_POINT ( 'NONE',  ( -75.89312274884434828, -11.99764589649157998, -12.49999999999999645 ) ) ;
#1798 = CARTESIAN_POINT ( 'NONE',  ( -135.7383568194500185, -60.23216004410940627, -21.33246844851515078 ) ) ;
#1799 = CIRCLE ( 'NONE', #7694, 1.050000000000006928 ) ;
#1800 = CARTESIAN_POINT ( 'NONE',  ( -119.5122945477152285, -27.67322572261017655, 18.10000000000000853 ) ) ;
#1801 = CARTESIAN_POINT ( 'NONE',  ( -77.08880895307909498, -34.47339361895294019, 12.50000000000000533 ) ) ;
#1802 = DIRECTION ( 'NONE',  ( -1.522024630730407036E-16, -6.758551201016276117E-17, -1.000000000000000000 ) ) ;
#1803 = CARTESIAN_POINT ( 'NONE',  ( -66.95336771296760503, -35.75261626359430522, -13.23561593144987825 ) ) ;
#1804 = ORIENTED_EDGE ( 'NONE', *, *, #387, .F. ) ;
#1805 = DIRECTION ( 'NONE',  ( 0.6705919300765831315, 0.7418264374610568090, -1.309225264888155391E-16 ) ) ;
#1806 = LINE ( 'NONE', #50, #19 ) ;
#1807 = CARTESIAN_POINT ( 'NONE',  ( -50.45177368901697434, -4.661314089373903791, -2.407444835499592983 ) ) ;
#1808 = EDGE_CURVE ( 'NONE', #5921, #6061, #5757, .T. ) ;
#1809 = CARTESIAN_POINT ( 'NONE',  ( -130.3214296000448940, -58.26851831738844112, -9.832766942058308146 ) ) ;
#1810 = CARTESIAN_POINT ( 'NONE',  ( -61.07010901051872764, -34.95773606938511335, 5.886796564403921295 ) ) ;
#1811 = ORIENTED_EDGE ( 'NONE', *, *, #4168, .T. ) ;
#1812 = EDGE_LOOP ( 'NONE', ( #7297, #7241, #4043, #6367 ) ) ;
#1813 = ADVANCED_FACE ( 'NONE', ( #3141 ), #1209, .F. ) ;
#1814 = CARTESIAN_POINT ( 'NONE',  ( -79.69293320283669857, 3.199845865316033766, 12.50000000000000355 ) ) ;
#1815 = ORIENTED_EDGE ( 'NONE', *, *, #4327, .T. ) ;
#1816 = CARTESIAN_POINT ( 'NONE',  ( -87.74221200772909413, -38.96193401680242374, -22.14999999999999503 ) ) ;
#1817 = CARTESIAN_POINT ( 'NONE',  ( -46.46027408713290896, -20.19879610596348130, -0.1626246772573632648 ) ) ;
#1818 = EDGE_LOOP ( 'NONE', ( #2152, #4484, #948, #4352, #3766 ) ) ;
#1819 = ADVANCED_FACE ( 'NONE', ( #7531 ), #4295, .F. ) ;
#1820 = EDGE_CURVE ( 'NONE', #989, #3419, #5474, .T. ) ;
#1821 = DIRECTION ( 'NONE',  ( -1.522024630730407036E-16, -6.758551201016276117E-17, -1.000000000000000000 ) ) ;
#1822 = VERTEX_POINT ( 'NONE', #1446 ) ;
#1823 = EDGE_CURVE ( 'NONE', #745, #1748, #6645, .T. ) ;
#1824 = VERTEX_POINT ( 'NONE', #5068 ) ;
#1825 = CARTESIAN_POINT ( 'NONE',  ( -60.76992435005556104, -27.38416862627201454, -9.958823649711272097 ) ) ;
#1826 = AXIS2_PLACEMENT_3D ( 'NONE', #934, #5607, #1913 ) ;
#1827 = ORIENTED_EDGE ( 'NONE', *, *, #2526, .T. ) ;
#1828 = CARTESIAN_POINT ( 'NONE',  ( -60.69710373280941695, -33.58813616989352369, 5.627284495805112030 ) ) ;
#1829 = CARTESIAN_POINT ( 'NONE',  ( -129.6762375099362430, -57.98202073466551099, -13.66539293457144488 ) ) ;
#1830 = ADVANCED_BREP_SHAPE_REPRESENTATION ( 'Gripper_mirror_body', ( #964, #3955 ), #930 ) ;
#1831 = SURFACE_STYLE_FILL_AREA ( #2495 ) ;
#1832 = EDGE_CURVE ( 'NONE', #6514, #314, #3954, .T. ) ;
#1833 = AXIS2_PLACEMENT_3D ( 'NONE', #7976, #2395, #1608 ) ;
#1834 = CARTESIAN_POINT ( 'NONE',  ( -136.9093078266486430, -61.26907954315422700, -22.14999999999998437 ) ) ;
#1835 = B_SPLINE_CURVE_WITH_KNOTS ( 'NONE', 3,
 ( #4439, #6947, #705, #5206, #4596, #894 ),
 .UNSPECIFIED., .F., .F.,
 ( 4, 2, 4 ),
 ( 0.002817589913619042950, 0.003839494942647170977, 0.004861399971675299005 ),
 .UNSPECIFIED. ) ;
#1836 = CARTESIAN_POINT ( 'NONE',  ( -135.5195598145526219, -54.88712975919074921, -1.249924618757154882 ) ) ;
#1837 = EDGE_CURVE ( 'NONE', #1980, #7227, #2183, .T. ) ;
#1838 = CARTESIAN_POINT ( 'NONE',  ( -45.63373436367667324, -20.43941546541428167, -20.95805855449445332 ) ) ;
#1839 = DIRECTION ( 'NONE',  ( -0.6705919300765844637, -0.7418264374610555878, 0.000000000000000000 ) ) ;
#1840 = DIRECTION ( 'NONE',  ( -1.000000000000000000, 0.000000000000000000, 1.734723475976808080E-16 ) ) ;
#1841 = LINE ( 'NONE', #5735, #8064 ) ;
#1842 = DIRECTION ( 'NONE',  ( -0.9139452746408243122, -0.4058374489394839246, 0.000000000000000000 ) ) ;
#1843 = CIRCLE ( 'NONE', #5906, 1.500000000000005107 ) ;
#1844 = COLOUR_RGB ( '',0.7921568627450980005, 0.8196078431372548767, 0.9333333333333333481 ) ;
#1845 = DIRECTION ( 'NONE',  ( -1.522024630730407529E-16, -6.758551201016273652E-17, -1.000000000000000000 ) ) ;
#1846 = ORIENTED_EDGE ( 'NONE', *, *, #888, .T. ) ;
#1847 = LINE ( 'NONE', #7359, #3809 ) ;
#1848 = CARTESIAN_POINT ( 'NONE',  ( -100.4125857312673276, -20.48750484791351667, 23.50000000000000711 ) ) ;
#1849 = CARTESIAN_POINT ( 'NONE',  ( -97.01105367747261710, -27.94000877011203698, -5.002747934976691901 ) ) ;
#1850 = DIRECTION ( 'NONE',  ( 1.522024630730408022E-16, 6.758551201016278582E-17, 1.000000000000000000 ) ) ;
#1851 = CYLINDRICAL_SURFACE ( 'NONE', #4783, 2.099999999999982769 ) ;
#1852 = ORIENTED_EDGE ( 'NONE', *, *, #5565, .T. ) ;
#1853 = ORIENTED_EDGE ( 'NONE', *, *, #4719, .F. ) ;
#1854 = CARTESIAN_POINT ( 'NONE',  ( -131.7293322981172992, -48.82744936055102869, -9.664955880659857002 ) ) ;
#1855 = EDGE_CURVE ( 'NONE', #7108, #7658, #219, .T. ) ;
#1856 = AXIS2_PLACEMENT_3D ( 'NONE', #1463, #7832, #5283 ) ;
#1857 = ORIENTED_EDGE ( 'NONE', *, *, #5923, .T. ) ;
#1858 = CARTESIAN_POINT ( 'NONE',  ( -116.4045216302046981, -59.02641887679029509, 6.502957568209936312 ) ) ;
#1859 = CARTESIAN_POINT ( 'NONE',  ( -54.75738253544579948, -24.95427959277037289, -9.922320202761008900 ) ) ;
#1860 = ORIENTED_EDGE ( 'NONE', *, *, #4524, .F. ) ;
#1861 = DIRECTION ( 'NONE',  ( -1.522024630730407529E-16, -6.758551201016273652E-17, -1.000000000000000000 ) ) ;
#1862 = VERTEX_POINT ( 'NONE', #7614 ) ;
#1863 = AXIS2_PLACEMENT_3D ( 'NONE', #4966, #6200, #2428 ) ;
#1864 = ORIENTED_EDGE ( 'NONE', *, *, #5064, .F. ) ;
#1865 = DIRECTION ( 'NONE',  ( -0.6705919300765829094, -0.7418264374610568090, 1.522024630730407282E-16 ) ) ;
#1866 = EDGE_CURVE ( 'NONE', #5830, #3100, #6385, .T. ) ;
#1867 = VERTEX_POINT ( 'NONE', #755 ) ;
#1868 = CARTESIAN_POINT ( 'NONE',  ( -144.9899038180298021, -55.41395593904642425, -4.441584604098099298 ) ) ;
#1869 = ORIENTED_EDGE ( 'NONE', *, *, #4314, .F. ) ;
#1870 = CARTESIAN_POINT ( 'NONE',  ( -122.6006140742331354, -19.97815144594535397, -24.15434196043251092 ) ) ;
#1871 = DIRECTION ( 'NONE',  ( 0.6705919300765830204, 0.7418264374610566980, -1.522024630730407282E-16 ) ) ;
#1872 = CARTESIAN_POINT ( 'NONE',  ( -137.6632448034777099, -61.43779507648936544, -19.99165718128270441 ) ) ;
#1873 = DIRECTION ( 'NONE',  ( 1.522024630730408022E-16, 6.758551201016278582E-17, 1.000000000000000000 ) ) ;
#1874 = CARTESIAN_POINT ( 'NONE',  ( -105.4650185647391822, -51.88119666221260218, -21.34999999999999432 ) ) ;
#1875 = CARTESIAN_POINT ( 'NONE',  ( -127.5475163027219594, -56.61864910229169823, 7.885364033289819830 ) ) ;
#1876 = DIRECTION ( 'NONE',  ( 1.522024630730408022E-16, 6.758551201016278582E-17, 1.000000000000000000 ) ) ;
#1877 = CARTESIAN_POINT ( 'NONE',  ( -138.9222618010123540, -61.68615372738753422, -18.82849810282560199 ) ) ;
#1878 = EDGE_CURVE ( 'NONE', #5830, #7247, #5585, .T. ) ;
#1879 = AXIS2_PLACEMENT_3D ( 'NONE', #1816, #4322, #5282 ) ;
#1880 = DIRECTION ( 'NONE',  ( 1.522024630730408022E-16, 6.758551201016278582E-17, 1.000000000000000000 ) ) ;
#1881 = ORIENTED_EDGE ( 'NONE', *, *, #3636, .F. ) ;
#1882 = DIRECTION ( 'NONE',  ( -1.522024630730408022E-16, -6.758551201016278582E-17, -1.000000000000000000 ) ) ;
#1883 = LINE ( 'NONE', #3203, #672 ) ;
#1884 = CARTESIAN_POINT ( 'NONE',  ( -87.28973553836850385, -39.98091028954144122, -21.34999999999999787 ) ) ;
#1885 = PLANE ( 'NONE',  #5066 ) ;
#1886 = DIRECTION ( 'NONE',  ( 1.522024630730408022E-16, 6.758551201016278582E-17, 1.000000000000000000 ) ) ;
#1887 = ORIENTED_EDGE ( 'NONE', *, *, #877, .F. ) ;
#1888 = CARTESIAN_POINT ( 'NONE',  ( -124.1969392449002214, -74.14961411266754965, -12.49999999999998579 ) ) ;
#1889 = EDGE_LOOP ( 'NONE', ( #4967, #1895, #3742, #6101 ) ) ;
#1890 = CARTESIAN_POINT ( 'NONE',  ( -89.50961297396496263, -47.55598454486987237, 20.10000000000000853 ) ) ;
#1891 = AXIS2_PLACEMENT_3D ( 'NONE', #6366, #3825, #7016 ) ;
#1892 = ORIENTED_EDGE ( 'NONE', *, *, #2867, .T. ) ;
#1893 = CARTESIAN_POINT ( 'NONE',  ( -55.29639308135014630, -24.55498824565119875, 7.919727168626442548 ) ) ;
#1894 = CARTESIAN_POINT ( 'NONE',  ( -45.87346468433694469, -20.08421709273607902, -0.6867131455442064825 ) ) ;
#1895 = ORIENTED_EDGE ( 'NONE', *, *, #2427, .F. ) ;
#1896 = LINE ( 'NONE', #6298, #3277 ) ;
#1897 = LINE ( 'NONE', #5794, #6383 ) ;
#1898 = ORIENTED_EDGE ( 'NONE', *, *, #4450, .F. ) ;
#1899 = EDGE_CURVE ( 'NONE', #1564, #861, #4665, .T. ) ;
#1900 = ORIENTED_EDGE ( 'NONE', *, *, #6745, .F. ) ;
#1901 = CARTESIAN_POINT ( 'NONE',  ( -60.13757733821748275, -27.10337490124671689, -8.617120465655508710 ) ) ;
#1902 = ORIENTED_EDGE ( 'NONE', *, *, #5573, .F. ) ;
#1903 = CARTESIAN_POINT ( 'NONE',  ( -59.15610248908743785, -30.13759545635435089, 2.541466372752712033 ) ) ;
#1904 = EDGE_CURVE ( 'NONE', #4414, #6802, #4687, .T. ) ;
#1905 = ORIENTED_EDGE ( 'NONE', *, *, #5923, .F. ) ;
#1906 = CARTESIAN_POINT ( 'NONE',  ( -87.74221200772909413, -38.96193401680242374, -17.14999999999995950 ) ) ;
#1907 = EDGE_CURVE ( 'NONE', #2809, #1266, #347, .T. ) ;
#1908 = DIRECTION ( 'NONE',  ( -1.522024630730408022E-16, -6.758551201016278582E-17, -1.000000000000000000 ) ) ;
#1909 = EDGE_CURVE ( 'NONE', #4739, #3016, #5392, .T. ) ;
#1910 = CIRCLE ( 'NONE', #603, 2.099999999999996092 ) ;
#1911 = AXIS2_PLACEMENT_3D ( 'NONE', #431, #6628, #2237 ) ;
#1912 =( NAMED_UNIT ( * ) SI_UNIT ( $, .STERADIAN. ) SOLID_ANGLE_UNIT ( ) );
#1913 = DIRECTION ( 'NONE',  ( -0.6705919300765830204, -0.7418264374610566980, 1.522024630730407282E-16 ) ) ;
#1914 = DIRECTION ( 'NONE',  ( 0.6705919300765831315, 0.7418264374610565870, -1.522024630730407282E-16 ) ) ;
#1915 = EDGE_LOOP ( 'NONE', ( #4317, #4248 ) ) ;
#1916 = DIRECTION ( 'NONE',  ( -1.522024630730408022E-16, -6.758551201016278582E-17, -1.000000000000000000 ) ) ;
#1917 = ADVANCED_FACE ( 'NONE', ( #1698 ), #2195, .F. ) ;
#1918 = AXIS2_PLACEMENT_3D ( 'NONE', #620, #3124, #5620 ) ;
#1919 =( BOUNDED_SURFACE ( )  B_SPLINE_SURFACE ( 3, 2, ( 
 ( #848, #6364, #6484 ),
 ( #6441, #5817, #7794 ),
 ( #7754, #2132, #2172 ),
 ( #2792, #1350, #3406 ),
 ( #7139, #122, #3361 ),
 ( #7058, #5740, #5782 ),
 ( #1505, #3322, #3858 ),
 ( #5285, #3898, #5902 ),
 ( #4013, #736, #5859 ),
 ( #1383, #282, #2000 ),
 ( #4672, #3243, #4508 ),
 ( #6401, #237, #5242 ),
 ( #2627, #6524, #4591 ),
 ( #5127, #2041, #5161 ),
 ( #4548, #7635, #3935 ),
 ( #2745, #890, #198 ),
 ( #773, #3284, #164 ),
 ( #2662, #7674, #1426 ),
 ( #2704, #5202, #7711 ),
 ( #2085, #7099, #1466 ),
 ( #4713, #6032, #4229 ),
 ( #5452, #7349, #1635 ),
 ( #1718, #2342, #2998 ),
 ( #1594, #6111, #1023 ),
 ( #2299, #5492, #979 ),
 ( #7964, #8003, #4100 ) ),
 .UNSPECIFIED., .F., .F., .F. ) 
 B_SPLINE_SURFACE_WITH_KNOTS ( ( 4, 2, 2, 2, 2, 2, 2, 2, 2, 2, 2, 2, 4 ),
 ( 3, 3 ),
 ( 0.04473162107085130318, 0.04679125751612321638, 0.04885089396139512263, 0.05297016685193893515, 0.05502980329721084141, 0.05708943974248274766, 0.06120871263302656018, 0.06326834907829848031, 0.06532798552357038657, 0.06944725841411419909, 0.07150689485938610535, 0.07356653130465801160, 0.07768580419520182412 ),
 ( 0.000000000000000000, 1.000000000000000000 ),
 .UNSPECIFIED. ) 
 GEOMETRIC_REPRESENTATION_ITEM ( )  RATIONAL_B_SPLINE_SURFACE ( (
 ( 1.000000000000000000, 0.8875621284095456254, 1.000000000000000000),
 ( 1.000000000000000000, 0.8906592811215410244, 1.000000000000000000),
 ( 1.000000000000000000, 0.8938092165748472429, 1.000000000000000000),
 ( 1.000000000000000000, 0.9002078670134980865, 1.000000000000000000),
 ( 1.000000000000000000, 0.9034690857757180504, 1.000000000000000000),
 ( 1.000000000000000000, 0.9132983453765685100, 1.000000000000000000),
 ( 1.000000000000000000, 0.9198387670500530744, 1.000000000000000000),
 ( 1.000000000000000000, 0.9295407273065927622, 1.000000000000000000),
 ( 1.000000000000000000, 0.9327563119819097803, 1.000000000000000000),
 ( 1.000000000000000000, 0.9391316679302594839, 1.000000000000000000),
 ( 1.000000000000000000, 0.9422924701942462233, 1.000000000000000000),
 ( 1.000000000000000000, 0.9514990832385928909, 1.000000000000000000),
 ( 1.000000000000000000, 0.9573283533085408248, 1.000000000000000000),
 ( 1.000000000000000000, 0.9655053468884542411, 1.000000000000000000),
 ( 1.000000000000000000, 0.9681360686669255866, 1.000000000000000000),
 ( 1.000000000000000000, 0.9731832528147359440, 1.000000000000000000),
 ( 1.000000000000000000, 0.9755874422747976560, 1.000000000000000000),
 ( 1.000000000000000000, 0.9823417584992554241, 1.000000000000000000),
 ( 1.000000000000000000, 0.9862701481335535147, 1.000000000000000000),
 ( 1.000000000000000000, 0.9911778991705939568, 1.000000000000000000),
 ( 1.000000000000000000, 0.9926488646693177875, 1.000000000000000000),
 ( 1.000000000000000000, 0.9952282896653307231, 1.000000000000000000),
 ( 1.000000000000000000, 0.9963357971059771945, 1.000000000000000000),
 ( 1.000000000000000000, 0.9990259895781932187, 1.000000000000000000),
 ( 1.000000000000000000, 0.9999969374880700590, 1.000000000000000000),
 ( 1.000000000000000000, 1.000000000000000000, 1.000000000000000000) ) ) 
 REPRESENTATION_ITEM ( '' )  SURFACE ( )  );
#1920 = FACE_OUTER_BOUND ( 'NONE', #6972, .T. ) ;
#1921 = CARTESIAN_POINT ( 'NONE',  ( -109.1457903838686292, -13.40088016902494061, 14.50000000000000888 ) ) ;
#1922 = DIRECTION ( 'NONE',  ( 1.522024630730408022E-16, 6.758551201016278582E-17, 1.000000000000000000 ) ) ;
#1923 = VERTEX_POINT ( 'NONE', #7901 ) ;
#1924 = AXIS2_PLACEMENT_3D ( 'NONE', #1906, #724, #2537 ) ;
#1925 = CARTESIAN_POINT ( 'NONE',  ( -135.5911072237840358, -60.56376589394749033, -20.31676954922416556 ) ) ;
#1926 = CARTESIAN_POINT ( 'NONE',  ( -129.4639858667284500, -55.22966931123799128, 2.772179623620965039 ) ) ;
#1927 = CARTESIAN_POINT ( 'NONE',  ( -71.47008928452402188, -14.76367895662734320, -15.62008810533299652 ) ) ;
#1928 = CARTESIAN_POINT ( 'NONE',  ( -137.0008026017638088, -61.08519527698090457, -18.23554638298330843 ) ) ;
#1929 = ORIENTED_EDGE ( 'NONE', *, *, #6559, .T. ) ;
#1930 = CARTESIAN_POINT ( 'NONE',  ( -97.37259023266631175, -15.57186927902598228, 12.50000000000000888 ) ) ;
#1931 = EDGE_LOOP ( 'NONE', ( #5875, #3761, #7682, #5695 ) ) ;
#1932 = CARTESIAN_POINT ( 'NONE',  ( -125.0381680901065948, -38.74421432633528184, -33.93855045229616252 ) ) ;
#1933 = AXIS2_PLACEMENT_3D ( 'NONE', #4663, #4624, #3443 ) ;
#1934 = ADVANCED_FACE ( 'NONE', ( #7199 ), #3471, .F. ) ;
#1935 = VERTEX_POINT ( 'NONE', #1526 ) ;
#1936 = CARTESIAN_POINT ( 'NONE',  ( -59.94858988925181364, -31.65185028339857709, 4.325481993968844918 ) ) ;
#1937 = DIRECTION ( 'NONE',  ( -1.522024630730408022E-16, -6.758551201016278582E-17, -1.000000000000000000 ) ) ;
#1938 = ADVANCED_FACE ( 'NONE', ( #1000 ), #6592, .F. ) ;
#1939 = ORIENTED_EDGE ( 'NONE', *, *, #5737, .F. ) ;
#1940 = DIRECTION ( 'NONE',  ( -1.522024630730408022E-16, -6.758551201016278582E-17, -1.000000000000000000 ) ) ;
#1941 = CARTESIAN_POINT ( 'NONE',  ( -97.01105367747261710, -27.94000877011203698, -5.002747934976691901 ) ) ;
#1942 = DIRECTION ( 'NONE',  ( 1.522024630730408022E-16, 6.758551201016278582E-17, 1.000000000000000000 ) ) ;
#1943 = ORIENTED_EDGE ( 'NONE', *, *, #1403, .F. ) ;
#1944 = CARTESIAN_POINT ( 'NONE',  ( -131.7248129391122689, -19.90491316305642044, 15.60000000000001386 ) ) ;
#1945 = ORIENTED_EDGE ( 'NONE', *, *, #94, .F. ) ;
#1946 = CARTESIAN_POINT ( 'NONE',  ( -136.9722838852216569, -61.14960961292687358, -20.57688031558430808 ) ) ;
#1947 = ORIENTED_EDGE ( 'NONE', *, *, #7719, .T. ) ;
#1948 = DIRECTION ( 'NONE',  ( -1.522024630730408022E-16, -6.758551201016278582E-17, -1.000000000000000000 ) ) ;
#1949 = CARTESIAN_POINT ( 'NONE',  ( -137.6154420299486389, -61.60219024683652123, -22.14999999999998792 ) ) ;
#1950 = DIRECTION ( 'NONE',  ( -1.522024630730408022E-16, -6.758551201016278582E-17, -1.000000000000000000 ) ) ;
#1951 = CARTESIAN_POINT ( 'NONE',  ( -135.9839949701313628, -59.67898332847274645, -21.86914278315575899 ) ) ;
#1952 = ORIENTED_EDGE ( 'NONE', *, *, #1899, .T. ) ;
#1953 = CARTESIAN_POINT ( 'NONE',  ( -116.5619228689012346, -58.93667826519101283, 12.10623070837012705 ) ) ;
#1954 = VECTOR ( 'NONE', #7987, 1000.000000000000000 ) ;
#1955 = DIRECTION ( 'NONE',  ( -0.6705919300765829094, -0.7418264374610568090, 1.387778780781445182E-16 ) ) ;
#1956 = VECTOR ( 'NONE', #7046, 1000.000000000000000 ) ;
#1957 = CARTESIAN_POINT ( 'NONE',  ( -48.99280423813705454, -0.5547887579191723706, -2.927881913502050626 ) ) ;
#1958 = EDGE_CURVE ( 'NONE', #2088, #6616, #7623, .T. ) ;
#1959 = LINE ( 'NONE', #7511, #6733 ) ;
#1960 = VECTOR ( 'NONE', #7309, 1000.000000000000114 ) ;
#1961 = CARTESIAN_POINT ( 'NONE',  ( -59.64951601461428510, -26.88665124394188410, -14.70000000000005969 ) ) ;
#1962 = ADVANCED_FACE ( 'NONE', ( #5966 ), #7284, .F. ) ;
#1963 = AXIS2_PLACEMENT_3D ( 'NONE', #1515, #7806, #7766 ) ;
#1964 = CARTESIAN_POINT ( 'NONE',  ( -125.9679885740037122, -56.55949590043942976, 1.650305378357219688 ) ) ;
#1965 = CARTESIAN_POINT ( 'NONE',  ( -93.25272099532864445, -26.57627448053524688, 5.999999999998432365 ) ) ;
#1966 = CARTESIAN_POINT ( 'NONE',  ( -106.2416252207033125, -22.96988349774651184, 20.09999999999999076 ) ) ;
#1967 = ORIENTED_EDGE ( 'NONE', *, *, #1792, .T. ) ;
#1968 = VECTOR ( 'NONE', #6120, 1000.000000000000114 ) ;
#1969 = LINE ( 'NONE', #1430, #789 ) ;
#1970 = VERTEX_POINT ( 'NONE', #7946 ) ;
#1971 = CARTESIAN_POINT ( 'NONE',  ( -132.3834677706596494, -49.11791825273031264, 2.615635768410170314 ) ) ;
#1972 = EDGE_LOOP ( 'NONE', ( #6547, #6926 ) ) ;
#1973 = CARTESIAN_POINT ( 'NONE',  ( -63.28990208730507305, -25.88159262059682675, 15.28108449677062808 ) ) ;
#1974 = FACE_OUTER_BOUND ( 'NONE', #1780, .T. ) ;
#1975 = EDGE_LOOP ( 'NONE', ( #2986, #6369, #7411, #3428 ) ) ;
#1976 = DIRECTION ( 'NONE',  ( -1.000000000000000000, 0.000000000000000000, 0.000000000000000000 ) ) ;
#1977 = EDGE_CURVE ( 'NONE', #7535, #13, #7776, .T. ) ;
#1978 = CARTESIAN_POINT ( 'NONE',  ( -72.30164038399723836, -10.40284795693934328, -12.49999999999999645 ) ) ;
#1979 = CARTESIAN_POINT ( 'NONE',  ( -113.8304676623177585, 2.742666189187668658E-16, 12.50000000000000888 ) ) ;
#1980 = VERTEX_POINT ( 'NONE', #2936 ) ;
#1981 = AXIS2_PLACEMENT_3D ( 'NONE', #6481, #5367, #7709 ) ;
#1982 = CARTESIAN_POINT ( 'NONE',  ( -44.85632932274994289, -17.26102576015556522, -11.27919665054414011 ) ) ;
#1983 = B_SPLINE_CURVE_WITH_KNOTS ( 'NONE', 3,
 ( #2539, #1258, #5037, #3075 ),
 .UNSPECIFIED., .F., .F.,
 ( 4, 4 ),
 ( 0.000000000000000000, 1.000000000000000000 ),
 .UNSPECIFIED. ) ;
#1984 = EDGE_CURVE ( 'NONE', #6261, #6537, #4160, .T. ) ;
#1985 = VERTEX_POINT ( 'NONE', #7245 ) ;
#1986 = CARTESIAN_POINT ( 'NONE',  ( -137.2250514670046471, -60.58027580249400756, -21.62542800654143704 ) ) ;
#1987 = ORIENTED_EDGE ( 'NONE', *, *, #2682, .T. ) ;
#1988 = DIRECTION ( 'NONE',  ( -0.9139452746408242012, -0.4058374489394842577, 8.326672684688670355E-17 ) ) ;
#1989 = AXIS2_PLACEMENT_3D ( 'NONE', #5208, #5133, #5669 ) ;
#1990 = CARTESIAN_POINT ( 'NONE',  ( -47.75034095316543414, -19.36907873575966477, -22.15000000000000213 ) ) ;
#1991 = CARTESIAN_POINT ( 'NONE',  ( -77.08880895307909498, -34.47339361895294019, 16.60000000000000497 ) ) ;
#1992 = DIRECTION ( 'NONE',  ( -0.4058374489394843687, 0.9139452746408240902, 0.000000000000000000 ) ) ;
#1993 = ORIENTED_EDGE ( 'NONE', *, *, #385, .T. ) ;
#1994 = CARTESIAN_POINT ( 'NONE',  ( -96.34362660281446722, -27.69782872260649498, -10.47917148683657551 ) ) ;
#1995 = DIRECTION ( 'NONE',  ( 1.522024630730408022E-16, 6.758551201016278582E-17, 1.000000000000000000 ) ) ;
#1996 = CARTESIAN_POINT ( 'NONE',  ( -138.8674360375225092, -61.80962125755532099, -19.90226640499231792 ) ) ;
#1997 = EDGE_CURVE ( 'NONE', #5552, #2643, #5720, .T. ) ;
#1998 = CARTESIAN_POINT ( 'NONE',  ( -129.8218235801741400, -43.60379034683590760, -9.999999999999985789 ) ) ;
#1999 = CARTESIAN_POINT ( 'NONE',  ( -67.26458826126764734, -30.26812448946672873, -14.69999999999996376 ) ) ;
#2000 = CARTESIAN_POINT ( 'NONE',  ( -123.2075989208809546, -55.10962141718461993, -14.69999999999909868 ) ) ;
#2001 = CARTESIAN_POINT ( 'NONE',  ( -97.61980985088182194, -26.56909085815083671, -14.69999999999999396 ) ) ;
#2002 = DIRECTION ( 'NONE',  ( 0.6705919300765819102, 0.7418264374610576972, 0.000000000000000000 ) ) ;
#2003 = ORIENTED_EDGE ( 'NONE', *, *, #4226, .T. ) ;
#2004 = CYLINDRICAL_SURFACE ( 'NONE', #1744, 16.99999999999999645 ) ;
#2005 = ORIENTED_EDGE ( 'NONE', *, *, #4225, .F. ) ;
#2006 = EDGE_CURVE ( 'NONE', #2566, #3419, #2320, .T. ) ;
#2007 = CARTESIAN_POINT ( 'NONE',  ( -149.7130684763548629, -44.77739681393872218, -22.14999999999998437 ) ) ;
#2008 = EDGE_CURVE ( 'NONE', #872, #6685, #4208, .T. ) ;
#2009 = EDGE_CURVE ( 'NONE', #6831, #1431, #4937, .T. ) ;
#2010 =( BOUNDED_SURFACE ( )  B_SPLINE_SURFACE ( 3, 2, ( 
 ( #1449, #5110, #5687 ),
 ( #3958, #6467, #835 ),
 ( #5033, #1290, #3804 ),
 ( #3880, #6387, #6309 ) ),
 .UNSPECIFIED., .F., .F., .T. ) 
 B_SPLINE_SURFACE_WITH_KNOTS ( ( 4, 4 ),
 ( 3, 3 ),
 ( -1.127483523211125771E-14, 0.01225325499469452108 ),
 ( 0.000000000000000000, 0.9035402970499331055 ),
 .UNSPECIFIED. ) 
 GEOMETRIC_REPRESENTATION_ITEM ( )  RATIONAL_B_SPLINE_SURFACE ( (
 ( 1.000000000000000000, 0.7391548086548249685, 0.9496779006537821033),
 ( 1.000000000000000000, 0.7388920166940883272, 0.9496272029848414897),
 ( 1.000000000000000000, 0.7386819385790345249, 0.9495866748396927237),
 ( 1.000000000000000000, 0.7385013184714503964, 0.9495518297158439536) ) ) 
 REPRESENTATION_ITEM ( '' )  SURFACE ( )  );
#2011 = VERTEX_POINT ( 'NONE', #8060 ) ;
#2012 = CARTESIAN_POINT ( 'NONE',  ( -57.49227961067679615, -27.07947933563186282, 9.867984464066466899 ) ) ;
#2013 = PLANE ( 'NONE',  #7459 ) ;
#2014 = VERTEX_POINT ( 'NONE', #551 ) ;
#2015 = CARTESIAN_POINT ( 'NONE',  ( -128.9254371537883230, -49.80774826510675979, -4.914312138081830206 ) ) ;
#2016 = CARTESIAN_POINT ( 'NONE',  ( -131.7224519056824192, -36.78866254671527258, -5.175980714260886018 ) ) ;
#2017 = CARTESIAN_POINT ( 'NONE',  ( -132.6626857227505241, -37.20617342435014052, 5.500000000000013323 ) ) ;
#2018 = ORIENTED_EDGE ( 'NONE', *, *, #4450, .T. ) ;
#2019 = B_SPLINE_CURVE_WITH_KNOTS ( 'NONE', 3,
 ( #5396, #436, #4742, #305, #1005, #4781, #7288, #7949 ),
 .UNSPECIFIED., .F., .F.,
 ( 4, 2, 2, 4 ),
 ( 8.636195874764576441E-15, 0.003324724961454783231, 0.006649449922900930142, 0.01329889984579321789 ),
 .UNSPECIFIED. ) ;
#2020 = CARTESIAN_POINT ( 'NONE',  ( -45.29539414762659533, -16.27347233156552520, -9.390407986049318367 ) ) ;
#2021 = ORIENTED_EDGE ( 'NONE', *, *, #7507, .F. ) ;
#2022 = VERTEX_POINT ( 'NONE', #7370 ) ;
#2023 = CIRCLE ( 'NONE', #980, 8507.626810897736505 ) ;
#2024 = CARTESIAN_POINT ( 'NONE',  ( -137.3747428950489393, -60.24381030282002314, -21.89708557856602411 ) ) ;
#2025 = ORIENTED_EDGE ( 'NONE', *, *, #281, .T. ) ;
#2026 = CARTESIAN_POINT ( 'NONE',  ( -129.1169458919568456, -57.66277435625409709, -9.184895266604719666 ) ) ;
#2027 = EDGE_CURVE ( 'NONE', #7597, #6143, #1789, .T. ) ;
#2028 = CARTESIAN_POINT ( 'NONE',  ( -48.84294689279355595, -8.284389416617051083, -2.675592887094654593 ) ) ;
#2029 = CIRCLE ( 'NONE', #7678, 33.34419726574435572 ) ;
#2030 = CARTESIAN_POINT ( 'NONE',  ( -45.75668656989841310, -20.16271053899998478, -21.43636178759085453 ) ) ;
#2031 = EDGE_CURVE ( 'NONE', #6099, #7778, #3132, .T. ) ;
#2032 = CARTESIAN_POINT ( 'NONE',  ( -133.2379508649931097, -41.08516277266079442, 9.700000000000001066 ) ) ;
#2033 = ORIENTED_EDGE ( 'NONE', *, *, #463, .F. ) ;
#2034 = DIRECTION ( 'NONE',  ( 0.6705919300765870172, 0.7418264374610531453, 0.000000000000000000 ) ) ;
#2035 = DIRECTION ( 'NONE',  ( -0.6705919300765831315, -0.7418264374610568090, 1.522024630730408268E-16 ) ) ;
#2036 = CARTESIAN_POINT ( 'NONE',  ( -131.0206914125318463, -19.12599540372231388, 15.60000000000001386 ) ) ;
#2037 = B_SPLINE_CURVE_WITH_KNOTS ( 'NONE', 3,
 ( #5328, #4714, #5286, #7059 ),
 .UNSPECIFIED., .F., .F.,
 ( 4, 4 ),
 ( 0.0006601807073194194096, 0.001188345345312401659 ),
 .UNSPECIFIED. ) ;
#2038 = CARTESIAN_POINT ( 'NONE',  ( -138.7473472097189244, -44.83177606042754348, -22.14999999999998792 ) ) ;
#2039 = CARTESIAN_POINT ( 'NONE',  ( -61.17461429362382574, -27.72753461588782997, -10.47851744507729777 ) ) ;
#2040 = B_SPLINE_CURVE_WITH_KNOTS ( 'NONE', 3,
 ( #6746, #4195, #1113, #2351 ),
 .UNSPECIFIED., .F., .F.,
 ( 4, 4 ),
 ( 0.000000000000000000, 0.0002985696920958058435 ),
 .UNSPECIFIED. ) ;
#2041 = CARTESIAN_POINT ( 'NONE',  ( -115.7126842443943247, -54.04652814187846133, -12.87486597965396662 ) ) ;
#2042 = AXIS2_PLACEMENT_3D ( 'NONE', #5722, #105, #6998 ) ;
#2043 = DIRECTION ( 'NONE',  ( 1.522024630730408022E-16, 6.758551201016278582E-17, 1.000000000000000000 ) ) ;
#2044 = CARTESIAN_POINT ( 'NONE',  ( -79.69293320283669857, 3.199845865316033766, 15.60000000000000497 ) ) ;
#2045 = ORIENTED_EDGE ( 'NONE', *, *, #538, .F. ) ;
#2046 = CARTESIAN_POINT ( 'NONE',  ( -46.10111106887108434, -7.066877069798600530, -2.675592887094655037 ) ) ;
#2047 = ORIENTED_EDGE ( 'NONE', *, *, #3117, .F. ) ;
#2048 = CARTESIAN_POINT ( 'NONE',  ( -75.72732515404841536, -25.46495599369148621, 20.10000000000000497 ) ) ;
#2049 = AXIS2_PLACEMENT_3D ( 'NONE', #6402, #702, #1231 ) ;
#2050 = ORIENTED_EDGE ( 'NONE', *, *, #769, .T. ) ;
#2051 = CARTESIAN_POINT ( 'NONE',  ( -144.7878460127467122, -48.47686762692761420, -2.407444835499565894 ) ) ;
#2052 = CARTESIAN_POINT ( 'NONE',  ( -95.50978709130777133, -47.34883589879283505, 18.10000000000000853 ) ) ;
#2053 = ORIENTED_EDGE ( 'NONE', *, *, #903, .T. ) ;
#2054 = CARTESIAN_POINT ( 'NONE',  ( -45.73686332603207205, -15.27928455480446246, -7.845790856426384963 ) ) ;
#2055 = EDGE_CURVE ( 'NONE', #3597, #461, #6461, .T. ) ;
#2056 = DIRECTION ( 'NONE',  ( -1.522024630730408022E-16, -6.758551201016278582E-17, -1.000000000000000000 ) ) ;
#2057 = DIRECTION ( 'NONE',  ( 0.9139452746408242012, 0.4058374489394840912, -2.775557561562889872E-16 ) ) ;
#2058 = ORIENTED_EDGE ( 'NONE', *, *, #7127, .T. ) ;
#2059 = AXIS2_PLACEMENT_3D ( 'NONE', #7627, #7545, #3113 ) ;
#2060 =( LENGTH_UNIT ( ) NAMED_UNIT ( * ) SI_UNIT ( .MILLI., .METRE. ) );
#2061 = VECTOR ( 'NONE', #5391, 1000.000000000000114 ) ;
#2062 = EDGE_CURVE ( 'NONE', #3597, #989, #4904, .T. ) ;
#2063 = CARTESIAN_POINT ( 'NONE',  ( -51.73086265705535425, -1.780807814660436916, -2.924435070037121331 ) ) ;
#2064 = EDGE_LOOP ( 'NONE', ( #3562, #6844, #3715, #3749, #4332, #2690 ) ) ;
#2065 = EDGE_LOOP ( 'NONE', ( #3065, #7569 ) ) ;
#2066 = EDGE_CURVE ( 'NONE', #1824, #834, #2482, .T. ) ;
#2067 = DIRECTION ( 'NONE',  ( 0.4058374489394843132, -0.9139452746408240902, -1.232595164407830946E-32 ) ) ;
#2068 = CARTESIAN_POINT ( 'NONE',  ( -136.9892426451876304, -61.11145140635800743, -19.03989333079973534 ) ) ;
#2069 = ORIENTED_EDGE ( 'NONE', *, *, #1395, .F. ) ;
#2070 = CARTESIAN_POINT ( 'NONE',  ( -55.73785657070853716, -7.471850913730349042, -10.89999999999999858 ) ) ;
#2071 = VECTOR ( 'NONE', #173, 1000.000000000000000 ) ;
#2072 = VECTOR ( 'NONE', #3446, 1000.000000000000000 ) ;
#2073 = CARTESIAN_POINT ( 'NONE',  ( -46.12817307302237424, -19.32534150912072235, -22.07144130552189765 ) ) ;
#2074 = CARTESIAN_POINT ( 'NONE',  ( -49.17908826586247528, -0.1352774305993023618, -3.097864185164253659 ) ) ;
#2075 = VERTEX_POINT ( 'NONE', #1164 ) ;
#2076 = CARTESIAN_POINT ( 'NONE',  ( -138.8481599359169252, -39.05532686446693447, 6.546553914693945764 ) ) ;
#2077 = ADVANCED_FACE ( 'NONE', ( #5473 ), #3709, .T. ) ;
#2078 = LINE ( 'NONE', #7340, #498 ) ;
#2079 = CARTESIAN_POINT ( 'NONE',  ( -124.1969392449002214, -74.14961411266756386, -3.699999999999988187 ) ) ;
#2080 = CARTESIAN_POINT ( 'NONE',  ( -135.5887487877398883, -59.51187950902370716, 0.9576660188131014273 ) ) ;
#2081 = CARTESIAN_POINT ( 'NONE',  ( -63.99017315365689029, -31.04919516758371500, -12.21234137676569631 ) ) ;
#2082 = VECTOR ( 'NONE', #1004, 1000.000000000000227 ) ;
#2083 = ADVANCED_FACE ( 'NONE', ( #7525 ), #4403, .T. ) ;
#2084 = VECTOR ( 'NONE', #1495, 1000.000000000000114 ) ;
#2085 = CARTESIAN_POINT ( 'NONE',  ( -110.8951424156791461, -52.79415260437107094, -14.31594876364576763 ) ) ;
#2086 = CARTESIAN_POINT ( 'NONE',  ( -41.06070145745211164, -18.41787131305679637, -20.18801686805996098 ) ) ;
#2087 = DIRECTION ( 'NONE',  ( 0.9139452746408242012, 0.4058374489394840356, -1.665334536937733825E-16 ) ) ;
#2088 = VERTEX_POINT ( 'NONE', #2095 ) ;
#2089 = CARTESIAN_POINT ( 'NONE',  ( -44.20172815216707818, -11.34428430757341921, -4.904501315491228475 ) ) ;
#2090 = ORIENTED_EDGE ( 'NONE', *, *, #3220, .F. ) ;
#2091 = PLANE ( 'NONE',  #7902 ) ;
#2092 = CIRCLE ( 'NONE', #7080, 1.050000000000004707 ) ;
#2093 = CIRCLE ( 'NONE', #5896, 41.22755788103233243 ) ;
#2094 = ORIENTED_EDGE ( 'NONE', *, *, #420, .F. ) ;
#2095 = CARTESIAN_POINT ( 'NONE',  ( -46.99570162617860092, -5.052260590402617879, -2.407444835499595204 ) ) ;
#2096 = CARTESIAN_POINT ( 'NONE',  ( -108.1382417128424436, -23.34999297748748504, 12.50000000000001066 ) ) ;
#2097 = AXIS2_PLACEMENT_3D ( 'NONE', #7223, #4101, #981 ) ;
#2098 = ORIENTED_EDGE ( 'NONE', *, *, #6799, .F. ) ;
#2099 = CARTESIAN_POINT ( 'NONE',  ( -44.38195585684708533, -18.33053397072966462, -14.00636133653487470 ) ) ;
#2100 = DIRECTION ( 'NONE',  ( 1.522024630730408022E-16, 6.758551201016278582E-17, 1.000000000000000000 ) ) ;
#2101 = EDGE_CURVE ( 'NONE', #1131, #2567, #6451, .T. ) ;
#2102 = CARTESIAN_POINT ( 'NONE',  ( -137.2659443632983880, -39.24572182001652010, 7.976533609994261198 ) ) ;
#2103 = ORIENTED_EDGE ( 'NONE', *, *, #3425, .T. ) ;
#2104 = SURFACE_SIDE_STYLE ('',( #1831 ) ) ;
#2105 = AXIS2_PLACEMENT_3D ( 'NONE', #81, #2579, #7704 ) ;
#2106 = CARTESIAN_POINT ( 'NONE',  ( -128.8557253808456835, -49.73973888441481250, -4.917400520541924003 ) ) ;
#2107 = EDGE_CURVE ( 'NONE', #7658, #1131, #7714, .T. ) ;
#2108 = CARTESIAN_POINT ( 'NONE',  ( -131.7411086569198346, -44.45604898960882423, 5.500000000000013323 ) ) ;
#2109 = ORIENTED_EDGE ( 'NONE', *, *, #3182, .T. ) ;
#2110 = ORIENTED_EDGE ( 'NONE', *, *, #4314, .T. ) ;
#2111 = LINE ( 'NONE', #3389, #6292 ) ;
#2112 = CIRCLE ( 'NONE', #5126, 30.03925955636818301 ) ;
#2113 =( BOUNDED_SURFACE ( )  B_SPLINE_SURFACE ( 3, 2, ( 
 ( #425, #8091, #3632 ),
 ( #6205, #5426, #6163 ),
 ( #7937, #5465, #581 ),
 ( #4932, #8016, #1809 ),
 ( #7440, #7977, #2396 ),
 ( #5543, #1691, #7278 ),
 ( #3551, #3051, #4896 ),
 ( #504, #1774, #1649 ),
 ( #6667, #4315, #4277 ),
 ( #4854, #6828, #6711 ) ),
 .UNSPECIFIED., .F., .F., .T. ) 
 B_SPLINE_SURFACE_WITH_KNOTS ( ( 4, 2, 2, 2, 4 ),
 ( 3, 3 ),
 ( 0.1213943583778178265, 0.1271262654635428868, 0.1285592422349741415, 0.1299922190064053962, 0.1328581725492679333 ),
 ( 0.000000000000000000, 1.000000000000000000 ),
 .UNSPECIFIED. ) 
 GEOMETRIC_REPRESENTATION_ITEM ( )  RATIONAL_B_SPLINE_SURFACE ( (
 ( 1.000000000000000000, 0.8944271909999176318, 1.000000000000000000),
 ( 1.000000000000000000, 0.8944225122559503749, 1.000000000000000000),
 ( 1.000000000000000000, 0.8938570179380589398, 1.000000000000000000),
 ( 1.000000000000000000, 0.8924326617850236731, 1.000000000000000000),
 ( 1.000000000000000000, 0.8921114901316514745, 1.000000000000000000),
 ( 1.000000000000000000, 0.8913936881908440801, 1.000000000000000000),
 ( 1.000000000000000000, 0.8909958416247135693, 1.000000000000000000),
 ( 1.000000000000000000, 0.8897019739022774543, 1.000000000000000000),
 ( 1.000000000000000000, 0.8887022215977868900, 1.000000000000000000),
 ( 1.000000000000000000, 0.8875621284095471797, 1.000000000000000000) ) ) 
 REPRESENTATION_ITEM ( '' )  SURFACE ( )  );
#2114 = DIRECTION ( 'NONE',  ( -0.6705919300765834645, -0.7418264374610562539, 0.000000000000000000 ) ) ;
#2115 = EDGE_CURVE ( 'NONE', #2880, #3845, #6270, .T. ) ;
#2116 = ADVANCED_FACE ( 'NONE', ( #1974 ), #2561, .F. ) ;
#2117 = EDGE_LOOP ( 'NONE', ( #7980, #6180, #7894, #1389 ) ) ;
#2118 = CARTESIAN_POINT ( 'NONE',  ( -131.7411086569198346, -44.45604898960882423, -9.999999999999985789 ) ) ;
#2119 = CARTESIAN_POINT ( 'NONE',  ( -45.74337950368499861, -20.19266338975230113, -21.39597374446409361 ) ) ;
#2120 = CARTESIAN_POINT ( 'NONE',  ( -129.2801892518208149, -39.64906446037012699, 9.700000000000001066 ) ) ;
#2121 = ORIENTED_EDGE ( 'NONE', *, *, #4627, .T. ) ;
#2122 = CARTESIAN_POINT ( 'NONE',  ( -117.4874301465452078, -53.44349144066084278, 16.18478425558738465 ) ) ;
#2123 = DIRECTION ( 'NONE',  ( -0.6705919300765831315, -0.7418264374610568090, 1.522024630730408268E-16 ) ) ;
#2124 = VECTOR ( 'NONE', #3218, 1000.000000000000000 ) ;
#2125 = CARTESIAN_POINT ( 'NONE',  ( -75.72732515404841536, -25.46495599369148621, 12.50000000000000355 ) ) ;
#2126 = CIRCLE ( 'NONE', #5659, 1.124999999999993339 ) ;
#2127 = EDGE_CURVE ( 'NONE', #7470, #4254, #5714, .T. ) ;
#2128 = CARTESIAN_POINT ( 'NONE',  ( -71.77639558657114094, -30.63035665390093243, -14.69999999999999751 ) ) ;
#2129 = CIRCLE ( 'NONE', #1090, 1.750000000000003109 ) ;
#2130 = CARTESIAN_POINT ( 'NONE',  ( -63.41282683891762417, -30.64246633271714515, -11.82903066402050740 ) ) ;
#2131 = AXIS2_PLACEMENT_3D ( 'NONE', #6368, #2593, #5744 ) ;
#2132 = CARTESIAN_POINT ( 'NONE',  ( -120.9783105144376378, -54.44456935550952181, -10.50891412697842853 ) ) ;
#2133 = CARTESIAN_POINT ( 'NONE',  ( -41.08870519243469488, -18.35480694744287078, -20.60878397050811373 ) ) ;
#2134 = DIRECTION ( 'NONE',  ( -0.9139452746408243122, -0.4058374489394839246, 1.665334536937734071E-16 ) ) ;
#2135 = CARTESIAN_POINT ( 'NONE',  ( -91.75635109969279313, -38.87923196358112676, 18.10000000000000497 ) ) ;
#2136 = CARTESIAN_POINT ( 'NONE',  ( -43.25839925349625759, -13.46865945241449225, -7.074881965491036873 ) ) ;
#2137 = EDGE_LOOP ( 'NONE', ( #5764, #5293, #595, #5545, #1044, #3803, #6500, #249, #4163, #3263, #2109, #6959, #2121, #6420, #895, #7070, #512, #5137 ) ) ;
#2138 = FACE_OUTER_BOUND ( 'NONE', #3613, .T. ) ;
#2139 = CARTESIAN_POINT ( 'NONE',  ( -45.75319657649225036, -20.17046348565073544, -16.18973592149304963 ) ) ;
#2140 = ORIENTED_EDGE ( 'NONE', *, *, #1063, .T. ) ;
#2141 = CARTESIAN_POINT ( 'NONE',  ( -89.50961297396496263, -47.55598454486987237, 18.10000000000000497 ) ) ;
#2142 = DIRECTION ( 'NONE',  ( -0.6705919300765830204, -0.7418264374610566980, 1.522024630730407282E-16 ) ) ;
#2143 = ORIENTED_EDGE ( 'NONE', *, *, #6963, .F. ) ;
#2144 = FACE_OUTER_BOUND ( 'NONE', #217, .T. ) ;
#2145 = CARTESIAN_POINT ( 'NONE',  ( -51.10276034865997019, -2.903767448954738928, -2.557264017705370041 ) ) ;
#2146 = LINE ( 'NONE', #6499, #5019 ) ;
#2147 = ORIENTED_EDGE ( 'NONE', *, *, #7447, .F. ) ;
#2148 = B_SPLINE_CURVE_WITH_KNOTS ( 'NONE', 3,
 ( #3873, #2527, #7607, #7567 ),
 .UNSPECIFIED., .F., .F.,
 ( 4, 4 ),
 ( 0.000000000000000000, 0.0005218810270788640801 ),
 .UNSPECIFIED. ) ;
#2149 = CARTESIAN_POINT ( 'NONE',  ( -97.61980985088180773, -26.56909085815083316, -10.37867965644033852 ) ) ;
#2150 = CARTESIAN_POINT ( 'NONE',  ( -97.61980985088180773, -26.56909085815083316, 12.50000000000000711 ) ) ;
#2151 = EDGE_LOOP ( 'NONE', ( #272, #6883, #5998, #4607 ) ) ;
#2152 = ORIENTED_EDGE ( 'NONE', *, *, #4899, .F. ) ;
#2153 = ADVANCED_FACE ( 'NONE', ( #5136 ), #4444, .F. ) ;
#2154 = CARTESIAN_POINT ( 'NONE',  ( -134.7382004055548350, -38.12780583219511499, 10.72390011532684717 ) ) ;
#2155 = CARTESIAN_POINT ( 'NONE',  ( -141.6226962863376286, -62.99690182135942962, -20.60889545096661379 ) ) ;
#2156 = CARTESIAN_POINT ( 'NONE',  ( -48.84294689279355595, -8.284389416617052859, -2.675592887094654593 ) ) ;
#2157 = ORIENTED_EDGE ( 'NONE', *, *, #857, .T. ) ;
#2158 = CARTESIAN_POINT ( 'NONE',  ( -46.69089254956108448, -5.738690134965811929, -2.420152625384552003 ) ) ;
#2159 = VECTOR ( 'NONE', #4540, 1000.000000000000227 ) ;
#2160 = EDGE_CURVE ( 'NONE', #6948, #5976, #3174, .T. ) ;
#2161 = CARTESIAN_POINT ( 'NONE',  ( -65.30789395363784422, -14.95637638544272008, -9.999999999999998224 ) ) ;
#2162 = DIRECTION ( 'NONE',  ( 0.4058374489394843132, -0.9139452746408240902, -1.232595164407830946E-32 ) ) ;
#2163 = ORIENTED_EDGE ( 'NONE', *, *, #6352, .F. ) ;
#2164 = CARTESIAN_POINT ( 'NONE',  ( -141.2027138575071206, -41.63125965779342863, 3.518834459090846245 ) ) ;
#2165 = ADVANCED_FACE ( 'NONE', ( #3945 ), #4483, .F. ) ;
#2166 = DIRECTION ( 'NONE',  ( -1.522024630730408022E-16, -6.758551201016278582E-17, -1.000000000000000000 ) ) ;
#2167 = DIRECTION ( 'NONE',  ( 0.3769758968958016876, -0.9262230687904537962, 5.222600313117346239E-18 ) ) ;
#2168 = CARTESIAN_POINT ( 'NONE',  ( -57.19682757630344128, -12.83196012018883359, 6.906601717798143802 ) ) ;
#2169 = DIRECTION ( 'NONE',  ( 0.6705919300765819102, 0.7418264374610576972, 0.000000000000000000 ) ) ;
#2170 = ADVANCED_FACE ( 'NONE', ( #3331 ), #6953, .F. ) ;
#2171 = CARTESIAN_POINT ( 'NONE',  ( -114.6472980033845630, -59.13334243033857263, -7.714200459922618158 ) ) ;
#2172 = CARTESIAN_POINT ( 'NONE',  ( -127.8843082689547828, -57.18631445769423038, -14.69999999999978435 ) ) ;
#2173 = FACE_OUTER_BOUND ( 'NONE', #5007, .T. ) ;
#2174 = DIRECTION ( 'NONE',  ( -0.2158608575099905391, -0.07832644900288437961, -0.9732774823151155719 ) ) ;
#2175 = CARTESIAN_POINT ( 'NONE',  ( -128.9856565775733941, -49.86924754130141224, -0.7974998610177168601 ) ) ;
#2176 = CARTESIAN_POINT ( 'NONE',  ( -42.60298963967897379, -14.94464083626185946, -9.201940729576728373 ) ) ;
#2177 = ORIENTED_EDGE ( 'NONE', *, *, #4470, .F. ) ;
#2178 = CARTESIAN_POINT ( 'NONE',  ( -109.9320279439402839, -50.03522146438766072, -21.34999999999999432 ) ) ;
#2179 = B_SPLINE_CURVE_WITH_KNOTS ( 'NONE', 3,
 ( #230, #2736, #1297, #727, #3270, #7583, #1951, #5731, #4464, #3851, #6355, #3821, #2432, #1925, #8050, #6283 ),
 .UNSPECIFIED., .F., .F.,
 ( 4, 2, 2, 2, 2, 2, 2, 4 ),
 ( 0.000000000000000000, 0.1250000000000002498, 0.2500000000000004996, 0.3750000000000007772, 0.5000000000000009992, 0.7500000000000015543, 0.8750000000000007772, 1.000000000000000000 ),
 .UNSPECIFIED. ) ;
#2180 = CYLINDRICAL_SURFACE ( 'NONE', #7246, 1.124999999999998446 ) ;
#2181 = VERTEX_POINT ( 'NONE', #6991 ) ;
#2182 = DIRECTION ( 'NONE',  ( -1.522024630730408022E-16, -6.758551201016278582E-17, -1.000000000000000000 ) ) ;
#2183 = CIRCLE ( 'NONE', #5980, 2.099999999999996092 ) ;
#2184 = CARTESIAN_POINT ( 'NONE',  ( -115.9068254889678684, -59.30798300575408177, 5.886796564403927512 ) ) ;
#2185 = ORIENTED_EDGE ( 'NONE', *, *, #6732, .F. ) ;
#2186 = CARTESIAN_POINT ( 'NONE',  ( -44.85896733989893903, -9.864182726251474520, -3.842806056089168809 ) ) ;
#2187 = CARTESIAN_POINT ( 'NONE',  ( -57.24668841338085201, -9.140960398017730526, -25.68553390593274344 ) ) ;
#2188 = CARTESIAN_POINT ( 'NONE',  ( -140.9080500360062160, -57.21416185341779936, -7.476053542693354537 ) ) ;
#2189 = VERTEX_POINT ( 'NONE', #1359 ) ;
#2190 = ADVANCED_FACE ( 'NONE', ( #747 ), #2013, .T. ) ;
#2191 = VECTOR ( 'NONE', #3008, 1000.000000000000000 ) ;
#2192 = EDGE_LOOP ( 'NONE', ( #6715, #4775, #7983, #2402 ) ) ;
#2193 = EDGE_CURVE ( 'NONE', #834, #7442, #5828, .T. ) ;
#2194 = DIRECTION ( 'NONE',  ( 0.9139452746408237571, 0.4058374489394852569, -1.665334536937734318E-16 ) ) ;
#2195 = CYLINDRICAL_SURFACE ( 'NONE', #7690, 2.100000000000001865 ) ;
#2196 = ORIENTED_EDGE ( 'NONE', *, *, #4075, .F. ) ;
#2197 = ORIENTED_EDGE ( 'NONE', *, *, #94, .T. ) ;
#2198 = CIRCLE ( 'NONE', #7043, 2.875000000000000888 ) ;
#2199 = DIRECTION ( 'NONE',  ( 0.9139452746408242012, 0.4058374489394840912, -1.665334536937734071E-16 ) ) ;
#2200 = CARTESIAN_POINT ( 'NONE',  ( -138.9324327732770712, -61.66324871439741173, -21.01423600150945248 ) ) ;
#2201 = CARTESIAN_POINT ( 'NONE',  ( -133.0139876243167691, -58.05937245554762427, -8.078367594105651861 ) ) ;
#2202 = AXIS2_PLACEMENT_3D ( 'NONE', #4551, #4476, #3246 ) ;
#2203 = VERTEX_POINT ( 'NONE', #2714 ) ;
#2204 = DIRECTION ( 'NONE',  ( 0.7878638404273515805, 0.5403430444436631008, -0.2954656718950919858 ) ) ;
#2205 = CARTESIAN_POINT ( 'NONE',  ( -129.3910280950825609, -47.78912525194722605, -3.183803752492256667 ) ) ;
#2206 = CARTESIAN_POINT ( 'NONE',  ( -146.8425884372005328, -43.50275999634595792, -2.957127002701176455 ) ) ;
#2207 = ORIENTED_EDGE ( 'NONE', *, *, #680, .F. ) ;
#2208 = CARTESIAN_POINT ( 'NONE',  ( -61.59935693466520235, -35.40024792148072663, -6.707576703688602038 ) ) ;
#2209 = EDGE_CURVE ( 'NONE', #7677, #998, #376, .T. ) ;
#2210 = B_SPLINE_SURFACE_WITH_KNOTS ( 'NONE', 3, 1, ( 
 ( #879, #6511 ),
 ( #2158, #5149 ),
 ( #7782, #3393 ),
 ( #3847, #2028 ) ),
 .UNSPECIFIED., .F., .F., .F.,
 ( 4, 4 ),
 ( 2, 2 ),
 ( 0.000000000000000000, 1.000000000000000000 ),
 ( 0.000000000000000000, 1.000000000000000000 ),
 .UNSPECIFIED. ) ;
#2211 = CARTESIAN_POINT ( 'NONE',  ( -149.1385086328923251, -46.07130464650364843, -2.675592887094414341 ) ) ;
#2212 = DIRECTION ( 'NONE',  ( -0.6705919300765826874, -0.7418264374610571421, 0.000000000000000000 ) ) ;
#2213 = CARTESIAN_POINT ( 'NONE',  ( -70.20145161165707748, -14.39396738996630631, -14.69999999999999751 ) ) ;
#2214 = CARTESIAN_POINT ( 'NONE',  ( -97.01105367747261710, -27.94000877011203698, 6.940088891538751525 ) ) ;
#2215 = DIRECTION ( 'NONE',  ( 1.522024630730407529E-16, 6.758551201016273652E-17, 1.000000000000000000 ) ) ;
#2216 = CARTESIAN_POINT ( 'NONE',  ( -41.19758475663084596, -18.10961034603997888, -21.26356327762679044 ) ) ;
#2217 = DIRECTION ( 'NONE',  ( 0.8246831757635970650, 0.5655949607382193545, -2.087958109686767943E-16 ) ) ;
#2218 = DIRECTION ( 'NONE',  ( 1.000000000000000000, 0.000000000000000000, 0.000000000000000000 ) ) ;
#2219 = CARTESIAN_POINT ( 'NONE',  ( -41.59465118893819380, -17.21541738658228837, -14.33779853604034926 ) ) ;
#2220 = ORIENTED_EDGE ( 'NONE', *, *, #1423, .T. ) ;
#2221 = CARTESIAN_POINT ( 'NONE',  ( -75.72732515404841536, -25.46495599369148621, 12.50000000000000355 ) ) ;
#2222 = FACE_OUTER_BOUND ( 'NONE', #7808, .T. ) ;
#2223 = ORIENTED_EDGE ( 'NONE', *, *, #7630, .F. ) ;
#2224 = AXIS2_PLACEMENT_3D ( 'NONE', #5770, #6319, #4499 ) ;
#2225 = CARTESIAN_POINT ( 'NONE',  ( -84.35511265651814483, 5.785246007221590325, 20.10000000000000497 ) ) ;
#2226 = DIRECTION ( 'NONE',  ( 1.522024630730408022E-16, 6.758551201016278582E-17, 1.000000000000000000 ) ) ;
#2227 = ORIENTED_EDGE ( 'NONE', *, *, #5628, .F. ) ;
#2228 = CARTESIAN_POINT ( 'NONE',  ( -74.26077048310349937, -45.39341766721849325, 16.60000000000000853 ) ) ;
#2229 = CARTESIAN_POINT ( 'NONE',  ( -51.80246317296782621, -3.224598455260522023, -1.788138067311281665 ) ) ;
#2230 = DIRECTION ( 'NONE',  ( -1.522024630730408022E-16, -6.758551201016278582E-17, -1.000000000000000000 ) ) ;
#2231 = ORIENTED_EDGE ( 'NONE', *, *, #3699, .F. ) ;
#2232 = ORIENTED_EDGE ( 'NONE', *, *, #5747, .F. ) ;
#2233 = AXIS2_PLACEMENT_3D ( 'NONE', #8002, #3769, #1143 ) ;
#2234 = CARTESIAN_POINT ( 'NONE',  ( -79.91673861581968197, -30.30518944920304492, 16.60000000000000497 ) ) ;
#2235 = AXIS2_PLACEMENT_3D ( 'NONE', #900, #248, #4026 ) ;
#2236 = EDGE_CURVE ( 'NONE', #7605, #7161, #6678, .T. ) ;
#2237 = DIRECTION ( 'NONE',  ( 0.6705919300765831315, 0.7418264374610565870, 0.000000000000000000 ) ) ;
#2238 = AXIS2_PLACEMENT_3D ( 'NONE', #2389, #5455, #1723 ) ;
#2239 = ORIENTED_EDGE ( 'NONE', *, *, #7417, .T. ) ;
#2240 = ORIENTED_EDGE ( 'NONE', *, *, #4568, .T. ) ;
#2241 = LINE ( 'NONE', #1489, #2082 ) ;
#2242 = DIRECTION ( 'NONE',  ( 0.6705919300765831315, 0.7418264374610568090, -1.309225264888155391E-16 ) ) ;
#2243 = B_SPLINE_CURVE_WITH_KNOTS ( 'NONE', 3,
 ( #3056, #2400, #3716, #6912, #2359, #8095, #7404, #3011, #6210, #508, #3677, #5547, #1736, #2517 ),
 .UNSPECIFIED., .F., .F.,
 ( 4, 2, 2, 2, 2, 2, 4 ),
 ( 0.000000000000000000, 0.001664069186498596089, 0.002496103779747886001, 0.003328138372997176131, 0.004160172966246465827, 0.004992207559495755523, 0.006656276745994335782 ),
 .UNSPECIFIED. ) ;
#2244 = CIRCLE ( 'NONE', #7216, 5.999999999999995559 ) ;
#2245 = EDGE_LOOP ( 'NONE', ( #7088, #31, #4981, #859 ) ) ;
#2246 = CARTESIAN_POINT ( 'NONE',  ( -45.56765871855133554, -20.58841449607742646, -20.04512421095780184 ) ) ;
#2247 = ORIENTED_EDGE ( 'NONE', *, *, #2961, .F. ) ;
#2248 = LINE ( 'NONE', #270, #6158 ) ;
#2249 = CARTESIAN_POINT ( 'NONE',  ( -68.23155155733846300, -39.98338051802198834, 15.10000000000000320 ) ) ;
#2250 = VERTEX_POINT ( 'NONE', #2638 ) ;
#2251 = CARTESIAN_POINT ( 'NONE',  ( -61.88397548126803827, -35.63971976865478553, -7.390227436427531771 ) ) ;
#2252 = CARTESIAN_POINT ( 'NONE',  ( -112.9156364349355925, -58.40948378268475949, -10.29121836409529500 ) ) ;
#2253 = CARTESIAN_POINT ( 'NONE',  ( -64.81088762515229007, -31.65816641454171432, 16.42134290429153509 ) ) ;
#2254 = CARTESIAN_POINT ( 'NONE',  ( -128.5541318816729586, -57.51525551262436409, -11.92317083582865855 ) ) ;
#2255 = CARTESIAN_POINT ( 'NONE',  ( -115.9068254889678684, -59.30798300575409598, -4.091823013575925039 ) ) ;
#2256 = CARTESIAN_POINT ( 'NONE',  ( -141.6092718614449666, -63.02713360437377332, -19.90226640499231792 ) ) ;
#2257 = CARTESIAN_POINT ( 'NONE',  ( -97.61980985088182194, -26.56909085815083671, -21.34999999999999787 ) ) ;
#2258 = CARTESIAN_POINT ( 'NONE',  ( -132.6050312138273455, -47.60124399359331449, 8.788084383090756901 ) ) ;
#2259 = DIRECTION ( 'NONE',  ( -1.522024630730408022E-16, -6.758551201016278582E-17, -1.000000000000000000 ) ) ;
#2260 = CARTESIAN_POINT ( 'NONE',  ( -42.08056498607398055, -16.12114030610154813, -11.45753027214895070 ) ) ;
#2261 = DIRECTION ( 'NONE',  ( -0.6705919300765834645, -0.7418264374610564760, 0.000000000000000000 ) ) ;
#2262 = EDGE_CURVE ( 'NONE', #4890, #1733, #8034, .T. ) ;
#2263 = AXIS2_PLACEMENT_3D ( 'NONE', #826, #5103, #3912 ) ;
#2264 = DIRECTION ( 'NONE',  ( 0.6705919300765830204, 0.7418264374610565870, -1.618183019125878364E-16 ) ) ;
#2265 = ORIENTED_EDGE ( 'NONE', *, *, #1019, .F. ) ;
#2266 = CARTESIAN_POINT ( 'NONE',  ( -96.40054227792418828, -44.02656451803455440, -14.69999999999999041 ) ) ;
#2267 = CARTESIAN_POINT ( 'NONE',  ( -138.7473472097189529, -44.83177606042754348, -25.68553390593272923 ) ) ;
#2268 = ORIENTED_EDGE ( 'NONE', *, *, #4735, .T. ) ;
#2269 = CARTESIAN_POINT ( 'NONE',  ( -72.47261247300994569, 1.249400546638808285, 12.50000000000000178 ) ) ;
#2270 = EDGE_CURVE ( 'NONE', #2760, #3144, #7888, .T. ) ;
#2271 = CARTESIAN_POINT ( 'NONE',  ( -57.89877376051600777, -13.74160787838669506, 7.863909170155005235 ) ) ;
#2272 = CARTESIAN_POINT ( 'NONE',  ( -129.2033850473993652, -57.77205057294426638, -13.14809138725792081 ) ) ;
#2273 = EDGE_CURVE ( 'NONE', #5723, #7705, #2480, .T. ) ;
#2274 = ORIENTED_EDGE ( 'NONE', *, *, #6886, .F. ) ;
#2275 = ORIENTED_EDGE ( 'NONE', *, *, #3450, .T. ) ;
#2276 = ADVANCED_FACE ( 'NONE', ( #5337, #1031 ), #1605, .T. ) ;
#2277 = CARTESIAN_POINT ( 'NONE',  ( -69.44703569032093071, -13.55941264782261690, -17.14999999999996305 ) ) ;
#2278 = DIRECTION ( 'NONE',  ( -0.6705919300765831315, -0.7418264374610566980, 0.000000000000000000 ) ) ;
#2279 = B_SPLINE_SURFACE_WITH_KNOTS ( 'NONE', 3, 1, ( 
 ( #4103, #6036 ),
 ( #415, #3494 ),
 ( #6613, #5374 ),
 ( #4059, #7926 ) ),
 .UNSPECIFIED., .F., .F., .F.,
 ( 4, 4 ),
 ( 2, 2 ),
 ( 0.000000000000000000, 1.000000000000000000 ),
 ( 0.000000000000000000, 1.000000000000000000 ),
 .UNSPECIFIED. ) ;
#2280 = ORIENTED_EDGE ( 'NONE', *, *, #828, .T. ) ;
#2281 = ORIENTED_EDGE ( 'NONE', *, *, #6604, .T. ) ;
#2282 = DIRECTION ( 'NONE',  ( -0.6705919300765844637, -0.7418264374610555878, 0.000000000000000000 ) ) ;
#2283 = CARTESIAN_POINT ( 'NONE',  ( -142.0335996863406365, -62.07154803316681324, -21.91692808353570499 ) ) ;
#2284 = ORIENTED_EDGE ( 'NONE', *, *, #7990, .T. ) ;
#2285 = CARTESIAN_POINT ( 'NONE',  ( -45.71799452200105662, -20.24985851133218873, -21.32051342069055622 ) ) ;
#2286 = ORIENTED_EDGE ( 'NONE', *, *, #969, .F. ) ;
#2287 = FACE_OUTER_BOUND ( 'NONE', #2813, .T. ) ;
#2288 = CARTESIAN_POINT ( 'NONE',  ( -112.4267827281093162, 4.411589676283690586, 12.50000000000000711 ) ) ;
#2289 = VERTEX_POINT ( 'NONE', #2266 ) ;
#2290 = ORIENTED_EDGE ( 'NONE', *, *, #6770, .T. ) ;
#2291 = DIRECTION ( 'NONE',  ( -0.6705919300765831315, -0.7418264374610565870, 1.448010099518133651E-16 ) ) ;
#2292 = CARTESIAN_POINT ( 'NONE',  ( -146.6350912793519399, -51.70899645316394810, -2.675592887100114670 ) ) ;
#2293 = EDGE_CURVE ( 'NONE', #5101, #1985, #4204, .T. ) ;
#2294 = CIRCLE ( 'NONE', #6884, 15.00000000000000533 ) ;
#2295 = CARTESIAN_POINT ( 'NONE',  ( -79.69293320283668436, 3.199845865316033766, 20.10000000000000497 ) ) ;
#2296 = CARTESIAN_POINT ( 'NONE',  ( -134.2832288782847741, -54.33813693966214942, 0.6612471538176410979 ) ) ;
#2297 = ADVANCED_FACE ( 'NONE', ( #5868 ), #7932, .F. ) ;
#2298 = CARTESIAN_POINT ( 'NONE',  ( -125.1281128521640511, -52.46112200191323183, -3.183803752492257555 ) ) ;
#2299 = CARTESIAN_POINT ( 'NONE',  ( -110.7507291440466162, -50.19786665783757229, -14.69999999999999041 ) ) ;
#2300 = CIRCLE ( 'NONE', #3344, 26.50000000000001776 ) ;
#2301 = DIRECTION ( 'NONE',  ( 0.7418264374610571421, -0.6705919300765827984, -6.758551201016282280E-17 ) ) ;
#2302 = CARTESIAN_POINT ( 'NONE',  ( -110.5491253238948843, 6.488703701174650895, 15.60000000000000853 ) ) ;
#2303 = LINE ( 'NONE', #6700, #36 ) ;
#2304 = CARTESIAN_POINT ( 'NONE',  ( -135.6298846898025943, -60.47643910357167840, -18.23554638298330843 ) ) ;
#2305 = FACE_OUTER_BOUND ( 'NONE', #1127, .T. ) ;
#2306 = DIRECTION ( 'NONE',  ( -0.6705919300765831315, -0.7418264374610568090, 1.522024630730408268E-16 ) ) ;
#2307 = ORIENTED_EDGE ( 'NONE', *, *, #2670, .T. ) ;
#2308 = DIRECTION ( 'NONE',  ( 0.4058374489394843132, -0.9139452746408240902, 0.000000000000000000 ) ) ;
#2309 = CARTESIAN_POINT ( 'NONE',  ( -86.37035684573547201, -39.60959725495166595, 20.10000000000000853 ) ) ;
#2310 = CIRCLE ( 'NONE', #6900, 16.99999999999999645 ) ;
#2311 = VERTEX_POINT ( 'NONE', #990 ) ;
#2312 = DIRECTION ( 'NONE',  ( 1.522024630730408022E-16, 6.758551201016278582E-17, 1.000000000000000000 ) ) ;
#2313 = FACE_OUTER_BOUND ( 'NONE', #5164, .T. ) ;
#2314 = CARTESIAN_POINT ( 'NONE',  ( -144.9052140874063070, -55.60467707460264819, -4.592060007051807169 ) ) ;
#2315 = ORIENTED_EDGE ( 'NONE', *, *, #2585, .F. ) ;
#2316 = ORIENTED_EDGE ( 'NONE', *, *, #14, .T. ) ;
#2317 = VECTOR ( 'NONE', #7180, 1000.000000000000000 ) ;
#2318 = VERTEX_POINT ( 'NONE', #2225 ) ;
#2319 = CARTESIAN_POINT ( 'NONE',  ( -121.5762510764616451, -55.42937214740789642, 10.43810541776501033 ) ) ;
#2320 = LINE ( 'NONE', #4820, #3884 ) ;
#2321 = ORIENTED_EDGE ( 'NONE', *, *, #5363, .T. ) ;
#2322 = CIRCLE ( 'NONE', #2049, 9.999999999999994671 ) ;
#2323 = DIRECTION ( 'NONE',  ( -1.522024630730408022E-16, -6.758551201016278582E-17, -1.000000000000000000 ) ) ;
#2324 = CARTESIAN_POINT ( 'NONE',  ( -85.76335570967896160, 4.227410488553371870, 15.10000000000000320 ) ) ;
#2325 = B_SPLINE_CURVE_WITH_KNOTS ( 'NONE', 3,
 ( #6076, #2919, #4843, #5416, #7927, #454, #7354, #3624, #6114, #8007, #1762, #4270, #5736, #6324, #6398, #1264, #611, #8121, #4430, #3278, #6235, #6975, #2504, #4504, #3114, #4349, #697, #3892, #7546, #654, #5123, #6937, #3201, #7628, #7011, #1379, #2658, #5655, #2545, #3158, #3740, #1346, #768, #1877, #1996 ),
 .UNSPECIFIED., .F., .F.,
 ( 4, 2, 2, 1, 1, 1, 1, 1, 2, 2, 2, 2, 1, 1, 1, 1, 1, 2, 2, 2, 2, 1, 1, 1, 1, 1, 2, 2, 2, 4 ),
 ( 0.000000000000000000, 0.1249999999998716305, 0.1874999999998067934, 0.2187499999997746525, 0.2343749999997588873, 0.2421874999997512545, 0.2460937499997477018, 0.2480468749997464251, 0.2490234374997458144, 0.2499999999997452038, 0.3749999999997967182, 0.4374999999998229749, 0.4687499999998357980, 0.4843749999998424594, 0.4921874999998461231, 0.4960937499998476219, 0.4980468749998482325, 0.4990234374998487321, 0.4999999999998492317, 0.6249999999999319433, 0.6874999999999731326, 0.7187499999999942268, 0.7343750000000048850, 0.7421875000000099920, 0.7460937500000123235, 0.7480468750000131006, 0.7490234375000134337, 0.7500000000000136557, 0.8750000000000068834, 1.000000000000000000 ),
 .UNSPECIFIED. ) ;
#2326 = ADVANCED_FACE ( 'NONE', ( #1644 ), #4641, .F. ) ;
#2327 = VECTOR ( 'NONE', #7106, 1000.000000000000000 ) ;
#2328 = VERTEX_POINT ( 'NONE', #3984 ) ;
#2329 = CARTESIAN_POINT ( 'NONE',  ( -46.93857663051255713, -21.19717066948664552, -20.04512421095780184 ) ) ;
#2330 = EDGE_CURVE ( 'NONE', #4318, #4511, #945, .T. ) ;
#2331 = ORIENTED_EDGE ( 'NONE', *, *, #1140, .F. ) ;
#2332 = FACE_BOUND ( 'NONE', #2065, .T. ) ;
#2333 = CARTESIAN_POINT ( 'NONE',  ( -60.93275676356886095, -34.39328296671809682, 5.852055885360727849 ) ) ;
#2334 = EDGE_LOOP ( 'NONE', ( #5307, #8086, #5439, #7317 ) ) ;
#2335 = DIRECTION ( 'NONE',  ( -1.522024630730408022E-16, -6.758551201016278582E-17, -1.000000000000000000 ) ) ;
#2336 = CARTESIAN_POINT ( 'NONE',  ( -110.7714398101703637, -50.98953589909763906, -14.63325918272009396 ) ) ;
#2337 = VECTOR ( 'NONE', #84, 1000.000000000000114 ) ;
#2338 = CARTESIAN_POINT ( 'NONE',  ( -61.08486785830990584, -35.02262324337637978, 5.886202744740855586 ) ) ;
#2339 = DIRECTION ( 'NONE',  ( -0.9139452746408236461, -0.4058374489394855900, 0.000000000000000000 ) ) ;
#2340 = EDGE_CURVE ( 'NONE', #5810, #3144, #3026, .T. ) ;
#2341 = CARTESIAN_POINT ( 'NONE',  ( -130.5512770614782312, -18.60671689749957380, 15.60000000000001386 ) ) ;
#2342 = CARTESIAN_POINT ( 'NONE',  ( -112.2120162311525746, -51.23938209934723886, -14.50017933182851948 ) ) ;
#2343 = CARTESIAN_POINT ( 'NONE',  ( -70.20145161165707748, -14.39396738996630987, -33.93855045229617673 ) ) ;
#2344 = CARTESIAN_POINT ( 'NONE',  ( -137.6459803578941319, -39.41900567826741764, 7.561771395984093758 ) ) ;
#2345 = CARTESIAN_POINT ( 'NONE',  ( -132.7701188291594292, -59.28241815977251150, -14.69999999999998153 ) ) ;
#2346 = CARTESIAN_POINT ( 'NONE',  ( -137.5179015244151230, -51.39786384049189394, -7.672778918891223654 ) ) ;
#2347 = B_SPLINE_SURFACE_WITH_KNOTS ( 'NONE', 3, 1, ( 
 ( #4773, #4689 ),
 ( #252, #864 ),
 ( #5343, #3507 ),
 ( #6622, #1563 ),
 ( #3422, #4074 ),
 ( #2930, #1521 ),
 ( #3466, #4155 ),
 ( #4813, #6001 ),
 ( #4030, #6540 ),
 ( #7811, #5961 ),
 ( #6669, #5919 ),
 ( #3552, #297 ),
 ( #2808, #2188 ),
 ( #996, #382 ),
 ( #426, #2887 ),
 ( #5427, #7938 ),
 ( #2314, #4766 ),
 ( #1556, #5993 ),
 ( #4064, #5953 ),
 ( #7885, #858 ),
 ( #2879, #2837 ),
 ( #4639, #2923 ) ),
 .UNSPECIFIED., .F., .F., .F.,
 ( 4, 2, 2, 2, 2, 2, 2, 2, 2, 2, 4 ),
 ( 2, 2 ),
 ( 0.000000000000000000, 0.2499999999999991118, 0.3124999999999992228, 0.3749999999999992228, 0.5000000000000000000, 0.5624999999999997780, 0.6249999999999996669, 0.7499999999999983347, 0.8124999999999985567, 0.8749999999999987788, 1.000000000000000000 ),
 ( 0.000000000000000000, 1.000000000000000000 ),
 .UNSPECIFIED. ) ;
#2348 = CARTESIAN_POINT ( 'NONE',  ( -138.3818737673695694, -47.19225703099898794, 3.919630135262696324 ) ) ;
#2349 = ORIENTED_EDGE ( 'NONE', *, *, #2871, .F. ) ;
#2350 = EDGE_CURVE ( 'NONE', #6510, #7605, #3547, .T. ) ;
#2351 = CARTESIAN_POINT ( 'NONE',  ( -51.92092408978494689, -1.352789777417755301, -3.097864185164253215 ) ) ;
#2352 = CARTESIAN_POINT ( 'NONE',  ( -145.5020822516627277, -46.86840877908024794, -2.407444835499567226 ) ) ;
#2353 = ORIENTED_EDGE ( 'NONE', *, *, #1306, .T. ) ;
#2354 = DIRECTION ( 'NONE',  ( -0.9139452746408243122, -0.4058374489394839246, 1.665334536937734071E-16 ) ) ;
#2355 = CARTESIAN_POINT ( 'NONE',  ( -95.79203009365117794, -20.83375678581511181, -22.14999999999999503 ) ) ;
#2356 = CARTESIAN_POINT ( 'NONE',  ( -144.8836767467167590, -46.59129420616768158, -1.729927390893693850 ) ) ;
#2357 = EDGE_LOOP ( 'NONE', ( #3343, #4870, #3258, #7093 ) ) ;
#2358 = EDGE_LOOP ( 'NONE', ( #3753, #5582, #5682, #4120 ) ) ;
#2359 = CARTESIAN_POINT ( 'NONE',  ( -123.7271558524647617, -57.09285738281585765, -5.811540406259358527 ) ) ;
#2360 = VERTEX_POINT ( 'NONE', #331 ) ;
#2361 = DIRECTION ( 'NONE',  ( -0.6705919300765831315, -0.7418264374610565870, 1.387778780781444936E-16 ) ) ;
#2362 = CARTESIAN_POINT ( 'NONE',  ( -51.06411503959468945, -6.939798711624630023, -0.9244324841358023681 ) ) ;
#2363 = EDGE_CURVE ( 'NONE', #6338, #4275, #3797, .T. ) ;
#2364 = ORIENTED_EDGE ( 'NONE', *, *, #1792, .F. ) ;
#2365 = AXIS2_PLACEMENT_3D ( 'NONE', #1585, #4091, #6065 ) ;
#2366 = CARTESIAN_POINT ( 'NONE',  ( -66.82330850417764623, -38.42554499935376811, 20.10000000000000497 ) ) ;
#2367 = AXIS2_PLACEMENT_3D ( 'NONE', #5275, #5889, #2780 ) ;
#2368 = ORIENTED_EDGE ( 'NONE', *, *, #606, .T. ) ;
#2369 = EDGE_LOOP ( 'NONE', ( #1238, #5600, #5351, #4732, #6665 ) ) ;
#2370 = CARTESIAN_POINT ( 'NONE',  ( -59.82593958492395103, -26.96499213993879351, -7.777966232607729680 ) ) ;
#2371 = AXIS2_PLACEMENT_3D ( 'NONE', #4173, #1013, #1055 ) ;
#2372 = EDGE_LOOP ( 'NONE', ( #837, #3603, #2239, #4876 ) ) ;
#2373 = CARTESIAN_POINT ( 'NONE',  ( -56.01639561627787600, -5.919751026103031499, 3.154816932867269053 ) ) ;
#2374 = DIRECTION ( 'NONE',  ( -0.2742274291513641660, -0.1217707048376172746, -0.9539241125710071767 ) ) ;
#2375 = CIRCLE ( 'NONE', #4462, 2.850000000000005862 ) ;
#2376 = EDGE_CURVE ( 'NONE', #2609, #6338, #5420, .T. ) ;
#2377 = EDGE_LOOP ( 'NONE', ( #1581, #1116, #481, #7405 ) ) ;
#2378 = DIRECTION ( 'NONE',  ( -1.000000000000000000, 0.000000000000000000, 1.577021341797097807E-16 ) ) ;
#2379 = CARTESIAN_POINT ( 'NONE',  ( -60.32191739164175459, -5.794262941133040634, 6.906601717798150908 ) ) ;
#2380 = EDGE_CURVE ( 'NONE', #2022, #1011, #4987, .T. ) ;
#2381 = CARTESIAN_POINT ( 'NONE',  ( -65.39332292301523353, -34.15459918941936479, 16.49280446253901289 ) ) ;
#2382 = CYLINDRICAL_SURFACE ( 'NONE', #4872, 2.100000000000001865 ) ;
#2383 = LINE ( 'NONE', #3111, #7858 ) ;
#2384 = CARTESIAN_POINT ( 'NONE',  ( -91.64345888904985316, -8.170840968048640462, 16.60000000000000497 ) ) ;
#2385 = EDGE_CURVE ( 'NONE', #2809, #3212, #1477, .T. ) ;
#2386 = DIRECTION ( 'NONE',  ( 0.4058374489394847573, -0.9139452746408239792, 2.775557561562891351E-17 ) ) ;
#2387 = CARTESIAN_POINT ( 'NONE',  ( -124.2837521687704339, -37.90965958419159421, -22.14999999999998792 ) ) ;
#2388 = AXIS2_PLACEMENT_3D ( 'NONE', #5606, #5649, #6392 ) ;
#2389 = CARTESIAN_POINT ( 'NONE',  ( -119.5122945477152285, -27.67322572261017655, 18.10000000000000853 ) ) ;
#2390 = CARTESIAN_POINT ( 'NONE',  ( -130.7434006460048010, -36.35391478157723100, 5.500000000000013323 ) ) ;
#2391 = ORIENTED_EDGE ( 'NONE', *, *, #807, .F. ) ;
#2392 = CARTESIAN_POINT ( 'NONE',  ( -97.61980985088180773, -26.56909085815082605, 105.0107324298252536 ) ) ;
#2393 = PLANE ( 'NONE',  #7361 ) ;
#2394 = VERTEX_POINT ( 'NONE', #4683 ) ;
#2395 = DIRECTION ( 'NONE',  ( -1.522024630730408022E-16, -6.758551201016278582E-17, -1.000000000000000000 ) ) ;
#2396 = CARTESIAN_POINT ( 'NONE',  ( -130.1980482926604736, -58.21373084113021434, -10.29223197157875092 ) ) ;
#2397 = CARTESIAN_POINT ( 'NONE',  ( -97.52156288153716446, -49.57431521117562312, 12.50000000000000888 ) ) ;
#2398 = EDGE_LOOP ( 'NONE', ( #6599, #3251 ) ) ;
#2399 = ORIENTED_EDGE ( 'NONE', *, *, #6374, .T. ) ;
#2400 = CARTESIAN_POINT ( 'NONE',  ( -123.1081487968830714, -57.18442790756685667, -4.261784345941526553 ) ) ;
#2401 = AXIS2_PLACEMENT_3D ( 'NONE', #7971, #5458, #7312 ) ;
#2402 = ORIENTED_EDGE ( 'NONE', *, *, #1405, .F. ) ;
#2403 = FACE_BOUND ( 'NONE', #967, .T. ) ;
#2404 = CARTESIAN_POINT ( 'NONE',  ( -48.60452842241134874, -1.429185263138514017, -2.675592887099892625 ) ) ;
#2405 = EDGE_CURVE ( 'NONE', #4069, #2818, #7189, .T. ) ;
#2406 = ORIENTED_EDGE ( 'NONE', *, *, #308, .F. ) ;
#2407 = CARTESIAN_POINT ( 'NONE',  ( -92.43270857789077866, -35.26402932394314860, 22.50000000000001066 ) ) ;
#2408 = VECTOR ( 'NONE', #346, 1000.000000000000000 ) ;
#2409 = ORIENTED_EDGE ( 'NONE', *, *, #2983, .F. ) ;
#2410 = ORIENTED_EDGE ( 'NONE', *, *, #1232, .F. ) ;
#2411 = CARTESIAN_POINT ( 'NONE',  ( -139.6797112460641017, -59.98037880963821067, -22.14999999999998437 ) ) ;
#2412 = ORIENTED_EDGE ( 'NONE', *, *, #2933, .F. ) ;
#2413 = CARTESIAN_POINT ( 'NONE',  ( -145.2734260199495111, -54.77546440166529607, -4.015772224315225181 ) ) ;
#2414 = CARTESIAN_POINT ( 'NONE',  ( -46.10111106887108434, -7.066877069798600530, -2.675592887094655037 ) ) ;
#2415 = B_SPLINE_SURFACE_WITH_KNOTS ( 'NONE', 3, 1, ( 
 ( #838, #1453 ),
 ( #2733, #4619 ),
 ( #1338, #3348 ),
 ( #1372, #7126 ) ),
 .UNSPECIFIED., .F., .F., .F.,
 ( 4, 4 ),
 ( 2, 2 ),
 ( 0.000000000000000000, 1.000000000000000000 ),
 ( 0.000000000000000000, 1.000000000000000000 ),
 .UNSPECIFIED. ) ;
#2416 = CARTESIAN_POINT ( 'NONE',  ( -61.62165481871826955, -5.660399785491973645, 7.970196636405508350 ) ) ;
#2417 = EDGE_CURVE ( 'NONE', #4718, #3419, #2040, .T. ) ;
#2418 = FACE_OUTER_BOUND ( 'NONE', #7157, .T. ) ;
#2419 = CARTESIAN_POINT ( 'NONE',  ( -148.5439458167871294, -47.41025914091432725, -2.419953286813249171 ) ) ;
#2420 = EDGE_CURVE ( 'NONE', #7121, #1200, #4273, .T. ) ;
#2421 = DIRECTION ( 'NONE',  ( 1.522024630730408022E-16, 6.758551201016278582E-17, 1.000000000000000000 ) ) ;
#2422 = FACE_OUTER_BOUND ( 'NONE', #299, .T. ) ;
#2423 = CARTESIAN_POINT ( 'NONE',  ( -80.86646908047070781, 1.901649599759181575, 20.10000000000000497 ) ) ;
#2424 = CARTESIAN_POINT ( 'NONE',  ( -114.2262124156449801, 0.9723378149711636720, 12.50000000000000888 ) ) ;
#2425 = CARTESIAN_POINT ( 'NONE',  ( -131.6845419013496610, -58.87380840896092593, -14.69999999999998508 ) ) ;
#2426 = EDGE_CURVE ( 'NONE', #4739, #6246, #5576, .T. ) ;
#2427 = EDGE_CURVE ( 'NONE', #183, #7993, #1152, .T. ) ;
#2428 = DIRECTION ( 'NONE',  ( 0.6705919300765826874, 0.7418264374610571421, 0.000000000000000000 ) ) ;
#2429 = ORIENTED_EDGE ( 'NONE', *, *, #1063, .F. ) ;
#2430 = DIRECTION ( 'NONE',  ( 0.8246831757635872950, 0.5655949607382338984, -1.637448356179767628E-16 ) ) ;
#2431 = VECTOR ( 'NONE', #7466, 1000.000000000000000 ) ;
#2432 = CARTESIAN_POINT ( 'NONE',  ( -135.6076908099708476, -60.52641968483933255, -20.58494765305776042 ) ) ;
#2433 = CARTESIAN_POINT ( 'NONE',  ( -111.4006282360167148, -23.14334937659856806, 12.50000000000000888 ) ) ;
#2434 = CARTESIAN_POINT ( 'NONE',  ( -125.7925840114427416, -39.57876906847896947, -17.14999999999995239 ) ) ;
#2435 = DIRECTION ( 'NONE',  ( -1.522024630730408022E-16, -6.758551201016278582E-17, -1.000000000000000000 ) ) ;
#2436 = ORIENTED_EDGE ( 'NONE', *, *, #670, .T. ) ;
#2437 = VERTEX_POINT ( 'NONE', #7472 ) ;
#2438 = CARTESIAN_POINT ( 'NONE',  ( -86.37035684573547201, -39.60959725495166595, 18.10000000000000497 ) ) ;
#2439 = VERTEX_POINT ( 'NONE', #5501 ) ;
#2440 = CARTESIAN_POINT ( 'NONE',  ( -118.9176523221974549, -57.43622605611771093, 8.798746112627869209 ) ) ;
#2441 = DIRECTION ( 'NONE',  ( -0.6705919300765841307, -0.7418264374610556988, 0.000000000000000000 ) ) ;
#2442 = ORIENTED_EDGE ( 'NONE', *, *, #3868, .T. ) ;
#2443 = EDGE_CURVE ( 'NONE', #3863, #6914, #2964, .T. ) ;
#2444 = DIRECTION ( 'NONE',  ( -0.6705919300765834645, -0.7418264374610564760, 0.000000000000000000 ) ) ;
#2445 = ORIENTED_EDGE ( 'NONE', *, *, #7207, .T. ) ;
#2446 = EDGE_CURVE ( 'NONE', #3983, #4076, #143, .T. ) ;
#2447 = ORIENTED_EDGE ( 'NONE', *, *, #1188, .T. ) ;
#2448 = CARTESIAN_POINT ( 'NONE',  ( -136.9054867346953301, -55.50255068349969889, -3.036880696088788412 ) ) ;
#2449 = EDGE_CURVE ( 'NONE', #6099, #468, #5617, .T. ) ;
#2450 = ORIENTED_EDGE ( 'NONE', *, *, #6179, .T. ) ;
#2451 = AXIS2_PLACEMENT_3D ( 'NONE', #7292, #2819, #1666 ) ;
#2452 = CARTESIAN_POINT ( 'NONE',  ( -143.0778818682243525, -59.71982625880228568, -9.427672658837495945 ) ) ;
#2453 = ORIENTED_EDGE ( 'NONE', *, *, #5490, .T. ) ;
#2454 = CYLINDRICAL_SURFACE ( 'NONE', #4032, 1.574999999999997735 ) ;
#2455 = CARTESIAN_POINT ( 'NONE',  ( -70.95586753299323846, -15.22852213210999750, -14.69999999999999751 ) ) ;
#2456 = AXIS2_PLACEMENT_3D ( 'NONE', #88, #3824, #4395 ) ;
#2457 = CARTESIAN_POINT ( 'NONE',  ( -138.3984692815219546, -61.68001705413777103, -19.93663853001271846 ) ) ;
#2458 = DIRECTION ( 'NONE',  ( 1.522024630730408022E-16, 6.758551201016278582E-17, 1.000000000000000000 ) ) ;
#2459 = CARTESIAN_POINT ( 'NONE',  ( -45.57759371429106920, -20.56585128639916960, -20.57650511784252600 ) ) ;
#2460 = ADVANCED_FACE ( 'NONE', ( #3005 ), #3590, .F. ) ;
#2461 = CARTESIAN_POINT ( 'NONE',  ( -136.9620251357452503, -61.17252206735670939, -20.31676954922416556 ) ) ;
#2462 = AXIS2_PLACEMENT_3D ( 'NONE', #1791, #2335, #2291 ) ;
#2463 = CARTESIAN_POINT ( 'NONE',  ( -137.7789496210860705, -39.96430971167011137, 7.266427586741765587 ) ) ;
#2464 = CARTESIAN_POINT ( 'NONE',  ( -113.8304676623177585, 4.173179491549515590E-16, 10.09999999999998899 ) ) ;
#2465 = AXIS2_PLACEMENT_3D ( 'NONE', #8113, #1908, #4418 ) ;
#2466 = FACE_OUTER_BOUND ( 'NONE', #4065, .T. ) ;
#2467 = CARTESIAN_POINT ( 'NONE',  ( -62.21917976062704270, -35.92308255740942968, -8.021428571428575793 ) ) ;
#2468 = EDGE_LOOP ( 'NONE', ( #509, #7242 ) ) ;
#2469 = PLANE ( 'NONE',  #264 ) ;
#2470 = CARTESIAN_POINT ( 'NONE',  ( -119.2069930385551544, -19.83316473634982913, 12.50000000000001066 ) ) ;
#2471 = DIRECTION ( 'NONE',  ( -1.522024630730408022E-16, -6.758551201016278582E-17, -1.000000000000000000 ) ) ;
#2472 = CARTESIAN_POINT ( 'NONE',  ( -96.51567498642246790, -48.46157555498422909, 12.50000000000000888 ) ) ;
#2473 = CARTESIAN_POINT ( 'NONE',  ( -129.8218235801741400, -43.60379034683590760, -9.999999999999985789 ) ) ;
#2474 = ORIENTED_EDGE ( 'NONE', *, *, #2531, .F. ) ;
#2475 = ORIENTED_EDGE ( 'NONE', *, *, #4235, .F. ) ;
#2476 = DIRECTION ( 'NONE',  ( 1.522024630730408022E-16, 6.758551201016278582E-17, 1.000000000000000000 ) ) ;
#2477 = ADVANCED_FACE ( 'NONE', ( #4808 ), #4892, .F. ) ;
#2478 = EDGE_LOOP ( 'NONE', ( #1887, #4727, #4390, #5248 ) ) ;
#2479 = CARTESIAN_POINT ( 'NONE',  ( -132.6626857227505241, -37.20617342435014763, -9.999999999999985789 ) ) ;
#2480 = CIRCLE ( 'NONE', #6303, 10.99999999999999645 ) ;
#2481 = VECTOR ( 'NONE', #6147, 1000.000000000000114 ) ;
#2482 = LINE ( 'NONE', #1740, #762 ) ;
#2483 = ORIENTED_EDGE ( 'NONE', *, *, #2066, .T. ) ;
#2484 = CARTESIAN_POINT ( 'NONE',  ( -121.5931279640233242, -72.99339157169953296, -14.69999999999997620 ) ) ;
#2485 = VERTEX_POINT ( 'NONE', #3743 ) ;
#2486 = ORIENTED_EDGE ( 'NONE', *, *, #1820, .T. ) ;
#2487 = CARTESIAN_POINT ( 'NONE',  ( -59.73558364353451111, -26.92486957924840141, -7.495391079703058956 ) ) ;
#2488 = AXIS2_PLACEMENT_3D ( 'NONE', #553, #2323, #8027 ) ;
#2489 = CIRCLE ( 'NONE', #4453, 30.00000000000000711 ) ;
#2490 = ORIENTED_EDGE ( 'NONE', *, *, #5877, .F. ) ;
#2491 = EDGE_CURVE ( 'NONE', #6133, #3764, #1575, .T. ) ;
#2492 = CARTESIAN_POINT ( 'NONE',  ( -142.7547476906506461, -60.44752390090032179, -10.77017230914321466 ) ) ;
#2493 = ORIENTED_EDGE ( 'NONE', *, *, #3220, .T. ) ;
#2494 = DIRECTION ( 'NONE',  ( 0.9139452746408242012, 0.4058374489394840912, -2.775557561562889872E-16 ) ) ;
#2495 = FILL_AREA_STYLE ('',( #3191 ) ) ;
#2496 = AXIS2_PLACEMENT_3D ( 'NONE', #5999, #994, #3504 ) ;
#2497 = AXIS2_PLACEMENT_3D ( 'NONE', #4850, #7315, #4353 ) ;
#2498 = CARTESIAN_POINT ( 'NONE',  ( -51.58122562468263084, -1.968643041653236114, -2.898258497932038935 ) ) ;
#2499 = VECTOR ( 'NONE', #947, 1000.000000000000000 ) ;
#2500 = DIRECTION ( 'NONE',  ( -0.9139452746408240902, -0.4058374489394843132, 1.665334536937734071E-16 ) ) ;
#2501 = CARTESIAN_POINT ( 'NONE',  ( -130.5512770614782312, -18.60671689749957025, 15.60000000000001386 ) ) ;
#2502 = CARTESIAN_POINT ( 'NONE',  ( -132.1763342684735107, -57.49511276541219473, 4.361897799575133128 ) ) ;
#2503 = CARTESIAN_POINT ( 'NONE',  ( -68.14875609621424246, -8.558759462956944120, -9.999999999999998224 ) ) ;
#2504 = CARTESIAN_POINT ( 'NONE',  ( -140.3733958552047056, -58.41820738806124069, -9.284351737052739750 ) ) ;
#2505 = AXIS2_PLACEMENT_3D ( 'NONE', #3535, #4227, #3403 ) ;
#2506 = CARTESIAN_POINT ( 'NONE',  ( -70.03789989285992590, -33.72381689308736696, -14.52979772131864600 ) ) ;
#2507 = EDGE_LOOP ( 'NONE', ( #5596, #1369, #7609, #4107 ) ) ;
#2508 = DIRECTION ( 'NONE',  ( 0.000000000000000000, 0.000000000000000000, -1.000000000000000000 ) ) ;
#2509 = CARTESIAN_POINT ( 'NONE',  ( -118.9457730585864255, -57.97746905542128104, 4.468727162210694992 ) ) ;
#2510 = VECTOR ( 'NONE', #569, 1000.000000000000000 ) ;
#2511 = DIRECTION ( 'NONE',  ( -1.522024630730408022E-16, -6.758551201016278582E-17, -1.000000000000000000 ) ) ;
#2512 = DIRECTION ( 'NONE',  ( 0.6705919300765831315, 0.7418264374610568090, -1.309225264888155391E-16 ) ) ;
#2513 = CARTESIAN_POINT ( 'NONE',  ( -97.61980985088182194, -26.56909085815083316, -12.49999999999999289 ) ) ;
#2514 = ORIENTED_EDGE ( 'NONE', *, *, #3118, .T. ) ;
#2515 = CARTESIAN_POINT ( 'NONE',  ( -89.71550709007968294, -6.038089960348102636, 16.60000000000000497 ) ) ;
#2516 = ORIENTED_EDGE ( 'NONE', *, *, #4098, .F. ) ;
#2517 = CARTESIAN_POINT ( 'NONE',  ( -127.0081416792253037, -57.22454430198950348, -8.705050485631742774 ) ) ;
#2518 = VECTOR ( 'NONE', #3319, 1000.000000000000000 ) ;
#2519 = ORIENTED_EDGE ( 'NONE', *, *, #5578, .T. ) ;
#2520 = CARTESIAN_POINT ( 'NONE',  ( -53.42617464397482507, -22.94863480730719374, 6.179153287204969480 ) ) ;
#2521 = EDGE_CURVE ( 'NONE', #1867, #3260, #8088, .T. ) ;
#2522 = CARTESIAN_POINT ( 'NONE',  ( -49.61547777620354793, -6.214262266035038174, -2.541489669459804368 ) ) ;
#2523 = EDGE_CURVE ( 'NONE', #7558, #2437, #1847, .T. ) ;
#2524 = ORIENTED_EDGE ( 'NONE', *, *, #4845, .F. ) ;
#2525 = FACE_BOUND ( 'NONE', #4087, .T. ) ;
#2526 = EDGE_CURVE ( 'NONE', #4281, #1528, #6081, .T. ) ;
#2527 = CARTESIAN_POINT ( 'NONE',  ( -131.1089816197711855, -51.11484463058564387, 0.6677272109322313076 ) ) ;
#2528 = VERTEX_POINT ( 'NONE', #1769 ) ;
#2529 = AXIS2_PLACEMENT_3D ( 'NONE', #893, #5862, #3409 ) ;
#2530 = VECTOR ( 'NONE', #5711, 1000.000000000000114 ) ;
#2531 = EDGE_CURVE ( 'NONE', #4985, #4069, #6697, .T. ) ;
#2532 = ORIENTED_EDGE ( 'NONE', *, *, #6811, .F. ) ;
#2533 = CARTESIAN_POINT ( 'NONE',  ( -76.73321304916328245, -26.57769564988307565, 20.10000000000000497 ) ) ;
#2534 = ORIENTED_EDGE ( 'NONE', *, *, #5381, .T. ) ;
#2535 = CARTESIAN_POINT ( 'NONE',  ( -136.9621861826337579, -61.17215939002593927, -20.04512421095767749 ) ) ;
#2536 = ORIENTED_EDGE ( 'NONE', *, *, #5072, .T. ) ;
#2537 = DIRECTION ( 'NONE',  ( 0.6705919300765830204, 0.7418264374610566980, -1.522024630730407282E-16 ) ) ;
#2538 = DIRECTION ( 'NONE',  ( 0.6705919300765819102, 0.7418264374610576972, 0.000000000000000000 ) ) ;
#2539 = CARTESIAN_POINT ( 'NONE',  ( -146.6350912793519399, -51.70899645316396942, -2.675592887100095574 ) ) ;
#2540 = CARTESIAN_POINT ( 'NONE',  ( -80.39705472941710696, 2.420928105981917877, 12.50000000000000355 ) ) ;
#2541 = VERTEX_POINT ( 'NONE', #5460 ) ;
#2542 = CARTESIAN_POINT ( 'NONE',  ( -129.1150775910215884, -48.41190880018199749, 11.27755086098147963 ) ) ;
#2543 = ADVANCED_FACE ( 'NONE', ( #4311 ), #2469, .F. ) ;
#2544 = CARTESIAN_POINT ( 'NONE',  ( -70.12901869752948869, -15.51663317859219582, -14.69999999999999929 ) ) ;
#2545 = CARTESIAN_POINT ( 'NONE',  ( -139.3732162875542997, -60.67060506330035707, -14.43573834071817252 ) ) ;
#2546 = EDGE_CURVE ( 'NONE', #2737, #6465, #8049, .T. ) ;
#2547 = DIRECTION ( 'NONE',  ( -0.6705919300765826874, -0.7418264374610571421, 0.000000000000000000 ) ) ;
#2548 = ORIENTED_EDGE ( 'NONE', *, *, #6792, .F. ) ;
#2549 =( BOUNDED_SURFACE ( )  B_SPLINE_SURFACE ( 3, 2, ( 
 ( #6274, #2502, #7506 ),
 ( #5610, #1144, #5653 ),
 ( #4426, #3662, #6150 ),
 ( #4344, #43, #1221 ),
 ( #4305, #1875, #2542 ),
 ( #529, #3738, #6232 ),
 ( #3039, #3076, #843 ),
 ( #3398, #5121, #4006 ),
 ( #4623, #7748, #7132 ),
 ( #2696, #5155, #2738 ),
 ( #1498, #6433, #766 ),
 ( #4582, #7667, #6476 ),
 ( #3928, #5733, #5811 ),
 ( #7585, #5194, #5775 ),
 ( #7050, #883, #4502 ),
 ( #3353, #5892, #7626 ),
 ( #2581, #6515, #2122 ),
 ( #1377, #5083, #806 ),
 ( #157, #1953, #4466 ),
 ( #729, #7706, #5233 ) ),
 .UNSPECIFIED., .F., .F., .T. ) 
 B_SPLINE_SURFACE_WITH_KNOTS ( ( 4, 2, 2, 2, 2, 2, 2, 2, 2, 4 ),
 ( 3, 3 ),
 ( 0.05831971076286966010, 0.06345500325597934477, 0.06602264950253419751, 0.06859029574908903637, 0.06987411887236645580, 0.07115794199564387523, 0.07372558824219872797, 0.07500941136547614740, 0.07629323448875358071, 0.07886088073530841958 ),
 ( 0.000000000000000000, 1.000000000000000000 ),
 .UNSPECIFIED. ) 
 GEOMETRIC_REPRESENTATION_ITEM ( )  RATIONAL_B_SPLINE_SURFACE ( (
 ( 1.000000000000000000, 0.8110628112148337010, 1.000000000000000000),
 ( 1.000000000000000000, 0.8222996818379709749, 1.000000000000000000),
 ( 1.000000000000000000, 0.8338144101506432815, 1.000000000000000000),
 ( 1.000000000000000000, 0.8512944698894150397, 1.000000000000000000),
 ( 1.000000000000000000, 0.8571549058094569684, 1.000000000000000000),
 ( 1.000000000000000000, 0.8688457170515531125, 1.000000000000000000),
 ( 1.000000000000000000, 0.8746781505697153181, 1.000000000000000000),
 ( 1.000000000000000000, 0.8832605577486437598, 1.000000000000000000),
 ( 1.000000000000000000, 0.8860934338051619230, 1.000000000000000000),
 ( 1.000000000000000000, 0.8915936939276930540, 1.000000000000000000),
 ( 1.000000000000000000, 0.8942695202553714307, 1.000000000000000000),
 ( 1.000000000000000000, 0.9019966564860024683, 1.000000000000000000),
 ( 1.000000000000000000, 0.9067549200040758706, 1.000000000000000000),
 ( 1.000000000000000000, 0.9128760569186160634, 1.000000000000000000),
 ( 1.000000000000000000, 0.9147497316768652409, 1.000000000000000000),
 ( 1.000000000000000000, 0.9180415040199824128, 1.000000000000000000),
 ( 1.000000000000000000, 0.9194446807603633420, 1.000000000000000000),
 ( 1.000000000000000000, 0.9228339515649134350, 1.000000000000000000),
 ( 1.000000000000000000, 0.9239954450434155753, 1.000000000000000000),
 ( 1.000000000000000000, 0.9238708991582638141, 1.000000000000000000) ) ) 
 REPRESENTATION_ITEM ( '' )  SURFACE ( )  );
#2550 = CARTESIAN_POINT ( 'NONE',  ( -122.9236908394606900, -57.19021334205837093, -0.4152379812494304545 ) ) ;
#2551 = CARTESIAN_POINT ( 'NONE',  ( -54.00395920906893821, -24.37974143721866227, -14.70000000000000107 ) ) ;
#2552 = CARTESIAN_POINT ( 'NONE',  ( -41.06708367530129777, -18.40349856884517266, -20.18573529012025958 ) ) ;
#2553 = LINE ( 'NONE', #1386, #5044 ) ;
#2554 = ORIENTED_EDGE ( 'NONE', *, *, #5158, .T. ) ;
#2555 = DIRECTION ( 'NONE',  ( 1.522024630730408022E-16, 6.758551201016278582E-17, 1.000000000000000000 ) ) ;
#2556 = ORIENTED_EDGE ( 'NONE', *, *, #4826, .T. ) ;
#2557 = DIRECTION ( 'NONE',  ( -0.6705919300765856850, -0.7418264374610542555, 0.000000000000000000 ) ) ;
#2558 = VECTOR ( 'NONE', #1313, 1000.000000000000000 ) ;
#2559 = ORIENTED_EDGE ( 'NONE', *, *, #308, .T. ) ;
#2560 = CARTESIAN_POINT ( 'NONE',  ( -58.82252295879816728, -15.17155104316006131, 9.165913501418929243 ) ) ;
#2561 = CYLINDRICAL_SURFACE ( 'NONE', #3530, 1.574999999999998623 ) ;
#2562 = ORIENTED_EDGE ( 'NONE', *, *, #475, .F. ) ;
#2563 = DIRECTION ( 'NONE',  ( -0.9139452746408242012, -0.4058374489394840912, 2.775557561562890365E-16 ) ) ;
#2564 = CARTESIAN_POINT ( 'NONE',  ( -146.1048839414342524, -45.51090035458204142, -2.511903653822801008 ) ) ;
#2565 = CARTESIAN_POINT ( 'NONE',  ( -67.48692190378469036, -29.96757134389016386, -14.69999999999999751 ) ) ;
#2566 = VERTEX_POINT ( 'NONE', #3708 ) ;
#2567 = VERTEX_POINT ( 'NONE', #4968 ) ;
#2568 = CARTESIAN_POINT ( 'NONE',  ( -44.07638903271385544, -19.01680453172428997, -16.47381991760317987 ) ) ;
#2569 = ORIENTED_EDGE ( 'NONE', *, *, #2008, .F. ) ;
#2570 = CARTESIAN_POINT ( 'NONE',  ( -137.6425925545247253, -59.63988534767162264, -22.14999999999999147 ) ) ;
#2571 = EDGE_CURVE ( 'NONE', #7227, #6762, #6202, .T. ) ;
#2572 = EDGE_LOOP ( 'NONE', ( #6002, #1694, #6730, #6015 ) ) ;
#2573 = CARTESIAN_POINT ( 'NONE',  ( -89.71550709007968294, -6.038089960348102636, 20.10000000000000497 ) ) ;
#2574 = CARTESIAN_POINT ( 'NONE',  ( -89.71550709007968294, -6.038089960348102636, 12.50000000000000533 ) ) ;
#2575 = ADVANCED_FACE ( 'NONE', ( #1268 ), #3777, .F. ) ;
#2576 = CARTESIAN_POINT ( 'NONE',  ( -44.90047845243967117, -20.24648357559107126, -19.99165714550490947 ) ) ;
#2577 = VECTOR ( 'NONE', #1042, 1000.000000000000114 ) ;
#2578 = CARTESIAN_POINT ( 'NONE',  ( -84.14487753335231446, -41.62137304518141434, 18.10000000000000497 ) ) ;
#2579 = DIRECTION ( 'NONE',  ( 0.6462569013319268141, 0.2869704122045577677, -0.7071067811865493491 ) ) ;
#2580 = ORIENTED_EDGE ( 'NONE', *, *, #5679, .T. ) ;
#2581 = CARTESIAN_POINT ( 'NONE',  ( -117.2820653799585102, -58.61783959156119295, 5.578182537951689390 ) ) ;
#2582 = VECTOR ( 'NONE', #6907, 1000.000000000000227 ) ;
#2583 = CARTESIAN_POINT ( 'NONE',  ( -111.4006282360167148, -23.14334937659856806, 13.10000000000001030 ) ) ;
#2584 = CARTESIAN_POINT ( 'NONE',  ( -143.9567702122516550, -50.38263708503207283, -2.661716101809110668 ) ) ;
#2585 = EDGE_CURVE ( 'NONE', #5384, #4171, #7513, .T. ) ;
#2586 = CARTESIAN_POINT ( 'NONE',  ( -132.1763342684735107, -57.49511276541221605, 4.361897799575144674 ) ) ;
#2587 = AXIS2_PLACEMENT_3D ( 'NONE', #1252, #3106, #643 ) ;
#2588 = CARTESIAN_POINT ( 'NONE',  ( -62.78889125398395521, -36.30094738645361474, -8.959443460947445814 ) ) ;
#2589 = LINE ( 'NONE', #6868, #6903 ) ;
#2590 = DIRECTION ( 'NONE',  ( 0.8246831757635971760, 0.5655949607382193545, -1.637448356179772805E-16 ) ) ;
#2591 = CARTESIAN_POINT ( 'NONE',  ( -110.8845070452456838, -58.92342772352317581, 15.10000000000001208 ) ) ;
#2592 = DIRECTION ( 'NONE',  ( 1.522024630730408022E-16, 6.758551201016278582E-17, 1.000000000000000000 ) ) ;
#2593 = DIRECTION ( 'NONE',  ( -1.522024630730407529E-16, -6.758551201016273652E-17, -1.000000000000000000 ) ) ;
#2594 = ORIENTED_EDGE ( 'NONE', *, *, #6835, .F. ) ;
#2595 = CARTESIAN_POINT ( 'NONE',  ( -68.23155155733846300, -39.98338051802198834, 15.10000000000000320 ) ) ;
#2596 = EDGE_CURVE ( 'NONE', #6267, #4657, #2093, .T. ) ;
#2597 =( BOUNDED_SURFACE ( )  B_SPLINE_SURFACE ( 3, 2, ( 
 ( #7461, #8114, #6229 ),
 ( #568, #8040, #2457 ),
 ( #7579, #1949, #1872 ),
 ( #4420, #1834, #8072 ) ),
 .UNSPECIFIED., .F., .F., .F. ) 
 B_SPLINE_SURFACE_WITH_KNOTS ( ( 4, 4 ),
 ( 3, 3 ),
 ( 0.01141163600428727991, 0.01353109943067291529 ),
 ( 0.000000000000000000, 1.000000000000000000 ),
 .UNSPECIFIED. ) 
 GEOMETRIC_REPRESENTATION_ITEM ( )  RATIONAL_B_SPLINE_SURFACE ( (
 ( 1.000000000000000000, 0.6580737954561062253, 1.000000000000000000),
 ( 1.000000000000000000, 0.6684059651120927148, 1.000000000000000000),
 ( 1.000000000000000000, 0.6786113395813679894, 1.000000000000000000),
 ( 1.000000000000000000, 0.6885079332438081012, 1.000000000000000000) ) ) 
 REPRESENTATION_ITEM ( '' )  SURFACE ( )  );
#2598 = VERTEX_POINT ( 'NONE', #2249 ) ;
#2599 = CARTESIAN_POINT ( 'NONE',  ( -56.19941602280621140, -25.49401399626584563, 8.738348278997376539 ) ) ;
#2600 = CARTESIAN_POINT ( 'NONE',  ( -75.72732515404841536, -25.46495599369148621, 18.10000000000000142 ) ) ;
#2601 = ORIENTED_EDGE ( 'NONE', *, *, #3391, .T. ) ;
#2602 = CARTESIAN_POINT ( 'NONE',  ( -128.7436255483446246, -49.70325466731399189, -4.416592578647289713 ) ) ;
#2603 = DIRECTION ( 'NONE',  ( -0.4058374489394852569, 0.9139452746408237571, 1.725633230170963543E-31 ) ) ;
#2604 = FACE_OUTER_BOUND ( 'NONE', #419, .T. ) ;
#2605 = ORIENTED_EDGE ( 'NONE', *, *, #4075, .T. ) ;
#2606 = CARTESIAN_POINT ( 'NONE',  ( -44.94169142922222449, -17.06903129773222361, -10.87439453517100496 ) ) ;
#2607 = ORIENTED_EDGE ( 'NONE', *, *, #4433, .T. ) ;
#2608 = CARTESIAN_POINT ( 'NONE',  ( -75.53673998970677417, -11.83939411290285015, -22.14999999999999858 ) ) ;
#2609 = VERTEX_POINT ( 'NONE', #4621 ) ;
#2610 = CARTESIAN_POINT ( 'NONE',  ( -146.9712326524324055, -43.55988446712025564, -3.097864185165792428 ) ) ;
#2611 = B_SPLINE_CURVE_WITH_KNOTS ( 'NONE', 3,
 ( #663, #1428, #4475, #3167 ),
 .UNSPECIFIED., .F., .F.,
 ( 4, 4 ),
 ( 0.004861399971675299005, 0.005372779778985443261 ),
 .UNSPECIFIED. ) ;
#2612 = CARTESIAN_POINT ( 'NONE',  ( -112.8482653014403070, -17.82591829661229355, 20.09999999999999076 ) ) ;
#2613 = EDGE_CURVE ( 'NONE', #1408, #5629, #7171, .T. ) ;
#2614 = CARTESIAN_POINT ( 'NONE',  ( -45.70176550693241779, -20.28631732830102408, -21.25688929863686383 ) ) ;
#2615 = PLANE ( 'NONE',  #4869 ) ;
#2616 = ADVANCED_FACE ( 'NONE', ( #402 ), #7826, .T. ) ;
#2617 = VERTEX_POINT ( 'NONE', #1496 ) ;
#2618 = CARTESIAN_POINT ( 'NONE',  ( -140.3169299364853089, -40.70712699013337499, 4.651027029389305234 ) ) ;
#2619 = EDGE_CURVE ( 'NONE', #6782, #593, #4802, .T. ) ;
#2620 = DIRECTION ( 'NONE',  ( 0.6705919300765856850, 0.7418264374610543666, 0.000000000000000000 ) ) ;
#2621 = VECTOR ( 'NONE', #6693, 1000.000000000000114 ) ;
#2622 = CARTESIAN_POINT ( 'NONE',  ( -137.5317438091364295, -61.47025873430761322, -4.034261475899397098 ) ) ;
#2623 = CARTESIAN_POINT ( 'NONE',  ( -134.0274543462074064, -58.54178121316762429, 2.530730372430810782 ) ) ;
#2624 = CIRCLE ( 'NONE', #7610, 2.099999999999982769 ) ;
#2625 = CARTESIAN_POINT ( 'NONE',  ( -64.12995227728852399, -28.87618921020077778, -14.69999999999929940 ) ) ;
#2626 = VECTOR ( 'NONE', #3416, 1000.000000000000227 ) ;
#2627 = CARTESIAN_POINT ( 'NONE',  ( -111.6832338703667773, -56.43254004581655892, -12.58379776379410231 ) ) ;
#2628 = FACE_OUTER_BOUND ( 'NONE', #4653, .T. ) ;
#2629 = DIRECTION ( 'NONE',  ( 1.522024630730408022E-16, 6.758551201016278582E-17, 1.000000000000000000 ) ) ;
#2630 = ORIENTED_EDGE ( 'NONE', *, *, #2521, .T. ) ;
#2631 = VECTOR ( 'NONE', #3702, 1000.000000000000000 ) ;
#2632 = DIRECTION ( 'NONE',  ( 0.1819513536160693723, 0.1247882480559381890, -0.9753571643579646011 ) ) ;
#2633 = ORIENTED_EDGE ( 'NONE', *, *, #5299, .T. ) ;
#2634 = CARTESIAN_POINT ( 'NONE',  ( -112.4267827281093162, 4.411589676283693251, 22.50000000000000711 ) ) ;
#2635 = CIRCLE ( 'NONE', #5119, 1.124999999999993339 ) ;
#2636 = VERTEX_POINT ( 'NONE', #7956 ) ;
#2637 = CARTESIAN_POINT ( 'NONE',  ( -126.6502930525907402, -48.26757810018663264, -5.002747934976687461 ) ) ;
#2638 = CARTESIAN_POINT ( 'NONE',  ( -130.6219388064208147, -58.40195944683284068, -14.69999999999998508 ) ) ;
#2639 = ORIENTED_EDGE ( 'NONE', *, *, #6438, .T. ) ;
#2640 = CARTESIAN_POINT ( 'NONE',  ( -44.59137699326847581, -17.85891791227474457, -12.68783868662448100 ) ) ;
#2641 = CARTESIAN_POINT ( 'NONE',  ( -146.5936166736511268, -44.41027503688621181, -2.786075478426642160 ) ) ;
#2642 = CARTESIAN_POINT ( 'NONE',  ( -133.0468091936459132, -49.41247504770518617, -3.183803752492255779 ) ) ;
#2643 = VERTEX_POINT ( 'NONE', #2288 ) ;
#2644 = MECHANICAL_DESIGN_GEOMETRIC_PRESENTATION_REPRESENTATION (  '', ( #4348 ), #8029 ) ;
#2645 = EDGE_CURVE ( 'NONE', #1768, #7365, #5276, .T. ) ;
#2646 = CARTESIAN_POINT ( 'NONE',  ( -44.19524038900808449, -18.75023330575629643, -15.42123722784521789 ) ) ;
#2647 = ORIENTED_EDGE ( 'NONE', *, *, #4782, .F. ) ;
#2648 = CARTESIAN_POINT ( 'NONE',  ( -136.9565851652692743, -61.18477287201834258, -20.30758968720283875 ) ) ;
#2649 = ORIENTED_EDGE ( 'NONE', *, *, #7908, .F. ) ;
#2650 = CARTESIAN_POINT ( 'NONE',  ( -127.0081416792253037, -57.22454430198950348, -8.705050485631742774 ) ) ;
#2651 = VECTOR ( 'NONE', #3982, 1000.000000000000000 ) ;
#2652 = CARTESIAN_POINT ( 'NONE',  ( -146.7421754687804594, -44.22486799842241112, -2.898258497932757916 ) ) ;
#2653 = CARTESIAN_POINT ( 'NONE',  ( -45.78013625697485622, -20.10991411885665059, -21.50134463068157231 ) ) ;
#2654 = CARTESIAN_POINT ( 'NONE',  ( -61.62165481871826955, -5.660399785491973645, 7.970196636405508350 ) ) ;
#2655 = VERTEX_POINT ( 'NONE', #1538 ) ;
#2656 = CARTESIAN_POINT ( 'NONE',  ( -131.7248129391122689, -19.90491316305642044, 22.50000000000001421 ) ) ;
#2657 = CARTESIAN_POINT ( 'NONE',  ( -138.8674360375225092, -61.80962125755532099, -19.90226640499231792 ) ) ;
#2658 = CARTESIAN_POINT ( 'NONE',  ( -139.3785341647857194, -60.65863056731016911, -14.39722940284740815 ) ) ;
#2659 = EDGE_CURVE ( 'NONE', #1733, #294, #4132, .T. ) ;
#2660 = CARTESIAN_POINT ( 'NONE',  ( -126.5364583085412136, -57.19283713816124504, -7.633802519292671285 ) ) ;
#2661 = CARTESIAN_POINT ( 'NONE',  ( -64.41150304813061211, -31.28162938271907834, -12.47950913049725763 ) ) ;
#2662 = CARTESIAN_POINT ( 'NONE',  ( -111.0729704247486609, -54.11784338817365381, -13.89808374072882202 ) ) ;
#2663 = CARTESIAN_POINT ( 'NONE',  ( -41.14070272450741328, -18.23770858982462784, -21.01781165540238661 ) ) ;
#2664 = FACE_OUTER_BOUND ( 'NONE', #684, .T. ) ;
#2665 = AXIS2_PLACEMENT_3D ( 'NONE', #7197, #341, #5587 ) ;
#2666 = ORIENTED_EDGE ( 'NONE', *, *, #6138, .F. ) ;
#2667 = DIRECTION ( 'NONE',  ( 1.522024630730408022E-16, 6.758551201016278582E-17, 1.000000000000000000 ) ) ;
#2668 = ORIENTED_EDGE ( 'NONE', *, *, #5482, .T. ) ;
#2669 = LINE ( 'NONE', #3249, #1145 ) ;
#2670 = EDGE_CURVE ( 'NONE', #7481, #4570, #4409, .T. ) ;
#2671 = ADVANCED_FACE ( 'NONE', ( #7211, #7785 ), #881, .T. ) ;
#2672 = EDGE_CURVE ( 'NONE', #2842, #5209, #4704, .T. ) ;
#2673 = ORIENTED_EDGE ( 'NONE', *, *, #3850, .F. ) ;
#2674 = DIRECTION ( 'NONE',  ( -1.522024630730408022E-16, -6.758551201016278582E-17, -1.000000000000000000 ) ) ;
#2675 = DIRECTION ( 'NONE',  ( 0.9139452746408238681, 0.4058374489394847018, 0.000000000000000000 ) ) ;
#2676 = ORIENTED_EDGE ( 'NONE', *, *, #670, .F. ) ;
#2677 = CARTESIAN_POINT ( 'NONE',  ( -44.69363766962877094, -10.23650487467864068, -4.077197461557091174 ) ) ;
#2678 = CARTESIAN_POINT ( 'NONE',  ( -79.69293320283668436, 3.199845865316033766, 22.50000000000000355 ) ) ;
#2679 = LINE ( 'NONE', #6958, #4883 ) ;
#2680 = ORIENTED_EDGE ( 'NONE', *, *, #1820, .F. ) ;
#2681 = AXIS2_PLACEMENT_3D ( 'NONE', #3771, #1916, #1839 ) ;
#2682 = EDGE_CURVE ( 'NONE', #461, #2088, #918, .T. ) ;
#2683 = DIRECTION ( 'NONE',  ( 1.522024630730408022E-16, 6.758551201016278582E-17, 1.000000000000000000 ) ) ;
#2684 = ORIENTED_EDGE ( 'NONE', *, *, #195, .T. ) ;
#2685 = VERTEX_POINT ( 'NONE', #1669 ) ;
#2686 = AXIS2_PLACEMENT_3D ( 'NONE', #1801, #3623, #1680 ) ;
#2687 = CARTESIAN_POINT ( 'NONE',  ( -58.58417378031295186, -29.23299986159828734, 1.168182940422375582 ) ) ;
#2688 = CARTESIAN_POINT ( 'NONE',  ( -136.9621861826337579, -61.17215939002593927, -20.04512421095767749 ) ) ;
#2689 = EDGE_CURVE ( 'NONE', #5575, #5480, #925, .T. ) ;
#2690 = ORIENTED_EDGE ( 'NONE', *, *, #5431, .F. ) ;
#2691 = CARTESIAN_POINT ( 'NONE',  ( -47.64024971859156921, -19.61700401688167261, -22.13619651029518920 ) ) ;
#2692 = CIRCLE ( 'NONE', #3755, 1.049999999999995604 ) ;
#2693 = DIRECTION ( 'NONE',  ( 1.522024630730408022E-16, 6.758551201016278582E-17, 1.000000000000000000 ) ) ;
#2694 = DIRECTION ( 'NONE',  ( -1.522024630730408022E-16, -6.758551201016278582E-17, -1.000000000000000000 ) ) ;
#2695 = ORIENTED_EDGE ( 'NONE', *, *, #5281, .F. ) ;
#2696 = CARTESIAN_POINT ( 'NONE',  ( -119.9104487264170444, -57.69767359608970025, 3.518539648794718033 ) ) ;
#2697 = CARTESIAN_POINT ( 'NONE',  ( -74.36784475735107947, -35.32124610940520171, 16.60000000000000497 ) ) ;
#2698 = CIRCLE ( 'NONE', #839, 1.124999999999999778 ) ;
#2699 = DIRECTION ( 'NONE',  ( -0.6705919300765829094, -0.7418264374610569201, 1.560742454363070004E-16 ) ) ;
#2700 = VECTOR ( 'NONE', #3773, 1000.000000000000114 ) ;
#2701 = FACE_OUTER_BOUND ( 'NONE', #4529, .T. ) ;
#2702 = EDGE_CURVE ( 'NONE', #1131, #5830, #313, .T. ) ;
#2703 = CARTESIAN_POINT ( 'NONE',  ( -65.34296098424738375, -31.66109903227091493, -13.00529005118491632 ) ) ;
#2704 = CARTESIAN_POINT ( 'NONE',  ( -110.9911771146228290, -53.60243982618083436, -14.08729076397750291 ) ) ;
#2705 = AXIS2_PLACEMENT_3D ( 'NONE', #2150, #6673, #2812 ) ;
#2706 = CARTESIAN_POINT ( 'NONE',  ( -41.14591538647403723, -18.22596968355759728, -21.00851243511850441 ) ) ;
#2707 = DIRECTION ( 'NONE',  ( 0.4058374489394843687, -0.9139452746408239792, 1.232595164407831220E-32 ) ) ;
#2708 = ORIENTED_EDGE ( 'NONE', *, *, #3391, .F. ) ;
#2709 = CARTESIAN_POINT ( 'NONE',  ( -46.10111106887108434, -7.066877069798600530, -2.675592887094655037 ) ) ;
#2710 = VERTEX_POINT ( 'NONE', #2822 ) ;
#2711 = CARTESIAN_POINT ( 'NONE',  ( -129.3975162112984663, -67.48683978699794750, -3.183803752492255779 ) ) ;
#2712 = ADVANCED_FACE ( 'NONE', ( #7296 ), #5975, .T. ) ;
#2713 = ORIENTED_EDGE ( 'NONE', *, *, #3621, .F. ) ;
#2714 = CARTESIAN_POINT ( 'NONE',  ( -129.5003184127618852, -47.83765562346009403, -4.154549302121592014 ) ) ;
#2715 = PLANE ( 'NONE',  #6832 ) ;
#2716 = ORIENTED_EDGE ( 'NONE', *, *, #6179, .F. ) ;
#2717 = CARTESIAN_POINT ( 'NONE',  ( -42.16949650592260213, -15.92086666811095697, -10.98622590194083948 ) ) ;
#2718 = CARTESIAN_POINT ( 'NONE',  ( -59.14300067759680957, -2.978267590071398185, 4.070910657244236397 ) ) ;
#2719 = CARTESIAN_POINT ( 'NONE',  ( -137.6986046000537840, -39.34184502601484468, 7.537156188173617544 ) ) ;
#2720 = ORIENTED_EDGE ( 'NONE', *, *, #2867, .F. ) ;
#2721 = CIRCLE ( 'NONE', #1278, 32.16057989992780364 ) ;
#2722 = CYLINDRICAL_SURFACE ( 'NONE', #145, 52.00744483544679753 ) ;
#2723 = CIRCLE ( 'NONE', #7446, 26.50000000000001776 ) ;
#2724 = EDGE_CURVE ( 'NONE', #7688, #4862, #7728, .T. ) ;
#2725 = CARTESIAN_POINT ( 'NONE',  ( -45.21861894498442780, -16.44629361743206886, -9.690969316290981794 ) ) ;
#2726 = B_SPLINE_SURFACE_WITH_KNOTS ( 'NONE', 3, 1, ( 
 ( #3245, #3782 ),
 ( #7060, #200 ),
 ( #5050, #1928 ),
 ( #775, #4510 ) ),
 .UNSPECIFIED., .F., .F., .F.,
 ( 4, 4 ),
 ( 2, 2 ),
 ( 0.000000000000000000, 1.000000000000000000 ),
 ( 0.000000000000000000, 1.000000000000000000 ),
 .UNSPECIFIED. ) ;
#2727 = ORIENTED_EDGE ( 'NONE', *, *, #6280, .T. ) ;
#2728 = ORIENTED_EDGE ( 'NONE', *, *, #7719, .F. ) ;
#2729 = CARTESIAN_POINT ( 'NONE',  ( -44.02487192823841156, -19.13467619305142975, -21.49877020829667984 ) ) ;
#2730 = DIRECTION ( 'NONE',  ( 1.522024630730408022E-16, 6.758551201016278582E-17, 1.000000000000000000 ) ) ;
#2731 = EDGE_CURVE ( 'NONE', #4174, #6345, #5107, .T. ) ;
#2732 = ORIENTED_EDGE ( 'NONE', *, *, #14, .F. ) ;
#2733 = CARTESIAN_POINT ( 'NONE',  ( -48.31273955487267102, -2.086293318042376832, -2.511903653824867799 ) ) ;
#2734 = AXIS2_PLACEMENT_3D ( 'NONE', #1756, #2868, #2212 ) ;
#2735 = CARTESIAN_POINT ( 'NONE',  ( -79.69293320283669857, 3.199845865316033766, 15.60000000000000497 ) ) ;
#2736 = CARTESIAN_POINT ( 'NONE',  ( -136.3475987532109457, -58.86014820062656838, -22.14999999999998437 ) ) ;
#2737 = VERTEX_POINT ( 'NONE', #3483 ) ;
#2738 = CARTESIAN_POINT ( 'NONE',  ( -124.0230684344946610, -50.26567946178784041, 14.12514136678072418 ) ) ;
#2739 = CARTESIAN_POINT ( 'NONE',  ( -77.08880895307909498, -34.47339361895294019, 14.45000000000000817 ) ) ;
#2740 = DIRECTION ( 'NONE',  ( 1.522024630730408022E-16, 6.758551201016278582E-17, 1.000000000000000000 ) ) ;
#2741 = DIRECTION ( 'NONE',  ( -0.6705919300765837976, -0.7418264374610561429, 0.000000000000000000 ) ) ;
#2742 = CARTESIAN_POINT ( 'NONE',  ( -56.53831657933391597, -25.50512296539988100, -14.70000000000012186 ) ) ;
#2743 = CIRCLE ( 'NONE', #7342, 2.100000000000013856 ) ;
#2744 = VECTOR ( 'NONE', #4788, 1000.000000000000000 ) ;
#2745 = CARTESIAN_POINT ( 'NONE',  ( -111.2816967863867887, -55.09678259274174650, -13.43415421548831112 ) ) ;
#2746 = CARTESIAN_POINT ( 'NONE',  ( -41.44987434353588185, -17.54145460685049329, -21.84619567024299158 ) ) ;
#2747 = DIRECTION ( 'NONE',  ( 0.6705919300765830204, 0.7418264374610566980, -1.522024630730407282E-16 ) ) ;
#2748 = DIRECTION ( 'NONE',  ( 0.6705919300765870172, 0.7418264374610531453, 0.000000000000000000 ) ) ;
#2749 = CARTESIAN_POINT ( 'NONE',  ( -43.47250702166193292, -12.98648910689718505, -6.498483102582561344 ) ) ;
#2750 = ORIENTED_EDGE ( 'NONE', *, *, #555, .F. ) ;
#2751 = DIRECTION ( 'NONE',  ( 0.4474321763524043982, 0.4949612461799919316, -0.7448609349029524651 ) ) ;
#2752 = CIRCLE ( 'NONE', #5369, 1.750000000000003109 ) ;
#2753 = EDGE_CURVE ( 'NONE', #5708, #184, #1076, .T. ) ;
#2754 = VECTOR ( 'NONE', #2182, 1000.000000000000000 ) ;
#2755 = CARTESIAN_POINT ( 'NONE',  ( -120.2018345340192553, -34.05962530407308009, 20.10000000000000853 ) ) ;
#2756 = EDGE_LOOP ( 'NONE', ( #2713, #5657, #6902, #3161 ) ) ;
#2757 = DIRECTION ( 'NONE',  ( 1.522024630730408022E-16, 6.758551201016278582E-17, 1.000000000000000000 ) ) ;
#2758 = DIRECTION ( 'NONE',  ( 0.4058374489394843687, -0.9139452746408239792, 1.232595164407831220E-32 ) ) ;
#2759 = VECTOR ( 'NONE', #3628, 1000.000000000000000 ) ;
#2760 = VERTEX_POINT ( 'NONE', #3612 ) ;
#2761 = CARTESIAN_POINT ( 'NONE',  ( -75.17762195236082334, -32.35918827218893767, 14.45000000000000817 ) ) ;
#2762 = CARTESIAN_POINT ( 'NONE',  ( -50.32874217326570232, -4.607992004459044111, -2.541489669460673451 ) ) ;
#2763 = CARTESIAN_POINT ( 'NONE',  ( -138.8284980275087719, -39.94410271381025979, 3.297348375675350329 ) ) ;
#2764 = ORIENTED_EDGE ( 'NONE', *, *, #1855, .F. ) ;
#2765 = LINE ( 'NONE', #6501, #7699 ) ;
#2766 = AXIS2_PLACEMENT_3D ( 'NONE', #1645, #4151, #6664 ) ;
#2767 = ADVANCED_FACE ( 'NONE', ( #6266 ), #6806, .F. ) ;
#2768 = PLANE ( 'NONE',  #5995 ) ;
#2769 = EDGE_CURVE ( 'NONE', #6510, #7161, #6557, .T. ) ;
#2770 = EDGE_CURVE ( 'NONE', #338, #1535, #3345, .T. ) ;
#2771 = CARTESIAN_POINT ( 'NONE',  ( -48.14417518149326725, -9.858022173430601498, -3.067593468272154400 ) ) ;
#2772 = VERTEX_POINT ( 'NONE', #5803 ) ;
#2773 = ORIENTED_EDGE ( 'NONE', *, *, #1766, .F. ) ;
#2774 = CARTESIAN_POINT ( 'NONE',  ( -135.6803077805318196, -32.47575745545653803, 0.9148257472633202214 ) ) ;
#2775 = CIRCLE ( 'NONE', #1069, 1.124999999999999778 ) ;
#2776 = CARTESIAN_POINT ( 'NONE',  ( -131.2694163132676977, -58.03400555201382360, -8.907410668735360915 ) ) ;
#2777 = EDGE_CURVE ( 'NONE', #2022, #1011, #6422, .T. ) ;
#2778 = ORIENTED_EDGE ( 'NONE', *, *, #5345, .T. ) ;
#2779 = CARTESIAN_POINT ( 'NONE',  ( -93.25272099532890024, -26.57627448053533925, 7.611542823875192531E-15 ) ) ;
#2780 = DIRECTION ( 'NONE',  ( -0.6705919300765832425, -0.7418264374610565870, 1.156482317317871232E-16 ) ) ;
#2781 = CARTESIAN_POINT ( 'NONE',  ( -80.26957727349255833, -1.181052250999105269, -22.14999999999999858 ) ) ;
#2782 = ORIENTED_EDGE ( 'NONE', *, *, #2363, .T. ) ;
#2783 = CARTESIAN_POINT ( 'NONE',  ( -143.0327962619541609, -43.24316650298109721, 1.255533891394365442 ) ) ;
#2784 = CARTESIAN_POINT ( 'NONE',  ( -127.7633920421547344, -47.06637337407163102, -4.993901786691822053 ) ) ;
#2785 = CIRCLE ( 'NONE', #5658, 2.100000000000001865 ) ;
#2786 = CARTESIAN_POINT ( 'NONE',  ( -149.2468278423932873, -52.70933100747607369, -8.435676651841216511 ) ) ;
#2787 = CARTESIAN_POINT ( 'NONE',  ( -95.79203009365117794, -20.83375678581510826, -12.49999999999999289 ) ) ;
#2788 = CARTESIAN_POINT ( 'NONE',  ( -138.4134049501724348, -61.67225464204581442, -2.188504495800188465 ) ) ;
#2789 = AXIS2_PLACEMENT_3D ( 'NONE', #1998, #4431, #6939 ) ;
#2790 = EDGE_CURVE ( 'NONE', #6061, #4162, #2941, .T. ) ;
#2791 = CARTESIAN_POINT ( 'NONE',  ( -115.2223519554633668, -59.21193879560406970, -6.710208282434186877 ) ) ;
#2792 = CARTESIAN_POINT ( 'NONE',  ( -113.7577943208433879, -58.93369156692595823, -8.959443460948161686 ) ) ;
#2793 = DIRECTION ( 'NONE',  ( 1.522024630730408022E-16, 6.758551201016278582E-17, 1.000000000000000000 ) ) ;
#2794 = DIRECTION ( 'NONE',  ( 1.522024630730408022E-16, 6.758551201016278582E-17, 1.000000000000000000 ) ) ;
#2795 = CARTESIAN_POINT ( 'NONE',  ( -74.72143725893353405, -24.35221633749990389, 12.50000000000000355 ) ) ;
#2796 = CARTESIAN_POINT ( 'NONE',  ( -44.33861179425845478, -11.03602256831782746, -4.654230994758838946 ) ) ;
#2797 = ORIENTED_EDGE ( 'NONE', *, *, #4986, .F. ) ;
#2798 = CARTESIAN_POINT ( 'NONE',  ( -56.58072009286641446, -26.79905775021617131, -3.700000000000001510 ) ) ;
#2799 = ADVANCED_FACE ( 'NONE', ( #6965 ), #6927, .T. ) ;
#2800 = B_SPLINE_SURFACE_WITH_KNOTS ( 'NONE', 3, 1, ( 
 ( #4655, #3564 ),
 ( #962, #2816 ),
 ( #6677, #3606 ),
 ( #6096, #1048 ),
 ( #3519, #1703 ),
 ( #2283, #4084 ),
 ( #4211, #6722 ),
 ( #1094, #6057 ),
 ( #5309, #477 ),
 ( #3475, #2982 ),
 ( #5478, #2200 ),
 ( #2155, #6597 ),
 ( #4698, #1618 ),
 ( #920, #7203 ),
 ( #4123, #7164 ),
 ( #1531, #5971 ) ),
 .UNSPECIFIED., .F., .F., .F.,
 ( 4, 2, 2, 2, 2, 2, 2, 4 ),
 ( 2, 2 ),
 ( 0.000000000000000000, 0.1249999999999992228, 0.2499999999999984457, 0.3749999999999976685, 0.4999999999999970024, 0.7499999999999993339, 0.8749999999999996669, 1.000000000000000000 ),
 ( 0.000000000000000000, 1.000000000000000000 ),
 .UNSPECIFIED. ) ;
#2801 = DIRECTION ( 'NONE',  ( 1.522024630730407529E-16, 6.758551201016273652E-17, 1.000000000000000000 ) ) ;
#2802 = VERTEX_POINT ( 'NONE', #30 ) ;
#2803 = DIRECTION ( 'NONE',  ( -0.6705919300765834645, -0.7418264374610564760, 0.000000000000000000 ) ) ;
#2804 = LINE ( 'NONE', #822, #4207 ) ;
#2805 = ORIENTED_EDGE ( 'NONE', *, *, #2062, .F. ) ;
#2806 = CARTESIAN_POINT ( 'NONE',  ( -44.21526507384109550, -11.31379918199378487, -4.871024401568844198 ) ) ;
#2807 = CARTESIAN_POINT ( 'NONE',  ( -58.49949670748151931, -4.376091312436307668, 4.651027029388356659 ) ) ;
#2808 = CARTESIAN_POINT ( 'NONE',  ( -143.6498858599287018, -58.43167420023625880, -7.476053542693353648 ) ) ;
#2809 = VERTEX_POINT ( 'NONE', #1368 ) ;
#2810 = ORIENTED_EDGE ( 'NONE', *, *, #4744, .T. ) ;
#2811 = DIRECTION ( 'NONE',  ( 1.522024630730408022E-16, 6.758551201016278582E-17, 1.000000000000000000 ) ) ;
#2812 = DIRECTION ( 'NONE',  ( 0.6705919300765830204, 0.7418264374610565870, -1.618183019125878364E-16 ) ) ;
#2813 = EDGE_LOOP ( 'NONE', ( #4258, #5221 ) ) ;
#2814 = ORIENTED_EDGE ( 'NONE', *, *, #751, .T. ) ;
#2815 = LINE ( 'NONE', #2774, #3801 ) ;
#2816 = CARTESIAN_POINT ( 'NONE',  ( -139.6216079414259070, -60.11122735713880161, -22.14999999999999147 ) ) ;
#2817 = CARTESIAN_POINT ( 'NONE',  ( -134.1233786335160119, -57.87500548257978750, -7.270390061572297391 ) ) ;
#2818 = VERTEX_POINT ( 'NONE', #757 ) ;
#2819 = DIRECTION ( 'NONE',  ( 0.4058374489394839246, -0.9139452746408243122, 7.395570986446985676E-32 ) ) ;
#2820 = AXIS2_PLACEMENT_3D ( 'NONE', #3493, #1024, #1638 ) ;
#2821 = DIRECTION ( 'NONE',  ( 0.4058374489394847573, -0.9139452746408239792, 2.775557561562891351E-17 ) ) ;
#2822 = CARTESIAN_POINT ( 'NONE',  ( -78.98881167625627597, 3.978763624650145658, 12.50000000000000355 ) ) ;
#2823 = ORIENTED_EDGE ( 'NONE', *, *, #4566, .F. ) ;
#2824 = LINE ( 'NONE', #5977, #5857 ) ;
#2825 = CARTESIAN_POINT ( 'NONE',  ( -86.40586874199431122, -38.31762459702910206, 14.50000000000000711 ) ) ;
#2826 = CARTESIAN_POINT ( 'NONE',  ( -64.21193796818036503, -29.27054728401172312, 16.08825074626387419 ) ) ;
#2827 = CARTESIAN_POINT ( 'NONE',  ( -136.6526347420924594, -60.24871876290538353, -0.1626246772589267642 ) ) ;
#2828 = FACE_OUTER_BOUND ( 'NONE', #2245, .T. ) ;
#2829 = CARTESIAN_POINT ( 'NONE',  ( -123.2800083373703188, -45.95612552396947592, -12.49999999999998934 ) ) ;
#2830 = CYLINDRICAL_SURFACE ( 'NONE', #2097, 2.099999999999982769 ) ;
#2831 = FACE_OUTER_BOUND ( 'NONE', #5962, .T. ) ;
#2832 = PLANE ( 'NONE',  #5266 ) ;
#2833 = CARTESIAN_POINT ( 'NONE',  ( -43.11952111246696262, -13.78141280003279334, -7.465850060423584900 ) ) ;
#2834 = EDGE_LOOP ( 'NONE', ( #1860, #2907, #5802, #1320, #2143, #5789 ) ) ;
#2835 = DIRECTION ( 'NONE',  ( -0.7418264374610566980, 0.6705919300765832425, 6.758551201016269954E-17 ) ) ;
#2836 = EDGE_CURVE ( 'NONE', #959, #5546, #6349, .T. ) ;
#2837 = CARTESIAN_POINT ( 'NONE',  ( -143.5164779688727492, -51.33998639298608424, -2.886959476956773685 ) ) ;
#2838 = ORIENTED_EDGE ( 'NONE', *, *, #2619, .T. ) ;
#2839 = CARTESIAN_POINT ( 'NONE',  ( -47.75034095316543414, -19.36907873575966477, -22.15000000000000213 ) ) ;
#2840 = AXIS2_PLACEMENT_3D ( 'NONE', #5639, #8033, #1865 ) ;
#2841 = DIRECTION ( 'NONE',  ( 0.6705919300765829094, 0.7418264374610568090, -1.326211790879754574E-16 ) ) ;
#2842 = VERTEX_POINT ( 'NONE', #2608 ) ;
#2843 = CARTESIAN_POINT ( 'NONE',  ( -141.6749087431238934, -62.87931945363590813, -21.01900181912504095 ) ) ;
#2844 = CARTESIAN_POINT ( 'NONE',  ( -53.48044781177294738, -1.963552025888654962, -1.435387697971348020 ) ) ;
#2845 = DIRECTION ( 'NONE',  ( 0.9139452746408243122, 0.4058374489394839246, -1.665334536937734071E-16 ) ) ;
#2846 = ORIENTED_EDGE ( 'NONE', *, *, #5661, .T. ) ;
#2847 = VECTOR ( 'NONE', #2056, 1000.000000000000000 ) ;
#2848 = ORIENTED_EDGE ( 'NONE', *, *, #6690, .F. ) ;
#2849 = LINE ( 'NONE', #2277, #3518 ) ;
#2850 = CARTESIAN_POINT ( 'NONE',  ( -95.79203009365117794, -20.83375678581510826, -14.69999999999999396 ) ) ;
#2851 = ORIENTED_EDGE ( 'NONE', *, *, #2062, .T. ) ;
#2852 = ORIENTED_EDGE ( 'NONE', *, *, #3302, .T. ) ;
#2853 = VECTOR ( 'NONE', #3190, 1000.000000000000000 ) ;
#2854 = CARTESIAN_POINT ( 'NONE',  ( -43.87982591925251086, -19.46082989841086075, -21.00324568125419233 ) ) ;
#2855 = AXIS2_PLACEMENT_3D ( 'NONE', #2149, #4692, #6672 ) ;
#2856 = CARTESIAN_POINT ( 'NONE',  ( -99.72983261045661152, -5.789345817509637726, 20.10000000000000853 ) ) ;
#2857 = ORIENTED_EDGE ( 'NONE', *, *, #1601, .F. ) ;
#2858 = CARTESIAN_POINT ( 'NONE',  ( -47.23604551057508871, -20.52727123562149103, -21.72209831239483790 ) ) ;
#2859 = VERTEX_POINT ( 'NONE', #148 ) ;
#2860 = CARTESIAN_POINT ( 'NONE',  ( -109.9320279439402839, -50.03522146438766072, -21.34999999999999432 ) ) ;
#2861 = ADVANCED_FACE ( 'NONE', ( #7616 ), #2010, .T. ) ;
#2862 = CARTESIAN_POINT ( 'NONE',  ( -141.7569608685889762, -62.69453820060276428, -17.56139708309372693 ) ) ;
#2863 = ORIENTED_EDGE ( 'NONE', *, *, #5900, .F. ) ;
#2864 = CARTESIAN_POINT ( 'NONE',  ( -62.04396189571020415, -35.77469560950147809, -7.713622366322238300 ) ) ;
#2865 = CARTESIAN_POINT ( 'NONE',  ( -110.9709291389237933, -53.45828304560593836, -14.13464131343350338 ) ) ;
#2866 = AXIS2_PLACEMENT_3D ( 'NONE', #97, #1937, #4602 ) ;
#2867 = EDGE_CURVE ( 'NONE', #4553, #4414, #4391, .T. ) ;
#2868 = DIRECTION ( 'NONE',  ( 1.522024630730408022E-16, 6.758551201016278582E-17, 1.000000000000000000 ) ) ;
#2869 = CARTESIAN_POINT ( 'NONE',  ( -124.5094521718745284, -46.79931871347815786, 6.000000000000078160 ) ) ;
#2870 = EDGE_CURVE ( 'NONE', #1314, #1985, #2111, .T. ) ;
#2871 = EDGE_CURVE ( 'NONE', #13, #1552, #2743, .T. ) ;
#2872 = DIRECTION ( 'NONE',  ( -0.9139452746408242012, -0.4058374489394842577, 8.326672684688670355E-17 ) ) ;
#2873 = LINE ( 'NONE', #2256, #7533 ) ;
#2874 = CARTESIAN_POINT ( 'NONE',  ( -112.4267827281093162, 4.411589676283690586, 15.60000000000000853 ) ) ;
#2875 = CARTESIAN_POINT ( 'NONE',  ( -97.61980985088180773, -26.56909085815083316, -10.37867965644033852 ) ) ;
#2876 = FACE_OUTER_BOUND ( 'NONE', #4948, .T. ) ;
#2877 = CARTESIAN_POINT ( 'NONE',  ( -41.07529165095434109, -18.38501422103038507, -19.90226640499236410 ) ) ;
#2878 = PLANE ( 'NONE',  #1207 ) ;
#2879 = CARTESIAN_POINT ( 'NONE',  ( -146.2583137927952350, -52.55749873980454367, -2.886959476956772797 ) ) ;
#2880 = VERTEX_POINT ( 'NONE', #7857 ) ;
#2881 = VECTOR ( 'NONE', #6064, 1000.000000000000114 ) ;
#2882 = CARTESIAN_POINT ( 'NONE',  ( -47.23604551057508871, -20.52727123562149103, -21.72209831239483790 ) ) ;
#2883 = CARTESIAN_POINT ( 'NONE',  ( -106.9146502185184033, 4.219037406487026409, 32.61767435054035502 ) ) ;
#2884 = EDGE_LOOP ( 'NONE', ( #7862, #7911, #6753, #2315 ) ) ;
#2885 = CARTESIAN_POINT ( 'NONE',  ( -55.73785657070854427, -7.471850913730352595, -22.15000000000000213 ) ) ;
#2886 = CARTESIAN_POINT ( 'NONE',  ( -56.75218134600516606, -5.944883011926017424, 3.825002615726108335 ) ) ;
#2887 = CARTESIAN_POINT ( 'NONE',  ( -141.5603054118079456, -55.74528380844971309, -5.754329382450591446 ) ) ;
#2888 = EDGE_LOOP ( 'NONE', ( #6865, #1334, #8097, #7294, #4705, #5743, #3796 ) ) ;
#2889 = EDGE_LOOP ( 'NONE', ( #1396, #7617, #5467, #2, #4643, #4539 ) ) ;
#2890 = AXIS2_PLACEMENT_3D ( 'NONE', #8015, #7891, #5341 ) ;
#2891 = DIRECTION ( 'NONE',  ( -1.522024630730408022E-16, -6.758551201016278582E-17, -1.000000000000000000 ) ) ;
#2892 = AXIS2_PLACEMENT_3D ( 'NONE', #2343, #7390, #4231 ) ;
#2893 = CARTESIAN_POINT ( 'NONE',  ( -46.79963881473472753, -12.88591545030792140, -5.182137512685541125 ) ) ;
#2894 = ORIENTED_EDGE ( 'NONE', *, *, #7561, .F. ) ;
#2895 = ORIENTED_EDGE ( 'NONE', *, *, #6552, .T. ) ;
#2896 = EDGE_CURVE ( 'NONE', #7408, #484, #2241, .T. ) ;
#2897 = CARTESIAN_POINT ( 'NONE',  ( -85.48702535372942179, -39.18041673395227775, -14.69999999999999041 ) ) ;
#2898 = DIRECTION ( 'NONE',  ( -1.522024630730407529E-16, -6.758551201016273652E-17, -1.000000000000000000 ) ) ;
#2899 = EDGE_CURVE ( 'NONE', #7108, #7595, #223, .T. ) ;
#2900 = MECHANICAL_DESIGN_GEOMETRIC_PRESENTATION_REPRESENTATION (  '', ( #4339 ), #6174 ) ;
#2901 = ORIENTED_EDGE ( 'NONE', *, *, #108, .F. ) ;
#2902 = CARTESIAN_POINT ( 'NONE',  ( -59.33392331992700264, -26.74651229068876646, -6.073342700145963668 ) ) ;
#2903 = VERTEX_POINT ( 'NONE', #919 ) ;
#2904 = FACE_OUTER_BOUND ( 'NONE', #827, .T. ) ;
#2905 = CARTESIAN_POINT ( 'NONE',  ( -47.35281974563687868, -4.248031166478334342, -54.40744483566117395 ) ) ;
#2906 = ORIENTED_EDGE ( 'NONE', *, *, #6029, .F. ) ;
#2907 = ORIENTED_EDGE ( 'NONE', *, *, #3118, .F. ) ;
#2908 = CARTESIAN_POINT ( 'NONE',  ( -118.1508107486845347, -18.66478809734867284, 10.10000000000001208 ) ) ;
#2909 = FACE_OUTER_BOUND ( 'NONE', #6716, .T. ) ;
#2910 = VECTOR ( 'NONE', #1545, 1000.000000000000114 ) ;
#2911 = DIRECTION ( 'NONE',  ( -0.4058374489394843687, 0.9139452746408243122, -1.232595164407831220E-32 ) ) ;
#2912 = DIRECTION ( 'NONE',  ( 0.4058374489394843687, -0.9139452746408243122, 1.232595164407831220E-32 ) ) ;
#2913 = CARTESIAN_POINT ( 'NONE',  ( -89.50961297396496263, -47.55598454486987237, 18.10000000000000497 ) ) ;
#2914 = CARTESIAN_POINT ( 'NONE',  ( -57.19682757630344128, -12.83196012018881760, 6.906601717798154461 ) ) ;
#2915 = VECTOR ( 'NONE', #7143, 1000.000000000000000 ) ;
#2916 = CARTESIAN_POINT ( 'NONE',  ( -97.01105367747334185, -27.94000877011222883, -6025.936832683788452 ) ) ;
#2917 = CARTESIAN_POINT ( 'NONE',  ( -129.2801892518208149, -39.64906446037012699, 5.500000000000013323 ) ) ;
#2918 = DIRECTION ( 'NONE',  ( -0.4058374489394842022, 0.9139452746408242012, -3.697785493223493385E-32 ) ) ;
#2919 = CARTESIAN_POINT ( 'NONE',  ( -143.5438695997828233, -51.27830048474790203, -2.871593177688291032 ) ) ;
#2920 = CARTESIAN_POINT ( 'NONE',  ( -135.4754636149104101, -41.89705813118636968, 6.315219079726742457 ) ) ;
#2921 = ADVANCED_FACE ( 'NONE', ( #4741 ), #5224, .F. ) ;
#2922 = AXIS2_PLACEMENT_3D ( 'NONE', #4720, #244, #7842 ) ;
#2923 = CARTESIAN_POINT ( 'NONE',  ( -143.8932554554294825, -50.49148410634550999, -2.675592887100096462 ) ) ;
#2924 = ORIENTED_EDGE ( 'NONE', *, *, #8073, .T. ) ;
#2925 = DIRECTION ( 'NONE',  ( 1.522024630730408022E-16, 6.758551201016278582E-17, 1.000000000000000000 ) ) ;
#2926 = CARTESIAN_POINT ( 'NONE',  ( -132.4289344656926630, -20.68383092239052701, 12.50000000000001243 ) ) ;
#2927 = ORIENTED_EDGE ( 'NONE', *, *, #828, .F. ) ;
#2928 = LINE ( 'NONE', #5424, #3930 ) ;
#2929 = DIRECTION ( 'NONE',  ( -1.000000000000000000, -2.081668171172169697E-15, 1.734723475976808080E-16 ) ) ;
#2930 = CARTESIAN_POINT ( 'NONE',  ( -142.3835213798353720, -61.28352494880250845, -12.68783868663178538 ) ) ;
#2931 = ORIENTED_EDGE ( 'NONE', *, *, #70, .T. ) ;
#2932 = ORIENTED_EDGE ( 'NONE', *, *, #903, .F. ) ;
#2933 = EDGE_CURVE ( 'NONE', #2944, #6321, #651, .T. ) ;
#2934 = VERTEX_POINT ( 'NONE', #2897 ) ;
#2935 = CARTESIAN_POINT ( 'NONE',  ( -128.4163111975860829, -14.71263671694811315, 20.10000000000000853 ) ) ;
#2936 = CARTESIAN_POINT ( 'NONE',  ( -61.46932380014638397, -13.25185909989688682, 5.500000000000001776 ) ) ;
#2937 = ORIENTED_EDGE ( 'NONE', *, *, #5076, .F. ) ;
#2938 = VERTEX_POINT ( 'NONE', #7739 ) ;
#2939 = CARTESIAN_POINT ( 'NONE',  ( -62.88762323593024917, -6.222553130046625469, 9.347248972317029114 ) ) ;
#2940 = DIRECTION ( 'NONE',  ( -0.6705919300765834645, -0.7418264374610562539, 0.000000000000000000 ) ) ;
#2941 = B_SPLINE_CURVE_WITH_KNOTS ( 'NONE', 3,
 ( #4415, #2570, #185, #2024, #4455, #5071, #795, #1986, #7041, #7695, #1409, #4572, #3919, #5724, #7534, #1946, #2648, #2535 ),
 .UNSPECIFIED., .F., .F.,
 ( 4, 2, 2, 2, 1, 1, 2, 2, 2, 4 ),
 ( 0.000000000000000000, 0.2499999999998508415, 0.3749999999997769007, 0.4374999999997399858, 0.4687499999997202793, 0.4843749999997103983, 0.4921874999997093991, 0.4999999999997083444, 0.7499999999998541167, 1.000000000000000000 ),
 .UNSPECIFIED. ) ;
#2942 = AXIS2_PLACEMENT_3D ( 'NONE', #8059, #6758, #2361 ) ;
#2943 = ADVANCED_FACE ( 'NONE', ( #1617 ), #5395, .F. ) ;
#2944 = VERTEX_POINT ( 'NONE', #304 ) ;
#2945 = CARTESIAN_POINT ( 'NONE',  ( -59.16868276263897286, -26.67313721223622736, -3.700000000000001066 ) ) ;
#2946 = ORIENTED_EDGE ( 'NONE', *, *, #718, .F. ) ;
#2947 = DIRECTION ( 'NONE',  ( 0.4058374489394839246, -0.9139452746408243122, 7.395570986446985676E-32 ) ) ;
#2948 = DIRECTION ( 'NONE',  ( 0.000000000000000000, -7.284111315755508958E-16, -1.000000000000000000 ) ) ;
#2949 = ORIENTED_EDGE ( 'NONE', *, *, #3250, .F. ) ;
#2950 = DIRECTION ( 'NONE',  ( -1.522024630730408022E-16, -6.758551201016278582E-17, -1.000000000000000000 ) ) ;
#2951 = CARTESIAN_POINT ( 'NONE',  ( -110.8505246586424136, -52.38429734427334949, -14.42330871118496916 ) ) ;
#2952 = DIRECTION ( 'NONE',  ( -0.7418264374610570311, 0.6705919300765826874, 6.758551201016281047E-17 ) ) ;
#2953 = CYLINDRICAL_SURFACE ( 'NONE', #5781, 5.999999999999992006 ) ;
#2954 = DIRECTION ( 'NONE',  ( 0.6705919300765870172, 0.7418264374610531453, 0.000000000000000000 ) ) ;
#2955 = CARTESIAN_POINT ( 'NONE',  ( -135.5912682706725150, -60.56340321661671311, -20.04512421095767749 ) ) ;
#2956 = FACE_OUTER_BOUND ( 'NONE', #3799, .T. ) ;
#2957 = DIRECTION ( 'NONE',  ( -0.000000000000000000, -0.000000000000000000, 1.000000000000000000 ) ) ;
#2958 = CARTESIAN_POINT ( 'NONE',  ( -135.9073659119672470, -59.85155184276898410, -14.70000000000003126 ) ) ;
#2959 = CARTESIAN_POINT ( 'NONE',  ( -131.0107270397799368, -51.25810775116716655, 6.000000000000015099 ) ) ;
#2960 =( BOUNDED_CURVE ( )  B_SPLINE_CURVE ( 3, ( #3205, #1927, #5090, #1351 ),
 .UNSPECIFIED., .F., .F. ) 
 B_SPLINE_CURVE_WITH_KNOTS ( ( 4, 4 ),
 ( 2.723697708212454049, 4.358923414262366514 ),
 .UNSPECIFIED. ) 
 CURVE ( )  GEOMETRIC_REPRESENTATION_ITEM ( )  RATIONAL_B_SPLINE_CURVE ( ( 1.000000000000000000, 0.7893097429185811365, 0.7893097429185811365, 1.000000000000000000 ) ) 
 REPRESENTATION_ITEM ( '' )  );
#2961 = EDGE_CURVE ( 'NONE', #7253, #6964, #4780, .T. ) ;
#2962 = CARTESIAN_POINT ( 'NONE',  ( -68.28026084674398533, -34.98806974030120642, -13.95231913421406844 ) ) ;
#2963 = EDGE_LOOP ( 'NONE', ( #7824, #4401 ) ) ;
#2964 = LINE ( 'NONE', #1228, #5511 ) ;
#2965 = CARTESIAN_POINT ( 'NONE',  ( -95.50978709130777133, -47.34883589879283505, 12.50000000000000888 ) ) ;
#2966 = ORIENTED_EDGE ( 'NONE', *, *, #6435, .F. ) ;
#2967 = DIRECTION ( 'NONE',  ( -0.9139452746408239792, -0.4058374489394847573, 5.312590645178895207E-15 ) ) ;
#2968 = DIRECTION ( 'NONE',  ( 1.522024630730408022E-16, 6.758551201016278582E-17, 1.000000000000000000 ) ) ;
#2969 = CARTESIAN_POINT ( 'NONE',  ( -60.11584373955212612, -26.99197521326454563, 10.84862869419613318 ) ) ;
#2970 = ORIENTED_EDGE ( 'NONE', *, *, #2330, .F. ) ;
#2971 = ORIENTED_EDGE ( 'NONE', *, *, #2340, .F. ) ;
#2972 = CARTESIAN_POINT ( 'NONE',  ( -51.87438499864267527, -23.43410389319135945, -14.70000000000000107 ) ) ;
#2973 = TOROIDAL_SURFACE ( 'NONE', #7933, 26.50000000000001421, 11.00000000000000000 ) ;
#2974 = AXIS2_PLACEMENT_3D ( 'NONE', #3303, #7734, #5758 ) ;
#2975 = ORIENTED_EDGE ( 'NONE', *, *, #6278, .F. ) ;
#2976 = FACE_OUTER_BOUND ( 'NONE', #7366, .T. ) ;
#2977 = EDGE_CURVE ( 'NONE', #5801, #1935, #2815, .T. ) ;
#2978 = CARTESIAN_POINT ( 'NONE',  ( -47.70993786509446011, -3.443801742555584688, -2.407444835499600977 ) ) ;
#2979 = ORIENTED_EDGE ( 'NONE', *, *, #5856, .F. ) ;
#2980 = AXIS2_PLACEMENT_3D ( 'NONE', #3217, #2603, #23 ) ;
#2981 = DIRECTION ( 'NONE',  ( 0.9139452746408237571, 0.4058374489394852014, -1.665334536937734071E-16 ) ) ;
#2982 = CARTESIAN_POINT ( 'NONE',  ( -138.9909723053927451, -61.53141778332727796, -21.26716052623752162 ) ) ;
#2983 = EDGE_CURVE ( 'NONE', #6543, #5265, #1454, .T. ) ;
#2984 = AXIS2_PLACEMENT_3D ( 'NONE', #306, #1084, #2114 ) ;
#2985 = ADVANCED_FACE ( 'NONE', ( #7779 ), #1530, .F. ) ;
#2986 = ORIENTED_EDGE ( 'NONE', *, *, #2426, .F. ) ;
#2987 = CARTESIAN_POINT ( 'NONE',  ( -46.95482466412158118, -21.16058012423761170, -20.58272969854866830 ) ) ;
#2988 = ORIENTED_EDGE ( 'NONE', *, *, #1734, .T. ) ;
#2989 = DIRECTION ( 'NONE',  ( 1.522024630730407529E-16, 6.758551201016273652E-17, 1.000000000000000000 ) ) ;
#2990 = CARTESIAN_POINT ( 'NONE',  ( -143.0654203357576932, -59.74788960963996232, -9.476067658463088961 ) ) ;
#2991 = ORIENTED_EDGE ( 'NONE', *, *, #7913, .F. ) ;
#2992 = CARTESIAN_POINT ( 'NONE',  ( -92.43270857789077866, -35.26402932394314860, 20.10000000000000853 ) ) ;
#2993 = CARTESIAN_POINT ( 'NONE',  ( -144.1850443229682810, -49.83437605144135318, -2.511903653824932192 ) ) ;
#2994 = AXIS2_PLACEMENT_3D ( 'NONE', #1301, #1876, #118 ) ;
#2995 = CARTESIAN_POINT ( 'NONE',  ( -65.10516186555179274, -32.89399942329885818, 16.50113713682198480 ) ) ;
#2996 = DIRECTION ( 'NONE',  ( 0.9139452746408237571, 0.4058374489394852014, -1.665334536937734071E-16 ) ) ;
#2997 = PLANE ( 'NONE',  #6554 ) ;
#2998 = CARTESIAN_POINT ( 'NONE',  ( -113.6197935339337022, -50.85215591335813912, -14.70000000000019469 ) ) ;
#2999 = CARTESIAN_POINT ( 'NONE',  ( -41.88756685949593361, -16.55577177311330672, -22.15000000000000213 ) ) ;
#3000 = LINE ( 'NONE', #6197, #5964 ) ;
#3001 = CARTESIAN_POINT ( 'NONE',  ( -130.4992342486128223, -50.90730910067919979, 6.628595752665778384 ) ) ;
#3002 = ADVANCED_FACE ( 'NONE', ( #4697 ), #7202, .F. ) ;
#3003 = DIRECTION ( 'NONE',  ( -1.000000000000000000, 0.000000000000000000, 1.577021341797097807E-16 ) ) ;
#3004 = ORIENTED_EDGE ( 'NONE', *, *, #2443, .F. ) ;
#3005 = FACE_OUTER_BOUND ( 'NONE', #6921, .T. ) ;
#3006 = VERTEX_POINT ( 'NONE', #3605 ) ;
#3007 = CARTESIAN_POINT ( 'NONE',  ( -141.5946603050660713, -63.06003880556352925, -20.18843526222944362 ) ) ;
#3008 = DIRECTION ( 'NONE',  ( -1.522024630730408022E-16, -6.758551201016278582E-17, -1.000000000000000000 ) ) ;
#3009 = ORIENTED_EDGE ( 'NONE', *, *, #5991, .F. ) ;
#3010 = ORIENTED_EDGE ( 'NONE', *, *, #6997, .T. ) ;
#3011 = CARTESIAN_POINT ( 'NONE',  ( -124.5385403298717506, -57.02732872585684731, -6.940886655611341993 ) ) ;
#3012 = ADVANCED_FACE ( 'NONE', ( #1204 ), #513, .T. ) ;
#3013 = EDGE_LOOP ( 'NONE', ( #2720, #2177, #1881, #3682 ) ) ;
#3014 = CYLINDRICAL_SURFACE ( 'NONE', #5421, 2.100000000000001865 ) ;
#3015 = CARTESIAN_POINT ( 'NONE',  ( -125.0381680901065948, -38.74421432633528184, -22.14999999999998792 ) ) ;
#3016 = VERTEX_POINT ( 'NONE', #5477 ) ;
#3017 = AXIS2_PLACEMENT_3D ( 'NONE', #874, #5883, #7249 ) ;
#3018 = DIRECTION ( 'NONE',  ( -1.522024630730408022E-16, -6.758551201016278582E-17, -1.000000000000000000 ) ) ;
#3019 = CIRCLE ( 'NONE', #5365, 2.100000000000013856 ) ;
#3020 = ORIENTED_EDGE ( 'NONE', *, *, #7024, .T. ) ;
#3021 = EDGE_CURVE ( 'NONE', #7772, #5507, #7205, .T. ) ;
#3022 = ADVANCED_FACE ( 'NONE', ( #5517 ), #7948, .F. ) ;
#3023 = VECTOR ( 'NONE', #5052, 1000.000000000000114 ) ;
#3024 = ORIENTED_EDGE ( 'NONE', *, *, #7884, .F. ) ;
#3025 = DIRECTION ( 'NONE',  ( -1.522024630730408022E-16, -6.758551201016278582E-17, -1.000000000000000000 ) ) ;
#3026 = CIRCLE ( 'NONE', #1707, 32.16057989992780364 ) ;
#3027 = ORIENTED_EDGE ( 'NONE', *, *, #2363, .F. ) ;
#3028 = CARTESIAN_POINT ( 'NONE',  ( -140.9655231610646240, -34.82265763279384174, 2.733769929747735361 ) ) ;
#3029 = VECTOR ( 'NONE', #7924, 1000.000000000000114 ) ;
#3030 = VERTEX_POINT ( 'NONE', #6761 ) ;
#3031 = CARTESIAN_POINT ( 'NONE',  ( -133.2379508649930813, -41.08516277266078731, 5.500000000000013323 ) ) ;
#3032 = AXIS2_PLACEMENT_3D ( 'NONE', #7299, #3696, #7424 ) ;
#3033 = CARTESIAN_POINT ( 'NONE',  ( -60.75317611563164633, -5.760651252033113678, 7.267003210102120470 ) ) ;
#3034 = EDGE_CURVE ( 'NONE', #2528, #4570, #6821, .T. ) ;
#3035 = EDGE_CURVE ( 'NONE', #6281, #2318, #3098, .T. ) ;
#3036 = CARTESIAN_POINT ( 'NONE',  ( -135.5912682706725150, -60.56340321661671311, -20.04512421095767749 ) ) ;
#3037 = LINE ( 'NONE', #4303, #681 ) ;
#3038 = CYLINDRICAL_SURFACE ( 'NONE', #7601, 26.50000000000001776 ) ;
#3039 = CARTESIAN_POINT ( 'NONE',  ( -121.0703512927842098, -57.43500298255871428, 2.164644594986686599 ) ) ;
#3040 = CARTESIAN_POINT ( 'NONE',  ( -99.72983261045661152, -5.789345817509637726, 12.50000000000000711 ) ) ;
#3041 = FACE_BOUND ( 'NONE', #6175, .T. ) ;
#3042 = AXIS2_PLACEMENT_3D ( 'NONE', #4546, #3894, #770 ) ;
#3043 = FACE_OUTER_BOUND ( 'NONE', #4285, .T. ) ;
#3044 = EDGE_CURVE ( 'NONE', #404, #4935, #3683, .T. ) ;
#3045 = CARTESIAN_POINT ( 'NONE',  ( -64.47733089064720957, -36.55345778212971197, -11.13277483204487517 ) ) ;
#3046 = ORIENTED_EDGE ( 'NONE', *, *, #263, .T. ) ;
#3047 = DIRECTION ( 'NONE',  ( -0.4058374489394840912, 0.9139452746408242012, -2.465190328815661892E-32 ) ) ;
#3048 = CARTESIAN_POINT ( 'NONE',  ( -124.2539178553566330, -39.55079759500298309, -14.69999999999998863 ) ) ;
#3049 = ORIENTED_EDGE ( 'NONE', *, *, #6755, .T. ) ;
#3050 = CARTESIAN_POINT ( 'NONE',  ( -126.5905163582217767, -34.50982628759484072, -12.49999999999998934 ) ) ;
#3051 = CARTESIAN_POINT ( 'NONE',  ( -122.3587464668526792, -54.73268843877579570, -8.617120465655929706 ) ) ;
#3052 = EDGE_CURVE ( 'NONE', #443, #2311, #6801, .T. ) ;
#3053 = CARTESIAN_POINT ( 'NONE',  ( -60.97381672664617014, -34.52835715857286658, 6.364014879182718687 ) ) ;
#3054 = ORIENTED_EDGE ( 'NONE', *, *, #2724, .F. ) ;
#3055 = ORIENTED_EDGE ( 'NONE', *, *, #6029, .T. ) ;
#3056 = CARTESIAN_POINT ( 'NONE',  ( -123.0534312935293570, -57.18811684488037628, -3.699999999999989519 ) ) ;
#3057 = VECTOR ( 'NONE', #707, 1000.000000000000000 ) ;
#3058 = ORIENTED_EDGE ( 'NONE', *, *, #1395, .T. ) ;
#3059 = FACE_OUTER_BOUND ( 'NONE', #7975, .T. ) ;
#3060 = CARTESIAN_POINT ( 'NONE',  ( -56.42124673674837254, -26.63800749002194479, -4.275489282271495384 ) ) ;
#3061 = ORIENTED_EDGE ( 'NONE', *, *, #5954, .F. ) ;
#3062 = CARTESIAN_POINT ( 'NONE',  ( -84.35511265651814483, 5.785246007221591213, 15.10000000000000320 ) ) ;
#3063 = EDGE_LOOP ( 'NONE', ( #4092, #2265, #6208, #4362 ) ) ;
#3064 = EDGE_CURVE ( 'NONE', #6594, #6682, #5592, .T. ) ;
#3065 = ORIENTED_EDGE ( 'NONE', *, *, #7761, .T. ) ;
#3066 = CARTESIAN_POINT ( 'NONE',  ( -62.21917976062705691, -35.92308255740942258, -8.021428571428570464 ) ) ;
#3067 = ORIENTED_EDGE ( 'NONE', *, *, #567, .T. ) ;
#3068 = CARTESIAN_POINT ( 'NONE',  ( -143.1962426913183322, -59.45327787778918349, -8.972107258977549904 ) ) ;
#3069 = VECTOR ( 'NONE', #6915, 1000.000000000000000 ) ;
#3070 = ORIENTED_EDGE ( 'NONE', *, *, #6987, .T. ) ;
#3071 = DIRECTION ( 'NONE',  ( -0.6705919300765837976, -0.7418264374610561429, 0.000000000000000000 ) ) ;
#3072 = DIRECTION ( 'NONE',  ( 1.522024630730408022E-16, 6.758551201016278582E-17, 1.000000000000000000 ) ) ;
#3073 = CARTESIAN_POINT ( 'NONE',  ( -139.5017631310550712, -45.66633080257123112, -10.89999999999998259 ) ) ;
#3074 = CARTESIAN_POINT ( 'NONE',  ( -47.35281974563687868, -4.248031166478334342, -54.40744483566117395 ) ) ;
#3075 = CARTESIAN_POINT ( 'NONE',  ( -147.5296818366692548, -49.69437997374593863, -2.407444835499550351 ) ) ;
#3076 = CARTESIAN_POINT ( 'NONE',  ( -125.5914004073553656, -56.58288514833990490, 9.093177711575810562 ) ) ;
#3077 = CARTESIAN_POINT ( 'NONE',  ( -78.99999595379736661, -36.58759896571695691, 14.45000000000000817 ) ) ;
#3078 = LINE ( 'NONE', #5494, #4515 ) ;
#3079 = EDGE_CURVE ( 'NONE', #2859, #7677, #4906, .T. ) ;
#3080 = CYLINDRICAL_SURFACE ( 'NONE', #142, 9.999999999999994671 ) ;
#3081 = CARTESIAN_POINT ( 'NONE',  ( -70.90011391729909462, -33.01090935195438192, -14.66772136468451748 ) ) ;
#3082 = ORIENTED_EDGE ( 'NONE', *, *, #4480, .T. ) ;
#3083 = DIRECTION ( 'NONE',  ( 0.1984292974655316733, 0.08811254033772775163, -0.9761465023973440180 ) ) ;
#3084 = AXIS2_PLACEMENT_3D ( 'NONE', #1507, #4015, #2747 ) ;
#3085 = CARTESIAN_POINT ( 'NONE',  ( -115.9068254889678684, -59.30798300575408177, 5.886796564403927512 ) ) ;
#3086 = CARTESIAN_POINT ( 'NONE',  ( -124.1956372245418407, -57.05796413450495663, 0.1733566791083361314 ) ) ;
#3087 = PLANE ( 'NONE',  #7823 ) ;
#3088 = CARTESIAN_POINT ( 'NONE',  ( -145.6241419255601386, -46.92391945026626843, -2.541489669459677803 ) ) ;
#3089 = ORIENTED_EDGE ( 'NONE', *, *, #2006, .T. ) ;
#3090 = EDGE_CURVE ( 'NONE', #404, #5101, #7410, .T. ) ;
#3091 = ORIENTED_EDGE ( 'NONE', *, *, #7895, .F. ) ;
#3092 = CARTESIAN_POINT ( 'NONE',  ( -137.0684501092345897, -60.93285351549803863, -17.37515249740654255 ) ) ;
#3093 = EDGE_LOOP ( 'NONE', ( #3555, #4701, #2562, #1869, #2090 ) ) ;
#3094 = CYLINDRICAL_SURFACE ( 'NONE', #5807, 2.100000000000013856 ) ;
#3095 = CIRCLE ( 'NONE', #202, 2.850000000000005862 ) ;
#3096 = DIRECTION ( 'NONE',  ( -1.522024630730408022E-16, -6.758551201016278582E-17, -1.000000000000000000 ) ) ;
#3097 = EDGE_LOOP ( 'NONE', ( #6302, #2556, #631, #915 ) ) ;
#3098 = LINE ( 'NONE', #3062, #1954 ) ;
#3099 = ORIENTED_EDGE ( 'NONE', *, *, #3321, .T. ) ;
#3100 = VERTEX_POINT ( 'NONE', #1128 ) ;
#3101 = CARTESIAN_POINT ( 'NONE',  ( -53.58549432914186639, -24.19392208451493076, -13.86407909776505321 ) ) ;
#3102 = ORIENTED_EDGE ( 'NONE', *, *, #5590, .F. ) ;
#3103 = VECTOR ( 'NONE', #1365, 1000.000000000000227 ) ;
#3104 = CARTESIAN_POINT ( 'NONE',  ( -145.5417548092779043, -54.17118840471722052, -3.658486961850473396 ) ) ;
#3105 = ORIENTED_EDGE ( 'NONE', *, *, #7054, .F. ) ;
#3106 = DIRECTION ( 'NONE',  ( -1.522024630730408022E-16, -6.758551201016278582E-17, -1.000000000000000000 ) ) ;
#3107 = FACE_OUTER_BOUND ( 'NONE', #6222, .T. ) ;
#3108 = CIRCLE ( 'NONE', #2587, 2.875000000000003553 ) ;
#3109 = CARTESIAN_POINT ( 'NONE',  ( -51.64607744767079112, -1.997150961836987815, -2.827507457988234219 ) ) ;
#3110 = EDGE_CURVE ( 'NONE', #2567, #3100, #4822, .T. ) ;
#3111 = CARTESIAN_POINT ( 'NONE',  ( -86.40586874199431122, -38.31762459702910206, 20.10000000000000853 ) ) ;
#3112 = AXIS2_PLACEMENT_3D ( 'NONE', #6974, #1344, #3854 ) ;
#3113 = DIRECTION ( 'NONE',  ( 0.9610761936858027710, 0.000000000000000000, -0.2762834593862058541 ) ) ;
#3114 = CARTESIAN_POINT ( 'NONE',  ( -140.3556436050621130, -58.45818070893314200, -9.352197067692841870 ) ) ;
#3115 = ADVANCED_FACE ( 'NONE', ( #4984 ), #6176, .F. ) ;
#3116 = B_SPLINE_CURVE_WITH_KNOTS ( 'NONE', 3,
 ( #6607, #5447, #489, #5321 ),
 .UNSPECIFIED., .F., .F.,
 ( 4, 4 ),
 ( 0.000000000000000000, 1.000000000000000000 ),
 .UNSPECIFIED. ) ;
#3117 = EDGE_CURVE ( 'NONE', #3787, #1159, #3275, .T. ) ;
#3118 = EDGE_CURVE ( 'NONE', #3030, #6807, #3404, .T. ) ;
#3119 = CARTESIAN_POINT ( 'NONE',  ( -109.4762639920848670, -57.36559220485496269, 15.10000000000001208 ) ) ;
#3120 = VERTEX_POINT ( 'NONE', #7372 ) ;
#3121 = DIRECTION ( 'NONE',  ( 1.522024630730408022E-16, 6.758551201016278582E-17, 1.000000000000000000 ) ) ;
#3122 = CARTESIAN_POINT ( 'NONE',  ( -130.6117845000089801, -54.89614669555012938, -3.183803752492255779 ) ) ;
#3123 = CARTESIAN_POINT ( 'NONE',  ( -43.81712747487680559, -19.60252656784884095, -19.90226640499236410 ) ) ;
#3124 = DIRECTION ( 'NONE',  ( 1.522024630730408022E-16, 6.758551201016278582E-17, 1.000000000000000000 ) ) ;
#3125 = CARTESIAN_POINT ( 'NONE',  ( -144.9814996816571409, -44.54224987692707316, -1.023668446102431240 ) ) ;
#3126 = ORIENTED_EDGE ( 'NONE', *, *, #733, .T. ) ;
#3127 = CARTESIAN_POINT ( 'NONE',  ( -107.1340568235680450, -22.23777416215221692, 14.50000000000000888 ) ) ;
#3128 = ORIENTED_EDGE ( 'NONE', *, *, #3478, .T. ) ;
#3129 = CARTESIAN_POINT ( 'NONE',  ( -104.6987753501714451, -53.19648220658017124, 20.10000000000000853 ) ) ;
#3130 = EDGE_LOOP ( 'NONE', ( #1091, #8065, #6791, #667, #2436, #4523 ) ) ;
#3131 = CARTESIAN_POINT ( 'NONE',  ( -119.7956656587574145, -56.81795755160674588, 9.419284472809389186 ) ) ;
#3132 = CIRCLE ( 'NONE', #4179, 1.750000000000003109 ) ;
#3133 = CIRCLE ( 'NONE', #3915, 1.124999999999999778 ) ;
#3134 = CARTESIAN_POINT ( 'NONE',  ( -53.91882005592485427, -24.37344123488300340, -11.92317083583274062 ) ) ;
#3135 = VERTEX_POINT ( 'NONE', #1743 ) ;
#3136 = PLANE ( 'NONE',  #1704 ) ;
#3137 = CARTESIAN_POINT ( 'NONE',  ( -70.34222475535220553, -9.532769340411702430, -10.37867965644034385 ) ) ;
#3138 = ORIENTED_EDGE ( 'NONE', *, *, #7510, .T. ) ;
#3139 = EDGE_CURVE ( 'NONE', #4862, #7688, #5885, .T. ) ;
#3140 = ORIENTED_EDGE ( 'NONE', *, *, #4255, .T. ) ;
#3141 = FACE_OUTER_BOUND ( 'NONE', #1975, .T. ) ;
#3142 = VECTOR ( 'NONE', #5937, 1000.000000000000000 ) ;
#3143 = AXIS2_PLACEMENT_3D ( 'NONE', #3619, #6110, #6774 ) ;
#3144 = VERTEX_POINT ( 'NONE', #4210 ) ;
#3145 = CARTESIAN_POINT ( 'NONE',  ( -142.0870388521192353, -61.95120311878959996, -14.64147309890911863 ) ) ;
#3146 = ORIENTED_EDGE ( 'NONE', *, *, #1064, .T. ) ;
#3147 = CARTESIAN_POINT ( 'NONE',  ( -92.43270857789077866, -35.26402932394314860, 14.50000000000000888 ) ) ;
#3148 = EDGE_CURVE ( 'NONE', #4209, #2802, #678, .T. ) ;
#3149 = DIRECTION ( 'NONE',  ( 0.6705919300765827984, 0.7418264374610570311, 0.000000000000000000 ) ) ;
#3150 = CIRCLE ( 'NONE', #7861, 1.574999999999997735 ) ;
#3151 = AXIS2_PLACEMENT_3D ( 'NONE', #247, #7845, #5294 ) ;
#3152 = CARTESIAN_POINT ( 'NONE',  ( -44.22775641007351766, -19.86350683928850458, -19.93663851233603168 ) ) ;
#3153 = CIRCLE ( 'NONE', #783, 26.50000000000001776 ) ;
#3154 = LINE ( 'NONE', #39, #5760 ) ;
#3155 = CARTESIAN_POINT ( 'NONE',  ( -60.92906654883331186, -5.133536040237330234, 7.090449754583741715 ) ) ;
#3156 = CARTESIAN_POINT ( 'NONE',  ( -137.1092747314112330, -60.84091621751862533, -21.33246844851515078 ) ) ;
#3157 = DIRECTION ( 'NONE',  ( 1.522024630730408022E-16, 6.758551201016278582E-17, 1.000000000000000000 ) ) ;
#3158 = CARTESIAN_POINT ( 'NONE',  ( -139.3718923220351371, -60.67358652567432387, -14.44535317266120344 ) ) ;
#3159 = AXIS2_PLACEMENT_3D ( 'NONE', #6430, #5849, #3815 ) ;
#3160 = CARTESIAN_POINT ( 'NONE',  ( -124.9696967400206091, -57.16718655198779686, -3.699999999999990408 ) ) ;
#3161 = ORIENTED_EDGE ( 'NONE', *, *, #2405, .T. ) ;
#3162 = DIRECTION ( 'NONE',  ( 0.6705919300765829094, 0.7418264374610568090, -1.326211790879754574E-16 ) ) ;
#3163 = CARTESIAN_POINT ( 'NONE',  ( -136.2161186929588439, -32.71368432027760065, -4.923186939960158881 ) ) ;
#3164 = AXIS2_PLACEMENT_3D ( 'NONE', #526, #3618, #7301 ) ;
#3165 = CARTESIAN_POINT ( 'NONE',  ( -98.72394471534117599, -4.676606161317431898, 20.10000000000000853 ) ) ;
#3166 = CARTESIAN_POINT ( 'NONE',  ( -43.81712747487678428, -19.60252656784885517, -19.90226640499236765 ) ) ;
#3167 = CARTESIAN_POINT ( 'NONE',  ( -123.0534312935293570, -57.18811684488037628, -3.699999999999989519 ) ) ;
#3168 = CYLINDRICAL_SURFACE ( 'NONE', #1086, 1.500000000000837996 ) ;
#3169 = FACE_OUTER_BOUND ( 'NONE', #261, .T. ) ;
#3170 = ORIENTED_EDGE ( 'NONE', *, *, #2420, .F. ) ;
#3171 = PLANE ( 'NONE',  #556 ) ;
#3172 = ORIENTED_EDGE ( 'NONE', *, *, #4954, .F. ) ;
#3173 = CARTESIAN_POINT ( 'NONE',  ( -62.03334054456811231, -21.99525805203986906, 13.72980514523037598 ) ) ;
#3174 = LINE ( 'NONE', #6340, #5355 ) ;
#3175 = ORIENTED_EDGE ( 'NONE', *, *, #7731, .T. ) ;
#3176 = CARTESIAN_POINT ( 'NONE',  ( -41.07529165095434109, -18.38501422103038507, -19.90226640499236410 ) ) ;
#3177 = CARTESIAN_POINT ( 'NONE',  ( -102.4486274663934751, -55.23055774789521166, 20.10000000000000853 ) ) ;
#3178 = PLANE ( 'NONE',  #3180 ) ;
#3179 = ORIENTED_EDGE ( 'NONE', *, *, #6374, .F. ) ;
#3180 = AXIS2_PLACEMENT_3D ( 'NONE', #2642, #5178, #7651 ) ;
#3181 = VECTOR ( 'NONE', #7183, 1000.000000000000114 ) ;
#3182 = EDGE_CURVE ( 'NONE', #6914, #6246, #4943, .T. ) ;
#3183 = VECTOR ( 'NONE', #3586, 1000.000000000000000 ) ;
#3184 = ORIENTED_EDGE ( 'NONE', *, *, #18, .F. ) ;
#3185 = CARTESIAN_POINT ( 'NONE',  ( -52.72364854081539676, -23.81121941530849639, -11.66107907483991823 ) ) ;
#3186 = VECTOR ( 'NONE', #2632, 1000.000000000000227 ) ;
#3187 = VERTEX_POINT ( 'NONE', #5680 ) ;
#3188 = CARTESIAN_POINT ( 'NONE',  ( -44.49208309071073586, -18.08252761926560126, -22.15000000000000568 ) ) ;
#3189 = EDGE_LOOP ( 'NONE', ( #4519, #507, #6798, #7543 ) ) ;
#3190 = DIRECTION ( 'NONE',  ( -1.300305554625127611E-17, -5.774007522915385138E-18, -1.000000000000000000 ) ) ;
#3191 = FILL_AREA_STYLE_COLOUR ( '', #1844 ) ;
#3192 = EDGE_CURVE ( 'NONE', #6918, #3463, #2148, .T. ) ;
#3193 = CARTESIAN_POINT ( 'NONE',  ( -51.98944686355883249, -1.373759303434290313, -3.029942897633327803 ) ) ;
#3194 = CARTESIAN_POINT ( 'NONE',  ( -124.2837521687704339, -37.90965958419159421, -17.14999999999995239 ) ) ;
#3195 = CARTESIAN_POINT ( 'NONE',  ( -45.71767930747645892, -20.25050686009163314, -21.31371191870650961 ) ) ;
#3196 = CARTESIAN_POINT ( 'NONE',  ( -107.5515181425170113, -21.84033093509863122, 12.50000000000001066 ) ) ;
#3197 = ORIENTED_EDGE ( 'NONE', *, *, #195, .F. ) ;
#3198 = CARTESIAN_POINT ( 'NONE',  ( -135.9839949701313628, -59.67898332847274645, -21.86914278315575899 ) ) ;
#3199 = LINE ( 'NONE', #695, #2700 ) ;
#3200 = EDGE_CURVE ( 'NONE', #6637, #5810, #6265, .T. ) ;
#3201 = CARTESIAN_POINT ( 'NONE',  ( -139.4937182369805839, -60.39953348663508592, -13.60271653782331391 ) ) ;
#3202 = DIRECTION ( 'NONE',  ( 0.7418264374610570311, -0.6705919300765826874, -6.758551201016277350E-17 ) ) ;
#3203 = CARTESIAN_POINT ( 'NONE',  ( -137.9929312883828061, -43.99722131828385585, -25.68553390593272923 ) ) ;
#3204 = CARTESIAN_POINT ( 'NONE',  ( -123.4155483435690286, -57.16758160005831968, -1.178941080319537482 ) ) ;
#3205 = CARTESIAN_POINT ( 'NONE',  ( -70.95586753299323846, -15.22852213210999750, -15.33876833389872196 ) ) ;
#3206 = DIRECTION ( 'NONE',  ( -0.5996508449978042998, -0.6633495425667170764, 0.4476452261221452456 ) ) ;
#3207 = FACE_OUTER_BOUND ( 'NONE', #3843, .T. ) ;
#3208 = CARTESIAN_POINT ( 'NONE',  ( -142.4215470699865875, -61.19789115645666300, -22.14999999999998437 ) ) ;
#3209 = ORIENTED_EDGE ( 'NONE', *, *, #3893, .T. ) ;
#3210 = CARTESIAN_POINT ( 'NONE',  ( -138.7473472097189244, -44.83177606042754348, -10.89999999999998259 ) ) ;
#3211 = AXIS2_PLACEMENT_3D ( 'NONE', #2513, #5581, #4897 ) ;
#3212 = VERTEX_POINT ( 'NONE', #6343 ) ;
#3213 = CARTESIAN_POINT ( 'NONE',  ( -60.32528152127824228, -17.91281575376669721, 11.32010774958220622 ) ) ;
#3214 = DIRECTION ( 'NONE',  ( -1.522024630730408022E-16, -6.758551201016278582E-17, -1.000000000000000000 ) ) ;
#3215 = ORIENTED_EDGE ( 'NONE', *, *, #6359, .F. ) ;
#3216 = FACE_BOUND ( 'NONE', #7996, .T. ) ;
#3217 = CARTESIAN_POINT ( 'NONE',  ( -87.28973553836850385, -39.98091028954144122, -21.34999999999999787 ) ) ;
#3218 = DIRECTION ( 'NONE',  ( -1.522024630730408022E-16, -6.758551201016278582E-17, -1.000000000000000000 ) ) ;
#3219 = ORIENTED_EDGE ( 'NONE', *, *, #3872, .F. ) ;
#3220 = EDGE_CURVE ( 'NONE', #3967, #7935, #5634, .T. ) ;
#3221 = ADVANCED_FACE ( 'NONE', ( #5753 ), #6377, .F. ) ;
#3222 = CARTESIAN_POINT ( 'NONE',  ( -44.45655707230881148, -18.16253215489948758, -13.46390338108944285 ) ) ;
#3223 = ORIENTED_EDGE ( 'NONE', *, *, #2790, .T. ) ;
#3224 = B_SPLINE_CURVE_WITH_KNOTS ( 'NONE', 3,
 ( #6486, #2086, #1595, #2663, #2216, #4673, #5162, #4057, #936, #5946 ),
 .UNSPECIFIED., .F., .F.,
 ( 4, 2, 2, 2, 4 ),
 ( 0.000000000000000000, 0.2500000000000000000, 0.5000000000000000000, 0.7500000000000000000, 1.000000000000000000 ),
 .UNSPECIFIED. ) ;
#3225 = CARTESIAN_POINT ( 'NONE',  ( -128.0882540362980251, -22.41493826972758185, -22.14999999999999503 ) ) ;
#3226 = APPLICATION_CONTEXT ( 'automotive_design' ) ;
#3227 = ORIENTED_EDGE ( 'NONE', *, *, #7429, .T. ) ;
#3228 = CARTESIAN_POINT ( 'NONE',  ( -127.3085420921591435, -38.93364007781028846, 23.50000000000001421 ) ) ;
#3229 = EDGE_CURVE ( 'NONE', #2485, #7253, #634, .T. ) ;
#3230 = DIRECTION ( 'NONE',  ( 0.6705919300765831315, 0.7418264374610568090, -1.309225264888155391E-16 ) ) ;
#3231 = CIRCLE ( 'NONE', #6380, 2.100000000000013856 ) ;
#3232 = DIRECTION ( 'NONE',  ( 1.522024630730408022E-16, 6.758551201016278582E-17, 1.000000000000000000 ) ) ;
#3233 = LINE ( 'NONE', #2578, #1178 ) ;
#3234 = CARTESIAN_POINT ( 'NONE',  ( -122.7670072287536982, -54.38758226294046949, 20.10000000000000853 ) ) ;
#3235 = ORIENTED_EDGE ( 'NONE', *, *, #7945, .T. ) ;
#3236 = CARTESIAN_POINT ( 'NONE',  ( -140.9223439593147305, -39.29238942460319350, 4.070910657245022435 ) ) ;
#3237 = AXIS2_PLACEMENT_3D ( 'NONE', #2472, #1850, #7636 ) ;
#3238 = CARTESIAN_POINT ( 'NONE',  ( -61.07010901051872764, -34.95773606938509914, -4.485079275936250554 ) ) ;
#3239 = CARTESIAN_POINT ( 'NONE',  ( -146.6025077825493099, -51.54504167901996681, -5.548663825271717975 ) ) ;
#3240 = CARTESIAN_POINT ( 'NONE',  ( -112.8961970791629312, 3.892311170060953174, 15.60000000000000853 ) ) ;
#3241 = VECTOR ( 'NONE', #4378, 1000.000000000000000 ) ;
#3242 = CARTESIAN_POINT ( 'NONE',  ( -62.94310476722564118, -36.36903000843800982, -9.191794534128696625 ) ) ;
#3243 = CARTESIAN_POINT ( 'NONE',  ( -117.5369989942230831, -54.67630792362554359, -11.82903066402229619 ) ) ;
#3244 = CARTESIAN_POINT ( 'NONE',  ( -88.65932480020906326, -4.869713321346939239, 10.10000000000000675 ) ) ;
#3245 = CARTESIAN_POINT ( 'NONE',  ( -135.9073659119672470, -59.85155184276898410, -14.70000000000003126 ) ) ;
#3246 = DIRECTION ( 'NONE',  ( 0.6705919300765831315, 0.7418264374610565870, -1.387778780781444936E-16 ) ) ;
#3247 = DIRECTION ( 'NONE',  ( 0.9139452746408236461, 0.4058374489394855900, 0.000000000000000000 ) ) ;
#3248 = EDGE_LOOP ( 'NONE', ( #7903, #5908 ) ) ;
#3249 = CARTESIAN_POINT ( 'NONE',  ( -61.46932380014637687, -13.25185909989688682, -9.999999999999998224 ) ) ;
#3250 = EDGE_CURVE ( 'NONE', #7584, #6133, #715, .T. ) ;
#3251 = ORIENTED_EDGE ( 'NONE', *, *, #44, .F. ) ;
#3252 = FACE_OUTER_BOUND ( 'NONE', #2377, .T. ) ;
#3253 = DIRECTION ( 'NONE',  ( -0.6705919300765832425, -0.7418264374610565870, 1.156482317317871232E-16 ) ) ;
#3254 = ORIENTED_EDGE ( 'NONE', *, *, #1555, .F. ) ;
#3255 = FACE_BOUND ( 'NONE', #823, .T. ) ;
#3256 = CARTESIAN_POINT ( 'NONE',  ( -70.99513518422249092, -9.822694251881751271, -11.08603859902972388 ) ) ;
#3257 = CARTESIAN_POINT ( 'NONE',  ( -49.73753745010107252, -6.269772937221070208, -2.407444835499594760 ) ) ;
#3258 = ORIENTED_EDGE ( 'NONE', *, *, #7860, .T. ) ;
#3259 = DIRECTION ( 'NONE',  ( -0.6705919300765823543, -0.7418264374610571421, 0.000000000000000000 ) ) ;
#3260 = VERTEX_POINT ( 'NONE', #2016 ) ;
#3261 = CARTESIAN_POINT ( 'NONE',  ( -56.58072009286641446, -26.79905775021617131, -3.700000000000001510 ) ) ;
#3262 = EDGE_CURVE ( 'NONE', #3653, #4718, #6650, .T. ) ;
#3263 = ORIENTED_EDGE ( 'NONE', *, *, #3922, .T. ) ;
#3264 = PLANE ( 'NONE',  #3511 ) ;
#3265 = ADVANCED_FACE ( 'NONE', ( #786 ), #6957, .T. ) ;
#3266 = CIRCLE ( 'NONE', #1425, 10.99999999999999645 ) ;
#3267 = CARTESIAN_POINT ( 'NONE',  ( -106.2416252207033125, -22.96988349774651184, 20.09999999999999076 ) ) ;
#3268 = SURFACE_STYLE_USAGE ( .BOTH. , #646 ) ;
#3269 = PLANE ( 'NONE',  #7077 ) ;
#3270 = CARTESIAN_POINT ( 'NONE',  ( -136.1327582152333378, -59.34396874256781729, -22.04106919000454212 ) ) ;
#3271 = ORIENTED_EDGE ( 'NONE', *, *, #5838, .F. ) ;
#3272 = CARTESIAN_POINT ( 'NONE',  ( -140.6279728123460302, -38.99792060781536662, 4.445766048498505540 ) ) ;
#3273 = ADVANCED_FACE ( 'NONE', ( #750 ), #445, .F. ) ;
#3274 = EDGE_CURVE ( 'NONE', #2818, #1198, #1897, .T. ) ;
#3275 = CIRCLE ( 'NONE', #254, 2.100000000000001865 ) ;
#3276 = CARTESIAN_POINT ( 'NONE',  ( -138.2239246493262499, -61.62184526856680833, -19.94971948457782673 ) ) ;
#3277 = VECTOR ( 'NONE', #1751, 1000.000000000000000 ) ;
#3278 = CARTESIAN_POINT ( 'NONE',  ( -140.5503534593400445, -58.01996373235661508, -8.635037710605846684 ) ) ;
#3279 = ADVANCED_FACE ( 'NONE', ( #4521 ), #7328, .F. ) ;
#3280 = CIRCLE ( 'NONE', #3418, 26.16057989992778943 ) ;
#3281 = CARTESIAN_POINT ( 'NONE',  ( -125.9882775786424816, -57.18471296832342432, -6.290827083656176377 ) ) ;
#3282 = VECTOR ( 'NONE', #6741, 1000.000000000000000 ) ;
#3283 = CARTESIAN_POINT ( 'NONE',  ( -61.49469143076268551, -28.34322151031519255, -10.59523736784350412 ) ) ;
#3284 = CARTESIAN_POINT ( 'NONE',  ( -114.8113465990968081, -53.51717027048177044, -13.38461246863166743 ) ) ;
#3285 = CARTESIAN_POINT ( 'NONE',  ( -110.8845070452456838, -58.92342772352317581, 15.10000000000001208 ) ) ;
#3286 = DIRECTION ( 'NONE',  ( -1.522024630730407529E-16, -6.758551201016273652E-17, -1.000000000000000000 ) ) ;
#3287 = CARTESIAN_POINT ( 'NONE',  ( -127.7990953952416788, -48.82803791393030224, 12.10000000000031584 ) ) ;
#3288 = AXIS2_PLACEMENT_3D ( 'NONE', #3122, #5, #4969 ) ;
#3289 = LINE ( 'NONE', #6406, #1345 ) ;
#3290 = ORIENTED_EDGE ( 'NONE', *, *, #2417, .F. ) ;
#3291 = DIRECTION ( 'NONE',  ( 0.4058374489394844242, -0.9139452746408240902, 0.000000000000000000 ) ) ;
#3292 = ADVANCED_FACE ( 'NONE', ( #3836 ), #1139, .F. ) ;
#3293 = ORIENTED_EDGE ( 'NONE', *, *, #130, .T. ) ;
#3294 = CARTESIAN_POINT ( 'NONE',  ( -144.4792199989923631, -49.17189290771119659, -2.420311757243617468 ) ) ;
#3295 = EDGE_CURVE ( 'NONE', #7442, #1867, #6539, .T. ) ;
#3296 = LINE ( 'NONE', #4603, #7086 ) ;
#3297 = ORIENTED_EDGE ( 'NONE', *, *, #1215, .T. ) ;
#3298 = CARTESIAN_POINT ( 'NONE',  ( -45.09357887337966275, -16.72796009543760221, -10.16694649595448396 ) ) ;
#3299 = CARTESIAN_POINT ( 'NONE',  ( -55.63021738986415698, -2.999901669166254337, 1.101145421326447327 ) ) ;
#3300 = CARTESIAN_POINT ( 'NONE',  ( -132.8983488167462781, -21.20310942861326708, 20.10000000000001208 ) ) ;
#3301 = EDGE_LOOP ( 'NONE', ( #6639, #5881, #2932, #6490, #6371, #4685, #3046, #3694, #5389, #2163 ) ) ;
#3302 = EDGE_CURVE ( 'NONE', #1133, #591, #4072, .T. ) ;
#3303 = CARTESIAN_POINT ( 'NONE',  ( -97.61980985088180773, -26.56909085815083316, -12.50000000000000888 ) ) ;
#3304 = EDGE_LOOP ( 'NONE', ( #2773, #753, #374, #717 ) ) ;
#3305 = ORIENTED_EDGE ( 'NONE', *, *, #4627, .F. ) ;
#3306 = CARTESIAN_POINT ( 'NONE',  ( -56.99786252167449163, -27.22032496583718952, -2.701398712578425343 ) ) ;
#3307 = DIRECTION ( 'NONE',  ( 0.6705919300765819102, 0.7418264374610576972, 0.000000000000000000 ) ) ;
#3308 = EDGE_CURVE ( 'NONE', #5055, #2485, #6587, .T. ) ;
#3309 = AXIS2_PLACEMENT_3D ( 'NONE', #6704, #1845, #3706 ) ;
#3310 = ORIENTED_EDGE ( 'NONE', *, *, #4125, .T. ) ;
#3311 = CARTESIAN_POINT ( 'NONE',  ( -46.37942304120421966, -18.76032256235044571, -22.15000000000000213 ) ) ;
#3312 = CARTESIAN_POINT ( 'NONE',  ( -128.4163111975860829, -14.71263671694811315, 15.10000000000001208 ) ) ;
#3313 = CARTESIAN_POINT ( 'NONE',  ( -137.9929312883828061, -43.99722131828384164, -10.89999999999998259 ) ) ;
#3314 = ORIENTED_EDGE ( 'NONE', *, *, #208, .T. ) ;
#3315 = CARTESIAN_POINT ( 'NONE',  ( -139.7352264359264495, -38.07890890646697102, 5.586078477237824913 ) ) ;
#3316 = DIRECTION ( 'NONE',  ( 1.522024630730408022E-16, 6.758551201016278582E-17, 1.000000000000000000 ) ) ;
#3317 = B_SPLINE_CURVE_WITH_KNOTS ( 'NONE', 3,
 ( #3505, #2271, #7072, #3949, #5214, #6456 ),
 .UNSPECIFIED., .F., .F.,
 ( 4, 2, 4 ),
 ( 0.000000000000000000, 0.004480037802633406868, 0.008960075605266817206 ),
 .UNSPECIFIED. ) ;
#3318 = CARTESIAN_POINT ( 'NONE',  ( -145.4671875765436084, -64.99399297105711071, -12.68076278183295358 ) ) ;
#3319 = DIRECTION ( 'NONE',  ( -0.4058374489394843687, 0.9139452746408240902, 1.232595164407830946E-32 ) ) ;
#3320 = CARTESIAN_POINT ( 'NONE',  ( -68.61854421011507554, -32.25186594853315825, -14.29807034923230624 ) ) ;
#3321 = EDGE_CURVE ( 'NONE', #2737, #2011, #5342, .T. ) ;
#3322 = CARTESIAN_POINT ( 'NONE',  ( -119.1573298718935803, -54.77932641234775701, -11.03250072227647394 ) ) ;
#3323 = DIRECTION ( 'NONE',  ( -1.522024630730408022E-16, -6.758551201016278582E-17, -1.000000000000000000 ) ) ;
#3324 = LINE ( 'NONE', #4437, #5700 ) ;
#3325 = VECTOR ( 'NONE', #6875, 1000.000000000000000 ) ;
#3326 = DIRECTION ( 'NONE',  ( 0.6705919300765834645, 0.7418264374610563650, 0.000000000000000000 ) ) ;
#3327 = CARTESIAN_POINT ( 'NONE',  ( -44.07529121041379483, -11.62902009466615461, -5.147560080055005649 ) ) ;
#3328 = ORIENTED_EDGE ( 'NONE', *, *, #5798, .T. ) ;
#3329 = LINE ( 'NONE', #2595, #6259 ) ;
#3330 = ORIENTED_EDGE ( 'NONE', *, *, #1958, .F. ) ;
#3331 = FACE_OUTER_BOUND ( 'NONE', #7168, .T. ) ;
#3332 = DIRECTION ( 'NONE',  ( 0.9139452746408236461, 0.4058374489394852569, -1.665334536937734071E-16 ) ) ;
#3333 = ORIENTED_EDGE ( 'NONE', *, *, #4480, .F. ) ;
#3334 = CARTESIAN_POINT ( 'NONE',  ( -41.92579805266598214, -16.46967518830342669, -12.25715201019640688 ) ) ;
#3335 = DIRECTION ( 'NONE',  ( -0.6705919300765831315, -0.7418264374610565870, 1.448010099518133651E-16 ) ) ;
#3336 = CARTESIAN_POINT ( 'NONE',  ( -138.1264132675071608, -39.41353343631727313, 7.089610901439614032 ) ) ;
#3337 = EDGE_LOOP ( 'NONE', ( #1804, #1099, #7131, #7818, #3440, #907 ) ) ;
#3338 =( NAMED_UNIT ( * ) SI_UNIT ( $, .STERADIAN. ) SOLID_ANGLE_UNIT ( ) );
#3339 = ADVANCED_FACE ( 'NONE', ( #7238 ), #4530, .T. ) ;
#3340 = CIRCLE ( 'NONE', #5062, 2.100000000000001865 ) ;
#3341 = CARTESIAN_POINT ( 'NONE',  ( -44.21988933852675530, -18.69497328209017084, -15.22002954332374181 ) ) ;
#3342 = ORIENTED_EDGE ( 'NONE', *, *, #2702, .T. ) ;
#3343 = ORIENTED_EDGE ( 'NONE', *, *, #7590, .F. ) ;
#3344 = AXIS2_PLACEMENT_3D ( 'NONE', #1068, #3581, #7925 ) ;
#3345 = LINE ( 'NONE', #4531, #3543 ) ;
#3346 = DIRECTION ( 'NONE',  ( -0.6705919300765837976, -0.7418264374610561429, 0.000000000000000000 ) ) ;
#3347 = ORIENTED_EDGE ( 'NONE', *, *, #5701, .F. ) ;
#3348 = CARTESIAN_POINT ( 'NONE',  ( -50.75658276563768823, -3.974884544803557684, -2.420152625384701661 ) ) ;
#3349 = VECTOR ( 'NONE', #234, 1000.000000000000114 ) ;
#3350 = DIRECTION ( 'NONE',  ( -0.6705919300765830204, -0.7418264374610566980, 1.522024630730407282E-16 ) ) ;
#3351 = CARTESIAN_POINT ( 'NONE',  ( -123.9914524197464942, -46.44405737424204972, 8.662234617426816996 ) ) ;
#3352 = VERTEX_POINT ( 'NONE', #4729 ) ;
#3353 = CARTESIAN_POINT ( 'NONE',  ( -117.4888909846399940, -58.52743212582128507, 5.479595468750586562 ) ) ;
#3354 = FACE_OUTER_BOUND ( 'NONE', #1931, .T. ) ;
#3355 = CIRCLE ( 'NONE', #4798, 17.50000000000000000 ) ;
#3356 = CARTESIAN_POINT ( 'NONE',  ( -88.65932480020906326, -4.869713321346938351, 12.50000000000000533 ) ) ;
#3357 = EDGE_CURVE ( 'NONE', #6261, #7529, #7153, .T. ) ;
#3358 = CARTESIAN_POINT ( 'NONE',  ( -127.8941258143595263, -57.34212556047643972, -10.61123364344173758 ) ) ;
#3359 = VECTOR ( 'NONE', #3465, 1000.000000000000114 ) ;
#3360 = CARTESIAN_POINT ( 'NONE',  ( -61.07694209089645199, -27.52049987079290361, -10.46107186641803466 ) ) ;
#3361 = CARTESIAN_POINT ( 'NONE',  ( -126.9365436946634844, -56.76545954690450912, -14.70000000000012363 ) ) ;
#3362 = CARTESIAN_POINT ( 'NONE',  ( -44.34636304494792824, -18.41068892521058586, -22.03201252163746204 ) ) ;
#3363 = CYLINDRICAL_SURFACE ( 'NONE', #2820, 1.499999999999995781 ) ;
#3364 = CYLINDRICAL_SURFACE ( 'NONE', #2529, 32.16057989992779653 ) ;
#3365 = CARTESIAN_POINT ( 'NONE',  ( -43.35650408186604921, -13.24772753855988761, -6.805159659736096600 ) ) ;
#3366 = ORIENTED_EDGE ( 'NONE', *, *, #4225, .T. ) ;
#3367 = EDGE_CURVE ( 'NONE', #7281, #6603, #3317, .T. ) ;
#3368 = CARTESIAN_POINT ( 'NONE',  ( -138.5821702491102201, -41.00519840093630108, 6.171003022311944086 ) ) ;
#3369 = EDGE_CURVE ( 'NONE', #6940, #6682, #6648, .T. ) ;
#3370 = ADVANCED_FACE ( 'NONE', ( #1080, #6750, #8052, #1037 ), #3087, .T. ) ;
#3371 = AXIS2_PLACEMENT_3D ( 'NONE', #8070, #3614, #444 ) ;
#3372 = CARTESIAN_POINT ( 'NONE',  ( -95.54535217844019712, -19.36169012243144394, 20.10000000000000853 ) ) ;
#3373 = ORIENTED_EDGE ( 'NONE', *, *, #5139, .T. ) ;
#3374 = CARTESIAN_POINT ( 'NONE',  ( -70.95586753299323846, -15.22852213210999750, -15.33876833389872196 ) ) ;
#3375 = CARTESIAN_POINT ( 'NONE',  ( -45.19979938402315156, -18.12526822558633199, -22.15000000000000213 ) ) ;
#3376 = ORIENTED_EDGE ( 'NONE', *, *, #1878, .T. ) ;
#3377 = CARTESIAN_POINT ( 'NONE',  ( -46.95710089776357421, -12.53131152881223898, -4.871024401568844198 ) ) ;
#3378 = CARTESIAN_POINT ( 'NONE',  ( -56.39525987798430862, -4.278332906472208208, 2.766095064531170156 ) ) ;
#3379 = LINE ( 'NONE', #905, #8031 ) ;
#3380 = VERTEX_POINT ( 'NONE', #7400 ) ;
#3381 = EDGE_CURVE ( 'NONE', #600, #7597, #3673, .T. ) ;
#3382 = CIRCLE ( 'NONE', #5199, 1.500000000000584643 ) ;
#3383 = CARTESIAN_POINT ( 'NONE',  ( -74.26077048310349937, -45.39341766721849325, 20.10000000000001208 ) ) ;
#3384 = CARTESIAN_POINT ( 'NONE',  ( -84.14487753335231446, -41.62137304518141434, 18.10000000000000497 ) ) ;
#3385 = DIRECTION ( 'NONE',  ( 0.000000000000000000, 0.000000000000000000, -1.000000000000000000 ) ) ;
#3386 = ORIENTED_EDGE ( 'NONE', *, *, #5270, .F. ) ;
#3387 = ORIENTED_EDGE ( 'NONE', *, *, #4388, .F. ) ;
#3388 =( BOUNDED_SURFACE ( )  B_SPLINE_SURFACE ( 3, 2, ( 
 ( #5754, #1441, #1363 ),
 ( #6457, #5215, #3336 ),
 ( #216, #2719, #7726 ),
 ( #2102, #7114, #3795 ) ),
 .UNSPECIFIED., .F., .F., .T. ) 
 B_SPLINE_SURFACE_WITH_KNOTS ( ( 4, 4 ),
 ( 3, 3 ),
 ( 0.04866700580333904042, 0.05027798730141871258 ),
 ( 0.000000000000000000, 0.03851511393796642341 ),
 .UNSPECIFIED. ) 
 GEOMETRIC_REPRESENTATION_ITEM ( )  RATIONAL_B_SPLINE_SURFACE ( (
 ( 1.000000000000000000, 0.9927230626468199759, 0.9860066694361941941),
 ( 1.000000000000000000, 0.9928591648812713499, 0.9862683899189628178),
 ( 1.000000000000000000, 0.9929965264349692733, 0.9865325320345759152),
 ( 1.000000000000000000, 0.9931351267550737605, 0.9867990562605435390) ) ) 
 REPRESENTATION_ITEM ( '' )  SURFACE ( )  );
#3389 = CARTESIAN_POINT ( 'NONE',  ( -96.51894823147023317, -42.53409510979201968, 12.50000000000000888 ) ) ;
#3390 = CARTESIAN_POINT ( 'NONE',  ( -127.9025385034284170, -42.75153170406299807, -9.999999999999985789 ) ) ;
#3391 = EDGE_CURVE ( 'NONE', #7020, #3596, #3712, .T. ) ;
#3392 = ORIENTED_EDGE ( 'NONE', *, *, #383, .F. ) ;
#3393 = CARTESIAN_POINT ( 'NONE',  ( -49.13473576032924228, -7.627281361719909114, -2.511903653822904037 ) ) ;
#3394 = LINE ( 'NONE', #3438, #3802 ) ;
#3395 = EDGE_CURVE ( 'NONE', #8104, #6143, #4243, .T. ) ;
#3396 = CARTESIAN_POINT ( 'NONE',  ( -149.7130684763548629, -44.77739681393870796, -3.097864185165791540 ) ) ;
#3397 = ORIENTED_EDGE ( 'NONE', *, *, #4350, .T. ) ;
#3398 = CARTESIAN_POINT ( 'NONE',  ( -120.4948107490976241, -57.55646224318128645, 2.860126918770656612 ) ) ;
#3399 = PLANE ( 'NONE',  #1933 ) ;
#3400 = CARTESIAN_POINT ( 'NONE',  ( -136.2161186929588439, -32.71368432027760065, -2.213058202862920432 ) ) ;
#3401 = LINE ( 'NONE', #2787, #4375 ) ;
#3402 = DIRECTION ( 'NONE',  ( -0.8246831757635970650, -0.5655949607382194655, 1.637448356179772805E-16 ) ) ;
#3403 = DIRECTION ( 'NONE',  ( -0.6705919300765830204, -0.7418264374610566980, 1.522024630730407282E-16 ) ) ;
#3404 = CIRCLE ( 'NONE', #6023, 5.999999999999995559 ) ;
#3405 = AXIS2_PLACEMENT_3D ( 'NONE', #4266, #1758, #3700 ) ;
#3406 = CARTESIAN_POINT ( 'NONE',  ( -127.2576931549692887, -56.90806598222967949, -14.70000000000019114 ) ) ;
#3407 = CARTESIAN_POINT ( 'NONE',  ( -44.57130012503260730, -17.90413098687317373, -22.15000000000000213 ) ) ;
#3408 = DIRECTION ( 'NONE',  ( 0.5655949607382197986, -0.8246831757635968430, -2.592735830278163815E-18 ) ) ;
#3409 = DIRECTION ( 'NONE',  ( -0.6705919300765829094, -0.7418264374610568090, 1.618183019125878857E-16 ) ) ;
#3410 = CARTESIAN_POINT ( 'NONE',  ( -45.33598825260771292, -8.789932407025945693, -3.278761351677687230 ) ) ;
#3411 = VERTEX_POINT ( 'NONE', #4812 ) ;
#3412 = CARTESIAN_POINT ( 'NONE',  ( -66.82330850417764623, -38.42554499935376811, 15.10000000000000320 ) ) ;
#3413 = VECTOR ( 'NONE', #5890, 1000.000000000000114 ) ;
#3414 = CARTESIAN_POINT ( 'NONE',  ( -45.68089566259490653, -20.33340292820034989, -17.25762488173693043 ) ) ;
#3415 = EDGE_LOOP ( 'NONE', ( #2680, #2805, #7256, #3089 ) ) ;
#3416 = DIRECTION ( 'NONE',  ( 0.8246831757635971760, 0.5655949607382193545, -1.637448356179772805E-16 ) ) ;
#3417 = DIRECTION ( 'NONE',  ( -0.9139452746408240902, -0.4058374489394846463, 0.000000000000000000 ) ) ;
#3418 = AXIS2_PLACEMENT_3D ( 'NONE', #5295, #7150, #2841 ) ;
#3419 = VERTEX_POINT ( 'NONE', #543 ) ;
#3420 = DIRECTION ( 'NONE',  ( -0.6705919300765830204, -0.7418264374610566980, 1.522024630730407282E-16 ) ) ;
#3421 = CARTESIAN_POINT ( 'NONE',  ( -59.41146165207530316, -5.862078130370022677, 6.141930112105755235 ) ) ;
#3422 = CARTESIAN_POINT ( 'NONE',  ( -142.2406047611815723, -61.60537294145968445, -13.56279912685680600 ) ) ;
#3423 = ORIENTED_EDGE ( 'NONE', *, *, #3896, .T. ) ;
#3424 = ORIENTED_EDGE ( 'NONE', *, *, #4470, .T. ) ;
#3425 = EDGE_CURVE ( 'NONE', #5142, #998, #5580, .T. ) ;
#3426 = DIRECTION ( 'NONE',  ( -0.4058374489394842577, 0.9139452746408240902, -1.232595164407830946E-32 ) ) ;
#3427 = CARTESIAN_POINT ( 'NONE',  ( -46.47389126748653609, -13.61902041430377253, -5.873725107329360817 ) ) ;
#3428 = ORIENTED_EDGE ( 'NONE', *, *, #6199, .F. ) ;
#3429 = ORIENTED_EDGE ( 'NONE', *, *, #5773, .F. ) ;
#3430 = ADVANCED_FACE ( 'NONE', ( #7319 ), #2113, .F. ) ;
#3431 = CARTESIAN_POINT ( 'NONE',  ( -131.7293322981172992, -48.82744936055101448, -9.664955880659857002 ) ) ;
#3432 = CARTESIAN_POINT ( 'NONE',  ( -70.95586753299323846, -15.22852213210999572, -17.14999999999996305 ) ) ;
#3433 = VECTOR ( 'NONE', #3402, 1000.000000000000000 ) ;
#3434 = PLANE ( 'NONE',  #3647 ) ;
#3435 = ORIENTED_EDGE ( 'NONE', *, *, #77, .F. ) ;
#3436 = CARTESIAN_POINT ( 'NONE',  ( -45.75212763874189648, -20.17299078797256939, -21.42914320882808354 ) ) ;
#3437 =( BOUNDED_SURFACE ( )  B_SPLINE_SURFACE ( 3, 2, ( 
 ( #5563, #5529, #4381 ),
 ( #3152, #690, #1256 ),
 ( #2576, #1295, #3810 ),
 ( #7539, #525, #5605 ) ),
 .UNSPECIFIED., .F., .F., .F. ) 
 B_SPLINE_SURFACE_WITH_KNOTS ( ( 4, 4 ),
 ( 3, 3 ),
 ( 0.01141163600842516265, 0.01353109873688817556 ),
 ( 0.000000000000000000, 1.000000000000000000 ),
 .UNSPECIFIED. ) 
 GEOMETRIC_REPRESENTATION_ITEM ( )  RATIONAL_B_SPLINE_SURFACE ( (
 ( 1.000000000000000000, 0.6580737955166124920, 1.000000000000000000),
 ( 1.000000000000000000, 0.6684059617550868193, 1.000000000000000000),
 ( 1.000000000000000000, 0.6786113329448966169, 1.000000000000000000),
 ( 1.000000000000000000, 0.6885079235112383511, 1.000000000000000000) ) ) 
 REPRESENTATION_ITEM ( '' )  SURFACE ( )  );
#3438 = CARTESIAN_POINT ( 'NONE',  ( -47.25467427180730340, -20.48531929563890230, -14.70000000000000107 ) ) ;
#3439 = CARTESIAN_POINT ( 'NONE',  ( -118.5064066525999493, -26.56048606641815724, 18.10000000000000853 ) ) ;
#3440 = ORIENTED_EDGE ( 'NONE', *, *, #1661, .T. ) ;
#3441 = CARTESIAN_POINT ( 'NONE',  ( -144.2101620406872371, -42.05502983272898376, 0.02412178972488931983 ) ) ;
#3442 = ADVANCED_FACE ( 'NONE', ( #2313 ), #1195, .T. ) ;
#3443 = DIRECTION ( 'NONE',  ( 0.4058374489394843687, -0.9139452746408239792, 0.000000000000000000 ) ) ;
#3444 = VECTOR ( 'NONE', #3457, 1000.000000000000227 ) ;
#3445 = LINE ( 'NONE', #7789, #3349 ) ;
#3446 = DIRECTION ( 'NONE',  ( 1.522024630730408022E-16, 6.758551201016278582E-17, 1.000000000000000000 ) ) ;
#3447 = CARTESIAN_POINT ( 'NONE',  ( -79.69293320283668436, 3.199845865316033766, 22.50000000000000355 ) ) ;
#3448 = CARTESIAN_POINT ( 'NONE',  ( -70.83599789485091947, -33.06667249067178460, -14.66179662011815488 ) ) ;
#3449 = AXIS2_PLACEMENT_3D ( 'NONE', #395, #2898, #7906 ) ;
#3450 = EDGE_CURVE ( 'NONE', #404, #5723, #6085, .T. ) ;
#3451 = DIRECTION ( 'NONE',  ( -1.522024630730408022E-16, -6.758551201016278582E-17, -1.000000000000000000 ) ) ;
#3452 = CARTESIAN_POINT ( 'NONE',  ( -41.88756685949593361, -16.55577177311330672, -22.15000000000000213 ) ) ;
#3453 = CARTESIAN_POINT ( 'NONE',  ( 4816.766252365168839, 3342.090766884060031, -6025.936832683789362 ) ) ;
#3454 = CARTESIAN_POINT ( 'NONE',  ( -97.61980985088180773, -26.56909085815083316, 20.10000000000000853 ) ) ;
#3455 = CARTESIAN_POINT ( 'NONE',  ( -51.46719551057414321, -10.99872832046954940, -14.70000000000000107 ) ) ;
#3456 = ORIENTED_EDGE ( 'NONE', *, *, #6382, .F. ) ;
#3457 = DIRECTION ( 'NONE',  ( -0.9139452746408243122, -0.4058374489394836471, 1.665334536937733578E-16 ) ) ;
#3458 = B_SPLINE_SURFACE_WITH_KNOTS ( 'NONE', 3, 1, ( 
 ( #2292, #4792 ),
 ( #486, #2993 ),
 ( #8038, #5487 ),
 ( #4300, #6145 ) ),
 .UNSPECIFIED., .F., .F., .F.,
 ( 4, 4 ),
 ( 2, 2 ),
 ( 0.000000000000000000, 1.000000000000000000 ),
 ( 0.000000000000000000, 1.000000000000000000 ),
 .UNSPECIFIED. ) ;
#3459 = CARTESIAN_POINT ( 'NONE',  ( -45.58976196931629943, -20.53863801132072098, -19.00935876684216908 ) ) ;
#3460 = ORIENTED_EDGE ( 'NONE', *, *, #1808, .F. ) ;
#3461 = CARTESIAN_POINT ( 'NONE',  ( -70.12901869752948869, -15.51663317859219582, -14.69999999999999929 ) ) ;
#3462 = FACE_OUTER_BOUND ( 'NONE', #1287, .T. ) ;
#3463 = VERTEX_POINT ( 'NONE', #5741 ) ;
#3464 = DIRECTION ( 'NONE',  ( -0.6705919300765827984, -0.7418264374610570311, 0.000000000000000000 ) ) ;
#3465 = DIRECTION ( 'NONE',  ( 0.8718344350502138518, 0.3871381283276796870, -0.3000479752566501679 ) ) ;
#3466 = CARTESIAN_POINT ( 'NONE',  ( -142.4597782631552150, -61.11179457165000883, -12.25715201020420686 ) ) ;
#3467 = ORIENTED_EDGE ( 'NONE', *, *, #1462, .F. ) ;
#3468 = ORIENTED_EDGE ( 'NONE', *, *, #5352, .F. ) ;
#3469 = EDGE_CURVE ( 'NONE', #1615, #591, #5324, .T. ) ;
#3470 = CARTESIAN_POINT ( 'NONE',  ( -118.1508107486845347, -18.66478809734867284, 10.10000000000001208 ) ) ;
#3471 = CYLINDRICAL_SURFACE ( 'NONE', #6251, 1.124999999999999778 ) ;
#3472 = ORIENTED_EDGE ( 'NONE', *, *, #7644, .F. ) ;
#3473 = VERTEX_POINT ( 'NONE', #7015 ) ;
#3474 = DIRECTION ( 'NONE',  ( -0.9139452746408243122, -0.4058374489394839246, 1.665334536937734071E-16 ) ) ;
#3475 = CARTESIAN_POINT ( 'NONE',  ( -141.7328081293152309, -62.74893013014573739, -21.26716052623752162 ) ) ;
#3476 = EDGE_CURVE ( 'NONE', #7020, #5774, #1385, .T. ) ;
#3477 = EDGE_CURVE ( 'NONE', #3260, #502, #7593, .T. ) ;
#3478 = EDGE_CURVE ( 'NONE', #7108, #2189, #1794, .T. ) ;
#3479 = EDGE_LOOP ( 'NONE', ( #6165, #8011, #1699 ) ) ;
#3480 = CARTESIAN_POINT ( 'NONE',  ( -46.16153197470148228, -19.25101288956644296, -22.08157474135969878 ) ) ;
#3481 = VECTOR ( 'NONE', #4142, 1000.000000000000114 ) ;
#3482 = DIRECTION ( 'NONE',  ( -0.4058374489394842577, 0.9139452746408240902, -1.232595164407830946E-32 ) ) ;
#3483 = CARTESIAN_POINT ( 'NONE',  ( -127.3085420921591435, -38.93364007781028846, 12.50000000000001243 ) ) ;
#3484 = EDGE_LOOP ( 'NONE', ( #3918, #3714 ) ) ;
#3485 = CARTESIAN_POINT ( 'NONE',  ( -127.5097756230586299, -46.95375498937067960, -5.002747934976685684 ) ) ;
#3486 = DIRECTION ( 'NONE',  ( -1.522024630730408022E-16, -6.758551201016278582E-17, -1.000000000000000000 ) ) ;
#3487 = AXIS2_PLACEMENT_3D ( 'NONE', #1588, #5813, #4009 ) ;
#3488 = DIRECTION ( 'NONE',  ( -0.6705919300765830204, -0.7418264374610565870, 1.618183019125878364E-16 ) ) ;
#3489 = CYLINDRICAL_SURFACE ( 'NONE', #4216, 17.00000000000000711 ) ;
#3490 = CARTESIAN_POINT ( 'NONE',  ( -115.3825068914053986, -59.23419011364273246, -6.351550075249212668 ) ) ;
#3491 = FACE_OUTER_BOUND ( 'NONE', #5306, .T. ) ;
#3492 = CARTESIAN_POINT ( 'NONE',  ( -41.82946430111015701, -16.68661864005472850, -22.15000000000000213 ) ) ;
#3493 = CARTESIAN_POINT ( 'NONE',  ( -75.72732515404841536, -25.46495599369148621, 18.10000000000000142 ) ) ;
#3494 = CARTESIAN_POINT ( 'NONE',  ( -45.60592586261599735, -20.50223694991133883, -18.25191352495191666 ) ) ;
#3495 = CARTESIAN_POINT ( 'NONE',  ( -41.63457399406046733, -17.12551129440856457, -14.05573867335455418 ) ) ;
#3496 = LINE ( 'NONE', #2178, #289 ) ;
#3497 = ADVANCED_FACE ( 'NONE', ( #2628 ), #1885, .T. ) ;
#3498 = CARTESIAN_POINT ( 'NONE',  ( -45.73629002171573887, -20.20855846626212937, -16.41706940556866101 ) ) ;
#3499 = VERTEX_POINT ( 'NONE', #3285 ) ;
#3500 = CARTESIAN_POINT ( 'NONE',  ( -70.72734181910291795, -15.43510347217968182, -15.21374678160714389 ) ) ;
#3501 = AXIS2_PLACEMENT_3D ( 'NONE', #3015, #3756, #6797 ) ;
#3502 = CARTESIAN_POINT ( 'NONE',  ( -60.83615828124207781, -5.444321435417833754, 7.183774725012977314 ) ) ;
#3503 = ORIENTED_EDGE ( 'NONE', *, *, #4178, .T. ) ;
#3504 = DIRECTION ( 'NONE',  ( -0.6705919300765833535, -0.7418264374610562539, 0.000000000000000000 ) ) ;
#3505 = CARTESIAN_POINT ( 'NONE',  ( -57.19682757630344128, -12.83196012018881760, 6.906601717798154461 ) ) ;
#3506 = EDGE_CURVE ( 'NONE', #2011, #4858, #7554, .T. ) ;
#3507 = CARTESIAN_POINT ( 'NONE',  ( -139.1264110741593925, -61.22640989644820309, -16.23035432845730597 ) ) ;
#3508 = EDGE_LOOP ( 'NONE', ( #3951, #6790 ) ) ;
#3509 = VECTOR ( 'NONE', #6329, 1000.000000000000114 ) ;
#3510 = VERTEX_POINT ( 'NONE', #6365 ) ;
#3511 = AXIS2_PLACEMENT_3D ( 'NONE', #1870, #1370, #7498 ) ;
#3512 = CARTESIAN_POINT ( 'NONE',  ( -73.58168692433807223, -37.72340151225999705, -14.69999999999999574 ) ) ;
#3513 = CARTESIAN_POINT ( 'NONE',  ( -129.8245542507469281, -16.27047223561633515, 15.10000000000001208 ) ) ;
#3514 = VERTEX_POINT ( 'NONE', #6979 ) ;
#3515 = ORIENTED_EDGE ( 'NONE', *, *, #6696, .T. ) ;
#3516 = VECTOR ( 'NONE', #4261, 1000.000000000000114 ) ;
#3517 = CARTESIAN_POINT ( 'NONE',  ( -44.01948160856616710, -19.14682538804714440, -21.48420446618147750 ) ) ;
#3518 = VECTOR ( 'NONE', #2891, 1000.000000000000000 ) ;
#3519 = CARTESIAN_POINT ( 'NONE',  ( -142.1388260493474718, -61.83457843489770767, -22.03231568273204388 ) ) ;
#3520 = ORIENTED_EDGE ( 'NONE', *, *, #4035, .F. ) ;
#3521 = CARTESIAN_POINT ( 'NONE',  ( -45.59781252595324474, -20.52050817087402379, -20.71584643663987535 ) ) ;
#3522 = ORIENTED_EDGE ( 'NONE', *, *, #7078, .F. ) ;
#3523 = CARTESIAN_POINT ( 'NONE',  ( -135.5912682706725150, -60.56340321661671311, -20.04512421095767749 ) ) ;
#3524 = CARTESIAN_POINT ( 'NONE',  ( -128.7469724588876545, -57.56938053817849976, -14.19139809630700277 ) ) ;
#3525 = ORIENTED_EDGE ( 'NONE', *, *, #7884, .T. ) ;
#3526 = EDGE_CURVE ( 'NONE', #4275, #2609, #2960, .T. ) ;
#3527 = EDGE_LOOP ( 'NONE', ( #3723, #4652 ) ) ;
#3528 = CARTESIAN_POINT ( 'NONE',  ( -131.6268355035865909, -54.33375402733451409, 2.798620006172574115 ) ) ;
#3529 = PLANE ( 'NONE',  #7219 ) ;
#3530 = AXIS2_PLACEMENT_3D ( 'NONE', #7647, #7604, #1394 ) ;
#3531 = AXIS2_PLACEMENT_3D ( 'NONE', #2779, #4535, #7045 ) ;
#3532 = CARTESIAN_POINT ( 'NONE',  ( -97.61980985088180773, -26.56909085815083316, 20.10000000000000142 ) ) ;
#3533 = CARTESIAN_POINT ( 'NONE',  ( -46.97684377457723315, -21.11099312332056499, -18.25191352495191666 ) ) ;
#3534 = EDGE_CURVE ( 'NONE', #204, #6685, #1261, .T. ) ;
#3535 = CARTESIAN_POINT ( 'NONE',  ( -128.4163111975860829, -14.71263671694811315, 15.10000000000001208 ) ) ;
#3536 = CARTESIAN_POINT ( 'NONE',  ( -119.7028797120568839, -41.29878760339874333, -22.14999999999999503 ) ) ;
#3537 = EDGE_CURVE ( 'NONE', #799, #1738, #738, .T. ) ;
#3538 = CARTESIAN_POINT ( 'NONE',  ( -88.20286979848266640, -37.92453342159888052, -14.69999999999999396 ) ) ;
#3539 = CARTESIAN_POINT ( 'NONE',  ( -139.6797112460641017, -59.98037880963821067, -22.14999999999998437 ) ) ;
#3540 = CARTESIAN_POINT ( 'NONE',  ( -93.71388455645242743, -25.67870128336240398, 5.999999999998432365 ) ) ;
#3541 = CARTESIAN_POINT ( 'NONE',  ( -97.61980985088180773, -26.56909085815083316, 12.50000000000000711 ) ) ;
#3542 = CARTESIAN_POINT ( 'NONE',  ( -132.1683183565596096, -47.91929697955472278, 6.940088891536092319 ) ) ;
#3543 = VECTOR ( 'NONE', #73, 1000.000000000000114 ) ;
#3544 = PLANE ( 'NONE',  #3717 ) ;
#3545 = VERTEX_POINT ( 'NONE', #6944 ) ;
#3546 = AXIS2_PLACEMENT_3D ( 'NONE', #5808, #7005, #189 ) ;
#3547 = LINE ( 'NONE', #4025, #2754 ) ;
#3548 = FACE_OUTER_BOUND ( 'NONE', #7909, .T. ) ;
#3549 = ORIENTED_EDGE ( 'NONE', *, *, #6846, .F. ) ;
#3550 = CARTESIAN_POINT ( 'NONE',  ( -79.69293320283669857, 3.199845865316033766, 15.60000000000000497 ) ) ;
#3551 = CARTESIAN_POINT ( 'NONE',  ( -115.1571596706938294, -59.20301152169579950, -6.827566779407162834 ) ) ;
#3552 = CARTESIAN_POINT ( 'NONE',  ( -143.5290077125966661, -58.70389159133738843, -7.845790856437547589 ) ) ;
#3553 = ORIENTED_EDGE ( 'NONE', *, *, #3357, .F. ) ;
#3554 = EDGE_CURVE ( 'NONE', #4133, #5629, #6116, .T. ) ;
#3555 = ORIENTED_EDGE ( 'NONE', *, *, #6219, .F. ) ;
#3556 = VECTOR ( 'NONE', #2354, 1000.000000000000000 ) ;
#3557 = VECTOR ( 'NONE', #6641, 1000.000000000000000 ) ;
#3558 = EDGE_CURVE ( 'NONE', #2189, #2567, #5845, .T. ) ;
#3559 = CARTESIAN_POINT ( 'NONE',  ( -96.40054227792418828, -44.02656451803456150, -21.34999999999999787 ) ) ;
#3560 = DIRECTION ( 'NONE',  ( -0.6705919300765834645, -0.7418264374610562539, 0.000000000000000000 ) ) ;
#3561 = VERTEX_POINT ( 'NONE', #3899 ) ;
#3562 = ORIENTED_EDGE ( 'NONE', *, *, #1904, .T. ) ;
#3563 = CARTESIAN_POINT ( 'NONE',  ( -70.31117565217566323, -38.98837015291091745, -70.65354363657081649 ) ) ;
#3564 = CARTESIAN_POINT ( 'NONE',  ( -139.6797112460641017, -59.98037880963820356, -22.14999999999998437 ) ) ;
#3565 = ORIENTED_EDGE ( 'NONE', *, *, #4824, .F. ) ;
#3566 = CARTESIAN_POINT ( 'NONE',  ( -123.3554167525121983, -33.07328013163131430, 7.114656559949423754E-14 ) ) ;
#3567 = AXIS2_PLACEMENT_3D ( 'NONE', #655, #6325, #734 ) ;
#3568 = ORIENTED_EDGE ( 'NONE', *, *, #6452, .T. ) ;
#3569 = DIRECTION ( 'NONE',  ( 1.148564350173122307E-15, -3.344186329609875431E-15, 1.000000000000000000 ) ) ;
#3570 = DIRECTION ( 'NONE',  ( -0.6705919300765830204, -0.7418264374610566980, 1.522024630730407282E-16 ) ) ;
#3571 = CARTESIAN_POINT ( 'NONE',  ( -124.5540241403975728, -52.69111805451557728, 11.62858997927715698 ) ) ;
#3572 = EDGE_CURVE ( 'NONE', #3917, #5423, #2322, .T. ) ;
#3573 = CARTESIAN_POINT ( 'NONE',  ( -143.2995903582780102, -41.92949150659700308, -1.191626790723634199 ) ) ;
#3574 = LINE ( 'NONE', #6070, #4965 ) ;
#3575 = DIRECTION ( 'NONE',  ( 1.522024630730408022E-16, 6.758551201016278582E-17, 1.000000000000000000 ) ) ;
#3576 = EDGE_CURVE ( 'NONE', #4682, #3352, #866, .T. ) ;
#3577 = CARTESIAN_POINT ( 'NONE',  ( -69.22420848684549810, -32.28002970031558760, -14.43937872860483118 ) ) ;
#3578 = CARTESIAN_POINT ( 'NONE',  ( -120.2018345340192553, -34.05962530407308009, 13.10000000000001386 ) ) ;
#3579 = VECTOR ( 'NONE', #1469, 1000.000000000000000 ) ;
#3580 = DIRECTION ( 'NONE',  ( -1.522024630730408022E-16, -6.758551201016278582E-17, -1.000000000000000000 ) ) ;
#3581 = DIRECTION ( 'NONE',  ( 1.522024630730408022E-16, 6.758551201016278582E-17, 1.000000000000000000 ) ) ;
#3582 = PLANE ( 'NONE',  #7871 ) ;
#3583 = CARTESIAN_POINT ( 'NONE',  ( -130.7557153213254537, -51.08321229176426925, 6.315219079726742457 ) ) ;
#3584 = EDGE_CURVE ( 'NONE', #2181, #6744, #4411, .T. ) ;
#3585 = VECTOR ( 'NONE', #3950, 1000.000000000000227 ) ;
#3586 = DIRECTION ( 'NONE',  ( 1.409382110713470210E-16, 9.295258918900290719E-17, 1.000000000000000000 ) ) ;
#3587 = EDGE_LOOP ( 'NONE', ( #6121, #5187 ) ) ;
#3588 = CIRCLE ( 'NONE', #46, 26.50000000000001776 ) ;
#3589 = EDGE_CURVE ( 'NONE', #502, #1824, #8, .T. ) ;
#3590 = CYLINDRICAL_SURFACE ( 'NONE', #5115, 30.00000000000001066 ) ;
#3591 = DIRECTION ( 'NONE',  ( 0.4058374489394852014, -0.9139452746408237571, -1.848892746611746419E-31 ) ) ;
#3592 = EDGE_LOOP ( 'NONE', ( #59, #7652 ) ) ;
#3593 = FACE_OUTER_BOUND ( 'NONE', #4810, .T. ) ;
#3594 = CARTESIAN_POINT ( 'NONE',  ( -93.71388455645264060, -25.67870128336255320, 7.621070109660240551E-15 ) ) ;
#3595 = DIRECTION ( 'NONE',  ( -0.6705919300765830204, -0.7418264374610566980, 1.522024630730407282E-16 ) ) ;
#3596 = VERTEX_POINT ( 'NONE', #3781 ) ;
#3597 = VERTEX_POINT ( 'NONE', #1272 ) ;
#3598 = DIRECTION ( 'NONE',  ( 0.4058374489394843687, -0.9139452746408239792, 1.232595164407831220E-32 ) ) ;
#3599 = ADVANCED_FACE ( 'NONE', ( #6285 ), #4625, .F. ) ;
#3600 = ORIENTED_EDGE ( 'NONE', *, *, #3200, .F. ) ;
#3601 = DIRECTION ( 'NONE',  ( 0.4058374489394843687, -0.9139452746408243122, 1.232595164407831220E-32 ) ) ;
#3602 = DIRECTION ( 'NONE',  ( 1.522024630730407529E-16, 6.758551201016273652E-17, 1.000000000000000000 ) ) ;
#3603 = ORIENTED_EDGE ( 'NONE', *, *, #3878, .T. ) ;
#3604 = B_SPLINE_CURVE_WITH_KNOTS ( 'NONE', 3,
 ( #3485, #7257, #1459, #2784 ),
 .UNSPECIFIED., .F., .F.,
 ( 4, 4 ),
 ( 6.277500291510396570E-06, 0.0002839147509385750142 ),
 .UNSPECIFIED. ) ;
#3605 = CARTESIAN_POINT ( 'NONE',  ( -65.42079060534516088, -7.347406238285649316, 12.50000000000000178 ) ) ;
#3606 = CARTESIAN_POINT ( 'NONE',  ( -139.5645815889928087, -60.23965061002595434, -22.13507565770811070 ) ) ;
#3607 = ADVANCED_FACE ( 'NONE', ( #2173 ), #6525, .F. ) ;
#3608 = ORIENTED_EDGE ( 'NONE', *, *, #3478, .F. ) ;
#3609 = CARTESIAN_POINT ( 'NONE',  ( -53.51228326792777779, -24.16141270879880310, -13.67412550944227512 ) ) ;
#3610 = ORIENTED_EDGE ( 'NONE', *, *, #6814, .T. ) ;
#3611 = CARTESIAN_POINT ( 'NONE',  ( -56.85774593439404612, -5.945924685302549584, 3.919630135262679005 ) ) ;
#3612 = CARTESIAN_POINT ( 'NONE',  ( -117.7638948948581969, -48.85300775881943736, -12.49999999999998934 ) ) ;
#3613 = EDGE_LOOP ( 'NONE', ( #7954, #2708, #210, #4612 ) ) ;
#3614 = DIRECTION ( 'NONE',  ( -1.522024630730408022E-16, -6.758551201016278582E-17, -1.000000000000000000 ) ) ;
#3615 = CARTESIAN_POINT ( 'NONE',  ( -77.08880895307909498, -34.47339361895294019, 14.45000000000000817 ) ) ;
#3616 = AXIS2_PLACEMENT_3D ( 'NONE', #7555, #1352, #3206 ) ;
#3617 = CARTESIAN_POINT ( 'NONE',  ( -60.98221827938903772, -34.56720538595895675, 5.894534505487991183 ) ) ;
#3618 = DIRECTION ( 'NONE',  ( -0.4058374489394843687, 0.9139452746408243122, -1.232595164407831220E-32 ) ) ;
#3619 = CARTESIAN_POINT ( 'NONE',  ( -130.6117845000089801, -54.89614669555012938, -3.183803752492255779 ) ) ;
#3620 = PLANE ( 'NONE',  #7550 ) ;
#3621 = EDGE_CURVE ( 'NONE', #3352, #2818, #3153, .T. ) ;
#3622 = FACE_OUTER_BOUND ( 'NONE', #7026, .T. ) ;
#3623 = DIRECTION ( 'NONE',  ( 1.522024630730408022E-16, 6.758551201016278582E-17, 1.000000000000000000 ) ) ;
#3624 = CARTESIAN_POINT ( 'NONE',  ( -141.9995058402700465, -54.75628635799215260, -4.894059573879634861 ) ) ;
#3625 = LINE ( 'NONE', #456, #7773 ) ;
#3626 = ORIENTED_EDGE ( 'NONE', *, *, #3936, .F. ) ;
#3627 = CARTESIAN_POINT ( 'NONE',  ( -108.6307491327161188, -20.07923623231324939, 20.10000000000000853 ) ) ;
#3628 = DIRECTION ( 'NONE',  ( -1.522024630730408022E-16, -6.758551201016278582E-17, -1.000000000000000000 ) ) ;
#3629 = ORIENTED_EDGE ( 'NONE', *, *, #7028, .F. ) ;
#3630 = DIRECTION ( 'NONE',  ( 0.4058374489394843687, -0.9139452746408243122, 1.232595164407831220E-32 ) ) ;
#3631 = EDGE_CURVE ( 'NONE', #6748, #2328, #2037, .T. ) ;
#3632 = CARTESIAN_POINT ( 'NONE',  ( -131.0961758768714560, -58.61254444377354389, -3.699999999999988187 ) ) ;
#3633 = CARTESIAN_POINT ( 'NONE',  ( -60.11418157279493357, -26.28157397874531043, 11.06969390482508686 ) ) ;
#3634 = ORIENTED_EDGE ( 'NONE', *, *, #7417, .F. ) ;
#3635 = EDGE_LOOP ( 'NONE', ( #3184, #5958, #4745, #3980 ) ) ;
#3636 = EDGE_CURVE ( 'NONE', #5069, #3707, #3224, .T. ) ;
#3637 = CARTESIAN_POINT ( 'NONE',  ( -137.2782838239284899, -60.46030801617820316, -14.70000000000003126 ) ) ;
#3638 = VECTOR ( 'NONE', #4119, 1000.000000000000000 ) ;
#3639 = ORIENTED_EDGE ( 'NONE', *, *, #6269, .T. ) ;
#3640 = CARTESIAN_POINT ( 'NONE',  ( -115.9068254889678684, -59.30798300575408177, 5.886796564403927512 ) ) ;
#3641 = CARTESIAN_POINT ( 'NONE',  ( -51.50474278864416533, -21.67288817879378371, 4.361897799575120693 ) ) ;
#3642 = ORIENTED_EDGE ( 'NONE', *, *, #7989, .F. ) ;
#3643 = ADVANCED_FACE ( 'NONE', ( #849 ), #2830, .F. ) ;
#3644 = AXIS2_PLACEMENT_3D ( 'NONE', #2678, #4486, #5177 ) ;
#3645 = DIRECTION ( 'NONE',  ( 0.9139452746408239792, 0.4058374489394845352, 0.000000000000000000 ) ) ;
#3646 = ORIENTED_EDGE ( 'NONE', *, *, #8017, .T. ) ;
#3647 = AXIS2_PLACEMENT_3D ( 'NONE', #6550, #5804, #5931 ) ;
#3648 = ORIENTED_EDGE ( 'NONE', *, *, #3878, .F. ) ;
#3649 = DIRECTION ( 'NONE',  ( 0.9007684019845463297, 0.4342997651233614365, -1.664515414321706051E-16 ) ) ;
#3650 = ORIENTED_EDGE ( 'NONE', *, *, #730, .F. ) ;
#3651 = FACE_BOUND ( 'NONE', #8023, .T. ) ;
#3652 = CARTESIAN_POINT ( 'NONE',  ( -142.4717368428443365, -61.08486386965012827, -12.20182607601783431 ) ) ;
#3653 = VERTEX_POINT ( 'NONE', #1427 ) ;
#3654 = DIRECTION ( 'NONE',  ( 0.4058374489394843687, -0.9139452746408239792, 1.232595164407831220E-32 ) ) ;
#3655 = CARTESIAN_POINT ( 'NONE',  ( -110.7557911604892240, -49.86363924707563910, -14.69999999999998863 ) ) ;
#3656 = ADVANCED_FACE ( 'NONE', ( #3937 ), #6442, .F. ) ;
#3657 = DIRECTION ( 'NONE',  ( -1.522024630730408022E-16, -6.758551201016278582E-17, -1.000000000000000000 ) ) ;
#3658 = CARTESIAN_POINT ( 'NONE',  ( -77.08880895307909498, -34.47339361895294019, 14.45000000000000817 ) ) ;
#3659 = EDGE_CURVE ( 'NONE', #137, #6802, #5897, .T. ) ;
#3660 = DIRECTION ( 'NONE',  ( -0.6705919300765830204, -0.7418264374610565870, 1.078788679417252242E-16 ) ) ;
#3661 = B_SPLINE_CURVE_WITH_KNOTS ( 'NONE', 3,
 ( #7934, #460, #377, #2352 ),
 .UNSPECIFIED., .F., .F.,
 ( 4, 4 ),
 ( 0.000000000000000000, 1.000000000000000000 ),
 .UNSPECIFIED. ) ;
#3662 = CARTESIAN_POINT ( 'NONE',  ( -129.9909955686601961, -56.90452004388506424, 6.166336356343781411 ) ) ;
#3663 = DIRECTION ( 'NONE',  ( 0.6705919300765844637, 0.7418264374610554768, 0.000000000000000000 ) ) ;
#3664 = EDGE_CURVE ( 'NONE', #7365, #959, #6112, .T. ) ;
#3665 = FACE_BOUND ( 'NONE', #5927, .T. ) ;
#3666 = PLANE ( 'NONE',  #3687 ) ;
#3667 = CARTESIAN_POINT ( 'NONE',  ( -64.28901589994161725, -36.56870347210379180, -10.92573607700891536 ) ) ;
#3668 = ORIENTED_EDGE ( 'NONE', *, *, #3064, .F. ) ;
#3669 = CARTESIAN_POINT ( 'NONE',  ( -97.61980985088182194, -26.56909085815083671, -21.34999999999999787 ) ) ;
#3670 = CARTESIAN_POINT ( 'NONE',  ( -123.3596104620632872, -38.68125217994936804, -15.87024210915922140 ) ) ;
#3671 = ORIENTED_EDGE ( 'NONE', *, *, #1130, .F. ) ;
#3672 = DIRECTION ( 'NONE',  ( -1.522024630730408022E-16, -6.758551201016278582E-17, -1.000000000000000000 ) ) ;
#3673 = LINE ( 'NONE', #2434, #2191 ) ;
#3674 = CARTESIAN_POINT ( 'NONE',  ( -60.79736823078614805, -33.67119997990093339, 7.188646801489251281 ) ) ;
#3675 = ORIENTED_EDGE ( 'NONE', *, *, #6714, .T. ) ;
#3676 = ORIENTED_EDGE ( 'NONE', *, *, #3889, .T. ) ;
#3677 = CARTESIAN_POINT ( 'NONE',  ( -125.3476814070525194, -57.02780107431269840, -7.711523116322717364 ) ) ;
#3678 = ADVANCED_FACE ( 'NONE', ( #3622 ), #4921, .F. ) ;
#3679 = ORIENTED_EDGE ( 'NONE', *, *, #988, .T. ) ;
#3680 = DIRECTION ( 'NONE',  ( 0.7662190125374198635, 0.000000000000000000, 0.6425795085638672521 ) ) ;
#3681 = CARTESIAN_POINT ( 'NONE',  ( -55.88466644335854738, -26.05520062878819587, -6.290827083656635565 ) ) ;
#3682 = ORIENTED_EDGE ( 'NONE', *, *, #5737, .T. ) ;
#3683 = CIRCLE ( 'NONE', #2488, 10.99999999999999645 ) ;
#3684 = CARTESIAN_POINT ( 'NONE',  ( -88.20286979848266640, -37.92453342159888052, -14.69999999999999396 ) ) ;
#3685 = VECTOR ( 'NONE', #3482, 1000.000000000000227 ) ;
#3686 = EDGE_LOOP ( 'NONE', ( #3105, #2406, #1852, #1248, #2281, #82, #7692, #8035, #3642 ) ) ;
#3687 = AXIS2_PLACEMENT_3D ( 'NONE', #574, #1026, #1682 ) ;
#3688 = EDGE_LOOP ( 'NONE', ( #5834, #2069, #2852, #1557 ) ) ;
#3689 = DIRECTION ( 'NONE',  ( -0.6705919300765862401, -0.7418264374610538114, 0.000000000000000000 ) ) ;
#3690 = AXIS2_PLACEMENT_3D ( 'NONE', #6583, #2757, #2803 ) ;
#3691 = ORIENTED_EDGE ( 'NONE', *, *, #4975, .T. ) ;
#3692 = CARTESIAN_POINT ( 'NONE',  ( -60.52715009702959037, -33.08339003738461059, 5.390803953223755940 ) ) ;
#3693 = VECTOR ( 'NONE', #532, 1000.000000000000000 ) ;
#3694 = ORIENTED_EDGE ( 'NONE', *, *, #1168, .T. ) ;
#3695 = CARTESIAN_POINT ( 'NONE',  ( -127.7990953952416788, -48.82803791393030224, 12.10000000000031584 ) ) ;
#3696 = DIRECTION ( 'NONE',  ( 1.522024630730407529E-16, 6.758551201016273652E-17, 1.000000000000000000 ) ) ;
#3697 = DIRECTION ( 'NONE',  ( -0.9139452746408243122, -0.4058374489394838691, 3.053113317719179993E-16 ) ) ;
#3698 = CARTESIAN_POINT ( 'NONE',  ( -121.4962024187516363, -44.73273250692191993, 20.10000000000001208 ) ) ;
#3699 = EDGE_CURVE ( 'NONE', #5142, #7020, #452, .T. ) ;
#3700 = DIRECTION ( 'NONE',  ( 1.000000000000000000, 0.000000000000000000, 0.000000000000000000 ) ) ;
#3701 = CARTESIAN_POINT ( 'NONE',  ( -136.9592752176554313, -61.17871487842040779, -20.18153296664775098 ) ) ;
#3702 = DIRECTION ( 'NONE',  ( 1.522024630730408022E-16, 6.758551201016278582E-17, 1.000000000000000000 ) ) ;
#3703 = DIRECTION ( 'NONE',  ( 1.522024630730408022E-16, 6.758551201016278582E-17, 1.000000000000000000 ) ) ;
#3704 = AXIS2_PLACEMENT_3D ( 'NONE', #5045, #6439, #7589 ) ;
#3705 = DIRECTION ( 'NONE',  ( -1.000000000000000000, 0.000000000000000000, 0.000000000000000000 ) ) ;
#3706 = DIRECTION ( 'NONE',  ( 0.6705919300765830204, 0.7418264374610566980, -1.522024630730407282E-16 ) ) ;
#3707 = VERTEX_POINT ( 'NONE', #2999 ) ;
#3708 = CARTESIAN_POINT ( 'NONE',  ( -49.17908826586247528, -0.1352774305993023618, -3.097864185164253659 ) ) ;
#3709 =( BOUNDED_SURFACE ( )  B_SPLINE_SURFACE ( 3, 2, ( 
 ( #5550, #3641, #7407 ),
 ( #3060, #6132, #6759 ),
 ( #630, #4980, #5022 ),
 ( #511, #7485, #1782 ),
 ( #3681, #6173, #1240 ),
 ( #4940, #6840, #7985 ),
 ( #4287, #6093, #7450 ),
 ( #1859, #1817, #4324 ),
 ( #1202, #1894, #5588 ),
 ( #3134, #3720, #2362 ),
 ( #6254, #6215, #4364 ),
 ( #589, #6877, #2522 ) ),
 .UNSPECIFIED., .F., .F., .F. ) 
 B_SPLINE_SURFACE_WITH_KNOTS ( ( 4, 2, 2, 2, 2, 4 ),
 ( 3, 3 ),
 ( 2.602085213965210642E-18, 0.001703284384590806255, 0.003406568769181609908, 0.006813137538363217213, 0.01021970630754482495, 0.01362627507672643096 ),
 ( 0.000000000000000000, 1.000000000000000000 ),
 .UNSPECIFIED. ) 
 GEOMETRIC_REPRESENTATION_ITEM ( )  RATIONAL_B_SPLINE_SURFACE ( (
 ( 1.000000000000000000, 0.8110628112148338120, 1.000000000000000000),
 ( 1.000000000000000000, 0.8044866174715381568, 1.000000000000000000),
 ( 1.000000000000000000, 0.7981778528751027890, 1.000000000000000000),
 ( 1.000000000000000000, 0.7862271545331981359, 1.000000000000000000),
 ( 1.000000000000000000, 0.7805844844349093536, 1.000000000000000000),
 ( 1.000000000000000000, 0.7646770149681543227, 1.000000000000000000),
 ( 1.000000000000000000, 0.7554341587150191772, 1.000000000000000000),
 ( 1.000000000000000000, 0.7393014966060639237, 1.000000000000000000),
 ( 1.000000000000000000, 0.7324017289191121494, 1.000000000000000000),
 ( 1.000000000000000000, 0.7205112144239845806, 1.000000000000000000),
 ( 1.000000000000000000, 0.7155210256678684599, 1.000000000000000000),
 ( 1.000000000000000000, 0.7113076282299339859, 1.000000000000000000) ) ) 
 REPRESENTATION_ITEM ( '' )  SURFACE ( )  );
#3710 = CARTESIAN_POINT ( 'NONE',  ( -120.7874715608151064, -57.49257310247293873, 2.511680827171591357 ) ) ;
#3711 = CARTESIAN_POINT ( 'NONE',  ( -112.8482653014403070, -17.82591829661229355, 20.09999999999999076 ) ) ;
#3712 = LINE ( 'NONE', #4199, #1391 ) ;
#3713 = CYLINDRICAL_SURFACE ( 'NONE', #3211, 37.50000000000001421 ) ;
#3714 = ORIENTED_EDGE ( 'NONE', *, *, #5169, .F. ) ;
#3715 = ORIENTED_EDGE ( 'NONE', *, *, #7263, .T. ) ;
#3716 = CARTESIAN_POINT ( 'NONE',  ( -123.2554477609320145, -57.15848899211506762, -4.795981348874004624 ) ) ;
#3717 = AXIS2_PLACEMENT_3D ( 'NONE', #7930, #2306, #7147 ) ;
#3718 = ORIENTED_EDGE ( 'NONE', *, *, #4071, .T. ) ;
#3719 = CARTESIAN_POINT ( 'NONE',  ( -127.6988605281984803, -57.30272195008709701, -10.21112800142907773 ) ) ;
#3720 = CARTESIAN_POINT ( 'NONE',  ( -44.75297173607961554, -19.90773678338881325, -1.701474974102198390 ) ) ;
#3721 = ORIENTED_EDGE ( 'NONE', *, *, #3779, .T. ) ;
#3722 = DIRECTION ( 'NONE',  ( 1.522024630730408022E-16, 6.758551201016278582E-17, 1.000000000000000000 ) ) ;
#3723 = ORIENTED_EDGE ( 'NONE', *, *, #1654, .F. ) ;
#3724 = ADVANCED_FACE ( 'NONE', ( #6074 ), #495, .F. ) ;
#3725 = ORIENTED_EDGE ( 'NONE', *, *, #7033, .T. ) ;
#3726 = CARTESIAN_POINT ( 'NONE',  ( -52.17489420501647146, -23.56754502263477846, -9.832766942058293935 ) ) ;
#3727 = ORIENTED_EDGE ( 'NONE', *, *, #2385, .T. ) ;
#3728 = CARTESIAN_POINT ( 'NONE',  ( -145.4897761575201116, -54.28824424389705428, -3.724355364705225657 ) ) ;
#3729 = VECTOR ( 'NONE', #7482, 1000.000000000000000 ) ;
#3730 = EDGE_CURVE ( 'NONE', #5498, #3863, #4886, .T. ) ;
#3731 = VERTEX_POINT ( 'NONE', #6817 ) ;
#3732 = DIRECTION ( 'NONE',  ( -0.4058374489394843132, 0.9139452746408240902, 1.232595164407830946E-32 ) ) ;
#3733 = ADVANCED_FACE ( 'NONE', ( #2956 ), #6776, .F. ) ;
#3734 = CYLINDRICAL_SURFACE ( 'NONE', #7875, 1.499999999999742428 ) ;
#3735 = EDGE_CURVE ( 'NONE', #1785, #3030, #2244, .T. ) ;
#3736 = CARTESIAN_POINT ( 'NONE',  ( -51.27714564911468642, -2.625643777068135787, -2.745378220931083302 ) ) ;
#3737 = CARTESIAN_POINT ( 'NONE',  ( -127.0962628950226332, -48.57343894824764163, -4.985340818257734341 ) ) ;
#3738 = CARTESIAN_POINT ( 'NONE',  ( -126.2582929226386028, -56.57512051072323800, 8.699214510864987204 ) ) ;
#3739 = CARTESIAN_POINT ( 'NONE',  ( -138.3890704754328738, -39.74897488539809132, 6.736382682932199550 ) ) ;
#3740 = CARTESIAN_POINT ( 'NONE',  ( -139.2688765843775514, -60.90557779925404702, -15.19442550456115448 ) ) ;
#3741 = CARTESIAN_POINT ( 'NONE',  ( -69.59686925757304721, -34.06576205337302099, -14.42327378386187853 ) ) ;
#3742 = ORIENTED_EDGE ( 'NONE', *, *, #5170, .F. ) ;
#3743 = CARTESIAN_POINT ( 'NONE',  ( -138.8353784199437086, -51.98288952764604431, -1.191626790723633533 ) ) ;
#3744 = AXIS2_PLACEMENT_3D ( 'NONE', #2044, #4550, #815 ) ;
#3745 = DIRECTION ( 'NONE',  ( -0.4058374489394843687, 0.9139452746408239792, 0.000000000000000000 ) ) ;
#3746 = DIRECTION ( 'NONE',  ( 1.522024630730408022E-16, 6.758551201016278582E-17, 1.000000000000000000 ) ) ;
#3747 = CARTESIAN_POINT ( 'NONE',  ( -97.61980985088182194, -26.56909085815083671, -14.69999999999999396 ) ) ;
#3748 = CARTESIAN_POINT ( 'NONE',  ( -60.86954911333407381, -19.10796924526592377, 12.10000000000030340 ) ) ;
#3749 = ORIENTED_EDGE ( 'NONE', *, *, #6917, .T. ) ;
#3750 = ORIENTED_EDGE ( 'NONE', *, *, #3537, .T. ) ;
#3751 = FACE_OUTER_BOUND ( 'NONE', #7280, .T. ) ;
#3752 = ADVANCED_FACE ( 'NONE', ( #5453 ), #1147, .F. ) ;
#3753 = ORIENTED_EDGE ( 'NONE', *, *, #2446, .T. ) ;
#3754 = DIRECTION ( 'NONE',  ( -1.000000000000000000, 0.000000000000000000, 1.982541115402065356E-16 ) ) ;
#3755 = AXIS2_PLACEMENT_3D ( 'NONE', #5940, #7829, #7214 ) ;
#3756 = DIRECTION ( 'NONE',  ( 1.522024630730408022E-16, 6.758551201016278582E-17, 1.000000000000000000 ) ) ;
#3757 = EDGE_CURVE ( 'NONE', #4657, #2439, #5372, .T. ) ;
#3758 = EDGE_LOOP ( 'NONE', ( #3870, #6170, #7286, #2823 ) ) ;
#3759 = CARTESIAN_POINT ( 'NONE',  ( -53.53722023178967504, -2.070506167226211058, -1.309129516915359170 ) ) ;
#3760 = VECTOR ( 'NONE', #2134, 1000.000000000000000 ) ;
#3761 = ORIENTED_EDGE ( 'NONE', *, *, #2008, .T. ) ;
#3762 = ORIENTED_EDGE ( 'NONE', *, *, #3192, .F. ) ;
#3763 = DIRECTION ( 'NONE',  ( -0.6705919300765834645, -0.7418264374610562539, 0.000000000000000000 ) ) ;
#3764 = VERTEX_POINT ( 'NONE', #3040 ) ;
#3765 = CARTESIAN_POINT ( 'NONE',  ( -145.5209482118966946, -54.21804482816357762, -3.684720272277158593 ) ) ;
#3766 = ORIENTED_EDGE ( 'NONE', *, *, #6532, .T. ) ;
#3767 = CARTESIAN_POINT ( 'NONE',  ( -129.2033850473993652, -57.77205057294426638, -13.14809138725792081 ) ) ;
#3768 = AXIS2_PLACEMENT_3D ( 'NONE', #6144, #2950, #5525 ) ;
#3769 = DIRECTION ( 'NONE',  ( 1.522024630730408022E-16, 6.758551201016278582E-17, 1.000000000000000000 ) ) ;
#3770 = CARTESIAN_POINT ( 'NONE',  ( -88.20286979848266640, -37.92453342159888052, -12.49999999999999289 ) ) ;
#3771 = CARTESIAN_POINT ( 'NONE',  ( -131.7248129391122689, -19.90491316305642044, 20.10000000000001208 ) ) ;
#3772 = AXIS2_PLACEMENT_3D ( 'NONE', #6436, #7707, #6563 ) ;
#3773 = DIRECTION ( 'NONE',  ( -0.9139452746408237571, -0.4058374489394851459, 1.665334536937733825E-16 ) ) ;
#3774 = CARTESIAN_POINT ( 'NONE',  ( -48.80147228708862883, -0.9856680003485427388, -2.786075478431025321 ) ) ;
#3775 = DIRECTION ( 'NONE',  ( 0.9139452746408237571, 0.4058374489394852569, -1.665334536937734318E-16 ) ) ;
#3776 = VERTEX_POINT ( 'NONE', #7306 ) ;
#3777 = CYLINDRICAL_SURFACE ( 'NONE', #6, 26.16057989992778943 ) ;
#3778 = DIRECTION ( 'NONE',  ( -1.522024630730408022E-16, -6.758551201016278582E-17, -1.000000000000000000 ) ) ;
#3779 = EDGE_CURVE ( 'NONE', #5046, #7817, #8044, .T. ) ;
#3780 = CARTESIAN_POINT ( 'NONE',  ( -130.9201421554450633, -54.62508268697725811, 2.813735736022769718 ) ) ;
#3781 = CARTESIAN_POINT ( 'NONE',  ( -86.83605988275722609, -34.02568100546319130, 20.10000000000000853 ) ) ;
#3782 = CARTESIAN_POINT ( 'NONE',  ( -137.2782838239284899, -60.46030801617820316, -14.70000000000003126 ) ) ;
#3783 = ORIENTED_EDGE ( 'NONE', *, *, #3889, .F. ) ;
#3784 = CARTESIAN_POINT ( 'NONE',  ( -146.6350912793519399, -51.70899645316396942, -2.675592887100095574 ) ) ;
#3785 = EDGE_LOOP ( 'NONE', ( #6951, #5277, #4481, #2232 ) ) ;
#3786 = CARTESIAN_POINT ( 'NONE',  ( -137.0649887498419446, -60.94065159529168341, -17.43456815707047625 ) ) ;
#3787 = VERTEX_POINT ( 'NONE', #4841 ) ;
#3788 = CARTESIAN_POINT ( 'NONE',  ( -61.37272133243341443, -20.26963739142957621, 12.81836498012496683 ) ) ;
#3789 = AXIS2_PLACEMENT_3D ( 'NONE', #318, #4837, #3488 ) ;
#3790 = DIRECTION ( 'NONE',  ( 1.522024630730408022E-16, 6.758551201016278582E-17, 1.000000000000000000 ) ) ;
#3791 = VERTEX_POINT ( 'NONE', #2423 ) ;
#3792 = CARTESIAN_POINT ( 'NONE',  ( -123.5622570933559103, -67.21968943236589666, -9.664955880659857002 ) ) ;
#3793 = ADVANCED_FACE ( 'NONE', ( #4306 ), #1185, .T. ) ;
#3794 = CARTESIAN_POINT ( 'NONE',  ( -60.50308626678613422, -5.163699359136068701, 6.736382682932166688 ) ) ;
#3795 = CARTESIAN_POINT ( 'NONE',  ( -137.6102878226411406, -38.71071701561270828, 7.790777426946462469 ) ) ;
#3796 = ORIENTED_EDGE ( 'NONE', *, *, #857, .F. ) ;
#3797 =( BOUNDED_CURVE ( )  B_SPLINE_CURVE ( 3, ( #3461, #5996, #3500, #3374 ),
 .UNSPECIFIED., .F., .F. ) 
 B_SPLINE_CURVE_WITH_KNOTS ( ( 4, 4 ),
 ( 1.924261892917219496, 2.723697708212454049 ),
 .UNSPECIFIED. ) 
 CURVE ( )  GEOMETRIC_REPRESENTATION_ITEM ( )  RATIONAL_B_SPLINE_CURVE ( ( 1.000000000000000000, 0.9474472061936349832, 0.9474472061936349832, 1.000000000000000000 ) ) 
 REPRESENTATION_ITEM ( '' )  );
#3798 = PRODUCT_DEFINITION_CONTEXT ( 'detailed design', #4376, 'design' ) ;
#3799 = EDGE_LOOP ( 'NONE', ( #102, #4830, #5586 ) ) ;
#3800 = CARTESIAN_POINT ( 'NONE',  ( -52.29827551240782668, -23.62233249889609255, -10.29223197157873670 ) ) ;
#3801 = VECTOR ( 'NONE', #5267, 1000.000000000000227 ) ;
#3802 = VECTOR ( 'NONE', #4089, 1000.000000000000000 ) ;
#3803 = ORIENTED_EDGE ( 'NONE', *, *, #4638, .T. ) ;
#3804 = CARTESIAN_POINT ( 'NONE',  ( -43.60762698748327892, -5.800238119186802876, -8.435676651831903072 ) ) ;
#3805 = VERTEX_POINT ( 'NONE', #2874 ) ;
#3806 = CARTESIAN_POINT ( 'NONE',  ( -132.1145027447464031, -48.99848431833694207, 1.998918847003438026 ) ) ;
#3807 = LINE ( 'NONE', #7499, #791 ) ;
#3808 = CIRCLE ( 'NONE', #6824, 1.750000000000004885 ) ;
#3809 = VECTOR ( 'NONE', #1727, 1000.000000000000000 ) ;
#3810 = CARTESIAN_POINT ( 'NONE',  ( -45.85236369074620910, -18.49296776095266637, -22.15000000000000213 ) ) ;
#3811 = APPLICATION_PROTOCOL_DEFINITION ( 'draft international standard', 'automotive_design', 1998, #3226 ) ;
#3812 = AXIS2_PLACEMENT_3D ( 'NONE', #5568, #7465, #1840 ) ;
#3813 = DIRECTION ( 'NONE',  ( 0.4058374489394844242, -0.9139452746408240902, 0.000000000000000000 ) ) ;
#3814 = EDGE_CURVE ( 'NONE', #6252, #872, #7741, .T. ) ;
#3815 = DIRECTION ( 'NONE',  ( 0.9139452746408240902, 0.4058374489394843132, -2.168404344971002705E-16 ) ) ;
#3816 = ORIENTED_EDGE ( 'NONE', *, *, #2293, .F. ) ;
#3817 = CARTESIAN_POINT ( 'NONE',  ( -135.8937664398826257, -59.88217783177472597, -21.71474644440058555 ) ) ;
#3818 = PLANE ( 'NONE',  #1017 ) ;
#3819 = DIRECTION ( 'NONE',  ( -1.522024630730408022E-16, -6.758551201016278582E-17, -1.000000000000000000 ) ) ;
#3820 = CARTESIAN_POINT ( 'NONE',  ( -135.8281580496887671, -47.27610358593743456, 6.141930112102684802 ) ) ;
#3821 = CARTESIAN_POINT ( 'NONE',  ( -135.6216796120129402, -60.49491692540284760, -20.71785467365289080 ) ) ;
#3822 = AXIS2_PLACEMENT_3D ( 'NONE', #5738, #5159, #1307 ) ;
#3823 = FACE_OUTER_BOUND ( 'NONE', #3130, .T. ) ;
#3824 = DIRECTION ( 'NONE',  ( 1.522024630730408022E-16, 6.758551201016278582E-17, 1.000000000000000000 ) ) ;
#3825 = DIRECTION ( 'NONE',  ( -1.522024630730408022E-16, -6.758551201016278582E-17, -1.000000000000000000 ) ) ;
#3826 = CARTESIAN_POINT ( 'NONE',  ( -131.3028278468674159, -50.82637486761861112, 1.998918847003438026 ) ) ;
#3827 = CARTESIAN_POINT ( 'NONE',  ( -97.61980985088180773, -26.56909085815083316, 12.10000000000030873 ) ) ;
#3828 = ORIENTED_EDGE ( 'NONE', *, *, #1348, .F. ) ;
#3829 = EDGE_CURVE ( 'NONE', #6928, #2685, #2375, .T. ) ;
#3830 = LINE ( 'NONE', #6334, #3057 ) ;
#3831 = ORIENTED_EDGE ( 'NONE', *, *, #6720, .F. ) ;
#3832 = CARTESIAN_POINT ( 'NONE',  ( -53.90169881002936592, -23.31908299775725268, 6.625788995062634967 ) ) ;
#3833 = CARTESIAN_POINT ( 'NONE',  ( -143.8932554554294825, -50.49148410634551709, -2.675592887100096462 ) ) ;
#3834 = ORIENTED_EDGE ( 'NONE', *, *, #392, .T. ) ;
#3835 = CARTESIAN_POINT ( 'NONE',  ( -118.1508107486845205, -18.66478809734867284, 16.60000000000001208 ) ) ;
#3836 = FACE_OUTER_BOUND ( 'NONE', #3785, .T. ) ;
#3837 = CARTESIAN_POINT ( 'NONE',  ( -52.34723508568813344, -23.64407300007551882, -14.18269585316880743 ) ) ;
#3838 = ORIENTED_EDGE ( 'NONE', *, *, #8082, .F. ) ;
#3839 = AXIS2_PLACEMENT_3D ( 'NONE', #6300, #2230, #1650 ) ;
#3840 = ADVANCED_FACE ( 'NONE', ( #6653 ), #5514, .F. ) ;
#3841 = DIRECTION ( 'NONE',  ( 0.4058374489394843687, -0.9139452746408243122, 1.232595164407831220E-32 ) ) ;
#3842 = AXIS2_PLACEMENT_3D ( 'NONE', #7557, #623, #1388 ) ;
#3843 = EDGE_LOOP ( 'NONE', ( #2410, #5502, #4618, #4828 ) ) ;
#3844 = DIRECTION ( 'NONE',  ( -1.000000000000000000, 0.000000000000000000, 0.000000000000000000 ) ) ;
#3845 = VERTEX_POINT ( 'NONE', #6698 ) ;
#3846 = CARTESIAN_POINT ( 'NONE',  ( -97.61980985088180773, -26.56909085815083316, -12.49999999999999289 ) ) ;
#3847 = CARTESIAN_POINT ( 'NONE',  ( -46.10111106887108434, -7.066877069798600530, -2.675592887094655037 ) ) ;
#3848 = CARTESIAN_POINT ( 'NONE',  ( 0.000000000000000000, 0.000000000000000000, 0.000000000000000000 ) ) ;
#3849 = CARTESIAN_POINT ( 'NONE',  ( -71.77639558657114094, -30.63035665390093598, -12.49999999999999645 ) ) ;
#3850 = EDGE_CURVE ( 'NONE', #5120, #6928, #572, .T. ) ;
#3851 = CARTESIAN_POINT ( 'NONE',  ( -135.7383568194500185, -60.23216004410940627, -21.33246844851515078 ) ) ;
#3852 = EDGE_LOOP ( 'NONE', ( #1776, #7031, #7736, #515, #1612, #2021, #4900, #2732, #2750, #7362, #6470, #6007, #3727, #1945, #7786, #5645, #944, #5638, #4359, #7111, #8061, #1298, #5222 ) ) ;
#3853 = CARTESIAN_POINT ( 'NONE',  ( -140.0239060970196192, -40.38856658373826036, 5.028317749943732373 ) ) ;
#3854 = DIRECTION ( 'NONE',  ( 0.9139452746408246453, 0.4058374489394833140, 0.000000000000000000 ) ) ;
#3855 = CARTESIAN_POINT ( 'NONE',  ( -48.60452842241134874, -1.429185263138514017, -2.675592887099892625 ) ) ;
#3856 = CARTESIAN_POINT ( 'NONE',  ( -125.1961096264589060, -57.17748909880343433, -4.275489282272868508 ) ) ;
#3857 = CARTESIAN_POINT ( 'NONE',  ( -68.16183599017843164, -35.06315180735252568, -13.89808374072919150 ) ) ;
#3858 = CARTESIAN_POINT ( 'NONE',  ( -125.2929664261599214, -56.03562897138531440, -14.69999999999947349 ) ) ;
#3859 = DIRECTION ( 'NONE',  ( -0.5655949607382193545, 0.8246831757635971760, 2.592735830278071756E-18 ) ) ;
#3860 = CARTESIAN_POINT ( 'NONE',  ( -87.74221200772909413, -38.96193401680242374, -14.69999999999999396 ) ) ;
#3861 = ORIENTED_EDGE ( 'NONE', *, *, #5167, .F. ) ;
#3862 = DIRECTION ( 'NONE',  ( -0.6705919300765823543, -0.7418264374610571421, 0.000000000000000000 ) ) ;
#3863 = VERTEX_POINT ( 'NONE', #4346 ) ;
#3864 = DIRECTION ( 'NONE',  ( -0.6705919300765826874, -0.7418264374610571421, 0.000000000000000000 ) ) ;
#3865 = VECTOR ( 'NONE', #3703, 1000.000000000000000 ) ;
#3866 = EDGE_LOOP ( 'NONE', ( #4296, #6255, #5632, #1898 ) ) ;
#3867 = CARTESIAN_POINT ( 'NONE',  ( -59.59920497649063975, -30.65683376891172784, 11.47924284889256619 ) ) ;
#3868 = EDGE_CURVE ( 'NONE', #6589, #5265, #4827, .T. ) ;
#3869 = CARTESIAN_POINT ( 'NONE',  ( -87.74221200772909413, -38.96193401680242374, -14.69999999999999396 ) ) ;
#3870 = ORIENTED_EDGE ( 'NONE', *, *, #8103, .T. ) ;
#3871 = FACE_BOUND ( 'NONE', #5032, .T. ) ;
#3872 = EDGE_CURVE ( 'NONE', #5498, #4935, #7868, .T. ) ;
#3873 = CARTESIAN_POINT ( 'NONE',  ( -131.0107270397799084, -51.25810775116718077, 0.6585666156540616045 ) ) ;
#3874 = DIRECTION ( 'NONE',  ( -1.000000000000000000, 9.251858538542961967E-16, 2.312964634635740492E-16 ) ) ;
#3875 = VERTEX_POINT ( 'NONE', #6536 ) ;
#3876 = EDGE_CURVE ( 'NONE', #600, #8104, #1315, .T. ) ;
#3877 = CARTESIAN_POINT ( 'NONE',  ( -45.29253957488867854, -16.27990045026073318, -9.401414597243793025 ) ) ;
#3878 = EDGE_CURVE ( 'NONE', #7648, #41, #5915, .T. ) ;
#3879 = ORIENTED_EDGE ( 'NONE', *, *, #2340, .T. ) ;
#3880 = CARTESIAN_POINT ( 'NONE',  ( -45.37372285943796868, -20.54748451652336527, -21.81194195411926984 ) ) ;
#3881 = ORIENTED_EDGE ( 'NONE', *, *, #6269, .F. ) ;
#3882 = CARTESIAN_POINT ( 'NONE',  ( -87.17159876283979258, 2.669574969885152527, 20.10000000000000497 ) ) ;
#3883 = CARTESIAN_POINT ( 'NONE',  ( -146.6129015941029365, -44.16688337022069533, -2.756756505697114612 ) ) ;
#3884 = VECTOR ( 'NONE', #7326, 1000.000000000000114 ) ;
#3885 = CARTESIAN_POINT ( 'NONE',  ( -45.78788901418043622, -20.09245622867099712, -21.52185543153684577 ) ) ;
#3886 = DIRECTION ( 'NONE',  ( -0.6705919300765856850, -0.7418264374610542555, 0.000000000000000000 ) ) ;
#3887 = ORIENTED_EDGE ( 'NONE', *, *, #3558, .F. ) ;
#3888 = FACE_OUTER_BOUND ( 'NONE', #6999, .T. ) ;
#3889 = EDGE_CURVE ( 'NONE', #1283, #4553, #4527, .T. ) ;
#3890 = VECTOR ( 'NONE', #6920, 1000.000000000000000 ) ;
#3891 = CARTESIAN_POINT ( 'NONE',  ( -119.5122945477152285, -27.67322572261018010, 12.50000000000001066 ) ) ;
#3892 = CARTESIAN_POINT ( 'NONE',  ( -140.1657723030144211, -58.88577010029526804, -10.08273797089272961 ) ) ;
#3893 = EDGE_CURVE ( 'NONE', #861, #1564, #5377, .T. ) ;
#3894 = DIRECTION ( 'NONE',  ( -1.522024630730408022E-16, -6.758551201016278582E-17, -1.000000000000000000 ) ) ;
#3895 = CARTESIAN_POINT ( 'NONE',  ( -62.71540786619804209, -30.02278367327967601, -11.35027873683394439 ) ) ;
#3896 = EDGE_CURVE ( 'NONE', #6954, #5976, #5254, .T. ) ;
#3897 = CIRCLE ( 'NONE', #4950, 2.100000000000001865 ) ;
#3898 = CARTESIAN_POINT ( 'NONE',  ( -118.4643795088230007, -54.77811756494796924, -11.35027873683155697 ) ) ;
#3899 = CARTESIAN_POINT ( 'NONE',  ( -117.0946284588139150, -17.49641145834750233, 12.50000000000001066 ) ) ;
#3900 = DIRECTION ( 'NONE',  ( 1.522024630730408022E-16, 6.758551201016278582E-17, 1.000000000000000000 ) ) ;
#3901 = EDGE_LOOP ( 'NONE', ( #4005, #6989, #6727, #7813 ) ) ;
#3902 = DIRECTION ( 'NONE',  ( -0.4058374489394847573, 0.9139452746408239792, -2.775557561562891351E-17 ) ) ;
#3903 = ORIENTED_EDGE ( 'NONE', *, *, #5270, .T. ) ;
#3904 = LINE ( 'NONE', #5054, #161 ) ;
#3905 = ORIENTED_EDGE ( 'NONE', *, *, #3963, .F. ) ;
#3906 = CARTESIAN_POINT ( 'NONE',  ( -60.11914391285849746, -32.03307688756726179, 4.674482779603091664 ) ) ;
#3907 = CARTESIAN_POINT ( 'NONE',  ( -47.03085934201810403, -20.98935015333681875, -21.09063244998280950 ) ) ;
#3908 = VERTEX_POINT ( 'NONE', #2184 ) ;
#3909 = CARTESIAN_POINT ( 'NONE',  ( -128.9392662989159248, -49.77683523363004525, -4.914506795439182341 ) ) ;
#3910 = CARTESIAN_POINT ( 'NONE',  ( -146.9712326524324055, -43.55988446712024853, -3.097864185165792428 ) ) ;
#3911 = ADVANCED_FACE ( 'NONE', ( #6495, #6584 ), #2715, .T. ) ;
#3912 = DIRECTION ( 'NONE',  ( 0.6705919300765802449, 0.7418264374610593626, 0.000000000000000000 ) ) ;
#3913 = ORIENTED_EDGE ( 'NONE', *, *, #1405, .T. ) ;
#3914 = AXIS2_PLACEMENT_3D ( 'NONE', #2600, #7564, #5099 ) ;
#3915 = AXIS2_PLACEMENT_3D ( 'NONE', #6893, #37, #2538 ) ;
#3916 = CARTESIAN_POINT ( 'NONE',  ( -46.14718952524973616, -14.35411568198596299, -6.666651051756455004 ) ) ;
#3917 = VERTEX_POINT ( 'NONE', #2096 ) ;
#3918 = ORIENTED_EDGE ( 'NONE', *, *, #1305, .F. ) ;
#3919 = CARTESIAN_POINT ( 'NONE',  ( -137.1870987445163337, -60.66565666663962730, -21.53398617713481045 ) ) ;
#3920 = CARTESIAN_POINT ( 'NONE',  ( -130.7439713820576230, -57.96428314124443659, -9.051028501448680430 ) ) ;
#3921 = CIRCLE ( 'NONE', #2224, 1.499999999999742428 ) ;
#3922 = EDGE_CURVE ( 'NONE', #7105, #6914, #5869, .T. ) ;
#3923 = ORIENTED_EDGE ( 'NONE', *, *, #5910, .F. ) ;
#3924 = CARTESIAN_POINT ( 'NONE',  ( -146.8450777571696619, -43.49413070168261441, -2.959199050266704045 ) ) ;
#3925 = FACE_OUTER_BOUND ( 'NONE', #7867, .T. ) ;
#3926 = FACE_OUTER_BOUND ( 'NONE', #3686, .T. ) ;
#3927 = ORIENTED_EDGE ( 'NONE', *, *, #3757, .T. ) ;
#3928 = CARTESIAN_POINT ( 'NONE',  ( -118.7223089995267316, -58.04938510468431900, 4.667763598052703244 ) ) ;
#3929 = CARTESIAN_POINT ( 'NONE',  ( -134.8883737423520870, -41.68402893500187645, 6.940088891538757743 ) ) ;
#3930 = VECTOR ( 'NONE', #2312, 1000.000000000000000 ) ;
#3931 = DIRECTION ( 'NONE',  ( 0.6705919300765856850, 0.7418264374610542555, 0.000000000000000000 ) ) ;
#3932 = VECTOR ( 'NONE', #7974, 1000.000000000000000 ) ;
#3933 = CARTESIAN_POINT ( 'NONE',  ( -132.5830320942126264, -57.71577479064170291, 3.960273767840562176 ) ) ;
#3934 = CARTESIAN_POINT ( 'NONE',  ( -57.20335737889559624, -25.80043436863553907, -14.70000000000007923 ) ) ;
#3935 = CARTESIAN_POINT ( 'NONE',  ( -119.5233434120944338, -53.47362755801697887, -14.69999999999999751 ) ) ;
#3936 = EDGE_CURVE ( 'NONE', #5055, #7442, #293, .T. ) ;
#3937 = FACE_OUTER_BOUND ( 'NONE', #3758, .T. ) ;
#3938 = CARTESIAN_POINT ( 'NONE',  ( -70.34222475535220553, -9.532769340411702430, -10.37867965644034385 ) ) ;
#3939 = VERTEX_POINT ( 'NONE', #1606 ) ;
#3940 = AXIS2_PLACEMENT_3D ( 'NONE', #5412, #5284, #2954 ) ;
#3941 = CARTESIAN_POINT ( 'NONE',  ( -43.27467306543543657, -13.43201085440790798, -7.029530200589061195 ) ) ;
#3942 = EDGE_LOOP ( 'NONE', ( #1943, #7747, #1171, #379, #3424, #3783, #926, #1524 ) ) ;
#3943 = DIRECTION ( 'NONE',  ( -5.002332770984185691E-33, 1.126524526055666913E-32, 1.000000000000000000 ) ) ;
#3944 = ORIENTED_EDGE ( 'NONE', *, *, #5100, .F. ) ;
#3945 = FACE_OUTER_BOUND ( 'NONE', #5172, .T. ) ;
#3946 = CARTESIAN_POINT ( 'NONE',  ( -138.8303030249433618, -33.87451301515444868, 1.998918847003438026 ) ) ;
#3947 = EDGE_LOOP ( 'NONE', ( #5624, #8028, #6083, #2988, #427 ) ) ;
#3948 = CARTESIAN_POINT ( 'NONE',  ( -43.11590564944185644, -13.78955481688435825, -7.476053542682098652 ) ) ;
#3949 = CARTESIAN_POINT ( 'NONE',  ( -59.78042295968523234, -16.81236728104860134, 10.53206944167026826 ) ) ;
#3950 = DIRECTION ( 'NONE',  ( -0.4058374489394842577, 0.9139452746408240902, -1.232595164407830946E-32 ) ) ;
#3951 = ORIENTED_EDGE ( 'NONE', *, *, #5628, .T. ) ;
#3952 = PLANE ( 'NONE',  #4730 ) ;
#3953 = VECTOR ( 'NONE', #1142, 1000.000000000000000 ) ;
#3954 = LINE ( 'NONE', #2108, #3103 ) ;
#3955 = AXIS2_PLACEMENT_3D ( 'NONE', #3848, #4421, #5150 ) ;
#3956 = ORIENTED_EDGE ( 'NONE', *, *, #7642, .T. ) ;
#3957 = ORIENTED_EDGE ( 'NONE', *, *, #4078, .F. ) ;
#3958 = CARTESIAN_POINT ( 'NONE',  ( -50.65316776896867879, -22.89182231589821015, -16.03600617087455760 ) ) ;
#3959 = CARTESIAN_POINT ( 'NONE',  ( -137.0426632858587368, -60.99101457187845909, -17.84113638741351693 ) ) ;
#3960 = VECTOR ( 'NONE', #178, 1000.000000000000000 ) ;
#3961 = ORIENTED_EDGE ( 'NONE', *, *, #7507, .T. ) ;
#3962 = DIRECTION ( 'NONE',  ( 1.522024630730408022E-16, 6.758551201016278582E-17, 1.000000000000000000 ) ) ;
#3963 = EDGE_CURVE ( 'NONE', #6954, #6934, #2804, .T. ) ;
#3964 = FACE_OUTER_BOUND ( 'NONE', #5073, .T. ) ;
#3965 = CARTESIAN_POINT ( 'NONE',  ( -75.72732515404841536, -25.46495599369148621, 20.10000000000000497 ) ) ;
#3966 = EDGE_CURVE ( 'NONE', #4511, #6954, #3296, .T. ) ;
#3967 = VERTEX_POINT ( 'NONE', #7069 ) ;
#3968 = CARTESIAN_POINT ( 'NONE',  ( -138.3227428677938065, -40.66900804940870984, 6.524807588264365243 ) ) ;
#3969 = EDGE_CURVE ( 'NONE', #7817, #7529, #3280, .T. ) ;
#3970 = CYLINDRICAL_SURFACE ( 'NONE', #626, 35.72902093797250700 ) ;
#3971 = CARTESIAN_POINT ( 'NONE',  ( -63.38860887689211410, -14.10411774266980345, 5.500000000000001776 ) ) ;
#3972 = CARTESIAN_POINT ( 'NONE',  ( -141.0120216417389258, -47.39773660861982307, 1.468577726118772242 ) ) ;
#3973 = B_SPLINE_CURVE_WITH_KNOTS ( 'NONE', 3,
 ( #3748, #6086, #621, #6789, #465, #3633, #2969, #1732, #6124, #505, #5505, #1775, #1157, #3674, #6164, #544, #3053, #5544, #8053, #7441, #1810 ),
 .UNSPECIFIED., .F., .F.,
 ( 4, 2, 2, 2, 2, 2, 2, 2, 1, 2, 4 ),
 ( 3.469446951953614189E-18, 0.004371693204961354592, 0.006557539807442025817, 0.008743386409922697042, 0.01311507961488403949, 0.01420800291612438898, 0.01530092621736473500, 0.01639384951860508102, 0.01694031116922525490, 0.01721354199453533837, 0.01748677281984542184 ),
 .UNSPECIFIED. ) ;
#3974 = CARTESIAN_POINT ( 'NONE',  ( -66.10050629505482789, -31.88711898272874379, -13.38461246863049325 ) ) ;
#3975 = DIRECTION ( 'NONE',  ( -0.4058374489394852569, 0.9139452746408237571, 1.725633230170963543E-31 ) ) ;
#3976 = CARTESIAN_POINT ( 'NONE',  ( -44.51422676758392782, -18.03266009497891886, -22.13507550033143190 ) ) ;
#3977 = LINE ( 'NONE', #7267, #7670 ) ;
#3978 = FACE_OUTER_BOUND ( 'NONE', #5823, .T. ) ;
#3979 = CARTESIAN_POINT ( 'NONE',  ( -44.86188547451521913, -9.857611091839885376, -3.839167220987163009 ) ) ;
#3980 = ORIENTED_EDGE ( 'NONE', *, *, #1072, .F. ) ;
#3981 = DIRECTION ( 'NONE',  ( 1.522024630730408022E-16, 6.758551201016278582E-17, 1.000000000000000000 ) ) ;
#3982 = DIRECTION ( 'NONE',  ( 1.522024630730408022E-16, 6.758551201016278582E-17, 1.000000000000000000 ) ) ;
#3983 = VERTEX_POINT ( 'NONE', #7807 ) ;
#3984 = CARTESIAN_POINT ( 'NONE',  ( -127.5097756230586299, -46.95375498937067960, -5.002747934976685684 ) ) ;
#3985 = DIRECTION ( 'NONE',  ( 1.522024630730408022E-16, 6.758551201016278582E-17, 1.000000000000000000 ) ) ;
#3986 = ORIENTED_EDGE ( 'NONE', *, *, #5363, .F. ) ;
#3987 = FACE_OUTER_BOUND ( 'NONE', #2117, .T. ) ;
#3988 = CARTESIAN_POINT ( 'NONE',  ( -58.93231266094115028, -4.379840105584606569, 5.028317749943693293 ) ) ;
#3989 = DIRECTION ( 'NONE',  ( 1.522024630730407529E-16, 6.758551201016273652E-17, 1.000000000000000000 ) ) ;
#3990 = ORIENTED_EDGE ( 'NONE', *, *, #7761, .F. ) ;
#3991 = ADVANCED_FACE ( 'NONE', ( #3462 ), #5339, .F. ) ;
#3992 = DIRECTION ( 'NONE',  ( -0.6705919300765844637, -0.7418264374610555878, 0.000000000000000000 ) ) ;
#3993 = VECTOR ( 'NONE', #3451, 1000.000000000000000 ) ;
#3994 = EDGE_CURVE ( 'NONE', #6594, #7105, #4068, .T. ) ;
#3995 = DIRECTION ( 'NONE',  ( -0.7418264374610570311, 0.6705919300765826874, 6.758551201016277350E-17 ) ) ;
#3996 = CARTESIAN_POINT ( 'NONE',  ( -89.71550709007968294, -6.038089960348102636, 10.10000000000000675 ) ) ;
#3997 = ORIENTED_EDGE ( 'NONE', *, *, #6135, .T. ) ;
#3998 = ORIENTED_EDGE ( 'NONE', *, *, #2405, .F. ) ;
#3999 = DIRECTION ( 'NONE',  ( 0.6179170540718604832, 0.2743861014865230374, -0.7368112252118454997 ) ) ;
#4000 = LINE ( 'NONE', #1450, #4293 ) ;
#4001 = ORIENTED_EDGE ( 'NONE', *, *, #3876, .T. ) ;
#4002 = CARTESIAN_POINT ( 'NONE',  ( -146.9743745324676638, -43.55209686711496886, -3.100686844396791209 ) ) ;
#4003 = CARTESIAN_POINT ( 'NONE',  ( -92.38463137604782105, -36.24343354055746858, 12.50000000000000711 ) ) ;
#4004 = CARTESIAN_POINT ( 'NONE',  ( -128.9840405371357122, -57.67465063122536861, -13.67412550944228933 ) ) ;
#4005 = ORIENTED_EDGE ( 'NONE', *, *, #3922, .F. ) ;
#4006 = CARTESIAN_POINT ( 'NONE',  ( -125.3764101413779599, -49.70669701533363849, 13.46672863675866161 ) ) ;
#4007 = FACE_OUTER_BOUND ( 'NONE', #7941, .T. ) ;
#4008 = VECTOR ( 'NONE', #4884, 1000.000000000000227 ) ;
#4009 = DIRECTION ( 'NONE',  ( -0.9139452746408240902, -0.4058374489394846463, 0.000000000000000000 ) ) ;
#4010 = CARTESIAN_POINT ( 'NONE',  ( -95.84832263637285621, -27.14256941780440258, 20.10000000000000853 ) ) ;
#4011 = VECTOR ( 'NONE', #4645, 1000.000000000000000 ) ;
#4012 = CARTESIAN_POINT ( 'NONE',  ( -61.61031590663881730, -28.54630267868172666, -10.65124612575896634 ) ) ;
#4013 = CARTESIAN_POINT ( 'NONE',  ( -112.4385314693448947, -57.85044481627073765, -11.13232148521052878 ) ) ;
#4014 = CARTESIAN_POINT ( 'NONE',  ( -41.66022546352333933, -17.06774422691803750, -22.07649650625658211 ) ) ;
#4015 = DIRECTION ( 'NONE',  ( -1.522024630730407529E-16, -6.758551201016273652E-17, -1.000000000000000000 ) ) ;
#4016 = CARTESIAN_POINT ( 'NONE',  ( -127.2582399673480893, -46.84206056776431382, -5.175980714260884241 ) ) ;
#4017 = ADVANCED_FACE ( 'NONE', ( #7190 ), #5829, .F. ) ;
#4018 = CARTESIAN_POINT ( 'NONE',  ( -41.60651868171498791, -17.18869181215951158, -14.25296070976940932 ) ) ;
#4019 = ORIENTED_EDGE ( 'NONE', *, *, #1512, .F. ) ;
#4020 = FACE_OUTER_BOUND ( 'NONE', #5097, .T. ) ;
#4021 = AXIS2_PLACEMENT_3D ( 'NONE', #7696, #1410, #3346 ) ;
#4022 = ADVANCED_FACE ( 'NONE', ( #4110 ), #5791, .F. ) ;
#4023 = PLANE ( 'NONE',  #1602 ) ;
#4024 = ORIENTED_EDGE ( 'NONE', *, *, #6889, .F. ) ;
#4025 = CARTESIAN_POINT ( 'NONE',  ( -61.07010901051873475, -34.95773606938511335, -12.49999999999999645 ) ) ;
#4026 = DIRECTION ( 'NONE',  ( 0.6705919300765826874, 0.7418264374610571421, 0.000000000000000000 ) ) ;
#4027 = ORIENTED_EDGE ( 'NONE', *, *, #7283, .T. ) ;
#4028 = CARTESIAN_POINT ( 'NONE',  ( -44.37123387692209775, -10.96255769124480395, -4.592060007040735137 ) ) ;
#4029 = CARTESIAN_POINT ( 'NONE',  ( -60.83926403854218279, -3.045152510492073361, 5.586078477226473993 ) ) ;
#4030 = CARTESIAN_POINT ( 'NONE',  ( -142.8857232599455358, -60.15256713196770022, -10.16694649596433742 ) ) ;
#4031 = ORIENTED_EDGE ( 'NONE', *, *, #7130, .T. ) ;
#4032 = AXIS2_PLACEMENT_3D ( 'NONE', #2908, #1753, #5486 ) ;
#4033 = ORIENTED_EDGE ( 'NONE', *, *, #2376, .F. ) ;
#4034 = LINE ( 'NONE', #3384, #2061 ) ;
#4035 = EDGE_CURVE ( 'NONE', #6013, #4133, #7684, .T. ) ;
#4036 = CARTESIAN_POINT ( 'NONE',  ( -46.74913589644738465, -12.99962977852421453, -5.283177258298838552 ) ) ;
#4037 = ORIENTED_EDGE ( 'NONE', *, *, #6532, .F. ) ;
#4038 = VERTEX_POINT ( 'NONE', #5383 ) ;
#4039 = CARTESIAN_POINT ( 'NONE',  ( -43.81712747487680559, -19.60252656784884095, -19.90226640499236410 ) ) ;
#4040 = DIRECTION ( 'NONE',  ( -1.365040493724524822E-16, -9.047506825400628775E-17, -1.000000000000000000 ) ) ;
#4041 = CARTESIAN_POINT ( 'NONE',  ( -135.2291281052298189, -57.41130978846639721, -6.139957154562984520 ) ) ;
#4042 = EDGE_CURVE ( 'NONE', #3596, #5589, #5651, .T. ) ;
#4043 = ORIENTED_EDGE ( 'NONE', *, *, #1060, .T. ) ;
#4044 = CARTESIAN_POINT ( 'NONE',  ( -128.9185223648449039, -49.82320468080872189, -4.914214297436426016 ) ) ;
#4045 = CARTESIAN_POINT ( 'NONE',  ( -116.2228589497143503, -16.53203708964813146, 16.60000000000001208 ) ) ;
#4046 = DIRECTION ( 'NONE',  ( -0.6705919300765830204, -0.7418264374610566980, 1.522024630730407282E-16 ) ) ;
#4047 = ORIENTED_EDGE ( 'NONE', *, *, #2270, .T. ) ;
#4048 = CARTESIAN_POINT ( 'NONE',  ( -140.9226806263445155, -43.66977964200564344, 3.043695845952094636 ) ) ;
#4049 = CARTESIAN_POINT ( 'NONE',  ( -145.5020822516627277, -46.86840877908024794, -2.407444835499567226 ) ) ;
#4050 = CARTESIAN_POINT ( 'NONE',  ( -50.76039970277157920, -3.966288808589100157, -2.420311757243934547 ) ) ;
#4051 = CARTESIAN_POINT ( 'NONE',  ( -52.46912241378159081, -22.26706485966979798, 5.276290693805963272 ) ) ;
#4052 = CARTESIAN_POINT ( 'NONE',  ( -44.50091129622079933, -38.76058856514463713, -12.50000000000000000 ) ) ;
#4053 = CARTESIAN_POINT ( 'NONE',  ( -97.61980985088180773, -26.56909085815083316, 14.50000000000000888 ) ) ;
#4054 = VECTOR ( 'NONE', #3474, 1000.000000000000000 ) ;
#4055 = CIRCLE ( 'NONE', #7729, 32.16057989992780364 ) ;
#4056 = DIRECTION ( 'NONE',  ( 1.522024630730408022E-16, 6.758551201016278582E-17, 1.000000000000000000 ) ) ;
#4057 = CARTESIAN_POINT ( 'NONE',  ( -41.65861920722264244, -17.07136151349310538, -22.09145861243857922 ) ) ;
#4058 = FACE_OUTER_BOUND ( 'NONE', #2192, .T. ) ;
#4059 = CARTESIAN_POINT ( 'NONE',  ( -47.25467427180730340, -20.48531929563890230, -14.70000000000000107 ) ) ;
#4060 = CARTESIAN_POINT ( 'NONE',  ( -45.64698477465952919, -8.089568745412440975, -2.974762730676413724 ) ) ;
#4061 = ORIENTED_EDGE ( 'NONE', *, *, #4042, .T. ) ;
#4062 = CARTESIAN_POINT ( 'NONE',  ( -132.4418884108345082, -48.07476228693061415, 6.628595752665780161 ) ) ;
#4063 = VECTOR ( 'NONE', #6239, 1000.000000000000000 ) ;
#4064 = CARTESIAN_POINT ( 'NONE',  ( -145.3929475503821038, -54.50630210961168842, -3.842806056099333123 ) ) ;
#4065 = EDGE_LOOP ( 'NONE', ( #6911, #8093, #2797, #1208 ) ) ;
#4066 = DIRECTION ( 'NONE',  ( 1.522024630730408022E-16, 6.758551201016278582E-17, 1.000000000000000000 ) ) ;
#4067 = CARTESIAN_POINT ( 'NONE',  ( -126.1972108844130815, -68.38974080667418320, 3.297348375675351217 ) ) ;
#4068 = CIRCLE ( 'NONE', #665, 9.999999999999994671 ) ;
#4069 = VERTEX_POINT ( 'NONE', #1874 ) ;
#4070 = CARTESIAN_POINT ( 'NONE',  ( -43.91174718580313652, -19.38944313280612519, -18.04912948749871404 ) ) ;
#4071 = EDGE_CURVE ( 'NONE', #4445, #1862, #6707, .T. ) ;
#4072 = LINE ( 'NONE', #2187, #7435 ) ;
#4073 = AXIS2_PLACEMENT_3D ( 'NONE', #4340, #4608, #3992 ) ;
#4074 = CARTESIAN_POINT ( 'NONE',  ( -139.4987689372590864, -60.38786059464122502, -13.56279912685680600 ) ) ;
#4075 = EDGE_CURVE ( 'NONE', #4408, #5507, #4240, .T. ) ;
#4076 = VERTEX_POINT ( 'NONE', #6082 ) ;
#4077 = EDGE_LOOP ( 'NONE', ( #4600, #642, #4294, #4807 ) ) ;
#4078 = EDGE_CURVE ( 'NONE', #7558, #183, #1115, .T. ) ;
#4079 = LINE ( 'NONE', #6503, #1018 ) ;
#4080 = DIRECTION ( 'NONE',  ( -0.6705919300765819102, -0.7418264374610576972, 0.000000000000000000 ) ) ;
#4081 = ORIENTED_EDGE ( 'NONE', *, *, #5590, .T. ) ;
#4082 = VERTEX_POINT ( 'NONE', #2926 ) ;
#4083 = CARTESIAN_POINT ( 'NONE',  ( -43.80312035850491981, -19.63407057112612009, -20.17659724158216861 ) ) ;
#4084 = CARTESIAN_POINT ( 'NONE',  ( -139.2917638624181507, -60.85403568634835381, -21.91692808353570499 ) ) ;
#4085 = AXIS2_PLACEMENT_3D ( 'NONE', #6230, #3232, #4498 ) ;
#4086 = DIRECTION ( 'NONE',  ( 1.522024630730408022E-16, 6.758551201016278582E-17, 1.000000000000000000 ) ) ;
#4087 = EDGE_LOOP ( 'NONE', ( #2519, #3373 ) ) ;
#4088 = CARTESIAN_POINT ( 'NONE',  ( -45.58390675216035959, -20.55182395082839264, -20.58272969854866830 ) ) ;
#4089 = DIRECTION ( 'NONE',  ( 0.9139452746408242012, 0.4058374489394840356, -8.326672684688669123E-17 ) ) ;
#4090 = B_SPLINE_CURVE_WITH_KNOTS ( 'NONE', 3,
 ( #7209, #923, #3609, #5935 ),
 .UNSPECIFIED., .F., .F.,
 ( 4, 4 ),
 ( 1.734723475976807094E-18, 0.001734576387422747355 ),
 .UNSPECIFIED. ) ;
#4091 = DIRECTION ( 'NONE',  ( -1.522024630730408022E-16, -6.758551201016278582E-17, -1.000000000000000000 ) ) ;
#4092 = ORIENTED_EDGE ( 'NONE', *, *, #6189, .T. ) ;
#4093 = FACE_OUTER_BOUND ( 'NONE', #2372, .T. ) ;
#4094 = AXIS2_PLACEMENT_3D ( 'NONE', #3210, #7598, #3864 ) ;
#4095 = CARTESIAN_POINT ( 'NONE',  ( -82.43270857789077866, -35.26402932394314860, 20.10000000000000853 ) ) ;
#4096 = CARTESIAN_POINT ( 'NONE',  ( -133.0253151000710261, -53.77956025799294082, 2.554497805462627280 ) ) ;
#4097 = LINE ( 'NONE', #4668, #2910 ) ;
#4098 = EDGE_CURVE ( 'NONE', #262, #7584, #5239, .T. ) ;
#4099 = DIRECTION ( 'NONE',  ( 0.6705919300765827984, 0.7418264374610570311, 0.000000000000000000 ) ) ;
#4100 = CARTESIAN_POINT ( 'NONE',  ( -110.7595557283414394, -49.58206716013719273, -14.69999999999999041 ) ) ;
#4101 = DIRECTION ( 'NONE',  ( -0.4058374489394843687, 0.9139452746408243122, -1.232595164407831220E-32 ) ) ;
#4102 = CARTESIAN_POINT ( 'NONE',  ( -54.05790499212249500, -24.45343804802214649, -11.62969681968795754 ) ) ;
#4103 = CARTESIAN_POINT ( 'NONE',  ( -46.93857663051255713, -21.19717066948664907, -20.04512421095782315 ) ) ;
#4104 = CARTESIAN_POINT ( 'NONE',  ( -42.94181481724297811, -14.18160708771710432, -8.007257640316074898 ) ) ;
#4105 = CARTESIAN_POINT ( 'NONE',  ( -128.0002447883276204, -36.89341586161039999, -3.699999999999989964 ) ) ;
#4106 = LINE ( 'NONE', #1513, #5263 ) ;
#4107 = ORIENTED_EDGE ( 'NONE', *, *, #3302, .F. ) ;
#4108 = CARTESIAN_POINT ( 'NONE',  ( -97.61980985088180773, -26.56909085815083316, 12.50000000000000711 ) ) ;
#4109 = AXIS2_PLACEMENT_3D ( 'NONE', #1697, #4819, #7325 ) ;
#4110 = FACE_OUTER_BOUND ( 'NONE', #5755, .T. ) ;
#4111 = ORIENTED_EDGE ( 'NONE', *, *, #2790, .F. ) ;
#4112 = CARTESIAN_POINT ( 'NONE',  ( -141.6092718614449666, -63.02713360437377332, -19.90226640499231792 ) ) ;
#4113 = CARTESIAN_POINT ( 'NONE',  ( -55.89551112104674502, -5.913460396164961885, 3.043695845952513857 ) ) ;
#4114 = CARTESIAN_POINT ( 'NONE',  ( -90.77168937995030262, -7.206466599349266922, 16.60000000000000497 ) ) ;
#4115 = ORIENTED_EDGE ( 'NONE', *, *, #5814, .F. ) ;
#4116 = ORIENTED_EDGE ( 'NONE', *, *, #6668, .T. ) ;
#4117 = CARTESIAN_POINT ( 'NONE',  ( -137.2782838239284899, -60.46030801617820316, -14.70000000000003126 ) ) ;
#4118 = ADVANCED_FACE ( 'NONE', ( #40 ), #1033, .F. ) ;
#4119 = DIRECTION ( 'NONE',  ( 1.522024630730408022E-16, 6.758551201016278582E-17, 1.000000000000000000 ) ) ;
#4120 = ORIENTED_EDGE ( 'NONE', *, *, #1064, .F. ) ;
#4121 = VERTEX_POINT ( 'NONE', #7504 ) ;
#4122 = CARTESIAN_POINT ( 'NONE',  ( -131.7248129391122689, -19.90491316305642044, 15.60000000000001386 ) ) ;
#4123 = CARTESIAN_POINT ( 'NONE',  ( -141.6020171286386926, -63.04347125084873227, -20.04435110445153612 ) ) ;
#4124 = ADVANCED_FACE ( 'NONE', ( #1077 ), #7542, .F. ) ;
#4125 = EDGE_CURVE ( 'NONE', #6341, #6725, #5422, .T. ) ;
#4126 = ORIENTED_EDGE ( 'NONE', *, *, #5925, .F. ) ;
#4127 = CARTESIAN_POINT ( 'NONE',  ( -61.07010901051872054, -34.95773606938510625, -3.700000000000000178 ) ) ;
#4128 = VECTOR ( 'NONE', #2707, 1000.000000000000227 ) ;
#4129 = EDGE_CURVE ( 'NONE', #8026, #1452, #3661, .T. ) ;
#4130 = VERTEX_POINT ( 'NONE', #2540 ) ;
#4131 = CARTESIAN_POINT ( 'NONE',  ( -128.6886435148828980, -49.66554617274175598, -3.183803752492256223 ) ) ;
#4132 = LINE ( 'NONE', #4750, #3413 ) ;
#4133 = VERTEX_POINT ( 'NONE', #2965 ) ;
#4134 = CARTESIAN_POINT ( 'NONE',  ( -123.6772051959113554, -53.56478682087313103, 11.35057829462679990 ) ) ;
#4135 = CARTESIAN_POINT ( 'NONE',  ( -112.2190613517690139, -57.52291526514608933, -11.53708712973693551 ) ) ;
#4136 = CARTESIAN_POINT ( 'NONE',  ( -64.36263831044003325, -29.86060236084584574, 16.18595637156103706 ) ) ;
#4137 = LINE ( 'NONE', #7386, #3953 ) ;
#4138 = ADVANCED_FACE ( 'NONE', ( #3548 ), #4628, .T. ) ;
#4139 = CARTESIAN_POINT ( 'NONE',  ( -71.28587076533449363, -32.67349414714956168, -14.69999999999999751 ) ) ;
#4140 = CARTESIAN_POINT ( 'NONE',  ( -52.56640075190347972, -7.879266015781500876, 0.8272401976827284953 ) ) ;
#4141 = CARTESIAN_POINT ( 'NONE',  ( -82.03622812140737608, -28.12657617209053740, 12.50000000000000533 ) ) ;
#4142 = DIRECTION ( 'NONE',  ( -0.7418264374610570311, 0.6705919300765826874, 6.758551201016277350E-17 ) ) ;
#4143 = CYLINDRICAL_SURFACE ( 'NONE', #429, 9.999999999999994671 ) ;
#4144 = DIRECTION ( 'NONE',  ( -0.9139452746408237571, -0.4058374489394851459, 1.665334536937733825E-16 ) ) ;
#4145 = CARTESIAN_POINT ( 'NONE',  ( -64.31018594272276800, -6.854242177411109971, -9.999999999999998224 ) ) ;
#4146 = EDGE_CURVE ( 'NONE', #1539, #5101, #991, .T. ) ;
#4147 = DIRECTION ( 'NONE',  ( 1.522024630730408022E-16, 6.758551201016278582E-17, 1.000000000000000000 ) ) ;
#4148 = ORIENTED_EDGE ( 'NONE', *, *, #5281, .T. ) ;
#4149 = CARTESIAN_POINT ( 'NONE',  ( -125.0381680901065948, -38.74421432633528184, -14.69999999999998863 ) ) ;
#4150 = AXIS2_PLACEMENT_3D ( 'NONE', #5274, #6353, #3230 ) ;
#4151 = DIRECTION ( 'NONE',  ( 1.522024630730408022E-16, 6.758551201016278582E-17, 1.000000000000000000 ) ) ;
#4152 = ORIENTED_EDGE ( 'NONE', *, *, #1433, .T. ) ;
#4153 = CARTESIAN_POINT ( 'NONE',  ( -137.2705019235008592, -39.25227445904224766, 7.970196636405431079 ) ) ;
#4154 = DIRECTION ( 'NONE',  ( -0.5655949607382193545, 0.8246831757635971760, 2.592735830278071756E-18 ) ) ;
#4155 = CARTESIAN_POINT ( 'NONE',  ( -139.7179424392327292, -59.89428222483154940, -12.25715201020420686 ) ) ;
#4156 = VERTEX_POINT ( 'NONE', #2309 ) ;
#4157 = EDGE_LOOP ( 'NONE', ( #106, #5193 ) ) ;
#4158 = CIRCLE ( 'NONE', #4021, 1.050000000000010703 ) ;
#4159 = CARTESIAN_POINT ( 'NONE',  ( -128.9392662989159248, -49.77683523363004525, -4.914506795439182341 ) ) ;
#4160 = LINE ( 'NONE', #2850, #7821 ) ;
#4161 = EDGE_CURVE ( 'NONE', #2643, #5552, #5644, .T. ) ;
#4162 = VERTEX_POINT ( 'NONE', #4809 ) ;
#4163 = ORIENTED_EDGE ( 'NONE', *, *, #3994, .T. ) ;
#4164 = VECTOR ( 'NONE', #5611, 1000.000000000000114 ) ;
#4165 = CARTESIAN_POINT ( 'NONE',  ( -95.79203009365117794, -20.83375678581510826, -14.69999999999999396 ) ) ;
#4166 = VECTOR ( 'NONE', #688, 1000.000000000000000 ) ;
#4167 = CARTESIAN_POINT ( 'NONE',  ( -131.0107270397799084, -51.25810775116718077, 1.502653868351251210E-14 ) ) ;
#4168 = EDGE_CURVE ( 'NONE', #2541, #4321, #1322, .T. ) ;
#4169 = ORIENTED_EDGE ( 'NONE', *, *, #1225, .T. ) ;
#4170 = CARTESIAN_POINT ( 'NONE',  ( -132.4289344656926630, -20.68383092239052701, 15.60000000000001386 ) ) ;
#4171 = VERTEX_POINT ( 'NONE', #3196 ) ;
#4172 = PLANE ( 'NONE',  #4575 ) ;
#4173 = CARTESIAN_POINT ( 'NONE',  ( -87.59411362507343313, -39.29545133356011632, -14.69999999999999396 ) ) ;
#4174 = VERTEX_POINT ( 'NONE', #3234 ) ;
#4175 = CARTESIAN_POINT ( 'NONE',  ( -127.0365041236460542, -49.86197989157401622, 12.10000000000031761 ) ) ;
#4176 = DIRECTION ( 'NONE',  ( 1.522024630730408022E-16, 6.758551201016278582E-17, 1.000000000000000000 ) ) ;
#4177 =( BOUNDED_SURFACE ( )  B_SPLINE_SURFACE ( 3, 2, ( 
 ( #847, #3360, #7056 ),
 ( #5088, #2039, #7098 ),
 ( #5703, #6482, #1503 ),
 ( #5858, #3283, #2588 ),
 ( #5241, #4012, #3242 ),
 ( #2742, #5780, #1382 ),
 ( #3934, #7591, #1424 ),
 ( #7013, #3895, #236 ),
 ( #771, #5739, #4547 ),
 ( #5125, #7753, #162 ),
 ( #1961, #2130, #121 ),
 ( #4472, #2081, #6523 ),
 ( #5816, #2661, #4630 ),
 ( #7138, #6440, #6400 ),
 ( #5160, #2703, #4590 ),
 ( #7634, #889, #5200 ),
 ( #2625, #3974, #6977 ),
 ( #1465, #1349, #3857 ),
 ( #6363, #7710, #735 ),
 ( #1999, #4507, #7673 ),
 ( #813, #3320, #197 ),
 ( #1677, #3577, #5984 ),
 ( #5901, #4710, #7220 ),
 ( #6072, #6609, #3448 ),
 ( #978, #1065, #4139 ),
 ( #7793, #6737, #6649 ) ),
 .UNSPECIFIED., .F., .F., .F. ) 
 B_SPLINE_SURFACE_WITH_KNOTS ( ( 4, 2, 2, 2, 2, 2, 2, 2, 2, 2, 2, 2, 4 ),
 ( 3, 3 ),
 ( 0.04473162107085131706, 0.04679125751612323025, 0.04885089396139513651, 0.05297016685193894903, 0.05502980329721085528, 0.05708943974248276848, 0.06120871263302658793, 0.06326834907829850807, 0.06532798552357041433, 0.06944725841411422684, 0.07150689485938613310, 0.07356653130465803936, 0.07768580419520185187 ),
 ( 0.000000000000000000, 1.000000000000000000 ),
 .UNSPECIFIED. ) 
 GEOMETRIC_REPRESENTATION_ITEM ( )  RATIONAL_B_SPLINE_SURFACE ( (
 ( 1.000000000000000000, 0.8875621284095462915, 1.000000000000000000),
 ( 1.000000000000000000, 0.8906592811215124916, 1.000000000000000000),
 ( 1.000000000000000000, 0.8938092165748855455, 1.000000000000000000),
 ( 1.000000000000000000, 0.9002078670134600058, 1.000000000000000000),
 ( 1.000000000000000000, 0.9034690857755645066, 1.000000000000000000),
 ( 1.000000000000000000, 0.9132983453768767079, 1.000000000000000000),
 ( 1.000000000000000000, 0.9198387670499008628, 1.000000000000000000),
 ( 1.000000000000000000, 0.9295407273066691456, 1.000000000000000000),
 ( 1.000000000000000000, 0.9327563119819481940, 1.000000000000000000),
 ( 1.000000000000000000, 0.9391316679302212922, 1.000000000000000000),
 ( 1.000000000000000000, 0.9422924701942082537, 1.000000000000000000),
 ( 1.000000000000000000, 0.9514990832386697184, 1.000000000000000000),
 ( 1.000000000000000000, 0.9573283533083883912, 1.000000000000000000),
 ( 1.000000000000000000, 0.9655053468885306245, 1.000000000000000000),
 ( 1.000000000000000000, 0.9681360686669258087, 1.000000000000000000),
 ( 1.000000000000000000, 0.9731832528147361661, 1.000000000000000000),
 ( 1.000000000000000000, 0.9755874422748358477, 1.000000000000000000),
 ( 1.000000000000000000, 0.9823417584991790408, 1.000000000000000000),
 ( 1.000000000000000000, 0.9862701481334011921, 1.000000000000000000),
 ( 1.000000000000000000, 0.9911778991706702291, 1.000000000000000000),
 ( 1.000000000000000000, 0.9926488646693177875, 1.000000000000000000),
 ( 1.000000000000000000, 0.9952282896653307231, 1.000000000000000000),
 ( 1.000000000000000000, 0.9963357971059388918, 1.000000000000000000),
 ( 1.000000000000000000, 0.9990259895782699351, 1.000000000000000000),
 ( 1.000000000000000000, 0.9999969374880127715, 1.000000000000000000),
 ( 1.000000000000000000, 1.000000000000000000, 1.000000000000000000) ) ) 
 REPRESENTATION_ITEM ( '' )  SURFACE ( )  );
#4178 = EDGE_CURVE ( 'NONE', #2566, #3597, #1700, .T. ) ;
#4179 = AXIS2_PLACEMENT_3D ( 'NONE', #5515, #3096, #2441 ) ;
#4180 = VECTOR ( 'NONE', #3657, 1000.000000000000000 ) ;
#4181 = LINE ( 'NONE', #447, #241 ) ;
#4182 = DIRECTION ( 'NONE',  ( -1.626845963769450485E-16, -7.918112367363621246E-17, -1.000000000000000000 ) ) ;
#4183 = DIRECTION ( 'NONE',  ( -0.6705919300765830204, -0.7418264374610568090, 1.506815877521069046E-16 ) ) ;
#4184 = FACE_OUTER_BOUND ( 'NONE', #7549, .T. ) ;
#4185 = DIRECTION ( 'NONE',  ( -1.522024630730408022E-16, -6.758551201016278582E-17, -1.000000000000000000 ) ) ;
#4186 = FACE_BOUND ( 'NONE', #1243, .T. ) ;
#4187 = CARTESIAN_POINT ( 'NONE',  ( -126.5905163582217767, -34.50982628759484072, -12.49999999999998934 ) ) ;
#4188 = CARTESIAN_POINT ( 'NONE',  ( -136.1935442364516007, -38.77405133950198746, -9.664955880659857002 ) ) ;
#4189 = CARTESIAN_POINT ( 'NONE',  ( -82.50917444966155756, -35.39624769211440025, -12.50000000000000888 ) ) ;
#4190 = AXIS2_PLACEMENT_3D ( 'NONE', #2905, #6560, #7255 ) ;
#4191 = CARTESIAN_POINT ( 'NONE',  ( -70.31117565217564902, -38.98837015291091035, 20.10000000000000853 ) ) ;
#4192 = ORIENTED_EDGE ( 'NONE', *, *, #5661, .F. ) ;
#4193 = AXIS2_PLACEMENT_3D ( 'NONE', #5359, #2947, #6640 ) ;
#4194 = ADVANCED_FACE ( 'NONE', ( #4500 ), #2615, .F. ) ;
#4195 = CARTESIAN_POINT ( 'NONE',  ( -52.04956830501875231, -1.409914248188319119, -2.957127002700943752 ) ) ;
#4196 = CARTESIAN_POINT ( 'NONE',  ( -119.2069930385551544, -19.83316473634983623, 10.10000000000001208 ) ) ;
#4197 = ORIENTED_EDGE ( 'NONE', *, *, #6359, .T. ) ;
#4198 = CARTESIAN_POINT ( 'NONE',  ( -75.17762195236082334, -32.35918827218893057, 20.10000000000000497 ) ) ;
#4199 = CARTESIAN_POINT ( 'NONE',  ( -86.83605988275722609, -34.02568100546319840, 16.60000000000000853 ) ) ;
#4200 = FACE_OUTER_BOUND ( 'NONE', #7768, .T. ) ;
#4201 = VERTEX_POINT ( 'NONE', #5694 ) ;
#4202 = EDGE_LOOP ( 'NONE', ( #5020, #1376, #756 ) ) ;
#4203 = AXIS2_PLACEMENT_3D ( 'NONE', #6666, #6749, #6710 ) ;
#4204 = CIRCLE ( 'NONE', #6169, 32.16057989992780364 ) ;
#4205 = ORIENTED_EDGE ( 'NONE', *, *, #5431, .T. ) ;
#4206 = CARTESIAN_POINT ( 'NONE',  ( -119.1864351983565626, -50.42665927199593057, 12.50000000000001243 ) ) ;
#4207 = VECTOR ( 'NONE', #7767, 1000.000000000000114 ) ;
#4208 = LINE ( 'NONE', #6718, #737 ) ;
#4209 = VERTEX_POINT ( 'NONE', #2654 ) ;
#4210 = CARTESIAN_POINT ( 'NONE',  ( -119.1864351983565626, -50.42665927199593767, -10.37867965644033319 ) ) ;
#4211 = CARTESIAN_POINT ( 'NONE',  ( -141.9839722212264803, -62.18330900385105053, -21.84636320225858697 ) ) ;
#4212 = VECTOR ( 'NONE', #5577, 1000.000000000000114 ) ;
#4213 = ORIENTED_EDGE ( 'NONE', *, *, #6131, .F. ) ;
#4215 = EDGE_CURVE ( 'NONE', #7605, #6981, #269, .T. ) ;
#4214 = CARTESIAN_POINT ( 'NONE',  ( -47.12304555070311807, -20.78174696138179200, -21.42914320882808354 ) ) ;
#4216 = AXIS2_PLACEMENT_3D ( 'NONE', #4052, #6647, #361 ) ;
#4217 = VERTEX_POINT ( 'NONE', #7624 ) ;
#4218 = CARTESIAN_POINT ( 'NONE',  ( -87.74221200772909413, -38.96193401680242374, 20.10000000000000853 ) ) ;
#4219 = CARTESIAN_POINT ( 'NONE',  ( -142.5306493866611390, -60.95219291683616802, -11.88755109558931089 ) ) ;
#4220 = CARTESIAN_POINT ( 'NONE',  ( -133.4713661368738826, -37.56526800624851603, 12.10000000000031584 ) ) ;
#4221 = CARTESIAN_POINT ( 'NONE',  ( -111.0492324421764181, -53.97951735093994330, -13.95236750546395221 ) ) ;
#4222 = EDGE_CURVE ( 'NONE', #1786, #4944, #1843, .T. ) ;
#4223 = CARTESIAN_POINT ( 'NONE',  ( -97.52156288153716446, -49.57431521117562312, 20.10000000000000853 ) ) ;
#4224 = CYLINDRICAL_SURFACE ( 'NONE', #3164, 2.099999999999982769 ) ;
#4225 = EDGE_CURVE ( 'NONE', #1785, #4909, #5509, .T. ) ;
#4226 = EDGE_CURVE ( 'NONE', #5316, #7408, #5809, .T. ) ;
#4227 = DIRECTION ( 'NONE',  ( 1.522024630730407529E-16, 6.758551201016273652E-17, 1.000000000000000000 ) ) ;
#4228 = AXIS2_PLACEMENT_3D ( 'NONE', #7764, #1475, #2264 ) ;
#4229 = CARTESIAN_POINT ( 'NONE',  ( -114.8324693310980678, -51.39064466708027368, -14.70000000000038298 ) ) ;
#4230 = VECTOR ( 'NONE', #6946, 1000.000000000000114 ) ;
#4231 = DIRECTION ( 'NONE',  ( -0.6705919300765819102, -0.7418264374610576972, 0.000000000000000000 ) ) ;
#4232 = FACE_OUTER_BOUND ( 'NONE', #3852, .T. ) ;
#4233 = CARTESIAN_POINT ( 'NONE',  ( -110.5491253238948843, 6.488703701174650895, 20.10000000000000853 ) ) ;
#4234 = CIRCLE ( 'NONE', #2789, 2.099999999999982769 ) ;
#4235 = EDGE_CURVE ( 'NONE', #6514, #6177, #6317, .T. ) ;
#4236 = CARTESIAN_POINT ( 'NONE',  ( -90.77168937995030262, -7.206466599349266922, 10.10000000000000675 ) ) ;
#4237 = ORIENTED_EDGE ( 'NONE', *, *, #4736, .F. ) ;
#4238 = AXIS2_PLACEMENT_3D ( 'NONE', #7331, #1577, #4823 ) ;
#4239 = CARTESIAN_POINT ( 'NONE',  ( -139.5017631310550996, -45.66633080257123112, -25.68553390593272923 ) ) ;
#4240 = LINE ( 'NONE', #4196, #535 ) ;
#4241 = ORIENTED_EDGE ( 'NONE', *, *, #1163, .T. ) ;
#4242 = DIRECTION ( 'NONE',  ( -0.6705919300765841307, -0.7418264374610556988, 0.000000000000000000 ) ) ;
#4243 = LINE ( 'NONE', #4772, #4289 ) ;
#4244 = CARTESIAN_POINT ( 'NONE',  ( -146.7922048044906376, -43.41554442436855510, -2.897824700397966691 ) ) ;
#4245 = EDGE_LOOP ( 'NONE', ( #1750, #4815 ) ) ;
#4246 = VERTEX_POINT ( 'NONE', #3313 ) ;
#4247 = CARTESIAN_POINT ( 'NONE',  ( -137.0674099781338100, -60.93519645005331142, -17.39292234708040041 ) ) ;
#4248 = ORIENTED_EDGE ( 'NONE', *, *, #6502, .T. ) ;
#4249 = CARTESIAN_POINT ( 'NONE',  ( -128.8148717456403176, -57.59953122015598836, -12.42293205822603674 ) ) ;
#4250 = CARTESIAN_POINT ( 'NONE',  ( -48.00996560629569387, -2.768139757561922210, -2.419953286813422810 ) ) ;
#4251 = ORIENTED_EDGE ( 'NONE', *, *, #4292, .T. ) ;
#4252 = ADVANCED_FACE ( 'NONE', ( #6933 ), #6971, .F. ) ;
#4253 = DIRECTION ( 'NONE',  ( -0.6705919300765831315, -0.7418264374610566980, 0.000000000000000000 ) ) ;
#4254 = VERTEX_POINT ( 'NONE', #190 ) ;
#4255 = EDGE_CURVE ( 'NONE', #7658, #187, #692, .T. ) ;
#4256 = EDGE_LOOP ( 'NONE', ( #6881, #4564, #3172, #3102 ) ) ;
#4257 = CARTESIAN_POINT ( 'NONE',  ( -139.0654537269721800, -61.36368574312516699, -21.47226132582485292 ) ) ;
#4258 = ORIENTED_EDGE ( 'NONE', *, *, #1899, .F. ) ;
#4259 = CARTESIAN_POINT ( 'NONE',  ( -60.32191739164175459, -5.794262941133040634, 6.906601717798150908 ) ) ;
#4260 = CARTESIAN_POINT ( 'NONE',  ( -61.07010901051872764, -34.95773606938511335, 5.886796564403921295 ) ) ;
#4261 = DIRECTION ( 'NONE',  ( 0.9139452746408242012, 0.4058374489394840912, -2.775557561562889872E-16 ) ) ;
#4262 = DIRECTION ( 'NONE',  ( -0.6705919300765830204, -0.7418264374610566980, 1.522024630730407282E-16 ) ) ;
#4263 = VECTOR ( 'NONE', #3595, 1000.000000000000114 ) ;
#4264 = CARTESIAN_POINT ( 'NONE',  ( -132.3834677706596494, -49.11791825273031264, 2.615635768410170314 ) ) ;
#4265 = DIRECTION ( 'NONE',  ( 1.522024630730408022E-16, 6.758551201016278582E-17, 1.000000000000000000 ) ) ;
#4266 = CARTESIAN_POINT ( 'NONE',  ( -109.1457903838686292, -13.40088016902494061, 20.10000000000000853 ) ) ;
#4267 = CARTESIAN_POINT ( 'NONE',  ( -137.4027120855473640, -60.18009577347979189, -21.93440356030908589 ) ) ;
#4268 = CARTESIAN_POINT ( 'NONE',  ( -135.7661429342352619, -42.00253292241954028, 1.512478193183602490E-14 ) ) ;
#4269 = FACE_BOUND ( 'NONE', #3508, .T. ) ;
#4270 = CARTESIAN_POINT ( 'NONE',  ( -141.8684067827332740, -55.05144052489738726, -5.145681575678676900 ) ) ;
#4271 = PLANE ( 'NONE',  #3309 ) ;
#4272 = VERTEX_POINT ( 'NONE', #5771 ) ;
#4273 = LINE ( 'NONE', #7973, #4063 ) ;
#4274 = CARTESIAN_POINT ( 'NONE',  ( -119.5892608688402845, -57.78250312594511939, 3.860592894813166698 ) ) ;
#4275 = VERTEX_POINT ( 'NONE', #4538 ) ;
#4276 = DIRECTION ( 'NONE',  ( 1.522024630730408022E-16, 6.758551201016278582E-17, 1.000000000000000000 ) ) ;
#4277 = CARTESIAN_POINT ( 'NONE',  ( -128.9108294759020623, -57.64214125550056167, -13.86407909774826486 ) ) ;
#4278 = DIRECTION ( 'NONE',  ( 0.9139452746408235351, 0.4058374489394856455, 0.000000000000000000 ) ) ;
#4280 = ORIENTED_EDGE ( 'NONE', *, *, #6956, .F. ) ;
#4279 = B_SPLINE_CURVE_WITH_KNOTS ( 'NONE', 3,
 ( #1633, #1021, #3533, #5855 ),
 .UNSPECIFIED., .F., .F.,
 ( 4, 4 ),
 ( 0.000000000000000000, 1.000000000000000000 ),
 .UNSPECIFIED. ) ;
#4281 = VERTEX_POINT ( 'NONE', #1417 ) ;
#4282 = FACE_OUTER_BOUND ( 'NONE', #3688, .T. ) ;
#4283 = AXIS2_PLACEMENT_3D ( 'NONE', #913, #1656, #5434 ) ;
#4284 = B_SPLINE_CURVE_WITH_KNOTS ( 'NONE', 3,
 ( #4763, #3001, #7968, #497 ),
 .UNSPECIFIED., .F., .F.,
 ( 4, 4 ),
 ( -9.274943283201991854E-07, 0.09360275521591553127 ),
 .UNSPECIFIED. ) ;
#4285 = EDGE_LOOP ( 'NONE', ( #1087, #4516, #4814 ) ) ;
#4286 = FACE_OUTER_BOUND ( 'NONE', #6386, .T. ) ;
#4287 = CARTESIAN_POINT ( 'NONE',  ( -55.26850397857740660, -25.40793283209290010, -8.433252907769759332 ) ) ;
#4288 = ORIENTED_EDGE ( 'NONE', *, *, #1217, .T. ) ;
#4289 = VECTOR ( 'NONE', #1156, 1000.000000000000000 ) ;
#4290 = CARTESIAN_POINT ( 'NONE',  ( -87.74221200772909413, -38.96193401680242374, -14.69999999999999396 ) ) ;
#4291 = ORIENTED_EDGE ( 'NONE', *, *, #4721, .T. ) ;
#4292 = EDGE_CURVE ( 'NONE', #7916, #1364, #1341, .T. ) ;
#4293 = VECTOR ( 'NONE', #1578, 1000.000000000000000 ) ;
#4294 = ORIENTED_EDGE ( 'NONE', *, *, #6755, .F. ) ;
#4295 = CYLINDRICAL_SURFACE ( 'NONE', #7434, 1.574999999999998623 ) ;
#4296 = ORIENTED_EDGE ( 'NONE', *, *, #2613, .F. ) ;
#4297 = CARTESIAN_POINT ( 'NONE',  ( -144.3497062167453748, -56.85567989542155232, -5.684229895868884164 ) ) ;
#4298 = CIRCLE ( 'NONE', #2202, 37.50000000000002132 ) ;
#4299 = CARTESIAN_POINT ( 'NONE',  ( -60.86954911333407381, -19.10796924526592377, 12.10000000000030340 ) ) ;
#4300 = CARTESIAN_POINT ( 'NONE',  ( -147.5296818366692548, -49.69437997374593863, -2.407444835499550351 ) ) ;
#4301 = ADVANCED_FACE ( 'NONE', ( #3926 ), #764, .F. ) ;
#4302 = CARTESIAN_POINT ( 'NONE',  ( -130.5542465302480934, -40.11136403425582841, -3.913490808474480609 ) ) ;
#4303 = CARTESIAN_POINT ( 'NONE',  ( -92.13949305319582095, -29.05926425758249110, -14.69999999999999396 ) ) ;
#4304 = DIRECTION ( 'NONE',  ( -1.522024630730408022E-16, -6.758551201016278582E-17, -1.000000000000000000 ) ) ;
#4305 = CARTESIAN_POINT ( 'NONE',  ( -122.1780131806131919, -57.26585646287261255, 0.6709491434361247730 ) ) ;
#4306 = FACE_OUTER_BOUND ( 'NONE', #2756, .T. ) ;
#4307 = DIRECTION ( 'NONE',  ( -1.522024630730407529E-16, -6.758551201016273652E-17, -1.000000000000000000 ) ) ;
#4308 = CARTESIAN_POINT ( 'NONE',  ( -136.1202242322501945, -60.25121858576072498, -14.69999999999998330 ) ) ;
#4309 = CARTESIAN_POINT ( 'NONE',  ( -143.2796415643090029, -47.83147670685872299, -0.7677157075141758380 ) ) ;
#4310 = ORIENTED_EDGE ( 'NONE', *, *, #1433, .F. ) ;
#4311 = FACE_OUTER_BOUND ( 'NONE', #6209, .T. ) ;
#4312 = CARTESIAN_POINT ( 'NONE',  ( -141.8092313611132340, -62.57682513649104550, -21.47760852275040477 ) ) ;
#4313 = CARTESIAN_POINT ( 'NONE',  ( -113.8304676623177585, 4.173179491549515590E-16, 20.09999999999999076 ) ) ;
#4314 = EDGE_CURVE ( 'NONE', #7935, #4857, #2179, .T. ) ;
#4315 = CARTESIAN_POINT ( 'NONE',  ( -121.7263994549924320, -54.45189471372253820, -9.958823649688895330 ) ) ;
#4316 = CARTESIAN_POINT ( 'NONE',  ( -141.6092718614449666, -63.02713360437377332, -19.90226640499231792 ) ) ;
#4317 = ORIENTED_EDGE ( 'NONE', *, *, #2491, .T. ) ;
#4318 = VERTEX_POINT ( 'NONE', #5618 ) ;
#4319 = LINE ( 'NONE', #1778, #1267 ) ;
#4320 = AXIS2_PLACEMENT_3D ( 'NONE', #7463, #2421, #7388 ) ;
#4321 = VERTEX_POINT ( 'NONE', #7514 ) ;
#4322 = DIRECTION ( 'NONE',  ( 1.522024630730407529E-16, 6.758551201016273652E-17, 1.000000000000000000 ) ) ;
#4323 = ADVANCED_FACE ( 'NONE', ( #1771 ), #1229, .F. ) ;
#4324 = CARTESIAN_POINT ( 'NONE',  ( -53.07010272154769126, -8.347122726472177234, 1.468577726116369275 ) ) ;
#4325 = ADVANCED_FACE ( 'NONE', ( #8013 ), #6905, .F. ) ;
#4326 = EDGE_LOOP ( 'NONE', ( #2524, #7448, #1626, #434 ) ) ;
#4327 = EDGE_CURVE ( 'NONE', #338, #1867, #1806, .T. ) ;
#4328 = DIRECTION ( 'NONE',  ( 0.4058374489394842577, -0.9139452746408242012, 1.232595164407831220E-32 ) ) ;
#4329 = EDGE_LOOP ( 'NONE', ( #1947, #7701 ) ) ;
#4330 = AXIS2_PLACEMENT_3D ( 'NONE', #1067, #5535, #8005 ) ;
#4331 = CIRCLE ( 'NONE', #914, 2.099999999999996092 ) ;
#4332 = ORIENTED_EDGE ( 'NONE', *, *, #7590, .T. ) ;
#4333 = PLANE ( 'NONE',  #1516 ) ;
#4334 = ORIENTED_EDGE ( 'NONE', *, *, #7198, .T. ) ;
#4335 = CARTESIAN_POINT ( 'NONE',  ( -142.9187776908002832, -60.07812860747000627, -10.06459383812634201 ) ) ;
#4336 = AXIS2_PLACEMENT_3D ( 'NONE', #5153, #5118, #7047 ) ;
#4337 = ORIENTED_EDGE ( 'NONE', *, *, #730, .T. ) ;
#4338 = DIRECTION ( 'NONE',  ( -0.9139452746408240902, -0.4058374489394843132, 2.103983652424190522E-15 ) ) ;
#4339 = STYLED_ITEM ( 'NONE', ( #6462 ), #964 ) ;
#4340 = CARTESIAN_POINT ( 'NONE',  ( -131.7248129391122689, -19.90491316305642044, 15.60000000000001386 ) ) ;
#4341 = CARTESIAN_POINT ( 'NONE',  ( -52.11915492182020415, -1.430801429809509084, -2.888455301525876262 ) ) ;
#4342 = DIRECTION ( 'NONE',  ( -0.9139452746408243122, -0.4058374489394843132, 8.326672684688671588E-17 ) ) ;
#4343 = CARTESIAN_POINT ( 'NONE',  ( -132.3834677706596494, -49.11791825273030554, 2.091485059343373365 ) ) ;
#4344 = CARTESIAN_POINT ( 'NONE',  ( -122.5379849873183247, -57.22700947626415768, 0.1510666963684008102 ) ) ;
#4345 = ADVANCED_FACE ( 'NONE', ( #1309 ), #2393, .F. ) ;
#4346 = CARTESIAN_POINT ( 'NONE',  ( -104.6987753501714451, -53.19648220658017124, 12.50000000000001066 ) ) ;
#4347 = DIRECTION ( 'NONE',  ( 1.522024630730408022E-16, 6.758551201016278582E-17, 1.000000000000000000 ) ) ;
#4348 = STYLED_ITEM ( 'NONE', ( #79 ), #1830 ) ;
#4349 = CARTESIAN_POINT ( 'NONE',  ( -140.3520994611286028, -58.46616173871468192, -9.365797963902382506 ) ) ;
#4350 = EDGE_CURVE ( 'NONE', #5976, #4156, #4434, .T. ) ;
#4351 = PLANE ( 'NONE',  #6335 ) ;
#4352 = ORIENTED_EDGE ( 'NONE', *, *, #5347, .T. ) ;
#4353 = DIRECTION ( 'NONE',  ( -0.6705919300765836866, -0.7418264374610560319, 0.000000000000000000 ) ) ;
#4354 = DIRECTION ( 'NONE',  ( 0.5655949607382337874, -0.8246831757635874061, -3.034831144590984489E-17 ) ) ;
#4355 = FACE_OUTER_BOUND ( 'NONE', #4326, .T. ) ;
#4356 = DIRECTION ( 'NONE',  ( 1.522024630730408022E-16, 6.758551201016278582E-17, 1.000000000000000000 ) ) ;
#4357 = DIRECTION ( 'NONE',  ( 0.6705919300765829094, 0.7418264374610568090, -1.522024630730408022E-16 ) ) ;
#4358 = ORIENTED_EDGE ( 'NONE', *, *, #1765, .T. ) ;
#4359 = ORIENTED_EDGE ( 'NONE', *, *, #3044, .F. ) ;
#4360 = LINE ( 'NONE', #6249, #494 ) ;
#4361 = CIRCLE ( 'NONE', #7762, 7.500000000000007105 ) ;
#4362 = ORIENTED_EDGE ( 'NONE', *, *, #6278, .T. ) ;
#4363 = CARTESIAN_POINT ( 'NONE',  ( -109.4762639920848670, -57.36559220485496269, 15.10000000000001208 ) ) ;
#4364 = CARTESIAN_POINT ( 'NONE',  ( -50.35594295505261897, -6.546887510124872023, -1.729927390892003647 ) ) ;
#4365 = ORIENTED_EDGE ( 'NONE', *, *, #760, .F. ) ;
#4366 = DIRECTION ( 'NONE',  ( -1.522024630730408022E-16, -6.758551201016278582E-17, -1.000000000000000000 ) ) ;
#4367 = ORIENTED_EDGE ( 'NONE', *, *, #1225, .F. ) ;
#4368 = UNCERTAINTY_MEASURE_WITH_UNIT (LENGTH_MEASURE( 1.000000000000000082E-05 ), #7004, 'distance_accuracy_value', 'NONE');
#4369 = EDGE_CURVE ( 'NONE', #2655, #3908, #5893, .T. ) ;
#4370 = B_SPLINE_CURVE_WITH_KNOTS ( 'NONE', 3,
 ( #3739, #8006, #2344, #6152 ),
 .UNSPECIFIED., .F., .F.,
 ( 4, 4 ),
 ( 1.734723475976806902E-18, 0.001737873352893874951 ),
 .UNSPECIFIED. ) ;
#4371 = ORIENTED_EDGE ( 'NONE', *, *, #7073, .F. ) ;
#4372 = CARTESIAN_POINT ( 'NONE',  ( -139.0339916958322988, -61.43457223431299496, -21.38037757456627475 ) ) ;
#4373 = VERTEX_POINT ( 'NONE', #7397 ) ;
#4374 = CARTESIAN_POINT ( 'NONE',  ( -144.5640163084567575, -56.37305391760897777, -5.237502704115603258 ) ) ;
#4375 = VECTOR ( 'NONE', #134, 1000.000000000000000 ) ;
#4376 = APPLICATION_CONTEXT ( 'automotive_design' ) ;
#4377 = ORIENTED_EDGE ( 'NONE', *, *, #1188, .F. ) ;
#4378 = DIRECTION ( 'NONE',  ( 5.002332770984185691E-33, -1.126524526055666913E-32, -1.000000000000000000 ) ) ;
#4379 = B_SPLINE_CURVE_WITH_KNOTS ( 'NONE', 3,
 ( #2467, #4889, #1685, #576, #1725, #3667, #3045, #6156, #1226, #536, #8010, #1803, #6822, #2962, #1190, #3741, #2506, #3081, #5574, #6237 ),
 .UNSPECIFIED., .F., .F.,
 ( 4, 2, 2, 2, 2, 2, 2, 2, 2, 4 ),
 ( 0.000000000000000000, 0.001695993541164383511, 0.003391987082328767021, 0.004239983852910971136, 0.005087980623493175251, 0.006783974164657547920, 0.008479967705821921456, 0.01017596124698629326, 0.01187195478815066679, 0.01356794832931503859 ),
 .UNSPECIFIED. ) ;
#4380 = EDGE_CURVE ( 'NONE', #3776, #4246, #1883, .T. ) ;
#4381 = CARTESIAN_POINT ( 'NONE',  ( -44.61860307009536086, -17.76661608470164566, -22.15000000000000213 ) ) ;
#4382 = CARTESIAN_POINT ( 'NONE',  ( -128.6886435148828980, -49.66554617274175598, -2.213058202862921320 ) ) ;
#4383 = CARTESIAN_POINT ( 'NONE',  ( -128.5499319868668238, -35.37990490412246913, -12.49999999999998934 ) ) ;
#4384 = CARTESIAN_POINT ( 'NONE',  ( -135.8514323294264159, -59.97751417963682030, -21.62526650690076480 ) ) ;
#4385 = CARTESIAN_POINT ( 'NONE',  ( -75.53673998970677417, -11.83939411290284660, -14.69999999999999751 ) ) ;
#4386 = FACE_OUTER_BOUND ( 'NONE', #7272, .T. ) ;
#4387 = AXIS2_PLACEMENT_3D ( 'NONE', #1849, #4435, #619 ) ;
#4388 = EDGE_CURVE ( 'NONE', #1011, #2022, #1532, .T. ) ;
#4389 = CARTESIAN_POINT ( 'NONE',  ( -117.0946284588139150, -17.49641145834750233, 16.60000000000001208 ) ) ;
#4390 = ORIENTED_EDGE ( 'NONE', *, *, #44, .T. ) ;
#4391 = B_SPLINE_CURVE_WITH_KNOTS ( 'NONE', 3,
 ( #685, #3188, #6508, #6676, #345, #7287, #6596, #1659, #6009, #7905, #2729, #1046, #3517, #5353, #2854, #7123, #4083, #4039 ),
 .UNSPECIFIED., .F., .F.,
 ( 4, 2, 2, 2, 1, 1, 2, 2, 2, 4 ),
 ( 0.000000000000000000, 0.2500000000000243694, 0.3750000000000389133, 0.4375000000000440203, 0.4687500000000443534, 0.4843750000000433542, 0.4921875000000427991, 0.5000000000000422995, 0.7500000000000210942, 1.000000000000000000 ),
 .UNSPECIFIED. ) ;
#4392 = DIRECTION ( 'NONE',  ( -0.6705919300765831315, -0.7418264374610566980, 1.472687803492762739E-16 ) ) ;
#4393 = DIRECTION ( 'NONE',  ( -0.8246831757635874061, -0.5655949607382337874, 1.637448356179767628E-16 ) ) ;
#4394 = CARTESIAN_POINT ( 'NONE',  ( -78.14499124294971466, -35.64177025795410714, 10.10000000000000675 ) ) ;
#4395 = DIRECTION ( 'NONE',  ( -0.6705919300765826874, -0.7418264374610571421, 0.000000000000000000 ) ) ;
#4396 = LINE ( 'NONE', #5091, #2558 ) ;
#4397 = ORIENTED_EDGE ( 'NONE', *, *, #451, .T. ) ;
#4398 = LINE ( 'NONE', #2046, #6836 ) ;
#4399 = ORIENTED_EDGE ( 'NONE', *, *, #2702, .F. ) ;
#4400 = CARTESIAN_POINT ( 'NONE',  ( -91.11105216245707084, -30.29549305777610968, 14.50000000000000888 ) ) ;
#4401 = ORIENTED_EDGE ( 'NONE', *, *, #7982, .F. ) ;
#4402 = CARTESIAN_POINT ( 'NONE',  ( -79.69293320283669857, 3.199845865316033766, 15.60000000000000497 ) ) ;
#4403 = PLANE ( 'NONE',  #640 ) ;
#4404 = ORIENTED_EDGE ( 'NONE', *, *, #2127, .T. ) ;
#4405 = CARTESIAN_POINT ( 'NONE',  ( -128.6886435148828980, -49.66554617274176309, -4.154549302121592014 ) ) ;
#4406 = CARTESIAN_POINT ( 'NONE',  ( -97.71805682022572626, -3.563866505125225181, 18.10000000000000497 ) ) ;
#4407 = AXIS2_PLACEMENT_3D ( 'NONE', #1547, #4056, #6738 ) ;
#4408 = VERTEX_POINT ( 'NONE', #2470 ) ;
#4409 = B_SPLINE_CURVE_WITH_KNOTS ( 'NONE', 3,
 ( #5360, #4004, #3524, #6513 ),
 .UNSPECIFIED., .F., .F.,
 ( 4, 4 ),
 ( 0.009683290353204011824, 0.01139732531143767755 ),
 .UNSPECIFIED. ) ;
#4410 = EDGE_CURVE ( 'NONE', #1786, #557, #659, .T. ) ;
#4411 = CIRCLE ( 'NONE', #1918, 1.574999999999997735 ) ;
#4412 = ORIENTED_EDGE ( 'NONE', *, *, #954, .T. ) ;
#4413 = CARTESIAN_POINT ( 'NONE',  ( -61.46335767044103449, -35.28626826135906924, -6.289805417401427512 ) ) ;
#4414 = VERTEX_POINT ( 'NONE', #5541 ) ;
#4415 = CARTESIAN_POINT ( 'NONE',  ( -137.7739505052872460, -59.34406745629755875, -22.14999999999998437 ) ) ;
#4416 = ORIENTED_EDGE ( 'NONE', *, *, #129, .T. ) ;
#4417 = CARTESIAN_POINT ( 'NONE',  ( -130.5973601839980347, -40.12700809052773110, 20.10000000000001208 ) ) ;
#4418 = DIRECTION ( 'NONE',  ( 0.6705919300765827984, 0.7418264374610570311, 0.000000000000000000 ) ) ;
#4419 = AXIS2_PLACEMENT_3D ( 'NONE', #4859, #585, #4936 ) ;
#4420 = CARTESIAN_POINT ( 'NONE',  ( -137.6630385457871455, -59.30186323798569248, -22.14999999999998082 ) ) ;
#4421 = DIRECTION ( 'NONE',  ( 0.000000000000000000, 0.000000000000000000, 1.000000000000000000 ) ) ;
#4422 = ADVANCED_FACE ( 'NONE', ( #7473 ), #6826, .T. ) ;
#4423 = DIRECTION ( 'NONE',  ( -0.6705919300765831315, -0.7418264374610568090, 1.309225264888155391E-16 ) ) ;
#4424 = CARTESIAN_POINT ( 'NONE',  ( -61.62955275676109324, -5.659389023227251236, 7.976518207551501760 ) ) ;
#4425 = ORIENTED_EDGE ( 'NONE', *, *, #2870, .T. ) ;
#4426 = CARTESIAN_POINT ( 'NONE',  ( -123.6025897159694011, -57.14510129187369358, -1.445284359758826298 ) ) ;
#4427 = CIRCLE ( 'NONE', #6923, 2.100000000000001865 ) ;
#4428 = CYLINDRICAL_SURFACE ( 'NONE', #6241, 37.50000000000001421 ) ;
#4429 = ADVANCED_FACE ( 'NONE', ( #1269 ), #4177, .F. ) ;
#4430 = CARTESIAN_POINT ( 'NONE',  ( -140.6396889982299285, -57.81901461770942774, -8.331856359358086550 ) ) ;
#4431 = DIRECTION ( 'NONE',  ( 0.4058374489394843687, -0.9139452746408243122, 1.232595164407831220E-32 ) ) ;
#4432 = EDGE_LOOP ( 'NONE', ( #7398, #6126, #5841, #4081 ) ) ;
#4433 = EDGE_CURVE ( 'NONE', #5316, #3875, #5944, .T. ) ;
#4434 = LINE ( 'NONE', #6941, #4212 ) ;
#4435 = DIRECTION ( 'NONE',  ( 1.522024630730408022E-16, 6.758551201016278582E-17, 1.000000000000000000 ) ) ;
#4436 = DIRECTION ( 'NONE',  ( -0.6705919300765831315, -0.7418264374610566980, 1.942089013844936648E-16 ) ) ;
#4437 = CARTESIAN_POINT ( 'NONE',  ( -93.88064027476593765, -25.79306786282495878, -6.281814626196207563 ) ) ;
#4438 = DIRECTION ( 'NONE',  ( -1.522024630730408022E-16, -6.758551201016278582E-17, -1.000000000000000000 ) ) ;
#4439 = CARTESIAN_POINT ( 'NONE',  ( -123.4155483435690286, -57.16758160005831968, -1.178941080319537482 ) ) ;
#4440 = ORIENTED_EDGE ( 'NONE', *, *, #3631, .F. ) ;
#4441 = DIRECTION ( 'NONE',  ( -0.6705919300765826874, -0.7418264374610571421, 0.000000000000000000 ) ) ;
#4442 = ORIENTED_EDGE ( 'NONE', *, *, #6863, .T. ) ;
#4443 = CARTESIAN_POINT ( 'NONE',  ( -57.90430310642140199, -27.65786362646504770, 10.21329279767407883 ) ) ;
#4444 = PLANE ( 'NONE',  #7061 ) ;
#4445 = VERTEX_POINT ( 'NONE', #2341 ) ;
#4446 = CARTESIAN_POINT ( 'NONE',  ( -50.45177368901697434, -4.661314089373903791, -2.407444835499592983 ) ) ;
#4447 = DIRECTION ( 'NONE',  ( -0.7418264374610570311, 0.6705919300765826874, 6.758551201016277350E-17 ) ) ;
#4448 = CARTESIAN_POINT ( 'NONE',  ( -52.82008629512726827, -23.85404260535866783, -13.66539293457146442 ) ) ;
#4449 = ORIENTED_EDGE ( 'NONE', *, *, #6025, .T. ) ;
#4450 = EDGE_CURVE ( 'NONE', #5629, #4133, #6310, .T. ) ;
#4451 = CARTESIAN_POINT ( 'NONE',  ( -101.2046617022203776, -43.69797982398730340, -37.50000000000001421 ) ) ;
#4452 = VECTOR ( 'NONE', #4328, 1000.000000000000114 ) ;
#4453 = AXIS2_PLACEMENT_3D ( 'NONE', #7541, #6149, #5650 ) ;
#4454 = ORIENTED_EDGE ( 'NONE', *, *, #1580, .T. ) ;
#4455 = CARTESIAN_POINT ( 'NONE',  ( -137.3299700694657304, -60.34447954959691884, -21.82945965460055504 ) ) ;
#4456 = EDGE_LOOP ( 'NONE', ( #2559, #1811 ) ) ;
#4457 = DIRECTION ( 'NONE',  ( -0.6705919300765831315, -0.7418264374610566980, 1.732456293792754811E-16 ) ) ;
#4458 = ADVANCED_FACE ( 'NONE', ( #365 ), #449, .F. ) ;
#4459 = VECTOR ( 'NONE', #2162, 1000.000000000000000 ) ;
#4460 = CARTESIAN_POINT ( 'NONE',  ( -80.39705472941710696, 2.420928105981922318, 22.50000000000000355 ) ) ;
#4461 = APPLICATION_PROTOCOL_DEFINITION ( 'draft international standard', 'automotive_design', 1998, #4376 ) ;
#4462 = AXIS2_PLACEMENT_3D ( 'NONE', #7266, #4185, #1637 ) ;
#4463 = DIRECTION ( 'NONE',  ( -0.6705919300765862401, -0.7418264374610538114, 0.000000000000000000 ) ) ;
#4464 = CARTESIAN_POINT ( 'NONE',  ( -135.8514323294264159, -59.97751417963682030, -21.62526650690076480 ) ) ;
#4465 = ORIENTED_EDGE ( 'NONE', *, *, #3589, .T. ) ;
#4466 = CARTESIAN_POINT ( 'NONE',  ( -114.7298246113419964, -54.93190031347930358, 16.50113781887952058 ) ) ;
#4467 = CYLINDRICAL_SURFACE ( 'NONE', #3112, 2.100000000000003197 ) ;
#4468 = CARTESIAN_POINT ( 'NONE',  ( -51.73464006205952614, -1.772301104737623811, -2.927881913502050182 ) ) ;
#4469 = ADVANCED_FACE ( 'NONE', ( #2828 ), #1717, .F. ) ;
#4470 = EDGE_CURVE ( 'NONE', #3707, #4553, #411, .T. ) ;
#4471 = LINE ( 'NONE', #6976, #6315 ) ;
#4472 = CARTESIAN_POINT ( 'NONE',  ( -60.73470132675111444, -27.36852784085017021, -14.69999999999989093 ) ) ;
#4473 = CARTESIAN_POINT ( 'NONE',  ( -128.5499319868668238, -35.37990490412248334, -10.37867965644032608 ) ) ;
#4474 = DIRECTION ( 'NONE',  ( -1.522024630730408022E-16, -6.758551201016278582E-17, -1.000000000000000000 ) ) ;
#4475 = CARTESIAN_POINT ( 'NONE',  ( -123.0366537452891151, -57.18924795138084960, -3.527744992242752176 ) ) ;
#4476 = DIRECTION ( 'NONE',  ( 1.522024630730408022E-16, 6.758551201016278582E-17, 1.000000000000000000 ) ) ;
#4477 = FACE_OUTER_BOUND ( 'NONE', #7947, .T. ) ;
#4478 = EDGE_LOOP ( 'NONE', ( #2649, #2227, #2605, #5712 ) ) ;
#4479 = DIRECTION ( 'NONE',  ( 1.000000000000000000, 0.000000000000000000, 0.000000000000000000 ) ) ;
#4480 = EDGE_CURVE ( 'NONE', #7851, #6417, #1445, .T. ) ;
#4481 = ORIENTED_EDGE ( 'NONE', *, *, #954, .F. ) ;
#4482 = CARTESIAN_POINT ( 'NONE',  ( -61.03158278432157147, -19.45480424815912102, 12.33274034039408029 ) ) ;
#4483 = CYLINDRICAL_SURFACE ( 'NONE', #2866, 1.124999999999998446 ) ;
#4484 = ORIENTED_EDGE ( 'NONE', *, *, #4524, .T. ) ;
#4485 = FACE_OUTER_BOUND ( 'NONE', #7395, .T. ) ;
#4486 = DIRECTION ( 'NONE',  ( -1.522024630730408022E-16, -6.758551201016278582E-17, -1.000000000000000000 ) ) ;
#4487 = CARTESIAN_POINT ( 'NONE',  ( -50.21399160422860319, -5.196798957402883445, -2.397531466759301733 ) ) ;
#4488 = ORIENTED_EDGE ( 'NONE', *, *, #1958, .T. ) ;
#4489 = CIRCLE ( 'NONE', #942, 1.050000000000006928 ) ;
#4490 = ADVANCED_FACE ( 'NONE', ( #1593 ), #7303, .T. ) ;
#4491 = CARTESIAN_POINT ( 'NONE',  ( -45.28825881511833273, -16.28953987486784527, -9.417937398946373051 ) ) ;
#4492 = ORIENTED_EDGE ( 'NONE', *, *, #4567, .T. ) ;
#4493 = CARTESIAN_POINT ( 'NONE',  ( -82.43270857789077866, -35.26402932394314860, 22.50000000000001066 ) ) ;
#4494 = ORIENTED_EDGE ( 'NONE', *, *, #6690, .T. ) ;
#4495 = FACE_OUTER_BOUND ( 'NONE', #5441, .T. ) ;
#4496 = EDGE_CURVE ( 'NONE', #2528, #6981, #909, .T. ) ;
#4497 = CARTESIAN_POINT ( 'NONE',  ( -108.0680209389240360, -55.80775668618674246, 15.10000000000001208 ) ) ;
#4498 = DIRECTION ( 'NONE',  ( -0.6705919300765827984, -0.7418264374610570311, 0.000000000000000000 ) ) ;
#4499 = DIRECTION ( 'NONE',  ( -0.6705919300765827984, -0.7418264374610570311, 0.000000000000000000 ) ) ;
#4500 = FACE_OUTER_BOUND ( 'NONE', #6619, .T. ) ;
#4501 = EDGE_LOOP ( 'NONE', ( #1353, #7201, #5134, #4031 ) ) ;
#4502 = CARTESIAN_POINT ( 'NONE',  ( -119.1046141267038223, -52.60090677136665249, 15.85241076678846284 ) ) ;
#4503 = LINE ( 'NONE', #5156, #876 ) ;
#4504 = CARTESIAN_POINT ( 'NONE',  ( -140.3609628795166202, -58.44620255538197284, -9.331811123136560582 ) ) ;
#4505 = FACE_OUTER_BOUND ( 'NONE', #7008, .T. ) ;
#4506 = EDGE_CURVE ( 'NONE', #591, #1615, #4595, .T. ) ;
#4507 = CARTESIAN_POINT ( 'NONE',  ( -68.32160686147858542, -32.23157281808853014, -14.21751472022765306 ) ) ;
#4508 = CARTESIAN_POINT ( 'NONE',  ( -122.8468077904421705, -54.94941209607976162, -14.69999999999919105 ) ) ;
#4509 = DIRECTION ( 'NONE',  ( 0.6705919300765829094, 0.7418264374610568090, -1.326211790879754574E-16 ) ) ;
#4510 = CARTESIAN_POINT ( 'NONE',  ( -136.9621861826337295, -61.17215939002594638, -20.04512421095792618 ) ) ;
#4511 = VERTEX_POINT ( 'NONE', #2913 ) ;
#4512 = DIRECTION ( 'NONE',  ( -0.6705919300765831315, -0.7418264374610566980, 0.000000000000000000 ) ) ;
#4513 = VERTEX_POINT ( 'NONE', #7264 ) ;
#4514 = LINE ( 'NONE', #2711, #2530 ) ;
#4515 = VECTOR ( 'NONE', #4347, 1000.000000000000000 ) ;
#4516 = ORIENTED_EDGE ( 'NONE', *, *, #469, .F. ) ;
#4517 = CARTESIAN_POINT ( 'NONE',  ( -59.06890756689057298, -29.57165053423760526, 11.12183040370313769 ) ) ;
#4518 = CARTESIAN_POINT ( 'NONE',  ( -46.93842470732170824, -21.19751280026524043, -20.31630695402710174 ) ) ;
#4519 = ORIENTED_EDGE ( 'NONE', *, *, #7377, .F. ) ;
#4520 = CARTESIAN_POINT ( 'NONE',  ( -42.99502750210959334, -14.06177220798600658, -7.845790856426384963 ) ) ;
#4521 = FACE_OUTER_BOUND ( 'NONE', #5969, .T. ) ;
#4522 = DIRECTION ( 'NONE',  ( 0.9139452746408235351, 0.4058374489394856455, 0.000000000000000000 ) ) ;
#4523 = ORIENTED_EDGE ( 'NONE', *, *, #5991, .T. ) ;
#4524 = EDGE_CURVE ( 'NONE', #6807, #49, #7179, .T. ) ;
#4525 = AXIS2_PLACEMENT_3D ( 'NONE', #4095, #2740, #5978 ) ;
#4526 = CARTESIAN_POINT ( 'NONE',  ( -45.29647978728935698, -16.27102756746938894, -9.386224972596220795 ) ) ;
#4527 = B_SPLINE_CURVE_WITH_KNOTS ( 'NONE', 3,
 ( #6453, #7110, #3375, #6618 ),
 .UNSPECIFIED., .F., .F.,
 ( 4, 4 ),
 ( 0.001468447187514235371, 0.003476539617912772443 ),
 .UNSPECIFIED. ) ;
#4528 = EDGE_LOOP ( 'NONE', ( #5792, #2684, #3227, #2548 ) ) ;
#4529 = EDGE_LOOP ( 'NONE', ( #3879, #1696, #2639, #2490 ) ) ;
#4530 =( BOUNDED_SURFACE ( )  B_SPLINE_SURFACE ( 3, 2, ( 
 ( #1520, #950, #863 ),
 ( #7193, #5918, #4029 ),
 ( #3421, #7770, #1481 ),
 ( #904, #3988, #381 ),
 ( #5960, #2807, #2718 ),
 ( #2886, #7810, #1609 ),
 ( #4113, #3378, #6621 ),
 ( #4688, #5832, #7849 ),
 ( #1440, #5873, #215 ),
 ( #1562, #335, #2844 ),
 ( #5386, #2229, #825 ),
 ( #2762, #2145, #7892 ) ),
 .UNSPECIFIED., .F., .F., .F. ) 
 B_SPLINE_SURFACE_WITH_KNOTS ( ( 4, 2, 2, 2, 2, 4 ),
 ( 3, 3 ),
 ( 0.000000000000000000, 0.001703284384590954791, 0.003406568769181909581, 0.006813137538363819162, 0.01021970630754572874, 0.01362627507672763832 ),
 ( 0.000000000000000000, 0.1688826194441463979 ),
 .UNSPECIFIED. ) 
 GEOMETRIC_REPRESENTATION_ITEM ( )  RATIONAL_B_SPLINE_SURFACE ( (
 ( 1.000000000000000000, 0.9680917926475478552, 0.9469610685739939804),
 ( 1.000000000000000000, 0.9669811878222078771, 0.9451149826274554133),
 ( 1.000000000000000000, 0.9659157471317052490, 0.9433439700757990654),
 ( 1.000000000000000000, 0.9638974818915373444, 0.9399891394364485731),
 ( 1.000000000000000000, 0.9629445329846738622, 0.9384051146378966646),
 ( 1.000000000000000000, 0.9602580378724163701, 0.9339395290767454894),
 ( 1.000000000000000000, 0.9586970800972198781, 0.9313448508021862082),
 ( 1.000000000000000000, 0.9559725538616732354, 0.9268160485858998321),
 ( 1.000000000000000000, 0.9548073030211342571, 0.9248791281333412773),
 ( 1.000000000000000000, 0.9527992017866583341, 0.9215411924575640512),
 ( 1.000000000000000000, 0.9519564456380048556, 0.9201403338921316788),
 ( 1.000000000000000000, 0.9512448760419273119, 0.9189575381745813676) ) ) 
 REPRESENTATION_ITEM ( '' )  SURFACE ( )  );
#4531 = CARTESIAN_POINT ( 'NONE',  ( -129.5691215997738084, -39.75390535222185662, -8.613734420395884328 ) ) ;
#4532 = ORIENTED_EDGE ( 'NONE', *, *, #3537, .F. ) ;
#4533 = CARTESIAN_POINT ( 'NONE',  ( -128.3134443230859745, -57.49191136672044422, -9.097890124422148617 ) ) ;
#4534 = ADVANCED_FACE ( 'NONE', ( #1546 ), #4797, .T. ) ;
#4535 = DIRECTION ( 'NONE',  ( -0.3410952497571361208, 0.9400287392378581242, -3.937236210573720416E-17 ) ) ;
#4536 = AXIS2_PLACEMENT_3D ( 'NONE', #1412, #5728, #5116 ) ;
#4537 = CARTESIAN_POINT ( 'NONE',  ( -46.37942304120421255, -18.76032256235043860, -22.15000000000000213 ) ) ;
#4538 = CARTESIAN_POINT ( 'NONE',  ( -70.95586753299323846, -15.22852213210999750, -15.33876833389872196 ) ) ;
#4539 = ORIENTED_EDGE ( 'NONE', *, *, #3295, .F. ) ;
#4540 = DIRECTION ( 'NONE',  ( 0.8969125607647973064, 0.3254502773738818799, -0.2993826569786517400 ) ) ;
#4541 = AXIS2_PLACEMENT_3D ( 'NONE', #5783, #4474, #4436 ) ;
#4542 = DIRECTION ( 'NONE',  ( 2.119640610897579895E-15, -5.887902608342234455E-15, -1.000000000000000000 ) ) ;
#4543 = FACE_BOUND ( 'NONE', #1035, .T. ) ;
#4544 = VECTOR ( 'NONE', #1988, 1000.000000000000114 ) ;
#4545 = B_SPLINE_CURVE_WITH_KNOTS ( 'NONE', 3,
 ( #4895, #7277, #7399, #7318, #380, #1773, #2843, #7848, #3007, #4112 ),
 .UNSPECIFIED., .F., .F.,
 ( 4, 2, 2, 2, 4 ),
 ( 0.000000000000000000, 0.2499999999999981126, 0.4999999999999962252, 0.7499999999999981126, 1.000000000000000000 ),
 .UNSPECIFIED. ) ;
#4546 = CARTESIAN_POINT ( 'NONE',  ( -118.1508107486845205, -18.66478809734867284, 20.10000000000000853 ) ) ;
#4547 = CARTESIAN_POINT ( 'NONE',  ( -64.47715935378063534, -36.55319491838172041, -11.13232148521306897 ) ) ;
#4548 = CARTESIAN_POINT ( 'NONE',  ( -111.4040739463380163, -55.56274922630377233, -13.16963693493795517 ) ) ;
#4549 = CARTESIAN_POINT ( 'NONE',  ( -41.12308205564724517, -18.27739030742559123, -20.87902610300148254 ) ) ;
#4550 = DIRECTION ( 'NONE',  ( 1.522024630730408022E-16, 6.758551201016278582E-17, 1.000000000000000000 ) ) ;
#4551 = CARTESIAN_POINT ( 'NONE',  ( -97.61980985088180773, -26.56909085815083316, 12.50000000000000711 ) ) ;
#4552 = CARTESIAN_POINT ( 'NONE',  ( -134.5819707994962471, -38.05843206712304294, 5.500000000000013323 ) ) ;
#4553 = VERTEX_POINT ( 'NONE', #6272 ) ;
#4554 = CARTESIAN_POINT ( 'NONE',  ( -76.03262666320847529, -33.30501697995178034, 10.10000000000000675 ) ) ;
#4555 = ORIENTED_EDGE ( 'NONE', *, *, #1766, .T. ) ;
#4556 = CARTESIAN_POINT ( 'NONE',  ( -46.96873043791446634, -21.12926434428324285, -20.71584643663987535 ) ) ;
#4557 = ADVANCED_FACE ( 'NONE', ( #5491 ), #3038, .T. ) ;
#4558 = B_SPLINE_CURVE_WITH_KNOTS ( 'NONE', 3,
 ( #7921, #1836, #2296, #1105 ),
 .UNSPECIFIED., .F., .F.,
 ( 4, 4 ),
 ( 0.0001136887581542199053, 0.007134225640590861721 ),
 .UNSPECIFIED. ) ;
#4559 = DIRECTION ( 'NONE',  ( -1.522024630730408022E-16, -6.758551201016278582E-17, -1.000000000000000000 ) ) ;
#4560 = VERTEX_POINT ( 'NONE', #4382 ) ;
#4561 = CARTESIAN_POINT ( 'NONE',  ( -45.72433358231377554, -7.915379356440578995, -2.886959476949469749 ) ) ;
#4562 = CARTESIAN_POINT ( 'NONE',  ( -59.08537907867822270, -4.534166405107733944, 5.152885616723255957 ) ) ;
#4563 = CARTESIAN_POINT ( 'NONE',  ( -128.6886435148828980, -49.66554617274176309, -4.154549302121592014 ) ) ;
#4564 = ORIENTED_EDGE ( 'NONE', *, *, #5967, .T. ) ;
#4565 = AXIS2_PLACEMENT_3D ( 'NONE', #2295, #1675, #6691 ) ;
#4566 = EDGE_CURVE ( 'NONE', #7172, #5552, #5531, .T. ) ;
#4567 = EDGE_CURVE ( 'NONE', #7595, #2189, #3154, .T. ) ;
#4568 = EDGE_CURVE ( 'NONE', #184, #4272, #1983, .T. ) ;
#4569 = CARTESIAN_POINT ( 'NONE',  ( -44.31519806397111694, -18.48087046888561602, -14.49187708626436688 ) ) ;
#4570 = VERTEX_POINT ( 'NONE', #6857 ) ;
#4571 = ORIENTED_EDGE ( 'NONE', *, *, #1257, .F. ) ;
#4572 = CARTESIAN_POINT ( 'NONE',  ( -137.1884862962835996, -60.66253271669426539, -21.53752788365969906 ) ) ;
#4573 = CARTESIAN_POINT ( 'NONE',  ( -137.0171038512542054, -61.04869804140099632, -18.36649625976085076 ) ) ;
#4574 = VECTOR ( 'NONE', #1821, 1000.000000000000000 ) ;
#4575 = AXIS2_PLACEMENT_3D ( 'NONE', #6601, #7128, #6558 ) ;
#4576 = ORIENTED_EDGE ( 'NONE', *, *, #3117, .T. ) ;
#4577 = CARTESIAN_POINT ( 'NONE',  ( -46.26933180663034761, -19.00824784347245355, -22.13619651029518920 ) ) ;
#4578 = DIRECTION ( 'NONE',  ( 0.6705919300765829094, 0.7418264374610568090, -1.326211790879754574E-16 ) ) ;
#4579 = B_SPLINE_CURVE_WITH_KNOTS ( 'NONE', 3,
 ( #7449, #4249, #6171, #3719, #5513, #8024 ),
 .UNSPECIFIED., .F., .F.,
 ( 4, 2, 4 ),
 ( 0.000000000000000000, 0.002487884257853918007, 0.004975768515707836015 ),
 .UNSPECIFIED. ) ;
#4580 = CARTESIAN_POINT ( 'NONE',  ( -129.7509411967948836, -47.94894468434839041, -4.914506795439177900 ) ) ;
#4581 = ORIENTED_EDGE ( 'NONE', *, *, #4161, .F. ) ;
#4582 = CARTESIAN_POINT ( 'NONE',  ( -119.1222992672656176, -57.91949937707948948, 4.315760646191264094 ) ) ;
#4583 = CARTESIAN_POINT ( 'NONE',  ( -61.47460502499022539, -35.29565400163085087, -6.346206560365161842 ) ) ;
#4584 = VECTOR ( 'NONE', #4276, 1000.000000000000000 ) ;
#4585 = CARTESIAN_POINT ( 'NONE',  ( -140.1789953522814187, -62.64577092607613196, -6.916224157155639318 ) ) ;
#4586 = AXIS2_PLACEMENT_3D ( 'NONE', #6018, #271, #4046 ) ;
#4587 = VECTOR ( 'NONE', #1914, 1000.000000000000114 ) ;
#4588 = CARTESIAN_POINT ( 'NONE',  ( -126.8816315188642250, -57.20774601341035748, -8.433252907769118067 ) ) ;
#4589 = EDGE_CURVE ( 'NONE', #972, #6338, #4849, .T. ) ;
#4590 = CARTESIAN_POINT ( 'NONE',  ( -66.86793129021512527, -35.78647265627282081, -13.16963693493886289 ) ) ;
#4591 = CARTESIAN_POINT ( 'NONE',  ( -121.0281926933883341, -54.14185596326630190, -14.70000000000031015 ) ) ;
#4592 = CARTESIAN_POINT ( 'NONE',  ( -41.07727959127227990, -18.38053738266911807, -20.46716776084002731 ) ) ;
#4593 = DIRECTION ( 'NONE',  ( -0.6705919300765830204, -0.7418264374610565870, 1.618183019125878364E-16 ) ) ;
#4594 = LINE ( 'NONE', #3540, #5008 ) ;
#4595 = CIRCLE ( 'NONE', #4669, 1.124999999999998446 ) ;
#4596 = CARTESIAN_POINT ( 'NONE',  ( -123.0283308189108595, -57.18982772407447612, -2.840337392272740402 ) ) ;
#4597 = ORIENTED_EDGE ( 'NONE', *, *, #1832, .T. ) ;
#4598 = DIRECTION ( 'NONE',  ( 0.4058374489395154550, -0.9139452746408102124, -5.669937756276020950E-30 ) ) ;
#4599 = EDGE_CURVE ( 'NONE', #1539, #3510, #4055, .T. ) ;
#4600 = ORIENTED_EDGE ( 'NONE', *, *, #6987, .F. ) ;
#4601 = CIRCLE ( 'NONE', #5004, 1.124999999999998446 ) ;
#4602 = DIRECTION ( 'NONE',  ( 0.6705919300765826874, 0.7418264374610571421, 0.000000000000000000 ) ) ;
#4603 = CARTESIAN_POINT ( 'NONE',  ( -89.50961297396496263, -47.55598454486987237, 18.10000000000000497 ) ) ;
#4604 = ORIENTED_EDGE ( 'NONE', *, *, #1684, .T. ) ;
#4605 = CARTESIAN_POINT ( 'NONE',  ( -43.81712747487681270, -19.60252656784884095, -19.90226640499236410 ) ) ;
#4606 = CARTESIAN_POINT ( 'NONE',  ( -149.1385086328923251, -46.07130464650364843, -2.675592887094414341 ) ) ;
#4607 = ORIENTED_EDGE ( 'NONE', *, *, #180, .F. ) ;
#4608 = DIRECTION ( 'NONE',  ( 1.522024630730408022E-16, 6.758551201016278582E-17, 1.000000000000000000 ) ) ;
#4609 = CARTESIAN_POINT ( 'NONE',  ( -97.61980985088182194, -26.56909085815083671, -14.69999999999999396 ) ) ;
#4610 = CARTESIAN_POINT ( 'NONE',  ( -51.53903425301362518, -2.212805068422948551, -2.783677907390604833 ) ) ;
#4611 = VECTOR ( 'NONE', #7279, 1000.000000000000000 ) ;
#4612 = ORIENTED_EDGE ( 'NONE', *, *, #1336, .T. ) ;
#4613 = ORIENTED_EDGE ( 'NONE', *, *, #3699, .T. ) ;
#4614 = AXIS2_PLACEMENT_3D ( 'NONE', #2324, #5930, #2940 ) ;
#4615 = CARTESIAN_POINT ( 'NONE',  ( -128.4163111975860829, -14.71263671694811315, 20.10000000000000853 ) ) ;
#4616 = LINE ( 'NONE', #5225, #5594 ) ;
#4617 = AXIS2_PLACEMENT_3D ( 'NONE', #2515, #1316, #3862 ) ;
#4618 = ORIENTED_EDGE ( 'NONE', *, *, #3250, .T. ) ;
#4619 = CARTESIAN_POINT ( 'NONE',  ( -51.05457537879513552, -3.303805664860828273, -2.511903653824867355 ) ) ;
#4620 = CARTESIAN_POINT ( 'NONE',  ( -84.14487753335230025, -41.62137304518141434, 20.10000000000000853 ) ) ;
#4621 = CARTESIAN_POINT ( 'NONE',  ( -70.98570184640693981, -13.58738412129853046, -14.69999999999999751 ) ) ;
#4622 = ORIENTED_EDGE ( 'NONE', *, *, #2753, .F. ) ;
#4623 = CARTESIAN_POINT ( 'NONE',  ( -120.3003745958863533, -57.60098481407857207, 3.086110325882393646 ) ) ;
#4624 = DIRECTION ( 'NONE',  ( -0.9139452746408240902, -0.4058374489394844242, 0.000000000000000000 ) ) ;
#4625 = B_SPLINE_SURFACE_WITH_KNOTS ( 'NONE', 3, 1, ( 
 ( #662, #3166 ),
 ( #5664, #52 ),
 ( #2552, #5860 ),
 ( #4592, #199 ),
 ( #2133, #7181 ),
 ( #4549, #7837 ),
 ( #2706, #6573 ),
 ( #7796, #238 ),
 ( #4632, #7141 ),
 ( #5903, #5203 ),
 ( #1467, #7712 ),
 ( #2746, #7675 ),
 ( #1548, #1506 ),
 ( #323, #3362 ),
 ( #4014, #5243 ),
 ( #891, #3976 ),
 ( #3492, #3407 ),
 ( #3452, #7755 ) ),
 .UNSPECIFIED., .F., .F., .F.,
 ( 4, 2, 2, 2, 2, 2, 2, 2, 4 ),
 ( 2, 2 ),
 ( 0.000000000000000000, 0.1250000000000000000, 0.2500000000000000000, 0.3750000000000000000, 0.5000000000000000000, 0.6250000000000000000, 0.7500000000000000000, 0.8750000000000000000, 1.000000000000000000 ),
 ( 0.000000000000000000, 1.000000000000000000 ),
 .UNSPECIFIED. ) ;
#4626 = FACE_OUTER_BOUND ( 'NONE', #4256, .T. ) ;
#4627 = EDGE_CURVE ( 'NONE', #2938, #7972, #2489, .T. ) ;
#4628 =( BOUNDED_SURFACE ( )  B_SPLINE_SURFACE ( 3, 2, ( 
 ( #6896, #5997, #1688 ),
 ( #3155, #3502, #6043 ),
 ( #1259, #6273, #4851 ),
 ( #649, #7360, #4424 ) ),
 .UNSPECIFIED., .F., .F., .F. ) 
 B_SPLINE_SURFACE_WITH_KNOTS ( ( 4, 4 ),
 ( 3, 3 ),
 ( 0.05831971076286970174, 0.05993744968966883968 ),
 ( 0.9614848850882499187, 1.000000000000000000 ),
 .UNSPECIFIED. ) 
 GEOMETRIC_REPRESENTATION_ITEM ( )  RATIONAL_B_SPLINE_SURFACE ( (
 ( 0.9860066690965715308, 0.9927230624628362587, 1.000000000000000000),
 ( 0.9862690100251142455, 0.9928594873472059712, 1.000000000000000000),
 ( 0.9865331717494942865, 0.9929968590981700372, 1.000000000000000000),
 ( 0.9867990443487713037, 0.9931351205536543825, 1.000000000000000000) ) ) 
 REPRESENTATION_ITEM ( '' )  SURFACE ( )  );
#4629 = LINE ( 'NONE', #7136, #1722 ) ;
#4630 = CARTESIAN_POINT ( 'NONE',  ( -66.03549507298127708, -36.16265914878253085, -12.58379776379009840 ) ) ;
#4631 = FACE_OUTER_BOUND ( 'NONE', #6333, .T. ) ;
#4632 = CARTESIAN_POINT ( 'NONE',  ( -41.23699325540342642, -18.02086247092877613, -21.37222881862727419 ) ) ;
#4633 = CARTESIAN_POINT ( 'NONE',  ( -91.73509228634814860, -45.54420875464012397, 20.10000000000000853 ) ) ;
#4634 = CARTESIAN_POINT ( 'NONE',  ( -97.61980985088180773, -26.56909085815083316, 12.50000000000000711 ) ) ;
#4635 = CARTESIAN_POINT ( 'NONE',  ( -42.58297968519092791, -14.98970322120916698, -9.277818549745139975 ) ) ;
#4636 = ORIENTED_EDGE ( 'NONE', *, *, #2724, .T. ) ;
#4637 = DIRECTION ( 'NONE',  ( -1.522024630730408022E-16, -6.758551201016278582E-17, -1.000000000000000000 ) ) ;
#4638 = EDGE_CURVE ( 'NONE', #1539, #7512, #2383, .T. ) ;
#4639 = CARTESIAN_POINT ( 'NONE',  ( -146.6350912793519399, -51.70899645316396942, -2.675592887100095574 ) ) ;
#4640 = VERTEX_POINT ( 'NONE', #647 ) ;
#4641 = CYLINDRICAL_SURFACE ( 'NONE', #1963, 1.750000000000003109 ) ;
#4642 = CARTESIAN_POINT ( 'NONE',  ( -89.99235989150704995, -36.92785847548739042, 20.10000000000000853 ) ) ;
#4643 = ORIENTED_EDGE ( 'NONE', *, *, #2521, .F. ) ;
#4644 = DIRECTION ( 'NONE',  ( 1.522024630730408022E-16, 6.758551201016278582E-17, 1.000000000000000000 ) ) ;
#4645 = DIRECTION ( 'NONE',  ( -0.6734051375846847876, -0.2990255879899523239, -0.6760985271406935171 ) ) ;
#4646 = FACE_OUTER_BOUND ( 'NONE', #438, .T. ) ;
#4647 = EDGE_LOOP ( 'NONE', ( #7532, #554 ) ) ;
#4648 = ADVANCED_FACE ( 'NONE', ( #8042 ), #1106, .F. ) ;
#4649 = AXIS2_PLACEMENT_3D ( 'NONE', #3860, #3286, #739 ) ;
#4650 = CARTESIAN_POINT ( 'NONE',  ( -128.6886435148828980, -49.66554617274176309, -4.923186939960158881 ) ) ;
#4651 = CARTESIAN_POINT ( 'NONE',  ( -46.69567388497531368, -5.727922575386792836, -2.419953286813275817 ) ) ;
#4652 = ORIENTED_EDGE ( 'NONE', *, *, #3274, .T. ) ;
#4653 = EDGE_LOOP ( 'NONE', ( #6629, #3293, #4251, #638, #7640, #1151, #5559, #6833, #1651, #2033, #4126, #5916, #2991, #4951, #5459 ) ) ;
#4654 = CARTESIAN_POINT ( 'NONE',  ( -136.0045335163839297, -38.69012111897029627, 9.347248961336061868 ) ) ;
#4655 = CARTESIAN_POINT ( 'NONE',  ( -142.4215470699865875, -61.19789115645666300, -22.14999999999998437 ) ) ;
#4656 = DIRECTION ( 'NONE',  ( -0.9139452746408239792, -0.4058374489394847573, 0.000000000000000000 ) ) ;
#4657 = VERTEX_POINT ( 'NONE', #492 ) ;
#4658 = CARTESIAN_POINT ( 'NONE',  ( -46.10835823307420611, -19.37076006918779569, -22.04034235132312247 ) ) ;
#4659 = CARTESIAN_POINT ( 'NONE',  ( -133.0468091936459416, -49.41247504770519328, -3.183803752492255779 ) ) ;
#4660 = CARTESIAN_POINT ( 'NONE',  ( -146.7782662949337578, -43.47419774557211980, -2.886758449375609548 ) ) ;
#4661 = ORIENTED_EDGE ( 'NONE', *, *, #1984, .T. ) ;
#4662 = CARTESIAN_POINT ( 'NONE',  ( -140.3248943596451568, -43.05535077349907880, 3.825002615724447441 ) ) ;
#4663 = CARTESIAN_POINT ( 'NONE',  ( -138.8303030249433618, -33.87451301515444868, 1.998918847003438026 ) ) ;
#4664 = DIRECTION ( 'NONE',  ( 0.9139452746408243122, 0.4058374489394839246, 0.000000000000000000 ) ) ;
#4665 = CIRCLE ( 'NONE', #2042, 2.099999999999996536 ) ;
#4666 = ADVANCED_FACE ( 'NONE', ( #8115 ), #2997, .T. ) ;
#4667 = CARTESIAN_POINT ( 'NONE',  ( -58.02575292168890542, -13.95073076677532775, 8.046488446082221913 ) ) ;
#4668 = CARTESIAN_POINT ( 'NONE',  ( -79.91673861581968197, -30.30518944920304492, 20.10000000000000497 ) ) ;
#4669 = AXIS2_PLACEMENT_3D ( 'NONE', #7922, #4671, #7347 ) ;
#4670 = EDGE_CURVE ( 'NONE', #3561, #4408, #5886, .T. ) ;
#4671 = DIRECTION ( 'NONE',  ( 1.522024630730408022E-16, 6.758551201016278582E-17, 1.000000000000000000 ) ) ;
#4672 = CARTESIAN_POINT ( 'NONE',  ( -112.1262612529851594, -57.36450399523315724, -11.71283833075235670 ) ) ;
#4673 = CARTESIAN_POINT ( 'NONE',  ( -41.35277278994056616, -17.76012714754529398, -21.69125510086439235 ) ) ;
#4674 = CARTESIAN_POINT ( 'NONE',  ( -54.97990731024973599, -25.14244388902438487, -9.304010379380819984 ) ) ;
#4675 = FACE_OUTER_BOUND ( 'NONE', #3093, .T. ) ;
#4676 = CARTESIAN_POINT ( 'NONE',  ( -42.74545850528051005, -14.62380118274961660, -8.679726916429192585 ) ) ;
#4677 = ORIENTED_EDGE ( 'NONE', *, *, #1878, .F. ) ;
#4678 = DIRECTION ( 'NONE',  ( 1.522024630730408022E-16, 6.758551201016278582E-17, 1.000000000000000000 ) ) ;
#4679 = VECTOR ( 'NONE', #1948, 1000.000000000000000 ) ;
#4680 = EDGE_CURVE ( 'NONE', #7993, #5787, #8120, .T. ) ;
#4681 = CARTESIAN_POINT ( 'NONE',  ( -45.67638066708347111, -20.34357264527172404, -17.33340627503424614 ) ) ;
#4682 = VERTEX_POINT ( 'NONE', #4919 ) ;
#4683 = CARTESIAN_POINT ( 'NONE',  ( -123.0534312935293570, -57.18811684488037628, -3.699999999999989519 ) ) ;
#4684 = CARTESIAN_POINT ( 'NONE',  ( -85.86930446708031184, -43.17971875078432475, -21.34999999999999787 ) ) ;
#4685 = ORIENTED_EDGE ( 'NONE', *, *, #1654, .T. ) ;
#4686 = CARTESIAN_POINT ( 'NONE',  ( -46.23653496618387493, -14.15402483423870095, -6.409287478489496870 ) ) ;
#4687 = B_SPLINE_CURVE_WITH_KNOTS ( 'NONE', 3,
 ( #69, #719, #6463, #2568, #7573, #2646, #3341, #5800, #6962, #5144, #1331, #4569, #6347, #7079, #7655, #3222, #5106, #1982, #2606, #792, #182, #2725, #7691, #5181, #4491, #3877, #2020, #4526, #7035, #1406, #3916, #6418, #3427, #5926, #4693, #4036, #301, #342, #2893, #5305, #7816, #1614, #2771, #7854 ),
 .UNSPECIFIED., .F., .F.,
 ( 4, 2, 2, 2, 1, 1, 1, 1, 2, 2, 2, 2, 1, 1, 1, 1, 1, 2, 2, 2, 2, 1, 1, 1, 1, 1, 2, 2, 4 ),
 ( 0.000000000000000000, 0.1250000000000504874, 0.1875000000000756062, 0.2187500000000879019, 0.2343750000000938694, 0.2421875000000967004, 0.2460937500000981160, 0.2480468750000986433, 0.2490234375000988931, 0.2500000000000991429, 0.3750000000001310063, 0.4375000000001468270, 0.4687500000001549871, 0.4843750000001589284, 0.4921875000001609268, 0.4960937500001620371, 0.4980468750001622036, 0.4990234375001621481, 0.5000000000001620926, 0.6250000000001281197, 0.6875000000001110223, 0.7187500000001026956, 0.7343750000000985878, 0.7421875000000965894, 0.7460937500000954792, 0.7480468750000948130, 0.7490234375000945910, 0.7500000000000942579, 1.000000000000000000 ),
 .UNSPECIFIED. ) ;
#4688 = CARTESIAN_POINT ( 'NONE',  ( -54.22759806002832761, -5.740445107682485393, 1.468577726122277216 ) ) ;
#4689 = CARTESIAN_POINT ( 'NONE',  ( -138.8674360375225092, -61.80962125755531389, -19.90226640499231792 ) ) ;
#4690 = ORIENTED_EDGE ( 'NONE', *, *, #3229, .T. ) ;
#4691 = ORIENTED_EDGE ( 'NONE', *, *, #6381, .T. ) ;
#4692 = DIRECTION ( 'NONE',  ( 1.626845963769450485E-16, 7.918112367363621246E-17, 1.000000000000000000 ) ) ;
#4693 = CARTESIAN_POINT ( 'NONE',  ( -46.69035687657251543, -13.13194812173264481, -5.403198294488049669 ) ) ;
#4694 = B_SPLINE_SURFACE_WITH_KNOTS ( 'NONE', 3, 1, ( 
 ( #5612, #5042 ),
 ( #1957, #4468 ),
 ( #3774, #5778 ),
 ( #3855, #5005 ) ),
 .UNSPECIFIED., .F., .F., .F.,
 ( 4, 4 ),
 ( 2, 2 ),
 ( 0.000000000000000000, 1.000000000000000000 ),
 ( 0.000000000000000000, 1.000000000000000000 ),
 .UNSPECIFIED. ) ;
#4695 = ORIENTED_EDGE ( 'NONE', *, *, #205, .F. ) ;
#4696 = EDGE_LOOP ( 'NONE', ( #2894, #220, #3010, #2047 ) ) ;
#4697 = FACE_OUTER_BOUND ( 'NONE', #6805, .T. ) ;
#4698 = CARTESIAN_POINT ( 'NONE',  ( -141.6112651728859078, -63.02264467025220540, -20.46726709676939748 ) ) ;
#4699 = CARTESIAN_POINT ( 'NONE',  ( -132.2919229216438168, -58.08636137689314438, -8.480511905392573269 ) ) ;
#4700 = EDGE_CURVE ( 'NONE', #5390, #6537, #7428, .T. ) ;
#4701 = ORIENTED_EDGE ( 'NONE', *, *, #309, .F. ) ;
#4702 = CARTESIAN_POINT ( 'NONE',  ( -45.86512759861386712, -19.91851506221227197, -21.72209831239483790 ) ) ;
#4703 = CARTESIAN_POINT ( 'NONE',  ( -97.61980985088180773, -26.56909085815083316, 14.50000000000000888 ) ) ;
#4704 = LINE ( 'NONE', #2781, #4459 ) ;
#4705 = ORIENTED_EDGE ( 'NONE', *, *, #7377, .T. ) ;
#4706 = LINE ( 'NONE', #7828, #7970 ) ;
#4707 = CYLINDRICAL_SURFACE ( 'NONE', #6236, 2.099999999999996092 ) ;
#4708 = CARTESIAN_POINT ( 'NONE',  ( -60.36149018857602044, -32.63774706309573048, 5.116692474276845815 ) ) ;
#4709 = FACE_OUTER_BOUND ( 'NONE', #2358, .T. ) ;
#4710 = CARTESIAN_POINT ( 'NONE',  ( -69.53331974767034751, -32.28790460337710044, -14.50017933194266995 ) ) ;
#4711 = VECTOR ( 'NONE', #7084, 1000.000000000000114 ) ;
#4712 = AXIS2_PLACEMENT_3D ( 'NONE', #5716, #749, #1976 ) ;
#4713 = CARTESIAN_POINT ( 'NONE',  ( -110.8676124696516894, -52.51882041246863508, -14.38293797904200488 ) ) ;
#4714 = CARTESIAN_POINT ( 'NONE',  ( -127.4351898578338051, -46.92063517626377234, -4.660225930200491362 ) ) ;
#4715 = CARTESIAN_POINT ( 'NONE',  ( -129.0344896124891250, -48.42167744293934106, 11.34698243645865645 ) ) ;
#4716 = CARTESIAN_POINT ( 'NONE',  ( -135.8137404927676073, -60.06239613446101799, -21.52766715410556131 ) ) ;
#4717 = CARTESIAN_POINT ( 'NONE',  ( -41.17214728591630291, -18.16689548869788595, -18.00533868181526032 ) ) ;
#4718 = VERTEX_POINT ( 'NONE', #6193 ) ;
#4719 = EDGE_CURVE ( 'NONE', #41, #1200, #4755, .T. ) ;
#4720 = CARTESIAN_POINT ( 'NONE',  ( -87.74221200772909413, -38.96193401680242374, -22.14999999999999503 ) ) ;
#4721 = EDGE_CURVE ( 'NONE', #390, #1283, #1380, .T. ) ;
#4722 = CARTESIAN_POINT ( 'NONE',  ( -65.41506545101681525, -36.86770948068554787, 15.10000000000000320 ) ) ;
#4723 = ORIENTED_EDGE ( 'NONE', *, *, #4700, .F. ) ;
#4724 = DIRECTION ( 'NONE',  ( -1.626845963769450485E-16, -7.918112367363621246E-17, -1.000000000000000000 ) ) ;
#4725 = DIRECTION ( 'NONE',  ( -0.6705919300765834645, -0.7418264374610564760, 0.000000000000000000 ) ) ;
#4726 = VECTOR ( 'NONE', #4559, 1000.000000000000000 ) ;
#4727 = ORIENTED_EDGE ( 'NONE', *, *, #4380, .T. ) ;
#4728 = DIRECTION ( 'NONE',  ( 1.522024630730408022E-16, 6.758551201016278582E-17, 1.000000000000000000 ) ) ;
#4729 = CARTESIAN_POINT ( 'NONE',  ( -109.9320279439402839, -50.03522146438766072, -14.69999999999999041 ) ) ;
#4730 = AXIS2_PLACEMENT_3D ( 'NONE', #6854, #1253, #1871 ) ;
#4731 = CARTESIAN_POINT ( 'NONE',  ( -129.8218235801741400, -43.60379034683590760, -9.999999999999985789 ) ) ;
#4732 = ORIENTED_EDGE ( 'NONE', *, *, #2659, .F. ) ;
#4733 = ADVANCED_FACE ( 'NONE', ( #3964, #840 ), #726, .T. ) ;
#4734 = ORIENTED_EDGE ( 'NONE', *, *, #1257, .T. ) ;
#4735 = EDGE_CURVE ( 'NONE', #1400, #5384, #3266, .T. ) ;
#4736 = EDGE_CURVE ( 'NONE', #4318, #805, #3233, .T. ) ;
#4737 = CARTESIAN_POINT ( 'NONE',  ( -111.9374405653108226, -48.46387086220077833, -12.49999999999999112 ) ) ;
#4738 = DIRECTION ( 'NONE',  ( -0.9139452746408243122, -0.4058374489394839246, 1.665334536937734071E-16 ) ) ;
#4739 = VERTEX_POINT ( 'NONE', #1296 ) ;
#4740 = ORIENTED_EDGE ( 'NONE', *, *, #567, .F. ) ;
#4741 = FACE_OUTER_BOUND ( 'NONE', #8019, .T. ) ;
#4742 = CARTESIAN_POINT ( 'NONE',  ( -145.3549365104247499, -42.84216807730593501, -1.309129516910116475 ) ) ;
#4743 = AXIS2_PLACEMENT_3D ( 'NONE', #6109, #2912, #7427 ) ;
#4744 = EDGE_CURVE ( 'NONE', #2360, #2566, #154, .T. ) ;
#4745 = ORIENTED_EDGE ( 'NONE', *, *, #7122, .T. ) ;
#4746 = DIRECTION ( 'NONE',  ( 1.922925917054632222E-15, 8.538753581102121421E-16, 1.000000000000000000 ) ) ;
#4747 = ORIENTED_EDGE ( 'NONE', *, *, #7024, .F. ) ;
#4748 = DIRECTION ( 'NONE',  ( -1.300305554625127611E-17, -5.774007522915385138E-18, -1.000000000000000000 ) ) ;
#4749 = EDGE_CURVE ( 'NONE', #4640, #7817, #7582, .T. ) ;
#4750 = CARTESIAN_POINT ( 'NONE',  ( -47.75034095316543414, -19.36907873575966477, -22.15000000000000213 ) ) ;
#4751 = ORIENTED_EDGE ( 'NONE', *, *, #6938, .T. ) ;
#4752 = DIRECTION ( 'NONE',  ( -0.6705919300765834645, -0.7418264374610564760, 0.000000000000000000 ) ) ;
#4753 = CIRCLE ( 'NONE', #1737, 1.500000000000005107 ) ;
#4754 = CARTESIAN_POINT ( 'NONE',  ( -114.0833441586250672, -59.05782507508459389, -8.476968476222433324 ) ) ;
#4755 =( BOUNDED_CURVE ( )  B_SPLINE_CURVE ( 3, ( #6815, #1182, #570, #4343 ),
 .UNSPECIFIED., .F., .F. ) 
 B_SPLINE_CURVE_WITH_KNOTS ( ( 4, 4 ),
 ( 6.112569401879072828, 6.161607918582124199 ),
 .UNSPECIFIED. ) 
 CURVE ( )  GEOMETRIC_REPRESENTATION_ITEM ( )  RATIONAL_B_SPLINE_CURVE ( ( 1.000000000000000000, 0.9997996120296029909, 0.9997996120296029909, 1.000000000000000000 ) ) 
 REPRESENTATION_ITEM ( '' )  );
#4756 = CARTESIAN_POINT ( 'NONE',  ( -60.90589012198500996, -34.22120888644367653, 12.10623014873647740 ) ) ;
#4757 = CARTESIAN_POINT ( 'NONE',  ( -137.1311421333098508, -60.60719373001834498, -0.6867131455500483650 ) ) ;
#4758 = CARTESIAN_POINT ( 'NONE',  ( -114.8543600237726565, -59.16146221634051727, -7.391441753582889795 ) ) ;
#4759 = CYLINDRICAL_SURFACE ( 'NONE', #4407, 2.850000000000005862 ) ;
#4760 = DIRECTION ( 'NONE',  ( -0.6705919300765830204, -0.7418264374610569201, 1.456566760383709204E-16 ) ) ;
#4761 = LINE ( 'NONE', #982, #1770 ) ;
#4762 = CARTESIAN_POINT ( 'NONE',  ( -128.6886435148828980, -49.66554617274175598, -2.213058202862921320 ) ) ;
#4763 = CARTESIAN_POINT ( 'NONE',  ( -130.2406638975225235, -50.72997301347517407, 6.940088891538757743 ) ) ;
#4764 = CARTESIAN_POINT ( 'NONE',  ( -89.69915299209991133, -37.19290993585075711, 16.60000000000000853 ) ) ;
#4765 = ADVANCED_FACE ( 'NONE', ( #5848 ), #228, .F. ) ;
#4766 = CARTESIAN_POINT ( 'NONE',  ( -142.1633782634838212, -54.38716472778418876, -4.592060007051808057 ) ) ;
#4767 = ORIENTED_EDGE ( 'NONE', *, *, #7207, .F. ) ;
#4768 = DIRECTION ( 'NONE',  ( 0.6705919300765830204, 0.7418264374610565870, -1.618183019125878364E-16 ) ) ;
#4769 = DIRECTION ( 'NONE',  ( 1.522024630730408022E-16, 6.758551201016278582E-17, 1.000000000000000000 ) ) ;
#4770 = ORIENTED_EDGE ( 'NONE', *, *, #6483, .F. ) ;
#4771 = DIRECTION ( 'NONE',  ( -0.6705919300765743607, -0.7418264374610644696, 0.000000000000000000 ) ) ;
#4772 = CARTESIAN_POINT ( 'NONE',  ( -124.2837521687704339, -37.90965958419159421, -17.14999999999995239 ) ) ;
#4773 = CARTESIAN_POINT ( 'NONE',  ( -141.6092718614449666, -63.02713360437377332, -19.90226640499231792 ) ) ;
#4774 = ORIENTED_EDGE ( 'NONE', *, *, #1019, .T. ) ;
#4775 = ORIENTED_EDGE ( 'NONE', *, *, #5028, .T. ) ;
#4776 = CYLINDRICAL_SURFACE ( 'NONE', #359, 1.574999999999997735 ) ;
#4777 = CARTESIAN_POINT ( 'NONE',  ( -46.10111106887108434, -7.066877069798600530, -2.675592887094655037 ) ) ;
#4778 = ORIENTED_EDGE ( 'NONE', *, *, #917, .T. ) ;
#4779 = EDGE_LOOP ( 'NONE', ( #7530, #1846, #7855, #1864, #4571, #4024, #5520, #6458, #3347, #4280, #6529 ) ) ;
#4780 = LINE ( 'NONE', #3431, #7076 ) ;
#4781 = CARTESIAN_POINT ( 'NONE',  ( -141.1868291272472504, -40.99131976698517121, 3.530088410306455149 ) ) ;
#4782 = EDGE_CURVE ( 'NONE', #6475, #6928, #5108, .T. ) ;
#4783 = AXIS2_PLACEMENT_3D ( 'NONE', #2473, #6712, #4278 ) ;
#4784 = ORIENTED_EDGE ( 'NONE', *, *, #3357, .T. ) ;
#4785 = CARTESIAN_POINT ( 'NONE',  ( -47.53244988666270388, -19.85976906297566202, -22.08157474135969878 ) ) ;
#4786 = CIRCLE ( 'NONE', #5562, 1.750000000000004885 ) ;
#4787 = ORIENTED_EDGE ( 'NONE', *, *, #2571, .F. ) ;
#4788 = DIRECTION ( 'NONE',  ( 0.000000000000000000, 0.000000000000000000, -1.000000000000000000 ) ) ;
#4789 = CARTESIAN_POINT ( 'NONE',  ( -146.9069105562493576, -43.53132223680990620, -3.027495581422300575 ) ) ;
#4790 = ORIENTED_EDGE ( 'NONE', *, *, #7547, .T. ) ;
#4791 = CARTESIAN_POINT ( 'NONE',  ( -130.9201421554450633, -54.62508268697725811, 2.813735736022769718 ) ) ;
#4792 = CARTESIAN_POINT ( 'NONE',  ( -143.8932554554294825, -50.49148410634548867, -2.675592887100115558 ) ) ;
#4793 = EDGE_CURVE ( 'NONE', #3939, #7535, #3019, .T. ) ;
#4794 = CIRCLE ( 'NONE', #5571, 1.750000000000003109 ) ;
#4795 = FACE_OUTER_BOUND ( 'NONE', #5827, .T. ) ;
#4796 = CYLINDRICAL_SURFACE ( 'NONE', #7619, 52.00744483566132459 ) ;
#4797 = PLANE ( 'NONE',  #1826 ) ;
#4798 = AXIS2_PLACEMENT_3D ( 'NONE', #5089, #3672, #5705 ) ;
#4799 = FACE_OUTER_BOUND ( 'NONE', #1658, .T. ) ;
#4800 = DIRECTION ( 'NONE',  ( -0.6705919300765831315, -0.7418264374610566980, 1.522024630730408268E-16 ) ) ;
#4801 = LINE ( 'NONE', #414, #6892 ) ;
#4802 = B_SPLINE_CURVE_WITH_KNOTS ( 'NONE', 3,
 ( #7129, #4789, #2206, #4660 ),
 .UNSPECIFIED., .F., .F.,
 ( 4, 4 ),
 ( 0.01355388498470742713, 0.01385245467680430546 ),
 .UNSPECIFIED. ) ;
#4803 = CARTESIAN_POINT ( 'NONE',  ( -120.7889152570889024, -33.52891950105336605, 20.10000000000000853 ) ) ;
#4804 = CARTESIAN_POINT ( 'NONE',  ( -76.73321304916328245, -26.57769564988307565, 12.50000000000000355 ) ) ;
#4805 = CARTESIAN_POINT ( 'NONE',  ( -145.5020822516627277, -46.86840877908024794, -2.407444835499567226 ) ) ;
#4806 = LINE ( 'NONE', #4722, #6858 ) ;
#4807 = ORIENTED_EDGE ( 'NONE', *, *, #6604, .F. ) ;
#4808 = FACE_OUTER_BOUND ( 'NONE', #1643, .T. ) ;
#4809 = CARTESIAN_POINT ( 'NONE',  ( -136.9621861826337579, -61.17215939002593927, -20.04512421095767749 ) ) ;
#4810 = EDGE_LOOP ( 'NONE', ( #5166, #62, #2728, #3215 ) ) ;
#4811 = CARTESIAN_POINT ( 'NONE',  ( -135.9073659119672470, -59.85155184276898410, -14.70000000000003126 ) ) ;
#4812 = CARTESIAN_POINT ( 'NONE',  ( -91.64345888904985316, -8.170840968048640462, 20.10000000000000497 ) ) ;
#4813 = CARTESIAN_POINT ( 'NONE',  ( -142.7034767164113020, -60.56298605145866532, -10.98622590194997528 ) ) ;
#4814 = ORIENTED_EDGE ( 'NONE', *, *, #7263, .F. ) ;
#4815 = ORIENTED_EDGE ( 'NONE', *, *, #2777, .T. ) ;
#4816 = CIRCLE ( 'NONE', #5854, 1.574999999999998623 ) ;
#4817 = ADVANCED_FACE ( 'NONE', ( #3925 ), #3269, .F. ) ;
#4818 = VERTEX_POINT ( 'NONE', #6429 ) ;
#4819 = DIRECTION ( 'NONE',  ( -1.522024630730408022E-16, -6.758551201016278582E-17, -1.000000000000000000 ) ) ;
#4820 = CARTESIAN_POINT ( 'NONE',  ( -49.17908826586247528, -0.1352774305993023618, -3.097864185164253659 ) ) ;
#4821 = ORIENTED_EDGE ( 'NONE', *, *, #5776, .F. ) ;
#4822 = LINE ( 'NONE', #3684, #1045 ) ;
#4823 = DIRECTION ( 'NONE',  ( 0.6705919300765834645, 0.7418264374610563650, 0.000000000000000000 ) ) ;
#4824 = EDGE_CURVE ( 'NONE', #1408, #6013, #3921, .T. ) ;
#4825 = ADVANCED_FACE ( 'NONE', ( #5730 ), #113, .F. ) ;
#4826 = EDGE_CURVE ( 'NONE', #4935, #7705, #6393, .T. ) ;
#4827 = B_SPLINE_CURVE_WITH_KNOTS ( 'NONE', 3,
 ( #8077, #2463, #6860, #4960 ),
 .UNSPECIFIED., .F., .F.,
 ( 4, 4 ),
 ( 0.000000000000000000, 0.001683924523165402764 ),
 .UNSPECIFIED. ) ;
#4828 = ORIENTED_EDGE ( 'NONE', *, *, #6502, .F. ) ;
#4829 = CARTESIAN_POINT ( 'NONE',  ( -45.63590606232310876, -20.43472158895416513, -20.96969781442291492 ) ) ;
#4830 = ORIENTED_EDGE ( 'NONE', *, *, #3526, .T. ) ;
#4831 = FACE_BOUND ( 'NONE', #7212, .T. ) ;
#4832 = CARTESIAN_POINT ( 'NONE',  ( -142.5012162402279330, -61.01847631471058264, -12.04356536344753792 ) ) ;
#4833 = ORIENTED_EDGE ( 'NONE', *, *, #1330, .T. ) ;
#4834 = CARTESIAN_POINT ( 'NONE',  ( -138.0427921254602666, -40.30622159611256450, 6.906601717798176665 ) ) ;
#4835 = CARTESIAN_POINT ( 'NONE',  ( -111.6600860299931952, -56.37330884033504219, -12.63100173613830712 ) ) ;
#4836 = EDGE_CURVE ( 'NONE', #7529, #6537, #6819, .T. ) ;
#4837 = DIRECTION ( 'NONE',  ( 1.626845963769450485E-16, 7.918112367363621246E-17, 1.000000000000000000 ) ) ;
#4838 = CARTESIAN_POINT ( 'NONE',  ( -87.78755529110949851, -3.905338952647567030, 16.60000000000000497 ) ) ;
#4839 = DIRECTION ( 'NONE',  ( -1.000000000000000000, 0.000000000000000000, 1.577021341797097807E-16 ) ) ;
#4840 = FACE_OUTER_BOUND ( 'NONE', #310, .T. ) ;
#4841 = CARTESIAN_POINT ( 'NONE',  ( -65.41506545101681525, -36.86770948068554787, 20.10000000000000497 ) ) ;
#4842 = CARTESIAN_POINT ( 'NONE',  ( -120.5181824428304935, -28.78596537880219230, 20.10000000000000853 ) ) ;
#4843 = CARTESIAN_POINT ( 'NONE',  ( -143.1961324578850849, -52.06260726866512556, -3.176594751999149757 ) ) ;
#4844 = CARTESIAN_POINT ( 'NONE',  ( -60.87358695335956327, -5.328220209170962285, 7.150210555950436309 ) ) ;
#4845 = EDGE_CURVE ( 'NONE', #2934, #7470, #5974, .T. ) ;
#4846 = AXIS2_PLACEMENT_3D ( 'NONE', #4290, #1861, #5553 ) ;
#4847 = CARTESIAN_POINT ( 'NONE',  ( -134.9177023101219390, -47.34391877516853242, 6.906601717798165119 ) ) ;
#4848 = ORIENTED_EDGE ( 'NONE', *, *, #710, .T. ) ;
#4849 = CIRCLE ( 'NONE', #2233, 1.124999999999999778 ) ;
#4850 = CARTESIAN_POINT ( 'NONE',  ( -77.08880895307909498, -34.47339361895294019, 14.45000000000000817 ) ) ;
#4851 = CARTESIAN_POINT ( 'NONE',  ( -61.18811260756547910, -5.715949651549824928, 7.623234965637219140 ) ) ;
#4852 = ORIENTED_EDGE ( 'NONE', *, *, #4146, .T. ) ;
#4853 = CARTESIAN_POINT ( 'NONE',  ( -129.7509411967948836, -47.94894468434839041, -4.914506795439180564 ) ) ;
#4854 = CARTESIAN_POINT ( 'NONE',  ( -114.4201483707315532, -59.10292550940741307, -8.021428571428572241 ) ) ;
#4855 = ADVANCED_FACE ( 'NONE', ( #2287 ), #1583, .F. ) ;
#4856 = CARTESIAN_POINT ( 'NONE',  ( -109.4762639920848670, -57.36559220485496269, 15.10000000000001208 ) ) ;
#4857 = VERTEX_POINT ( 'NONE', #3523 ) ;
#4858 = VERTEX_POINT ( 'NONE', #7912 ) ;
#4859 = CARTESIAN_POINT ( 'NONE',  ( -59.94867292027213068, -9.075310262969694008, -13.14809138725783022 ) ) ;
#4860 = AXIS2_PLACEMENT_3D ( 'NONE', #63, #2563, #5059 ) ;
#4861 = VECTOR ( 'NONE', #6904, 1000.000000000000227 ) ;
#4862 = VERTEX_POINT ( 'NONE', #4045 ) ;
#4863 = CARTESIAN_POINT ( 'NONE',  ( -122.7670072287536556, -54.38758226294049791, 10.97154826940791672 ) ) ;
#4864 = AXIS2_PLACEMENT_3D ( 'NONE', #814, #3323, #5819 ) ;
#4865 = CARTESIAN_POINT ( 'NONE',  ( -48.30816245873451464, -2.096600931089518394, -2.509335970680189210 ) ) ;
#4866 = ORIENTED_EDGE ( 'NONE', *, *, #5345, .F. ) ;
#4867 = DIRECTION ( 'NONE',  ( 0.4058374489394847573, -0.9139452746408239792, 2.775557561562891351E-17 ) ) ;
#4868 = EDGE_LOOP ( 'NONE', ( #3128, #1074, #706 ) ) ;
#4869 = AXIS2_PLACEMENT_3D ( 'NONE', #1456, #7092, #1992 ) ;
#4870 = ORIENTED_EDGE ( 'NONE', *, *, #4975, .F. ) ;
#4871 = CARTESIAN_POINT ( 'NONE',  ( -139.0206730785291427, -61.46460253198214474, -21.33699423617690272 ) ) ;
#4872 = AXIS2_PLACEMENT_3D ( 'NONE', #4881, #4265, #6856 ) ;
#4873 = ORIENTED_EDGE ( 'NONE', *, *, #6963, .T. ) ;
#4874 = CARTESIAN_POINT ( 'NONE',  ( -58.57021747623500119, -5.917894071143861012, 5.427860062973909550 ) ) ;
#4875 = CARTESIAN_POINT ( 'NONE',  ( -142.6239046348807733, -60.74218224958870849, -11.40118100236056087 ) ) ;
#4876 = ORIENTED_EDGE ( 'NONE', *, *, #6800, .F. ) ;
#4877 = LINE ( 'NONE', #1175, #5470 ) ;
#4878 = CARTESIAN_POINT ( 'NONE',  ( -138.7473472097189244, -44.83177606042754348, -22.14999999999998792 ) ) ;
#4879 = EDGE_CURVE ( 'NONE', #2842, #2360, #5442, .T. ) ;
#4880 = CARTESIAN_POINT ( 'NONE',  ( -108.1382417128424436, -23.34999297748748504, 14.50000000000001066 ) ) ;
#4881 = CARTESIAN_POINT ( 'NONE',  ( -109.4762639920848670, -57.36559220485496269, 15.10000000000001208 ) ) ;
#4882 = DIRECTION ( 'NONE',  ( -0.4058374489394843132, 0.9139452746408240902, 1.232595164407830946E-32 ) ) ;
#4883 = VECTOR ( 'NONE', #6378, 1000.000000000000114 ) ;
#4884 = DIRECTION ( 'NONE',  ( 0.4058374489394843687, -0.9139452746408239792, 1.232595164407831220E-32 ) ) ;
#4885 = ADVANCED_FACE ( 'NONE', ( #2904 ), #6683, .T. ) ;
#4886 = LINE ( 'NONE', #4141, #4988 ) ;
#4887 = FACE_OUTER_BOUND ( 'NONE', #156, .T. ) ;
#4888 = LINE ( 'NONE', #7433, #3282 ) ;
#4889 = CARTESIAN_POINT ( 'NONE',  ( -62.47849067702917836, -36.14268548124594815, -8.476961511281867701 ) ) ;
#4890 = VERTEX_POINT ( 'NONE', #352 ) ;
#4891 = CIRCLE ( 'NONE', #5671, 3.999999999999998668 ) ;
#4892 = CYLINDRICAL_SURFACE ( 'NONE', #2497, 2.850000000000005862 ) ;
#4893 = CARTESIAN_POINT ( 'NONE',  ( -118.6109932065275672, -58.08904303928135704, 4.753447559161234182 ) ) ;
#4894 = ORIENTED_EDGE ( 'NONE', *, *, #6434, .F. ) ;
#4895 = CARTESIAN_POINT ( 'NONE',  ( -142.4215470699865875, -61.19789115645666300, -22.14999999999998437 ) ) ;
#4896 = CARTESIAN_POINT ( 'NONE',  ( -129.7726752642522854, -58.02484392471752983, -11.66107907483910644 ) ) ;
#4897 = DIRECTION ( 'NONE',  ( -0.6705919300765829094, -0.7418264374610568090, 1.387778780781445182E-16 ) ) ;
#4898 = ORIENTED_EDGE ( 'NONE', *, *, #1306, .F. ) ;
#4899 = EDGE_CURVE ( 'NONE', #6807, #1438, #1569, .T. ) ;
#4900 = ORIENTED_EDGE ( 'NONE', *, *, #5258, .T. ) ;
#4901 = CARTESIAN_POINT ( 'NONE',  ( -131.0107270397799084, -51.25810775116718077, 0.6585666156540616045 ) ) ;
#4902 = EDGE_LOOP ( 'NONE', ( #7371, #2275, #2207, #5067, #391, #4852 ) ) ;
#4903 = DIRECTION ( 'NONE',  ( 1.522024630730408022E-16, 6.758551201016278582E-17, 1.000000000000000000 ) ) ;
#4904 = LINE ( 'NONE', #5631, #5218 ) ;
#4905 = ORIENTED_EDGE ( 'NONE', *, *, #1907, .T. ) ;
#4906 = LINE ( 'NONE', #3563, #131 ) ;
#4907 = EDGE_CURVE ( 'NONE', #5785, #4217, #4977, .T. ) ;
#4908 = EDGE_LOOP ( 'NONE', ( #6595, #4894, #1788, #3881 ) ) ;
#4909 = VERTEX_POINT ( 'NONE', #1668 ) ;
#4910 = CARTESIAN_POINT ( 'NONE',  ( -86.40586874199431122, -38.31762459702910206, 22.50000000000000711 ) ) ;
#4911 = ORIENTED_EDGE ( 'NONE', *, *, #2645, .T. ) ;
#4912 = CARTESIAN_POINT ( 'NONE',  ( -145.5516908321360745, -54.14881249740832203, -3.646060191185104049 ) ) ;
#4913 = FACE_OUTER_BOUND ( 'NONE', #500, .T. ) ;
#4914 = FACE_BOUND ( 'NONE', #6785, .T. ) ;
#4915 = AXIS2_PLACEMENT_3D ( 'NONE', #6526, #1468, #5861 ) ;
#4916 = CARTESIAN_POINT ( 'NONE',  ( -49.13022337416850860, -7.637443248009013530, -2.514435035630760762 ) ) ;
#4917 = ADVANCED_FACE ( 'NONE', ( #7170 ), #4172, .F. ) ;
#4918 = CARTESIAN_POINT ( 'NONE',  ( -148.8421426692228522, -46.73872031444930286, -2.509335970678202354 ) ) ;
#4919 = CARTESIAN_POINT ( 'NONE',  ( -110.7595557283413967, -49.58206716013717141, -14.69999999999999041 ) ) ;
#4920 = CARTESIAN_POINT ( 'NONE',  ( -136.9786087219320621, -61.13517585824855871, -20.58494765305776042 ) ) ;
#4921 = PLANE ( 'NONE',  #6703 ) ;
#4922 = CARTESIAN_POINT ( 'NONE',  ( -78.98881167625627597, 3.978763624650135000, 15.60000000000000497 ) ) ;
#4923 = CARTESIAN_POINT ( 'NONE',  ( -82.43270857789077866, -35.26402932394314860, 22.50000000000001066 ) ) ;
#4924 = EDGE_CURVE ( 'NONE', #294, #443, #1054, .T. ) ;
#4925 = EDGE_CURVE ( 'NONE', #3380, #68, #1047, .T. ) ;
#4926 = EDGE_CURVE ( 'NONE', #4156, #805, #441, .T. ) ;
#4927 = CARTESIAN_POINT ( 'NONE',  ( -61.07010901051873475, -34.95773606938510625, -3.700000000000000178 ) ) ;
#4928 = ORIENTED_EDGE ( 'NONE', *, *, #4836, .F. ) ;
#4929 = CARTESIAN_POINT ( 'NONE',  ( -110.5491253238948843, 6.488703701174652672, 15.60000000000000853 ) ) ;
#4930 = DIRECTION ( 'NONE',  ( -0.4058374489394943607, 0.9139452746408197603, 0.000000000000000000 ) ) ;
#4931 = FACE_OUTER_BOUND ( 'NONE', #3337, .T. ) ;
#4932 = CARTESIAN_POINT ( 'NONE',  ( -115.4694175406546037, -59.24633854388667942, -6.109301298667404012 ) ) ;
#4933 = DIRECTION ( 'NONE',  ( -0.9139452746408243122, -0.4058374489394839246, 0.000000000000000000 ) ) ;
#4934 = EDGE_LOOP ( 'NONE', ( #4636, #4604, #3990, #2695 ) ) ;
#4935 = VERTEX_POINT ( 'NONE', #4003 ) ;
#4936 = DIRECTION ( 'NONE',  ( 0.4949680778242066537, 0.5475467111382407159, 0.6746845196510041776 ) ) ;
#4937 = CIRCLE ( 'NONE', #5320, 2.099999999999982769 ) ;
#4938 = ORIENTED_EDGE ( 'NONE', *, *, #7393, .T. ) ;
#4939 = PLANE ( 'NONE',  #1879 ) ;
#4940 = CARTESIAN_POINT ( 'NONE',  ( -55.51103414571420558, -25.65399367358920557, -7.633802519290988187 ) ) ;
#4941 = VERTEX_POINT ( 'NONE', #2205 ) ;
#4942 = VECTOR ( 'NONE', #7528, 1000.000000000000114 ) ;
#4943 = LINE ( 'NONE', #3177, #1523 ) ;
#4944 = VERTEX_POINT ( 'NONE', #6512 ) ;
#4945 = B_SPLINE_CURVE_WITH_KNOTS ( 'NONE', 3,
 ( #4259, #1100, #4874, #3611, #2373, #713, #6102, #4446 ),
 .UNSPECIFIED., .F., .F.,
 ( 4, 2, 2, 4 ),
 ( 0.000000000000000000, 0.003404530059512401313, 0.006809060119024802626, 0.01361812023804960525 ),
 .UNSPECIFIED. ) ;
#4947 = EDGE_CURVE ( 'NONE', #3514, #3791, #2248, .T. ) ;
#4946 = AXIS2_PLACEMENT_3D ( 'NONE', #6127, #6167, #625 ) ;
#4948 = EDGE_LOOP ( 'NONE', ( #201, #2368, #537, #172, #6670, #5255 ) ) ;
#4949 = CARTESIAN_POINT ( 'NONE',  ( -138.8630435950363164, -61.81998951347363658, -20.46150747582578333 ) ) ;
#4950 = AXIS2_PLACEMENT_3D ( 'NONE', #7244, #258, #1613 ) ;
#4951 = ORIENTED_EDGE ( 'NONE', *, *, #6635, .T. ) ;
#4952 = CARTESIAN_POINT ( 'NONE',  ( -146.6350912793519399, -51.70899645316396942, -2.675592887100095574 ) ) ;
#4953 = CARTESIAN_POINT ( 'NONE',  ( -133.0253151000710261, -53.77956025799294082, 2.554497805462627280 ) ) ;
#4954 = EDGE_CURVE ( 'NONE', #7403, #4560, #924, .T. ) ;
#4955 = CARTESIAN_POINT ( 'NONE',  ( -123.3554167525122409, -33.07328013163132852, -22.14999999999999503 ) ) ;
#4956 = CARTESIAN_POINT ( 'NONE',  ( -49.42891143634976459, -6.964798217998691143, -2.420311757243873263 ) ) ;
#4957 = LINE ( 'NONE', #7462, #5913 ) ;
#4958 = DIRECTION ( 'NONE',  ( 0.4342997651233613809, -0.9007684019845462187, -5.222600313117001112E-18 ) ) ;
#4959 = CARTESIAN_POINT ( 'NONE',  ( -118.5064066525999493, -26.56048606641816079, 20.10000000000000853 ) ) ;
#4960 = CARTESIAN_POINT ( 'NONE',  ( -137.2705019235008592, -39.25227445904224766, 7.970196636405431079 ) ) ;
#4961 = DIRECTION ( 'NONE',  ( 1.522024630730408022E-16, 6.758551201016278582E-17, 1.000000000000000000 ) ) ;
#4962 = CYLINDRICAL_SURFACE ( 'NONE', #2238, 1.500000000000587308 ) ;
#4963 = B_SPLINE_CURVE_WITH_KNOTS ( 'NONE', 3,
 ( #2211, #7175, #7096, #6606 ),
 .UNSPECIFIED., .F., .F.,
 ( 4, 4 ),
 ( 0.000000000000000000, 1.000000000000000000 ),
 .UNSPECIFIED. ) ;
#4964 = AXIS2_PLACEMENT_3D ( 'NONE', #61, #6373, #3253 ) ;
#4965 = VECTOR ( 'NONE', #7385, 1000.000000000000114 ) ;
#4966 = CARTESIAN_POINT ( 'NONE',  ( -125.0381680901065948, -38.74421432633528184, -17.14999999999995239 ) ) ;
#4967 = ORIENTED_EDGE ( 'NONE', *, *, #6279, .T. ) ;
#4968 = CARTESIAN_POINT ( 'NONE',  ( -111.9374405653108226, -48.46387086220077833, -14.69999999999999041 ) ) ;
#4969 = DIRECTION ( 'NONE',  ( -0.9139452746408245343, -0.4058374489394837026, 1.445602896647341135E-16 ) ) ;
#4970 = FACE_OUTER_BOUND ( 'NONE', #5094, .T. ) ;
#4971 = CARTESIAN_POINT ( 'NONE',  ( -131.7224519056824192, -36.78866254671527258, -5.175980714260886018 ) ) ;
#4972 = CARTESIAN_POINT ( 'NONE',  ( -66.22947101946850523, -7.706500820184030154, 5.500000000000001776 ) ) ;
#4973 = ORIENTED_EDGE ( 'NONE', *, *, #2836, .T. ) ;
#4974 = VERTEX_POINT ( 'NONE', #5314 ) ;
#4975 = EDGE_CURVE ( 'NONE', #2311, #6661, #3394, .T. ) ;
#4976 = DIRECTION ( 'NONE',  ( -1.522024630730408022E-16, -6.758551201016278582E-17, -1.000000000000000000 ) ) ;
#4977 = CIRCLE ( 'NONE', #653, 3.999999999999998668 ) ;
#4978 = EDGE_LOOP ( 'NONE', ( #6432, #1332 ) ) ;
#4979 = CARTESIAN_POINT ( 'NONE',  ( -128.4163111975860829, -14.71263671694811315, 15.10000000000001208 ) ) ;
#4980 = CARTESIAN_POINT ( 'NONE',  ( -50.65606108635935101, -21.37915471309467463, 3.585002623458574345 ) ) ;
#4981 = ORIENTED_EDGE ( 'NONE', *, *, #129, .F. ) ;
#4982 = EDGE_CURVE ( 'NONE', #2859, #5142, #255, .T. ) ;
#4983 = EDGE_CURVE ( 'NONE', #861, #6264, #7784, .T. ) ;
#4984 = FACE_OUTER_BOUND ( 'NONE', #4432, .T. ) ;
#4985 = VERTEX_POINT ( 'NONE', #2860 ) ;
#4986 = EDGE_CURVE ( 'NONE', #5480, #518, #6950, .T. ) ;
#4987 = CIRCLE ( 'NONE', #7738, 1.124999999999998446 ) ;
#4988 = VECTOR ( 'NONE', #4800, 1000.000000000000000 ) ;
#4989 = EDGE_LOOP ( 'NONE', ( #2580, #5950 ) ) ;
#4990 = CARTESIAN_POINT ( 'NONE',  ( -61.86659493569082002, -35.62506555821897081, -7.353751536246068810 ) ) ;
#4991 = EDGE_LOOP ( 'NONE', ( #5029, #4365 ) ) ;
#4992 = CARTESIAN_POINT ( 'NONE',  ( -143.7226838614496955, -58.26773321926847871, -7.272540773093878919 ) ) ;
#4993 = VECTOR ( 'NONE', #6747, 1000.000000000000000 ) ;
#4994 = ORIENTED_EDGE ( 'NONE', *, *, #67, .T. ) ;
#4995 = CARTESIAN_POINT ( 'NONE',  ( -45.88375635984606760, -19.87656312222967614, -14.70000000000000107 ) ) ;
#4996 = EDGE_CURVE ( 'NONE', #7358, #1729, #7898, .T. ) ;
#4997 = CARTESIAN_POINT ( 'NONE',  ( -51.51637468743174253, -1.940134050895638174, -2.969009626126030366 ) ) ;
#4998 = ADVANCED_FACE ( 'NONE', ( #4485 ), #6919, .F. ) ;
#4999 = CARTESIAN_POINT ( 'NONE',  ( -80.26957727349255833, -1.181052250999105269, 4.002394000832230910E-15 ) ) ;
#5000 = DIRECTION ( 'NONE',  ( -0.6705919300765826874, -0.7418264374610571421, 0.000000000000000000 ) ) ;
#5001 = CARTESIAN_POINT ( 'NONE',  ( -136.3475987532109457, -58.86014820062656838, -22.14999999999998437 ) ) ;
#5002 = ORIENTED_CLOSED_SHELL ( 'NONE', *, #5338, .F. );
#5003 = CARTESIAN_POINT ( 'NONE',  ( -140.1198871507341437, -50.36496086759949264, -14.69999999999998508 ) ) ;
#5004 = AXIS2_PLACEMENT_3D ( 'NONE', #2038, #1880, #2547 ) ;
#5005 = CARTESIAN_POINT ( 'NONE',  ( -51.34636424633382035, -2.646697609956965014, -2.675592887099892181 ) ) ;
#5006 = CARTESIAN_POINT ( 'NONE',  ( -132.9633526196550690, -57.92771199746855615, 3.585002623455700643 ) ) ;
#5007 = EDGE_LOOP ( 'NONE', ( #5640, #5475, #2185, #506 ) ) ;
#5008 = VECTOR ( 'NONE', #1597, 1000.000000000000000 ) ;
#5009 = CARTESIAN_POINT ( 'NONE',  ( -97.01105367747261710, -27.94000877011203698, 6.000000000000420108 ) ) ;
#5010 = DIRECTION ( 'NONE',  ( -0.4058374489394844242, 0.9139452746408240902, 1.232595164407830946E-32 ) ) ;
#5011 = CARTESIAN_POINT ( 'NONE',  ( -45.56765871855132843, -20.58841449607741936, -20.04512421095780184 ) ) ;
#5012 = DIRECTION ( 'NONE',  ( 0.6705919300765831315, 0.7418264374610565870, -1.522024630730407282E-16 ) ) ;
#5013 = LINE ( 'NONE', #2591, #6763 ) ;
#5014 = EDGE_LOOP ( 'NONE', ( #4033, #6709, #3027 ) ) ;
#5015 = CARTESIAN_POINT ( 'NONE',  ( -127.2459183670512317, -48.67607761399695221, -4.183106957791444813 ) ) ;
#5016 = VERTEX_POINT ( 'NONE', #1134 ) ;
#5017 = CARTESIAN_POINT ( 'NONE',  ( -137.0693929651954193, -60.93072989014169849, -17.35908642200565666 ) ) ;
#5018 = EDGE_CURVE ( 'NONE', #8056, #2598, #5499, .T. ) ;
#5019 = VECTOR ( 'NONE', #1482, 1000.000000000000000 ) ;
#5020 = ORIENTED_EDGE ( 'NONE', *, *, #5769, .F. ) ;
#5021 = CARTESIAN_POINT ( 'NONE',  ( -57.51566556531699348, -27.81808436013080765, -1.440688216499985685 ) ) ;
#5022 = CARTESIAN_POINT ( 'NONE',  ( -56.63659040489504548, -12.11108366380537760, 6.141930112106515516 ) ) ;
#5023 = ORIENTED_EDGE ( 'NONE', *, *, #1404, .F. ) ;
#5024 = FACE_BOUND ( 'NONE', #3592, .T. ) ;
#5025 = ADVANCED_FACE ( 'NONE', ( #5633, #2525, #3255, #99, #3216, #22, #3871, #6342, #6376, #5752, #2332, #4831, #5024, #6767, #3651, #1284, #7336 ), #1709, .T. ) ;
#5026 = CARTESIAN_POINT ( 'NONE',  ( -148.2439180755851851, -48.08592112589872869, -2.407444835499554348 ) ) ;
#5027 = ORIENTED_EDGE ( 'NONE', *, *, #5798, .F. ) ;
#5028 = EDGE_CURVE ( 'NONE', #3473, #3514, #3808, .T. ) ;
#5029 = ORIENTED_EDGE ( 'NONE', *, *, #8103, .F. ) ;
#5030 = CARTESIAN_POINT ( 'NONE',  ( -138.4001056607043267, -59.58069029338829381, -22.14999999999998082 ) ) ;
#5031 = ADVANCED_FACE ( 'NONE', ( #632 ), #3136, .F. ) ;
#5032 = EDGE_LOOP ( 'NONE', ( #4358, #474 ) ) ;
#5033 = CARTESIAN_POINT ( 'NONE',  ( -48.01343472114803035, -21.71964871236399830, -18.92396247120037245 ) ) ;
#5034 = ORIENTED_EDGE ( 'NONE', *, *, #336, .T. ) ;
#5035 = CARTESIAN_POINT ( 'NONE',  ( -121.4962024187516363, -44.73273250692191993, 23.50000000000001421 ) ) ;
#5036 = CARTESIAN_POINT ( 'NONE',  ( -134.2497228808676368, -49.94662893597634223, 2.733769929747736693 ) ) ;
#5037 = CARTESIAN_POINT ( 'NONE',  ( -147.2296540954660884, -50.37004195873901580, -2.419953286813379734 ) ) ;
#5038 = CARTESIAN_POINT ( 'NONE',  ( -98.72394471534117599, -4.676606161317431898, 20.10000000000000853 ) ) ;
#5039 = ORIENTED_EDGE ( 'NONE', *, *, #1140, .T. ) ;
#5040 = CARTESIAN_POINT ( 'NONE',  ( -135.5911072237840358, -60.56376589394749033, -20.31676954922416556 ) ) ;
#5041 = CARTESIAN_POINT ( 'NONE',  ( -72.47261247300994569, 1.249400546638808285, 20.09999999999999432 ) ) ;
#5042 = CARTESIAN_POINT ( 'NONE',  ( -51.92092408978494689, -1.352789777417753747, -3.097864185164263429 ) ) ;
#5043 = EDGE_CURVE ( 'NONE', #3187, #5358, #4945, .T. ) ;
#5044 = VECTOR ( 'NONE', #1273, 1000.000000000000114 ) ;
#5045 = CARTESIAN_POINT ( 'NONE',  ( -95.79203009365117794, -20.83375678581511181, -22.14999999999999503 ) ) ;
#5046 = VERTEX_POINT ( 'NONE', #482 ) ;
#5047 = CARTESIAN_POINT ( 'NONE',  ( -121.6204968689192043, -57.34384698340068809, 1.438006214652263637 ) ) ;
#5048 = CARTESIAN_POINT ( 'NONE',  ( -125.3249968718462810, -56.76320818355990383, 1.233083143165721873 ) ) ;
#5049 = DIRECTION ( 'NONE',  ( 1.522024630730408022E-16, 6.758551201016278582E-17, 1.000000000000000000 ) ) ;
#5050 = CARTESIAN_POINT ( 'NONE',  ( -135.6298846898025943, -60.47643910357167840, -18.23554638298330843 ) ) ;
#5051 = DIRECTION ( 'NONE',  ( -1.522024630730408022E-16, -6.758551201016278582E-17, -1.000000000000000000 ) ) ;
#5052 = DIRECTION ( 'NONE',  ( 0.9139452746408242012, 0.4058374489394840912, -2.775557561562889872E-16 ) ) ;
#5053 = ORIENTED_EDGE ( 'NONE', *, *, #2107, .T. ) ;
#5054 = CARTESIAN_POINT ( 'NONE',  ( -148.2439180755852135, -48.08592112589870027, -2.407444835499566338 ) ) ;
#5055 = VERTEX_POINT ( 'NONE', #7379 ) ;
#5056 = CARTESIAN_POINT ( 'NONE',  ( -59.59151394423088277, -30.92230778478076303, 3.549934050466036606 ) ) ;
#5057 = DIRECTION ( 'NONE',  ( -0.8921444832232213740, -0.3961568063241387994, -0.2171128873591572916 ) ) ;
#5058 = ORIENTED_EDGE ( 'NONE', *, *, #3469, .F. ) ;
#5059 = DIRECTION ( 'NONE',  ( 0.4058374489394840356, -0.9139452746408243122, 0.000000000000000000 ) ) ;
#5060 = CARTESIAN_POINT ( 'NONE',  ( -146.3966728089698393, -44.85379229968518899, -2.675592887094415229 ) ) ;
#5062 = AXIS2_PLACEMENT_3D ( 'NONE', #6978, #2471, #6162 ) ;
#5061 = CARTESIAN_POINT ( 'NONE',  ( -113.1852338150326460, -16.47676301741883620, 12.50000000000000888 ) ) ;
#5063 = ORIENTED_EDGE ( 'NONE', *, *, #7742, .T. ) ;
#5064 = EDGE_CURVE ( 'NONE', #179, #4174, #1896, .T. ) ;
#5065 = AXIS2_PLACEMENT_3D ( 'NONE', #1944, #146, #1486 ) ;
#5066 = AXIS2_PLACEMENT_3D ( 'NONE', #6869, #3859, #2590 ) ;
#5067 = ORIENTED_EDGE ( 'NONE', *, *, #487, .T. ) ;
#5068 = CARTESIAN_POINT ( 'NONE',  ( -141.9821134627494530, -41.34446581944285981, -7.672778918891222766 ) ) ;
#5069 = VERTEX_POINT ( 'NONE', #3176 ) ;
#5070 = B_SPLINE_CURVE_WITH_KNOTS ( 'NONE', 3,
 ( #6089, #7659, #836, #7124, #7822, #1533, #470, #4041, #224, #2817, #921, #2201, #6468, #4699, #266, #2776, #3920, #1490, #7204, #2026, #186, #4533, #7042, #6423, #797, #5269 ),
 .UNSPECIFIED., .F., .F.,
 ( 4, 2, 2, 2, 2, 2, 2, 2, 2, 2, 2, 2, 4 ),
 ( -0.003117580827449453577, -0.001470466745590196921, -0.0006469097046605857236, 0.0001766473362690259077, 0.001823761418128211007, 0.003470875499987396973, 0.004294432540916991690, 0.005117989581846585541, 0.006765103663705773242, 0.007588660704635410460, 0.008412217745565046811, 0.009235774786494680560, 0.01005933182742431431 ),
 .UNSPECIFIED. ) ;
#5071 = CARTESIAN_POINT ( 'NONE',  ( -137.2701230979369029, -60.47898014397039645, -21.72052257641687589 ) ) ;
#5072 = EDGE_CURVE ( 'NONE', #4272, #29, #260, .T. ) ;
#5073 = EDGE_LOOP ( 'NONE', ( #1905, #5463 ) ) ;
#5074 = CARTESIAN_POINT ( 'NONE',  ( -68.14875609621424246, -8.558759462956944120, 5.500000000000001776 ) ) ;
#5075 = CARTESIAN_POINT ( 'NONE',  ( -84.87911889838640889, -35.79470508641486504, 20.10000000000000853 ) ) ;
#5076 = EDGE_CURVE ( 'NONE', #6685, #2437, #7566, .T. ) ;
#5077 = AXIS2_PLACEMENT_3D ( 'NONE', #206, #5746, #4479 ) ;
#5078 = LINE ( 'NONE', #4460, #4180 ) ;
#5079 = PRODUCT_CONTEXT ( 'NONE', #3226, 'mechanical' ) ;
#5080 = CARTESIAN_POINT ( 'NONE',  ( -45.85076318325157985, -19.95086370223046046, -21.68485822138540087 ) ) ;
#5081 = CARTESIAN_POINT ( 'NONE',  ( -95.79203009365117794, -20.83375678581510826, -12.49999999999999289 ) ) ;
#5082 = ORIENTED_EDGE ( 'NONE', *, *, #363, .F. ) ;
#5083 = CARTESIAN_POINT ( 'NONE',  ( -117.3429766487297883, -58.55580399392865587, 12.04200100714572308 ) ) ;
#5084 = EDGE_CURVE ( 'NONE', #5507, #7772, #3150, .T. ) ;
#5085 = CARTESIAN_POINT ( 'NONE',  ( -84.35511265651814483, 5.785246007221590325, 15.10000000000000320 ) ) ;
#5086 = DIRECTION ( 'NONE',  ( -0.6705919300765841307, -0.7418264374610556988, 0.000000000000000000 ) ) ;
#5087 = CARTESIAN_POINT ( 'NONE',  ( -115.3055986665901571, -51.20145736261863334, -14.69999999999998863 ) ) ;
#5088 = CARTESIAN_POINT ( 'NONE',  ( -54.30531385504920650, -24.51355798416536658, -14.70000000000000107 ) ) ;
#5089 = CARTESIAN_POINT ( 'NONE',  ( -97.61980985088180773, -26.56909085815083316, -14.69999999999999396 ) ) ;
#5090 = CARTESIAN_POINT ( 'NONE',  ( -71.48268861099516869, -14.07061009676373331, -15.35032990219853311 ) ) ;
#5091 = CARTESIAN_POINT ( 'NONE',  ( -74.72143725893354826, -24.35221633749990389, 18.10000000000000142 ) ) ;
#5092 = ORIENTED_EDGE ( 'NONE', *, *, #6889, .T. ) ;
#5093 = CARTESIAN_POINT ( 'NONE',  ( -51.46719551057414321, -10.99872832046952453, -22.15000000000000213 ) ) ;
#5094 = EDGE_LOOP ( 'NONE', ( #3944, #6125, #5109 ) ) ;
#5095 = DIRECTION ( 'NONE',  ( 0.9139452746408103234, 0.4058374489395155105, -5.571170023775695132E-15 ) ) ;
#5096 = ADVANCED_FACE ( 'NONE', ( #6586 ), #1166, .F. ) ;
#5097 = EDGE_LOOP ( 'NONE', ( #2493, #793, #3460, #7235, #4371, #7904, #4973, #3923 ) ) ;
#5098 = DIRECTION ( 'NONE',  ( -0.6705919300765856850, -0.7418264374610543666, 0.000000000000000000 ) ) ;
#5099 = DIRECTION ( 'NONE',  ( 0.6705919300765805779, 0.7418264374610589185, 0.000000000000000000 ) ) ;
#5100 = EDGE_CURVE ( 'NONE', #1729, #3875, #6211, .T. ) ;
#5101 = VERTEX_POINT ( 'NONE', #6414 ) ;
#5102 = CARTESIAN_POINT ( 'NONE',  ( -54.93708974580970761, -2.692118301105137945, 0.2929841900261611065 ) ) ;
#5103 = DIRECTION ( 'NONE',  ( -1.522024630730408022E-16, -6.758551201016278582E-17, -1.000000000000000000 ) ) ;
#5104 = ORIENTED_EDGE ( 'NONE', *, *, #3850, .T. ) ;
#5105 = ADVANCED_FACE ( 'NONE', ( #3987 ), #5871, .F. ) ;
#5106 = CARTESIAN_POINT ( 'NONE',  ( -44.60922249170977238, -17.81747558067105786, -12.54711973639345501 ) ) ;
#5107 = CIRCLE ( 'NONE', #523, 37.50000000000002132 ) ;
#5108 = CIRCLE ( 'NONE', #5756, 2.850000000000005862 ) ;
#5109 = ORIENTED_EDGE ( 'NONE', *, *, #1130, .T. ) ;
#5110 = CARTESIAN_POINT ( 'NONE',  ( -44.96457999591336119, -20.36580460571047269, -4.034261475884341586 ) ) ;
#5111 = VERTEX_POINT ( 'NONE', #2761 ) ;
#5112 = LINE ( 'NONE', #7618, #4544 ) ;
#5113 = ADVANCED_FACE ( 'NONE', ( #2144 ), #7152, .F. ) ;
#5114 = VECTOR ( 'NONE', #203, 1000.000000000000000 ) ;
#5115 = AXIS2_PLACEMENT_3D ( 'NONE', #2392, #6866, #4 ) ;
#5116 = DIRECTION ( 'NONE',  ( 0.4949680778240961865, 0.5475467111381180363, -0.6746845196511848108 ) ) ;
#5117 = CARTESIAN_POINT ( 'NONE',  ( -49.17908826586418058, -0.1352774305954651535, -22.15000000000000213 ) ) ;
#5118 = DIRECTION ( 'NONE',  ( -1.522024630730408022E-16, -6.758551201016278582E-17, -1.000000000000000000 ) ) ;
#5119 = AXIS2_PLACEMENT_3D ( 'NONE', #4878, #1754, #522 ) ;
#5120 = VERTEX_POINT ( 'NONE', #5917 ) ;
#5121 = CARTESIAN_POINT ( 'NONE',  ( -124.5452758466801839, -56.65117624595189483, 9.657107528731282642 ) ) ;
#5122 = CARTESIAN_POINT ( 'NONE',  ( -137.5882041005363874, -61.40895368032259682, -19.99739207309209732 ) ) ;
#5123 = CARTESIAN_POINT ( 'NONE',  ( -139.6632837808822956, -60.01839545222991745, -12.56495981488287050 ) ) ;
#5124 = CARTESIAN_POINT ( 'NONE',  ( -138.4874383557699673, -47.19329870436877883, 3.825002615719097498 ) ) ;
#5125 = CARTESIAN_POINT ( 'NONE',  ( -59.28872488418160458, -26.72644192283940257, -14.70000000000047180 ) ) ;
#5126 = AXIS2_PLACEMENT_3D ( 'NONE', #7962, #4182, #1716 ) ;
#5127 = CARTESIAN_POINT ( 'NONE',  ( -111.4700404167922443, -55.78683837760959108, -13.02919951373063689 ) ) ;
#5128 = DIRECTION ( 'NONE',  ( 1.522024630730408022E-16, 6.758551201016278582E-17, 1.000000000000000000 ) ) ;
#5129 = LINE ( 'NONE', #5784, #721 ) ;
#5130 = ORIENTED_EDGE ( 'NONE', *, *, #6234, .F. ) ;
#5131 = CYLINDRICAL_SURFACE ( 'NONE', #7774, 2.099999999999982769 ) ;
#5132 = ORIENTED_EDGE ( 'NONE', *, *, #4924, .T. ) ;
#5133 = DIRECTION ( 'NONE',  ( -0.7418264374610571421, 0.6705919300765827984, 6.758551201016282280E-17 ) ) ;
#5134 = ORIENTED_EDGE ( 'NONE', *, *, #718, .T. ) ;
#5135 = CARTESIAN_POINT ( 'NONE',  ( -57.74205136634378732, -28.09277435606320239, -0.8876107563519897159 ) ) ;
#5136 = FACE_OUTER_BOUND ( 'NONE', #583, .T. ) ;
#5137 = ORIENTED_EDGE ( 'NONE', *, *, #4078, .T. ) ;
#5138 = CARTESIAN_POINT ( 'NONE',  ( -43.76816102524501417, -12.32067677191304966, -5.754329382438791107 ) ) ;
#5139 = EDGE_CURVE ( 'NONE', #1862, #7368, #5635, .T. ) ;
#5140 = CARTESIAN_POINT ( 'NONE',  ( -146.7849486247033042, -43.97939579444827984, -2.927881913500070432 ) ) ;
#5141 = LINE ( 'NONE', #7608, #2124 ) ;
#5142 = VERTEX_POINT ( 'NONE', #2228 ) ;
#5143 = CIRCLE ( 'NONE', #7505, 2.099999999999982769 ) ;
#5144 = CARTESIAN_POINT ( 'NONE',  ( -44.29847287404285083, -18.51850755879941346, -14.61486678521332472 ) ) ;
#5145 = VERTEX_POINT ( 'NONE', #2269 ) ;
#5146 = EDGE_LOOP ( 'NONE', ( #1967, #7451, #2349, #6088 ) ) ;
#5147 = CARTESIAN_POINT ( 'NONE',  ( -125.9397877500429956, -50.63323145263159830, -3.183803752492257555 ) ) ;
#5148 = B_SPLINE_CURVE_WITH_KNOTS ( 'NONE', 3,
 ( #7838, #4715, #7880, #2258, #7967, #453 ),
 .UNSPECIFIED., .F., .F.,
 ( 4, 2, 4 ),
 ( 1.734723475976807094E-18, 0.004467901066054403084, 0.008935802132108804433 ),
 .UNSPECIFIED. ) ;
#5149 = CARTESIAN_POINT ( 'NONE',  ( -49.43272837348354898, -6.956202481784263369, -2.420152625384551559 ) ) ;
#5150 = DIRECTION ( 'NONE',  ( 1.000000000000000000, 0.000000000000000000, 0.000000000000000000 ) ) ;
#5151 = VECTOR ( 'NONE', #278, 1000.000000000000227 ) ;
#5152 = CARTESIAN_POINT ( 'NONE',  ( -91.73509228634814860, -45.54420875464012397, 18.10000000000000497 ) ) ;
#5153 = CARTESIAN_POINT ( 'NONE',  ( -97.61980985088182194, -26.56909085815083316, -3.699999999999994849 ) ) ;
#5154 = ORIENTED_EDGE ( 'NONE', *, *, #2491, .F. ) ;
#5155 = CARTESIAN_POINT ( 'NONE',  ( -123.4740751322694621, -56.76742648497478427, 10.18913680133532829 ) ) ;
#5156 = CARTESIAN_POINT ( 'NONE',  ( -126.4761761315222941, -48.14816296473856738, -6.187769605655767637E-12 ) ) ;
#5157 = DIRECTION ( 'NONE',  ( -0.4058374489394843687, 0.9139452746408239792, 0.000000000000000000 ) ) ;
#5158 = EDGE_CURVE ( 'NONE', #7717, #4445, #1308, .T. ) ;
#5159 = DIRECTION ( 'NONE',  ( 1.522024630730408022E-16, 6.758551201016278582E-17, 1.000000000000000000 ) ) ;
#5160 = CARTESIAN_POINT ( 'NONE',  ( -62.97298039296421734, -28.36243578200628690, -14.69999999999913243 ) ) ;
#5161 = CARTESIAN_POINT ( 'NONE',  ( -119.9027199505535179, -53.64208973056489782, -14.69999999999982521 ) ) ;
#5162 = CARTESIAN_POINT ( 'NONE',  ( -41.44539753070341703, -17.55153638206442324, -21.85729306219286983 ) ) ;
#5163 = CYLINDRICAL_SURFACE ( 'NONE', #3744, 1.750000000000004885 ) ;
#5164 = EDGE_LOOP ( 'NONE', ( #7145, #3049, #520 ) ) ;
#5165 = DIRECTION ( 'NONE',  ( -1.522024630730408022E-16, -6.758551201016278582E-17, -1.000000000000000000 ) ) ;
#5166 = ORIENTED_EDGE ( 'NONE', *, *, #5167, .T. ) ;
#5167 = EDGE_CURVE ( 'NONE', #7778, #6099, #2752, .T. ) ;
#5168 = FACE_OUTER_BOUND ( 'NONE', #1889, .T. ) ;
#5169 = EDGE_CURVE ( 'NONE', #4373, #6087, #2092, .T. ) ;
#5170 = EDGE_CURVE ( 'NONE', #6713, #183, #6620, .T. ) ;
#5171 = CIRCLE ( 'NONE', #1636, 15.00000000000000355 ) ;
#5172 = EDGE_LOOP ( 'NONE', ( #354, #4001, #7037, #7492 ) ) ;
#5173 = CARTESIAN_POINT ( 'NONE',  ( -47.08891243396227821, -20.85861468474140779, -21.32051342069055622 ) ) ;
#5174 = DIRECTION ( 'NONE',  ( 1.522024630730408022E-16, 6.758551201016278582E-17, 1.000000000000000000 ) ) ;
#5175 = ORIENTED_EDGE ( 'NONE', *, *, #2101, .T. ) ;
#5176 = CARTESIAN_POINT ( 'NONE',  ( -47.43547349355124965, -11.45401722149709478, -4.077197461557091174 ) ) ;
#5177 = DIRECTION ( 'NONE',  ( 0.6705919300765862401, 0.7418264374610538114, 0.000000000000000000 ) ) ;
#5178 = DIRECTION ( 'NONE',  ( -0.4058374489394839246, 0.9139452746408243122, -7.395570986446985676E-32 ) ) ;
#5179 = ORIENTED_EDGE ( 'NONE', *, *, #4744, .F. ) ;
#5180 = VECTOR ( 'NONE', #6276, 1000.000000000000000 ) ;
#5181 = CARTESIAN_POINT ( 'NONE',  ( -45.27827813479882479, -16.31201249137794207, -9.456580814923533751 ) ) ;
#5182 = AXIS2_PLACEMENT_3D ( 'NONE', #2656, #6973, #2034 ) ;
#5183 = ORIENTED_EDGE ( 'NONE', *, *, #5877, .T. ) ;
#5184 = ORIENTED_EDGE ( 'NONE', *, *, #4982, .T. ) ;
#5185 = CARTESIAN_POINT ( 'NONE',  ( -59.71675076526341286, -31.16865636688422470, 3.827481141470783665 ) ) ;
#5186 = CARTESIAN_POINT ( 'NONE',  ( -136.9732925672210797, -61.14714783000722065, -19.52467545493464129 ) ) ;
#5187 = ORIENTED_EDGE ( 'NONE', *, *, #6138, .T. ) ;
#5188 = FACE_OUTER_BOUND ( 'NONE', #3479, .T. ) ;
#5189 = VECTOR ( 'NONE', #4746, 1000.000000000000000 ) ;
#5190 = CARTESIAN_POINT ( 'NONE',  ( -97.61980985088182194, -26.56909085815083671, -14.69999999999999396 ) ) ;
#5191 = EDGE_CURVE ( 'NONE', #7148, #6264, #6419, .T. ) ;
#5192 = CARTESIAN_POINT ( 'NONE',  ( -48.79799898722674101, -0.9934898659770324825, -2.784127008650151058 ) ) ;
#5193 = ORIENTED_EDGE ( 'NONE', *, *, #7895, .T. ) ;
#5194 = CARTESIAN_POINT ( 'NONE',  ( -120.0979981524710496, -57.51058368734593529, 11.47516944190163990 ) ) ;
#5195 = CARTESIAN_POINT ( 'NONE',  ( -144.7878460127467122, -48.47686762692761420, -2.407444835499565894 ) ) ;
#5196 = FACE_OUTER_BOUND ( 'NONE', #584, .T. ) ;
#5197 = AXIS2_PLACEMENT_3D ( 'NONE', #5508, #5584, #1122 ) ;
#5198 = FACE_OUTER_BOUND ( 'NONE', #1735, .T. ) ;
#5199 = AXIS2_PLACEMENT_3D ( 'NONE', #5939, #6605, #1499 ) ;
#5200 = CARTESIAN_POINT ( 'NONE',  ( -67.29566279385417715, -35.56478180472256412, -13.43415421548740163 ) ) ;
#5201 = CIRCLE ( 'NONE', #1674, 2.100000000000013856 ) ;
#5202 = CARTESIAN_POINT ( 'NONE',  ( -113.7129462050260429, -52.69304268307154615, -13.95000713642554935 ) ) ;
#5203 = CARTESIAN_POINT ( 'NONE',  ( -44.05520011509043599, -19.06638736947493484, -21.58258955986390859 ) ) ;
#5204 = LINE ( 'NONE', #5904, #3760 ) ;
#5205 = ORIENTED_EDGE ( 'NONE', *, *, #1423, .F. ) ;
#5206 = CARTESIAN_POINT ( 'NONE',  ( -123.0621833084393728, -57.18740111262584236, -2.494413397865206328 ) ) ;
#5207 = EDGE_LOOP ( 'NONE', ( #6983, #1487, #3366 ) ) ;
#5208 = CARTESIAN_POINT ( 'NONE',  ( -108.6307491327161188, -20.07923623231324939, 13.10000000000001030 ) ) ;
#5209 = VERTEX_POINT ( 'NONE', #334 ) ;
#5210 = CARTESIAN_POINT ( 'NONE',  ( -44.50091129622079933, -38.76058856514463713, -3.700000000000002398 ) ) ;
#5211 = CARTESIAN_POINT ( 'NONE',  ( -1.962256351829845480, 4.418998111374998317, -7.868926495207624337E-17 ) ) ;
#5212 = ORIENTED_EDGE ( 'NONE', *, *, #7642, .F. ) ;
#5213 = CARTESIAN_POINT ( 'NONE',  ( -41.84954116934599710, -16.64140556545628868, -12.68783868662448100 ) ) ;
#5214 = CARTESIAN_POINT ( 'NONE',  ( -60.34494445712678612, -17.92441520249459685, 11.35040003871260339 ) ) ;
#5215 = CARTESIAN_POINT ( 'NONE',  ( -137.9581672447026222, -39.69087519451995405, 7.182930062891512257 ) ) ;
#5216 = EDGE_LOOP ( 'NONE', ( #1705, #4404, #788, #5850, #2474, #141 ) ) ;
#5217 = FACE_OUTER_BOUND ( 'NONE', #6019, .T. ) ;
#5218 = VECTOR ( 'NONE', #8099, 1000.000000000000114 ) ;
#5219 = CIRCLE ( 'NONE', #4565, 1.750000000000004885 ) ;
#5220 = CARTESIAN_POINT ( 'NONE',  ( -122.9990339933746810, -32.91502834804258981, -12.49999999999998934 ) ) ;
#5221 = ORIENTED_EDGE ( 'NONE', *, *, #3893, .F. ) ;
#5222 = ORIENTED_EDGE ( 'NONE', *, *, #7350, .F. ) ;
#5223 = EDGE_CURVE ( 'NONE', #327, #5708, #4545, .T. ) ;
#5224 = PLANE ( 'NONE',  #8118 ) ;
#5225 = CARTESIAN_POINT ( 'NONE',  ( -138.8303030249433618, -33.87451301515444868, 0.6839367198426723471 ) ) ;
#5226 = AXIS2_PLACEMENT_3D ( 'NONE', #476, #3722, #8062 ) ;
#5227 = VECTOR ( 'NONE', #1220, 1000.000000000000000 ) ;
#5228 = ORIENTED_EDGE ( 'NONE', *, *, #1072, .T. ) ;
#5229 = PLANE ( 'NONE',  #3531 ) ;
#5230 = DIRECTION ( 'NONE',  ( -1.522024630730408022E-16, -6.758551201016278582E-17, -1.000000000000000000 ) ) ;
#5231 = CARTESIAN_POINT ( 'NONE',  ( -136.8770820367453780, -55.57095115924994388, -3.134978244145057769 ) ) ;
#5232 = EDGE_LOOP ( 'NONE', ( #4740, #1492, #4622, #794 ) ) ;
#5233 = CARTESIAN_POINT ( 'NONE',  ( -113.6031939461946365, -55.56250355217221681, 16.49280219070006126 ) ) ;
#5234 = EDGE_CURVE ( 'NONE', #5251, #1133, #7471, .T. ) ;
#5235 = LINE ( 'NONE', #928, #6522 ) ;
#5236 = CIRCLE ( 'NONE', #6301, 4.000000000000057732 ) ;
#5237 = FACE_OUTER_BOUND ( 'NONE', #1173, .T. ) ;
#5238 = AXIS2_PLACEMENT_3D ( 'NONE', #1687, #6706, #7396 ) ;
#5239 = CIRCLE ( 'NONE', #6424, 1.500000000000838662 ) ;
#5240 = CARTESIAN_POINT ( 'NONE',  ( -144.1675773552059070, -48.20394887062182221, -1.729927390892234351 ) ) ;
#5241 = CARTESIAN_POINT ( 'NONE',  ( -55.55978011038423858, -25.07060379311266018, -14.69999999999994067 ) ) ;
#5242 = CARTESIAN_POINT ( 'NONE',  ( -121.7616224783266290, -54.46753549917919202, -14.70000000000157492 ) ) ;
#5243 = CARTESIAN_POINT ( 'NONE',  ( -44.40206128744579672, -18.28525657373648627, -22.07649650625658211 ) ) ;
#5244 = CARTESIAN_POINT ( 'NONE',  ( -95.50978709130777133, -47.34883589879283505, 20.10000000000000853 ) ) ;
#5245 = CARTESIAN_POINT ( 'NONE',  ( -87.17159876283979258, 2.669574969885152527, 15.10000000000000320 ) ) ;
#5246 = VECTOR ( 'NONE', #3778, 1000.000000000000000 ) ;
#5247 = CARTESIAN_POINT ( 'NONE',  ( -44.08550059644591101, -11.60602857393436516, -5.127511684585053686 ) ) ;
#5248 = ORIENTED_EDGE ( 'NONE', *, *, #2526, .F. ) ;
#5249 = DIRECTION ( 'NONE',  ( 0.6705919300765831315, 0.7418264374610565870, -1.522024630730407282E-16 ) ) ;
#5250 = CARTESIAN_POINT ( 'NONE',  ( -97.71805682022572626, -3.563866505125225181, 20.10000000000000853 ) ) ;
#5251 = VERTEX_POINT ( 'NONE', #2885 ) ;
#5252 = AXIS2_PLACEMENT_3D ( 'NONE', #5322, #846, #2741 ) ;
#5253 = DIRECTION ( 'NONE',  ( -0.4741801011661238574, -0.5245505043921679933, 0.7071067811865522357 ) ) ;
#5254 = LINE ( 'NONE', #7234, #6961 ) ;
#5255 = ORIENTED_EDGE ( 'NONE', *, *, #3572, .F. ) ;
#5256 = CARTESIAN_POINT ( 'NONE',  ( -44.91133232984508084, -17.13837901492941285, -10.98622590194083948 ) ) ;
#5257 = CARTESIAN_POINT ( 'NONE',  ( -67.48692190378469036, -29.96757134389016386, -14.69999999999999751 ) ) ;
#5258 = EDGE_CURVE ( 'NONE', #6341, #3135, #424, .T. ) ;
#5259 = FACE_OUTER_BOUND ( 'NONE', #2398, .T. ) ;
#5260 = EDGE_LOOP ( 'NONE', ( #5063, #7185 ) ) ;
#5261 = CARTESIAN_POINT ( 'NONE',  ( -96.51894823147021896, -42.53409510979201968, 22.50000000000000711 ) ) ;
#5262 = CARTESIAN_POINT ( 'NONE',  ( -70.20145161165707748, -14.39396738996630987, -33.93855045229617673 ) ) ;
#5263 = VECTOR ( 'NONE', #6615, 1000.000000000000000 ) ;
#5264 = ORIENTED_EDGE ( 'NONE', *, *, #3779, .F. ) ;
#5265 = VERTEX_POINT ( 'NONE', #4153 ) ;
#5266 = AXIS2_PLACEMENT_3D ( 'NONE', #4716, #6575, #2918 ) ;
#5267 = DIRECTION ( 'NONE',  ( 0.4058374489394843687, -0.9139452746408239792, 1.232595164407831220E-32 ) ) ;
#5268 = EDGE_CURVE ( 'NONE', #6143, #7597, #7735, .T. ) ;
#5269 = CARTESIAN_POINT ( 'NONE',  ( -127.0081416792253037, -57.22454430198950348, -8.705050485631742774 ) ) ;
#5270 = EDGE_CURVE ( 'NONE', #7253, #1824, #1036, .T. ) ;
#5271 = CIRCLE ( 'NONE', #3822, 26.16057989992778943 ) ;
#5272 = AXIS2_PLACEMENT_3D ( 'NONE', #7019, #2555, #55 ) ;
#5273 = ORIENTED_EDGE ( 'NONE', *, *, #6559, .F. ) ;
#5274 = CARTESIAN_POINT ( 'NONE',  ( -97.61980985088182194, -26.56909085815083671, -14.69999999999999396 ) ) ;
#5275 = CARTESIAN_POINT ( 'NONE',  ( -97.61980985088180773, -26.56909085815083316, 16.60000000000000853 ) ) ;
#5276 = LINE ( 'NONE', #3396, #6960 ) ;
#5277 = ORIENTED_EDGE ( 'NONE', *, *, #6409, .T. ) ;
#5278 = CARTESIAN_POINT ( 'NONE',  ( -143.6666024492081704, -43.71215977075142689, 0.4984532329702345277 ) ) ;
#5279 = DIRECTION ( 'NONE',  ( -0.4058374489394844242, 0.9139452746408240902, 1.232595164407830946E-32 ) ) ;
#5280 = LINE ( 'NONE', #194, #5836 ) ;
#5281 = EDGE_CURVE ( 'NONE', #7688, #7155, #2928, .T. ) ;
#5282 = DIRECTION ( 'NONE',  ( -0.6705919300765830204, -0.7418264374610566980, 1.522024630730407282E-16 ) ) ;
#5283 = DIRECTION ( 'NONE',  ( 0.6705919300765819102, 0.7418264374610576972, 0.000000000000000000 ) ) ;
#5284 = DIRECTION ( 'NONE',  ( -1.522024630730408022E-16, -6.758551201016278582E-17, -1.000000000000000000 ) ) ;
#5285 = CARTESIAN_POINT ( 'NONE',  ( -112.5501656836097339, -57.99633103640145038, -10.93122798603607038 ) ) ;
#5286 = CARTESIAN_POINT ( 'NONE',  ( -127.4724833277196012, -46.93719534359601653, -4.831486779496477091 ) ) ;
#5287 = DIRECTION ( 'NONE',  ( -1.626845963769450485E-16, -7.918112367363621246E-17, -1.000000000000000000 ) ) ;
#5288 = LINE ( 'NONE', #2135, #2915 ) ;
#5289 = CARTESIAN_POINT ( 'NONE',  ( -42.56267422391121613, -15.03543108697044950, -9.355327557277901107 ) ) ;
#5290 = ORIENTED_EDGE ( 'NONE', *, *, #3200, .T. ) ;
#5291 = DIRECTION ( 'NONE',  ( 1.522024630730408022E-16, 6.758551201016278582E-17, 1.000000000000000000 ) ) ;
#5292 = LINE ( 'NONE', #6580, #2651 ) ;
#5293 = ORIENTED_EDGE ( 'NONE', *, *, #4680, .T. ) ;
#5294 = DIRECTION ( 'NONE',  ( -0.6705919300765830204, -0.7418264374610566980, 1.522024630730407282E-16 ) ) ;
#5295 = CARTESIAN_POINT ( 'NONE',  ( -97.61980985088182194, -26.56909085815083671, -14.69999999999999396 ) ) ;
#5296 = VERTEX_POINT ( 'NONE', #4811 ) ;
#5297 = CARTESIAN_POINT ( 'NONE',  ( -41.64012003292461372, -17.11302162391120874, -14.00636133653487470 ) ) ;
#5298 = DIRECTION ( 'NONE',  ( 1.522024630730408022E-16, 6.758551201016278582E-17, 1.000000000000000000 ) ) ;
#5299 = EDGE_CURVE ( 'NONE', #2203, #4941, #5236, .T. ) ;
#5300 = DIRECTION ( 'NONE',  ( 0.6705919300765862401, 0.7418264374610538114, 0.000000000000000000 ) ) ;
#5301 = ORIENTED_EDGE ( 'NONE', *, *, #4925, .F. ) ;
#5302 = VERTEX_POINT ( 'NONE', #4198 ) ;
#5303 = AXIS2_PLACEMENT_3D ( 'NONE', #2424, #4307, #5415 ) ;
#5304 = CYLINDRICAL_SURFACE ( 'NONE', #5599, 1.124999999999998446 ) ;
#5305 = CARTESIAN_POINT ( 'NONE',  ( -46.80385203556338070, -12.87642762969034749, -5.173790749575173820 ) ) ;
#5306 = EDGE_LOOP ( 'NONE', ( #3342, #5516, #5748, #6454 ) ) ;
#5307 = ORIENTED_EDGE ( 'NONE', *, *, #6696, .F. ) ;
#5308 = CARTESIAN_POINT ( 'NONE',  ( -92.13949305319582095, -29.05926425758253728, -22.14999999999999503 ) ) ;
#5309 = CARTESIAN_POINT ( 'NONE',  ( -141.8474429770122356, -62.49077263966371021, -21.58283252100686056 ) ) ;
#5310 = CARTESIAN_POINT ( 'NONE',  ( -71.95553968771336883, -33.17175978759917854, -14.69999999999999751 ) ) ;
#5311 = ORIENTED_EDGE ( 'NONE', *, *, #1403, .T. ) ;
#5312 = LINE ( 'NONE', #1010, #8080 ) ;
#5313 = ADVANCED_FACE ( 'NONE', ( #3593 ), #6084, .F. ) ;
#5314 = CARTESIAN_POINT ( 'NONE',  ( -129.5003184127618852, -47.83765562346009403, -2.213058202862921320 ) ) ;
#5315 = CARTESIAN_POINT ( 'NONE',  ( -87.74221200772909413, -38.96193401680242374, 16.60000000000000853 ) ) ;
#5316 = VERTEX_POINT ( 'NONE', #4853 ) ;
#5317 = ADVANCED_FACE ( 'NONE', ( #7363 ), #1730, .F. ) ;
#5318 = CARTESIAN_POINT ( 'NONE',  ( -61.17482110531567940, -35.04477416667291578, -5.243919061437011031 ) ) ;
#5319 = DIRECTION ( 'NONE',  ( -0.4058374489394843687, 0.9139452746408243122, -1.232595164407831220E-32 ) ) ;
#5320 = AXIS2_PLACEMENT_3D ( 'NONE', #5879, #259, #1126 ) ;
#5321 = CARTESIAN_POINT ( 'NONE',  ( -146.3966728089698393, -44.85379229968519610, -2.675592887094415229 ) ) ;
#5322 = CARTESIAN_POINT ( 'NONE',  ( -89.71550709007968294, -6.038089960348102636, 20.10000000000000497 ) ) ;
#5323 = ADVANCED_FACE ( 'NONE', ( #3823 ), #7795, .T. ) ;
#5324 = CIRCLE ( 'NONE', #2456, 1.124999999999998446 ) ;
#5325 = EDGE_CURVE ( 'NONE', #4272, #2880, #2589, .T. ) ;
#5326 = CARTESIAN_POINT ( 'NONE',  ( -115.9068254889678542, -59.30798300575407467, -3.699999999999990408 ) ) ;
#5327 = DIRECTION ( 'NONE',  ( 0.9139452746408242012, 0.4058374489394840912, -2.775557561562889872E-16 ) ) ;
#5328 = CARTESIAN_POINT ( 'NONE',  ( -127.3978952012167554, -46.90407448196347673, -4.488965390296051794 ) ) ;
#5329 = CARTESIAN_POINT ( 'NONE',  ( -56.14759689089286354, -26.34245302729816629, -5.314423330998155670 ) ) ;
#5330 = CARTESIAN_POINT ( 'NONE',  ( -62.21917976062704270, -35.92308255740942968, -8.021428571428575793 ) ) ;
#5331 = CARTESIAN_POINT ( 'NONE',  ( -42.02783905888037452, -16.23987900834696418, -11.72553340385166365 ) ) ;
#5332 = VERTEX_POINT ( 'NONE', #2551 ) ;
#5333 = PLANE ( 'NONE',  #2922 ) ;
#5334 = CIRCLE ( 'NONE', #6652, 37.50000000000002132 ) ;
#5335 = CARTESIAN_POINT ( 'NONE',  ( -123.3554167525122409, -33.07328013163132141, -14.69999999999998863 ) ) ;
#5336 = ORIENTED_EDGE ( 'NONE', *, *, #1060, .F. ) ;
#5337 = FACE_OUTER_BOUND ( 'NONE', #7125, .T. ) ;
#5338 = CLOSED_SHELL ( 'NONE', ( #7100, #5872, #6636 ) ) ;
#5339 = PLANE ( 'NONE',  #11 ) ;
#5340 = ORIENTED_EDGE ( 'NONE', *, *, #6997, .F. ) ;
#5341 = DIRECTION ( 'NONE',  ( -0.9139452746408240902, -0.4058374489394846463, 0.000000000000000000 ) ) ;
#5342 = LINE ( 'NONE', #251, #8083 ) ;
#5343 = CARTESIAN_POINT ( 'NONE',  ( -141.8682468980818498, -62.44392224326666252, -16.23035432845730597 ) ) ;
#5344 = ORIENTED_EDGE ( 'NONE', *, *, #7660, .F. ) ;
#5345 = EDGE_CURVE ( 'NONE', #2289, #3100, #3355, .T. ) ;
#5346 = ORIENTED_EDGE ( 'NONE', *, *, #3052, .T. ) ;
#5347 = EDGE_CURVE ( 'NONE', #2655, #1923, #7878, .T. ) ;
#5348 = DIRECTION ( 'NONE',  ( 0.4058374489394842577, -0.9139452746408242012, 1.232595164407831220E-32 ) ) ;
#5349 = CARTESIAN_POINT ( 'NONE',  ( -118.1508107486845205, -18.66478809734867284, 16.60000000000001208 ) ) ;
#5350 = EDGE_LOOP ( 'NONE', ( #7931, #5870 ) ) ;
#5351 = ORIENTED_EDGE ( 'NONE', *, *, #4924, .F. ) ;
#5352 = EDGE_CURVE ( 'NONE', #2181, #3380, #542, .T. ) ;
#5353 = CARTESIAN_POINT ( 'NONE',  ( -43.93807023375288878, -19.33016367165561888, -21.25996032729599605 ) ) ;
#5354 = CARTESIAN_POINT ( 'NONE',  ( -97.61980985088182194, -26.56909085815083671, -14.69999999999999396 ) ) ;
#5355 = VECTOR ( 'NONE', #1435, 1000.000000000000114 ) ;
#5356 = ORIENTED_EDGE ( 'NONE', *, *, #3034, .F. ) ;
#5357 = CARTESIAN_POINT ( 'NONE',  ( -47.08891243396227821, -20.85861468474140779, -21.32051342069055622 ) ) ;
#5358 = VERTEX_POINT ( 'NONE', #1807 ) ;
#5359 = CARTESIAN_POINT ( 'NONE',  ( -63.38860887689211410, -14.10411774266980345, -9.999999999999998224 ) ) ;
#5360 = CARTESIAN_POINT ( 'NONE',  ( -129.2033850473993652, -57.77205057294426638, -13.14809138725792081 ) ) ;
#5361 = ORIENTED_EDGE ( 'NONE', *, *, #2777, .F. ) ;
#5362 = CARTESIAN_POINT ( 'NONE',  ( -120.2018345340192553, -34.05962530407308009, 12.50000000000001243 ) ) ;
#5363 = EDGE_CURVE ( 'NONE', #6725, #187, #6410, .T. ) ;
#5364 = CARTESIAN_POINT ( 'NONE',  ( -111.8258388236744310, -56.78550063292998118, -12.29380358345206758 ) ) ;
#5365 = AXIS2_PLACEMENT_3D ( 'NONE', #3312, #5230, #4463 ) ;
#5366 = LINE ( 'NONE', #5941, #6679 ) ;
#5367 = DIRECTION ( 'NONE',  ( 1.522024630730408022E-16, 6.758551201016278582E-17, 1.000000000000000000 ) ) ;
#5368 = DIRECTION ( 'NONE',  ( 0.4058374489394843687, -0.9139452746408239792, 1.232595164407831220E-32 ) ) ;
#5369 = AXIS2_PLACEMENT_3D ( 'NONE', #6786, #5385, #5959 ) ;
#5370 = CARTESIAN_POINT ( 'NONE',  ( -49.73753745010107252, -6.269772937221070208, -2.407444835499594760 ) ) ;
#5371 =( BOUNDED_SURFACE ( )  B_SPLINE_SURFACE ( 3, 3, ( 
 ( #7186, #1027, #3542, #1554 ),
 ( #941, #417, #4062, #328 ),
 ( #2920, #5417, #7928, #3583 ),
 ( #6077, #6702, #455, #2959 ) ),
 .UNSPECIFIED., .F., .F., .T. ) 
 B_SPLINE_SURFACE_WITH_KNOTS ( ( 4, 4 ),
 ( 4, 4 ),
 ( -9.274943283201991854E-07, 0.09360275521591553127 ),
 ( 0.000000000000000000, 1.000000000000000000 ),
 .UNSPECIFIED. ) 
 GEOMETRIC_REPRESENTATION_ITEM ( )  RATIONAL_B_SPLINE_SURFACE ( (
 ( 1.000000000000000000, 0.9946699664531433172, 0.9946699664531433172, 1.000000000000000000),
 ( 1.000000000000000000, 0.9946699664531433172, 0.9946699664531433172, 1.000000000000000000),
 ( 1.000000000000000000, 0.9946699664531433172, 0.9946699664531433172, 1.000000000000000000),
 ( 1.000000000000000000, 0.9946699664531433172, 0.9946699664531433172, 1.000000000000000000) ) ) 
 REPRESENTATION_ITEM ( '' )  SURFACE ( )  );
#5372 = LINE ( 'NONE', #4268, #3693 ) ;
#5373 = CARTESIAN_POINT ( 'NONE',  ( -79.91673861581968197, -30.30518944920304492, 16.60000000000000497 ) ) ;
#5374 = CARTESIAN_POINT ( 'NONE',  ( -45.70853245697821876, -20.27116706636708798, -16.46973243518483088 ) ) ;
#5375 = CARTESIAN_POINT ( 'NONE',  ( -47.70993786509446011, -3.443801742555584688, -2.407444835499600977 ) ) ;
#5376 = DIRECTION ( 'NONE',  ( -1.522024630730408022E-16, -6.758551201016278582E-17, -1.000000000000000000 ) ) ;
#5377 = CIRCLE ( 'NONE', #6039, 2.099999999999996536 ) ;
#5378 = AXIS2_PLACEMENT_3D ( 'NONE', #3541, #6701, #1070 ) ;
#5379 = CARTESIAN_POINT ( 'NONE',  ( -45.84402953918688439, -19.96602785771147026, -15.10123431744579214 ) ) ;
#5380 = ORIENTED_EDGE ( 'NONE', *, *, #3659, .T. ) ;
#5381 = EDGE_CURVE ( 'NONE', #7584, #262, #855, .T. ) ;
#5382 = DIRECTION ( 'NONE',  ( -1.522024630730408022E-16, -6.758551201016278582E-17, -1.000000000000000000 ) ) ;
#5383 = CARTESIAN_POINT ( 'NONE',  ( -73.58168692433808644, -37.72340151225999705, -21.35000000000000142 ) ) ;
#5384 = VERTEX_POINT ( 'NONE', #7474 ) ;
#5385 = DIRECTION ( 'NONE',  ( -1.522024630730408022E-16, -6.758551201016278582E-17, -1.000000000000000000 ) ) ;
#5386 = CARTESIAN_POINT ( 'NONE',  ( -51.07204234655023356, -4.934232845692865688, -1.729927390893576833 ) ) ;
#5387 = VECTOR ( 'NONE', #4176, 1000.000000000000000 ) ;
#5388 = LINE ( 'NONE', #1610, #4611 ) ;
#5389 = ORIENTED_EDGE ( 'NONE', *, *, #7672, .F. ) ;
#5390 = VERTEX_POINT ( 'NONE', #8051 ) ;
#5391 = DIRECTION ( 'NONE',  ( 0.7418264374610570311, -0.6705919300765826874, -6.758551201016277350E-17 ) ) ;
#5392 = LINE ( 'NONE', #7160, #2577 ) ;
#5393 = ORIENTED_EDGE ( 'NONE', *, *, #590, .F. ) ;
#5394 = EDGE_LOOP ( 'NONE', ( #1657, #2050 ) ) ;
#5395 = CYLINDRICAL_SURFACE ( 'NONE', #1568, 1.750000000000002220 ) ;
#5396 = CARTESIAN_POINT ( 'NONE',  ( -146.7782662949337578, -43.47419774557211980, -2.886758449375609548 ) ) ;
#5397 = PRESENTATION_LAYER_ASSIGNMENT (  '', '', ( #4348 ) ) ;
#5398 = EDGE_CURVE ( 'NONE', #74, #6281, #3340, .T. ) ;
#5399 = AXIS2_PLACEMENT_3D ( 'NONE', #6527, #1025, #2748 ) ;
#5400 = ORIENTED_EDGE ( 'NONE', *, *, #5482, .F. ) ;
#5401 = CARTESIAN_POINT ( 'NONE',  ( -45.65994143005688244, -20.38059397992759969, -21.09063244998280950 ) ) ;
#5402 = ORIENTED_EDGE ( 'NONE', *, *, #4749, .F. ) ;
#5403 = DIRECTION ( 'NONE',  ( -1.000000000000000000, 0.000000000000000000, 1.522024630730408022E-16 ) ) ;
#5404 = CARTESIAN_POINT ( 'NONE',  ( -88.20286979848266640, -37.92453342159888052, -12.49999999999999289 ) ) ;
#5405 = ORIENTED_EDGE ( 'NONE', *, *, #5352, .T. ) ;
#5406 = ORIENTED_EDGE ( 'NONE', *, *, #7387, .F. ) ;
#5407 = LINE ( 'NONE', #485, #6794 ) ;
#5408 = AXIS2_PLACEMENT_3D ( 'NONE', #4764, #2835, #5249 ) ;
#5409 = CARTESIAN_POINT ( 'NONE',  ( -129.2801892518208149, -39.64906446037012699, 5.500000000000013323 ) ) ;
#5410 = DIRECTION ( 'NONE',  ( -1.522024630730408022E-16, -6.758551201016278582E-17, -1.000000000000000000 ) ) ;
#5411 = DIRECTION ( 'NONE',  ( -0.6705919300765827984, -0.7418264374610570311, 0.000000000000000000 ) ) ;
#5412 = CARTESIAN_POINT ( 'NONE',  ( -131.7248129391122689, -19.90491316305642044, 22.50000000000001421 ) ) ;
#5413 = CARTESIAN_POINT ( 'NONE',  ( -111.0185396749484994, 5.969425194951911706, 12.50000000000000711 ) ) ;
#5414 = DIRECTION ( 'NONE',  ( 1.522024630730408022E-16, 6.758551201016278582E-17, 1.000000000000000000 ) ) ;
#5415 = DIRECTION ( 'NONE',  ( 0.6705919300765830204, 0.7418264374610566980, -1.522024630730407282E-16 ) ) ;
#5416 = CARTESIAN_POINT ( 'NONE',  ( -142.6844066714596693, -53.21502952590982005, -3.799055508547868776 ) ) ;
#5417 = CARTESIAN_POINT ( 'NONE',  ( -134.2949278251843168, -45.15051173639367477, 6.315219079726743345 ) ) ;
#5418 = CARTESIAN_POINT ( 'NONE',  ( -73.71047146947907436, -15.95214784878659309, -14.69999999999999751 ) ) ;
#5419 = ORIENTED_EDGE ( 'NONE', *, *, #1619, .F. ) ;
#5420 = LINE ( 'NONE', #375, #7351 ) ;
#5421 = AXIS2_PLACEMENT_3D ( 'NONE', #4363, #4903, #1739 ) ;
#5422 = LINE ( 'NONE', #4383, #2759 ) ;
#5423 = VERTEX_POINT ( 'NONE', #2433 ) ;
#5424 = CARTESIAN_POINT ( 'NONE',  ( -120.0787625476547049, -20.79753910504921421, 16.60000000000001208 ) ) ;
#5425 = ADVANCED_FACE ( 'NONE', ( #4931 ), #6464, .F. ) ;
#5426 = CARTESIAN_POINT ( 'NONE',  ( -123.3276410420892120, -55.16292612762030245, -4.899323521368932788 ) ) ;
#5427 = CARTESIAN_POINT ( 'NONE',  ( -144.7492452843255819, -55.95591856535097008, -4.871024401580180019 ) ) ;
#5428 = ADVANCED_FACE ( 'NONE', ( #4970 ), #1114, .F. ) ;
#5429 = ORIENTED_EDGE ( 'NONE', *, *, #1684, .F. ) ;
#5430 = ORIENTED_EDGE ( 'NONE', *, *, #2449, .F. ) ;
#5431 = EDGE_CURVE ( 'NONE', #4414, #390, #1402, .T. ) ;
#5432 = ORIENTED_EDGE ( 'NONE', *, *, #6280, .F. ) ;
#5433 = FACE_OUTER_BOUND ( 'NONE', #6129, .T. ) ;
#5434 = DIRECTION ( 'NONE',  ( 0.6705919300765802449, 0.7418264374610593626, 0.000000000000000000 ) ) ;
#5435 = EDGE_LOOP ( 'NONE', ( #6003, #6996, #1667, #5380, #7276 ) ) ;
#5436 = ORIENTED_EDGE ( 'NONE', *, *, #7733, .F. ) ;
#5437 = CARTESIAN_POINT ( 'NONE',  ( -118.1508107486845205, -18.66478809734867284, 16.60000000000001208 ) ) ;
#5438 = FACE_OUTER_BOUND ( 'NONE', #3304, .T. ) ;
#5439 = ORIENTED_EDGE ( 'NONE', *, *, #7229, .T. ) ;
#5440 = CARTESIAN_POINT ( 'NONE',  ( -61.16821443928640889, -35.03927976338805905, -5.201658372296925847 ) ) ;
#5441 = EDGE_LOOP ( 'NONE', ( #5212, #6287 ) ) ;
#5442 = LINE ( 'NONE', #7825, #2881 ) ;
#5443 = CARTESIAN_POINT ( 'NONE',  ( -97.52156288153716446, -49.57431521117562312, 18.10000000000000853 ) ) ;
#5444 = ORIENTED_EDGE ( 'NONE', *, *, #1808, .T. ) ;
#5445 = DIRECTION ( 'NONE',  ( 0.6705919300765831315, 0.7418264374610566980, 0.000000000000000000 ) ) ;
#5446 = CARTESIAN_POINT ( 'NONE',  ( -112.4381971570521159, -57.85046090604627977, -11.13281885103612190 ) ) ;
#5447 = CARTESIAN_POINT ( 'NONE',  ( -146.7811712197098188, -43.98790250434710458, -2.924435070044848484 ) ) ;
#5448 = CARTESIAN_POINT ( 'NONE',  ( -130.6117845000089801, -54.89614669555012938, -3.183803752492255779 ) ) ;
#5449 = ADVANCED_FACE ( 'NONE', ( #4355 ), #7515, .T. ) ;
#5450 = CARTESIAN_POINT ( 'NONE',  ( -115.7382071174093312, -59.28407465661859987, -5.249583721361981148 ) ) ;
#5451 = AXIS2_PLACEMENT_3D ( 'NONE', #1693, #7320, #6870 ) ;
#5452 = CARTESIAN_POINT ( 'NONE',  ( -110.8214148242515620, -51.95581909846509916, -14.49827215189073648 ) ) ;
#5453 = FACE_OUTER_BOUND ( 'NONE', #4908, .T. ) ;
#5454 = CARTESIAN_POINT ( 'NONE',  ( -97.71805682022572626, -3.563866505125224293, 12.50000000000000711 ) ) ;
#5455 = DIRECTION ( 'NONE',  ( -1.522024630730408022E-16, -6.758551201016278582E-17, -1.000000000000000000 ) ) ;
#5456 = CARTESIAN_POINT ( 'NONE',  ( -57.19682757630344128, -12.83196012018881760, 6.906601717798154461 ) ) ;
#5457 = AXIS2_PLACEMENT_3D ( 'NONE', #5349, #6052, #2278 ) ;
#5458 = DIRECTION ( 'NONE',  ( -0.6705919300765831315, -0.7418264374610568090, 1.522024630730408268E-16 ) ) ;
#5459 = ORIENTED_EDGE ( 'NONE', *, *, #2385, .F. ) ;
#5460 = CARTESIAN_POINT ( 'NONE',  ( -135.0792404964512343, -54.69160594202644887, -3.183803752492255779 ) ) ;
#5461 = B_SPLINE_CURVE_WITH_KNOTS ( 'NONE', 3,
 ( #65, #5061, #7030, #1979 ),
 .UNSPECIFIED., .F., .F.,
 ( 4, 4 ),
 ( 0.1634783352350520635, 1.000000000000000000 ),
 .UNSPECIFIED. ) ;
#5462 = DIRECTION ( 'NONE',  ( -0.4058374489394847573, 0.9139452746408239792, -2.775557561562891351E-17 ) ) ;
#5463 = ORIENTED_EDGE ( 'NONE', *, *, #5028, .F. ) ;
#5464 = DIRECTION ( 'NONE',  ( 1.522024630730408022E-16, 6.758551201016278582E-17, 1.000000000000000000 ) ) ;
#5465 = CARTESIAN_POINT ( 'NONE',  ( -123.1624004851431380, -55.08955104932547897, -6.073342700145132333 ) ) ;
#5466 = DIRECTION ( 'NONE',  ( -1.522024630730408022E-16, -6.758551201016278582E-17, -1.000000000000000000 ) ) ;
#5467 = ORIENTED_EDGE ( 'NONE', *, *, #3589, .F. ) ;
#5468 = ORIENTED_EDGE ( 'NONE', *, *, #1601, .T. ) ;
#5469 = CARTESIAN_POINT ( 'NONE',  ( -78.99999595379736661, -36.58759896571694981, 16.60000000000000497 ) ) ;
#5470 = VECTOR ( 'NONE', #3654, 1000.000000000000227 ) ;
#5471 = ORIENTED_EDGE ( 'NONE', *, *, #4380, .F. ) ;
#5472 = CARTESIAN_POINT ( 'NONE',  ( -116.1492591025431835, -59.17256647233374878, 6.200652520552380587 ) ) ;
#5473 = FACE_OUTER_BOUND ( 'NONE', #5435, .T. ) ;
#5474 = B_SPLINE_CURVE_WITH_KNOTS ( 'NONE', 3,
 ( #5839, #4610, #2063, #7119 ),
 .UNSPECIFIED., .F., .F.,
 ( 4, 4 ),
 ( 0.000000000000000000, 1.000000000000000000 ),
 .UNSPECIFIED. ) ;
#5475 = ORIENTED_EDGE ( 'NONE', *, *, #8009, .T. ) ;
#5476 = VECTOR ( 'NONE', #6275, 1000.000000000000000 ) ;
#5477 = CARTESIAN_POINT ( 'NONE',  ( -114.5033528962805178, -51.36719510493084329, 12.50000000000001243 ) ) ;
#5478 = CARTESIAN_POINT ( 'NONE',  ( -141.6742685971995570, -62.88076106121587117, -21.01423600150945248 ) ) ;
#5479 = ADVANCED_FACE ( 'NONE', ( #4631 ), #1919, .F. ) ;
#5480 = VERTEX_POINT ( 'NONE', #7877 ) ;
#5481 = CARTESIAN_POINT ( 'NONE',  ( -46.93566571046092406, -21.20372605670631927, -20.18153086136963736 ) ) ;
#5482 = EDGE_CURVE ( 'NONE', #7558, #6465, #7221, .T. ) ;
#5483 = ORIENTED_EDGE ( 'NONE', *, *, #475, .T. ) ;
#5484 = DIRECTION ( 'NONE',  ( -0.6705919300765830204, -0.7418264374610566980, 1.522024630730407282E-16 ) ) ;
#5485 = CARTESIAN_POINT ( 'NONE',  ( -61.00450916911757560, -34.67191463838968701, 5.886796564403922183 ) ) ;
#5486 = DIRECTION ( 'NONE',  ( -0.6705919300765827984, -0.7418264374610570311, 0.000000000000000000 ) ) ;
#5487 = CARTESIAN_POINT ( 'NONE',  ( -144.4830369361258420, -49.16329717149829293, -2.420152625384656808 ) ) ;
#5488 = CARTESIAN_POINT ( 'NONE',  ( -134.8676261469697977, -44.47876677005758950, 2.737565403812028286 ) ) ;
#5489 = LINE ( 'NONE', #1062, #277 ) ;
#5490 = EDGE_CURVE ( 'NONE', #1429, #3411, #1107, .T. ) ;
#5491 = FACE_OUTER_BOUND ( 'NONE', #1003, .T. ) ;
#5492 = CARTESIAN_POINT ( 'NONE',  ( -111.1675507455084073, -50.07319379328215803, -14.70000000002043272 ) ) ;
#5493 = DIRECTION ( 'NONE',  ( -0.7418264374610570311, 0.6705919300765826874, 6.758551201016277350E-17 ) ) ;
#5494 = CARTESIAN_POINT ( 'NONE',  ( -65.42079060534517509, -7.347406238285655533, -12.49999999999999822 ) ) ;
#5495 = DIRECTION ( 'NONE',  ( 0.4058374489394851459, -0.9139452746408237571, -1.602373713730180230E-31 ) ) ;
#5496 = AXIS2_PLACEMENT_3D ( 'NONE', #6721, #7489, #7330 ) ;
#5497 = DIRECTION ( 'NONE',  ( 1.522024630730408022E-16, 6.758551201016278582E-17, 1.000000000000000000 ) ) ;
#5498 = VERTEX_POINT ( 'NONE', #493 ) ;
#5499 = CIRCLE ( 'NONE', #1049, 2.100000000000001865 ) ;
#5500 = EDGE_CURVE ( 'NONE', #5708, #628, #2873, .T. ) ;
#5501 = CARTESIAN_POINT ( 'NONE',  ( -135.7661429342352619, -42.00253292241954028, 2.679767522804585855 ) ) ;
#5502 = ORIENTED_EDGE ( 'NONE', *, *, #5381, .F. ) ;
#5503 = CARTESIAN_POINT ( 'NONE',  ( -125.7417351127351708, -65.86348999124000159, -3.183803752492255779 ) ) ;
#5504 = CARTESIAN_POINT ( 'NONE',  ( -74.26077048310351358, -45.39341766721849325, -70.65354363657081649 ) ) ;
#5505 = CARTESIAN_POINT ( 'NONE',  ( -60.54688055448443151, -32.22051564317457917, 8.311332131691216318 ) ) ;
#5506 = ORIENTED_EDGE ( 'NONE', *, *, #8081, .T. ) ;
#5507 = VERTEX_POINT ( 'NONE', #7304 ) ;
#5508 = CARTESIAN_POINT ( 'NONE',  ( -89.71550709007968294, -6.038089960348102636, 16.60000000000000497 ) ) ;
#5509 = B_SPLINE_CURVE_WITH_KNOTS ( 'NONE', 3,
 ( #114, #841, #5231, #7007 ),
 .UNSPECIFIED., .F., .F.,
 ( 4, 4 ),
 ( -0.003299913710779270749, -0.003117580827449453577 ),
 .UNSPECIFIED. ) ;
#5510 = CIRCLE ( 'NONE', #5933, 9.999999999999994671 ) ;
#5511 = VECTOR ( 'NONE', #6119, 1000.000000000000000 ) ;
#5512 = ORIENTED_EDGE ( 'NONE', *, *, #3182, .F. ) ;
#5513 = CARTESIAN_POINT ( 'NONE',  ( -127.3455636839975540, -57.25293353893888337, -9.462330984498883879 ) ) ;
#5514 = TOROIDAL_SURFACE ( 'NONE', #7478, -5958.381897985051182, 8507.626810897731048 ) ;
#5515 = CARTESIAN_POINT ( 'NONE',  ( -111.7226612015289078, 5.190507435617802479, 15.60000000000000853 ) ) ;
#5516 = ORIENTED_EDGE ( 'NONE', *, *, #1866, .T. ) ;
#5517 = FACE_OUTER_BOUND ( 'NONE', #842, .T. ) ;
#5518 = ORIENTED_EDGE ( 'NONE', *, *, #4907, .T. ) ;
#5519 = UNCERTAINTY_MEASURE_WITH_UNIT (LENGTH_MEASURE( 1.000000000000000082E-05 ), #2060, 'distance_accuracy_value', 'NONE');
#5520 = ORIENTED_EDGE ( 'NONE', *, *, #4215, .F. ) ;
#5521 = FACE_OUTER_BOUND ( 'NONE', #4902, .T. ) ;
#5522 = ORIENTED_EDGE ( 'NONE', *, *, #668, .F. ) ;
#5523 = CARTESIAN_POINT ( 'NONE',  ( -142.1054801868810671, -61.90967326291320205, -14.50547688666588719 ) ) ;
#5524 = ADVANCED_FACE ( 'NONE', ( #4840 ), #4759, .F. ) ;
#5525 = DIRECTION ( 'NONE',  ( -0.6705919300765834645, -0.7418264374610564760, 0.000000000000000000 ) ) ;
#5526 = EDGE_CURVE ( 'NONE', #2809, #3545, #6572, .T. ) ;
#5527 = DIRECTION ( 'NONE',  ( -0.6705919300765836866, -0.7418264374610560319, 0.000000000000000000 ) ) ;
#5528 = ADVANCED_FACE ( 'NONE', ( #3491 ), #3620, .F. ) ;
#5529 = CARTESIAN_POINT ( 'NONE',  ( -43.41590229881884255, -19.71342946822999309, -22.15000000000000213 ) ) ;
#5530 = CARTESIAN_POINT ( 'NONE',  ( -148.2439180755852135, -48.08592112589870027, -2.407444835499566338 ) ) ;
#5531 = LINE ( 'NONE', #6895, #5227 ) ;
#5532 = VECTOR ( 'NONE', #3291, 1000.000000000000000 ) ;
#5533 = CARTESIAN_POINT ( 'NONE',  ( -137.2646843518438686, -60.49093400518394503, -21.71474644440058555 ) ) ;
#5534 = ADVANCED_FACE ( 'NONE', ( #4799, #5985 ), #321, .T. ) ;
#5535 = DIRECTION ( 'NONE',  ( -0.6463027959176782522, -0.2869907916986816909, 0.7070565617184779716 ) ) ;
#5536 = FACE_BOUND ( 'NONE', #457, .T. ) ;
#5537 = CARTESIAN_POINT ( 'NONE',  ( -135.7337766426337282, -60.24247459484697487, -16.45322290687308353 ) ) ;
#5538 = FACE_OUTER_BOUND ( 'NONE', #7313, .T. ) ;
#5539 = EDGE_LOOP ( 'NONE', ( #1442, #175, #6924, #2676 ) ) ;
#5540 = DIRECTION ( 'NONE',  ( 0.9139452746408242012, 0.4058374489394840912, -1.665334536937734071E-16 ) ) ;
#5541 = CARTESIAN_POINT ( 'NONE',  ( -43.81712747487680559, -19.60252656784884095, -19.90226640499236410 ) ) ;
#5542 = CARTESIAN_POINT ( 'NONE',  ( -126.2989814436010789, -56.44715338667543136, 1.828256541044160910 ) ) ;
#5543 = CARTESIAN_POINT ( 'NONE',  ( -115.2434038430038470, -59.21492599133549817, -6.648741191706430520 ) ) ;
#5544 = CARTESIAN_POINT ( 'NONE',  ( -61.01510188460483874, -34.71459961153830420, 6.161537602437806349 ) ) ;
#5545 = ORIENTED_EDGE ( 'NONE', *, *, #710, .F. ) ;
#5546 = VERTEX_POINT ( 'NONE', #3536 ) ;
#5547 = CARTESIAN_POINT ( 'NONE',  ( -126.0141479751042652, -57.06928771887032781, -8.209918793653788072 ) ) ;
#5548 = ORIENTED_EDGE ( 'NONE', *, *, #5325, .T. ) ;
#5549 = CARTESIAN_POINT ( 'NONE',  ( -120.3879755751434999, -56.37576027696134418, 9.785728937794935689 ) ) ;
#5550 = CARTESIAN_POINT ( 'NONE',  ( -56.58072009286642157, -26.79905775021616776, -3.700000000000002842 ) ) ;
#5551 = EDGE_CURVE ( 'NONE', #4121, #7281, #7491, .T. ) ;
#5552 = VERTEX_POINT ( 'NONE', #5413 ) ;
#5553 = DIRECTION ( 'NONE',  ( 0.6705919300765830204, 0.7418264374610566980, -1.522024630730407282E-16 ) ) ;
#5554 = ORIENTED_EDGE ( 'NONE', *, *, #1501, .T. ) ;
#5555 = EDGE_LOOP ( 'NONE', ( #993, #397, #563, #4821 ) ) ;
#5556 = CARTESIAN_POINT ( 'NONE',  ( -138.9950617982242704, -61.52236283554045571, -21.24867822586150012 ) ) ;
#5557 = EDGE_LOOP ( 'NONE', ( #7495, #2764, #1291, #8106, #720, #5972, #4494, #2838, #471, #3997, #2409, #624, #5745, #3310, #2321 ) ) ;
#5558 = CARTESIAN_POINT ( 'NONE',  ( -144.7541503932938838, -55.94487226793827972, -4.861310987214170432 ) ) ;
#5559 = ORIENTED_EDGE ( 'NONE', *, *, #4954, .T. ) ;
#5560 = CARTESIAN_POINT ( 'NONE',  ( -126.2336194510292273, -50.83969250721759892, 12.00343297527362729 ) ) ;
#5561 = DIRECTION ( 'NONE',  ( 0.6705919300765823543, 0.7418264374610571421, 0.000000000000000000 ) ) ;
#5562 = AXIS2_PLACEMENT_3D ( 'NONE', #5987, #6654, #7797 ) ;
#5563 = CARTESIAN_POINT ( 'NONE',  ( -43.57691718319620833, -19.45279445465099144, -19.88224448138256406 ) ) ;
#5564 = CARTESIAN_POINT ( 'NONE',  ( -65.41506545101681525, -36.86770948068554787, 15.10000000000000320 ) ) ;
#5565 = EDGE_CURVE ( 'NONE', #4321, #4941, #7923, .T. ) ;
#5566 = CARTESIAN_POINT ( 'NONE',  ( -45.56765871855132843, -20.58841449607741936, -20.04512421095780184 ) ) ;
#5567 = CARTESIAN_POINT ( 'NONE',  ( -137.6640364079193830, -59.59159382471982980, -22.13619748345075067 ) ) ;
#5568 = CARTESIAN_POINT ( 'NONE',  ( -82.43270857789077866, -35.26402932394314860, 12.50000000000000711 ) ) ;
#5569 = FACE_BOUND ( 'NONE', #7777, .T. ) ;
#5570 = CARTESIAN_POINT ( 'NONE',  ( -120.5181824428304935, -28.78596537880219230, 12.50000000000001066 ) ) ;
#5571 = AXIS2_PLACEMENT_3D ( 'NONE', #7509, #3819, #5086 ) ;
#5572 = ADVANCED_FACE ( 'NONE', ( #4184 ), #6078, .T. ) ;
#5573 = EDGE_CURVE ( 'NONE', #3144, #1266, #6816, .T. ) ;
#5574 = CARTESIAN_POINT ( 'NONE',  ( -71.32249537110959636, -32.63867598063630027, -14.69999999999999218 ) ) ;
#5575 = VERTEX_POINT ( 'NONE', #4959 ) ;
#5576 = LINE ( 'NONE', #1075, #531 ) ;
#5577 = DIRECTION ( 'NONE',  ( 0.6705919300765831315, 0.7418264374610565870, -1.522024630730407282E-16 ) ) ;
#5578 = EDGE_CURVE ( 'NONE', #7368, #1862, #209, .T. ) ;
#5579 = CARTESIAN_POINT ( 'NONE',  ( -126.9759179096924555, -56.20601085918895023, 2.135934467446135798 ) ) ;
#5580 = LINE ( 'NONE', #5504, #7560 ) ;
#5581 = DIRECTION ( 'NONE',  ( 1.522024630730408022E-16, 6.758551201016278582E-17, 1.000000000000000000 ) ) ;
#5582 = ORIENTED_EDGE ( 'NONE', *, *, #257, .T. ) ;
#5583 = ORIENTED_EDGE ( 'NONE', *, *, #7733, .T. ) ;
#5584 = DIRECTION ( 'NONE',  ( -1.522024630730408022E-16, -6.758551201016278582E-17, -1.000000000000000000 ) ) ;
#5585 = CIRCLE ( 'NONE', #2974, 17.50000000000000000 ) ;
#5586 = ORIENTED_EDGE ( 'NONE', *, *, #7831, .T. ) ;
#5587 = DIRECTION ( 'NONE',  ( 0.6705919300765830204, 0.7418264374610566980, -1.522024630730407282E-16 ) ) ;
#5588 = CARTESIAN_POINT ( 'NONE',  ( -52.42124547127720291, -7.839830437316162914, 0.6748340197264064422 ) ) ;
#5589 = VERTEX_POINT ( 'NONE', #5696 ) ;
#5590 = EDGE_CURVE ( 'NONE', #7151, #7403, #6775, .T. ) ;
#5591 = AXIS2_PLACEMENT_3D ( 'NONE', #2001, #4356, #4509 ) ;
#5592 = LINE ( 'NONE', #2407, #4574 ) ;
#5593 = ORIENTED_EDGE ( 'NONE', *, *, #5799, .T. ) ;
#5594 = VECTOR ( 'NONE', #3598, 1000.000000000000227 ) ;
#5595 = ADVANCED_FACE ( 'NONE', ( #2422 ), #2549, .T. ) ;
#5596 = ORIENTED_EDGE ( 'NONE', *, *, #5234, .F. ) ;
#5597 = CARTESIAN_POINT ( 'NONE',  ( -138.9365125738343920, -61.65446910935010294, -20.99987518098715711 ) ) ;
#5598 = ADVANCED_FACE ( 'NONE', ( #1419 ), #7009, .F. ) ;
#5599 = AXIS2_PLACEMENT_3D ( 'NONE', #6004, #1655, #5924 ) ;
#5600 = ORIENTED_EDGE ( 'NONE', *, *, #3052, .F. ) ;
#5601 = CARTESIAN_POINT ( 'NONE',  ( -143.0837786727229286, -59.70654666466661808, -9.404870946431225676 ) ) ;
#5602 = EDGE_LOOP ( 'NONE', ( #1447, #1276, #636, #3397 ) ) ;
#5603 = CARTESIAN_POINT ( 'NONE',  ( -128.6886435148828980, -49.66554617274175598, -3.183803752492256223 ) ) ;
#5604 = CYLINDRICAL_SURFACE ( 'NONE', #2465, 1.499999999999742428 ) ;
#5605 = CARTESIAN_POINT ( 'NONE',  ( -46.48510728890320820, -18.81429786194216902, -22.15000000000000213 ) ) ;
#5606 = CARTESIAN_POINT ( 'NONE',  ( -111.7226612015289078, 5.190507435617802479, 15.60000000000000853 ) ) ;
#5607 = DIRECTION ( 'NONE',  ( 1.522024630730407529E-16, 6.758551201016273652E-17, 1.000000000000000000 ) ) ;
#5608 = EDGE_CURVE ( 'NONE', #2439, #338, #7094, .T. ) ;
#5609 = CARTESIAN_POINT ( 'NONE',  ( -89.69915299209991133, -37.19290993585075711, 20.10000000000000853 ) ) ;
#5610 = CARTESIAN_POINT ( 'NONE',  ( -124.2923889265439641, -57.13636677151190923, -2.557961263985532252 ) ) ;
#5611 = DIRECTION ( 'NONE',  ( -0.7418264374610570311, 0.6705919300765826874, 6.758551201016277350E-17 ) ) ;
#5612 = CARTESIAN_POINT ( 'NONE',  ( -49.17908826586247528, -0.1352774305993023618, -3.097864185164263873 ) ) ;
#5613 = CIRCLE ( 'NONE', #2734, 1.124999999999998446 ) ;
#5614 = ADVANCED_FACE ( 'NONE', ( #3888 ), #604, .T. ) ;
#5615 = CARTESIAN_POINT ( 'NONE',  ( -120.0787625476547049, -20.79753910504921421, 16.60000000000001208 ) ) ;
#5616 = ORIENTED_EDGE ( 'NONE', *, *, #2753, .T. ) ;
#5617 = LINE ( 'NONE', #4929, #660 ) ;
#5618 = CARTESIAN_POINT ( 'NONE',  ( -84.14487753335231446, -41.62137304518141434, 18.10000000000000497 ) ) ;
#5619 = CARTESIAN_POINT ( 'NONE',  ( -44.38795821166561950, -19.95397926554221257, -19.94971948457784805 ) ) ;
#5620 = DIRECTION ( 'NONE',  ( 0.6705919300765827984, 0.7418264374610570311, 0.000000000000000000 ) ) ;
#5621 = CARTESIAN_POINT ( 'NONE',  ( -146.1213210800990794, -43.14046858167806420, -2.165282555786934626 ) ) ;
#5622 = ORIENTED_EDGE ( 'NONE', *, *, #1215, .F. ) ;
#5623 = CARTESIAN_POINT ( 'NONE',  ( -45.56765871855132843, -20.58841449607741936, -20.04512421095780184 ) ) ;
#5624 = ORIENTED_EDGE ( 'NONE', *, *, #2236, .F. ) ;
#5625 = CARTESIAN_POINT ( 'NONE',  ( -47.76526575866938629, -21.23630727689594977, -14.70000000000000284 ) ) ;
#5626 = AXIS2_PLACEMENT_3D ( 'NONE', #5315, #7914, #3570 ) ;
#5627 = AXIS2_PLACEMENT_3D ( 'NONE', #1012, #6016, #970 ) ;
#5628 = EDGE_CURVE ( 'NONE', #4408, #3561, #7274, .T. ) ;
#5629 = VERTEX_POINT ( 'NONE', #2397 ) ;
#5630 = CARTESIAN_POINT ( 'NONE',  ( -56.81996639185928188, -27.04066976391696997, -3.127265974869510856 ) ) ;
#5631 = CARTESIAN_POINT ( 'NONE',  ( -48.60452842241134874, -1.429185263138514017, -2.675592887099892625 ) ) ;
#5632 = ORIENTED_EDGE ( 'NONE', *, *, #4035, .T. ) ;
#5633 = FACE_BOUND ( 'NONE', #2137, .T. ) ;
#5634 = LINE ( 'NONE', #1285, #4942 ) ;
#5635 = CIRCLE ( 'NONE', #6694, 1.750000000000002220 ) ;
#5636 = ORIENTED_EDGE ( 'NONE', *, *, #5064, .T. ) ;
#5637 = VECTOR ( 'NONE', #2758, 1000.000000000000227 ) ;
#5638 = ORIENTED_EDGE ( 'NONE', *, *, #3872, .T. ) ;
#5639 = CARTESIAN_POINT ( 'NONE',  ( -99.06776371322665398, -34.29194021412175175, 20.20000000000000639 ) ) ;
#5640 = ORIENTED_EDGE ( 'NONE', *, *, #6986, .T. ) ;
#5641 = EDGE_CURVE ( 'NONE', #2485, #834, #8018, .T. ) ;
#5642 = B_SPLINE_CURVE_WITH_KNOTS ( 'NONE', 3,
 ( #8046, #4308, #1149, #2345, #2425, #1110 ),
 .UNSPECIFIED., .F., .F.,
 ( 4, 2, 4 ),
 ( 0.000000000000000000, 0.003479560511698722488, 0.006959121023397444976 ),
 .UNSPECIFIED. ) ;
#5643 = CARTESIAN_POINT ( 'NONE',  ( -144.1059708188545017, -57.40457161487021409, -6.237293346534511507 ) ) ;
#5644 = CIRCLE ( 'NONE', #2766, 1.049999999999995604 ) ;
#5645 = ORIENTED_EDGE ( 'NONE', *, *, #1501, .F. ) ;
#5646 = DIRECTION ( 'NONE',  ( -0.6705919300765837976, -0.7418264374610561429, 0.000000000000000000 ) ) ;
#5647 = LINE ( 'NONE', #5075, #5772 ) ;
#5648 = CIRCLE ( 'NONE', #152, 1.574999999999997735 ) ;
#5649 = DIRECTION ( 'NONE',  ( 1.522024630730408022E-16, 6.758551201016278582E-17, 1.000000000000000000 ) ) ;
#5650 = DIRECTION ( 'NONE',  ( -0.6705919300765832425, -0.7418264374610565870, 1.156482317317871232E-16 ) ) ;
#5651 = LINE ( 'NONE', #5609, #4587 ) ;
#5652 = ORIENTED_EDGE ( 'NONE', *, *, #111, .T. ) ;
#5653 = CARTESIAN_POINT ( 'NONE',  ( -133.5505304545000058, -47.45047419665507249, 8.049142725587035585 ) ) ;
#5654 = CARTESIAN_POINT ( 'NONE',  ( -108.0680209389240360, -55.80775668618674246, 20.10000000000000853 ) ) ;
#5655 = CARTESIAN_POINT ( 'NONE',  ( -139.3753421213216370, -60.66581810719860357, -14.42032961696738980 ) ) ;
#5656 = CARTESIAN_POINT ( 'NONE',  ( -132.8983488167462781, -21.20310942861326708, 15.60000000000001386 ) ) ;
#5657 = ORIENTED_EDGE ( 'NONE', *, *, #7229, .F. ) ;
#5658 = AXIS2_PLACEMENT_3D ( 'NONE', #3412, #5376, #2261 ) ;
#5659 = AXIS2_PLACEMENT_3D ( 'NONE', #90, #2592, #7268 ) ;
#5660 = CARTESIAN_POINT ( 'NONE',  ( -107.5515181425170113, -21.84033093509862766, 16.29999999999999716 ) ) ;
#5661 = EDGE_CURVE ( 'NONE', #3499, #1039, #1237, .T. ) ;
#5662 = DIRECTION ( 'NONE',  ( 0.9139452746408240902, 0.4058374489394844242, -0.000000000000000000 ) ) ;
#5663 = DIRECTION ( 'NONE',  ( -0.6705919300765831315, -0.7418264374610566980, 0.000000000000000000 ) ) ;
#5664 = CARTESIAN_POINT ( 'NONE',  ( -41.06803700148227421, -18.40135167983684994, -20.04434947234183895 ) ) ;
#5665 = CARTESIAN_POINT ( 'NONE',  ( -128.9645075003348609, -47.59972875863901720, 0.9148257472633199994 ) ) ;
#5666 = CARTESIAN_POINT ( 'NONE',  ( -93.88064027476593765, -25.79306786282495878, -6.281814626196207563 ) ) ;
#5667 = DIRECTION ( 'NONE',  ( -0.6705919300765826874, -0.7418264374610571421, 1.020425574104004369E-16 ) ) ;
#5668 = ORIENTED_EDGE ( 'NONE', *, *, #6800, .T. ) ;
#5669 = DIRECTION ( 'NONE',  ( 1.522024630730408022E-16, 6.758551201016278582E-17, 1.000000000000000000 ) ) ;
#5670 = CONICAL_SURFACE ( 'NONE', #3567, 37.50000000000002132, 0.7853981633974430610 ) ;
#5671 = AXIS2_PLACEMENT_3D ( 'NONE', #5709, #3902, #3247 ) ;
#5672 = ORIENTED_EDGE ( 'NONE', *, *, #5398, .F. ) ;
#5673 = CARTESIAN_POINT ( 'NONE',  ( -119.5122945477152285, -27.67322572261017655, 20.10000000000000853 ) ) ;
#5674 = ADVANCED_FACE ( 'NONE', ( #4200 ), #3713, .T. ) ;
#5675 = DIRECTION ( 'NONE',  ( -1.522024630730407529E-16, -6.758551201016273652E-17, -1.000000000000000000 ) ) ;
#5676 = ADVANCED_FACE ( 'NONE', ( #8092 ), #1851, .F. ) ;
#5677 = ORIENTED_EDGE ( 'NONE', *, *, #487, .F. ) ;
#5678 = CARTESIAN_POINT ( 'NONE',  ( -128.8205136842788363, -49.75598709050747459, -4.670679570268497116 ) ) ;
#5679 = EDGE_CURVE ( 'NONE', #7120, #6762, #1910, .T. ) ;
#5680 = CARTESIAN_POINT ( 'NONE',  ( -60.32191739164175459, -5.794262941133040634, 6.906601717798150908 ) ) ;
#5681 = DIRECTION ( 'NONE',  ( 0.4058374489394843687, -0.9139452746408243122, 1.232595164407831220E-32 ) ) ;
#5682 = ORIENTED_EDGE ( 'NONE', *, *, #1553, .F. ) ;
#5683 = ADVANCED_FACE ( 'NONE', ( #7364 ), #2973, .T. ) ;
#5684 = ORIENTED_EDGE ( 'NONE', *, *, #7259, .F. ) ;
#5685 = CARTESIAN_POINT ( 'NONE',  ( -60.02675390400089839, -27.05416374925239609, -8.338506838568079615 ) ) ;
#5686 = EDGE_LOOP ( 'NONE', ( #1510, #5039 ) ) ;
#5687 = CARTESIAN_POINT ( 'NONE',  ( -48.88110000747462891, -8.164280556730522775, -2.661716101806522516 ) ) ;
#5688 = ORIENTED_EDGE ( 'NONE', *, *, #517, .F. ) ;
#5689 = CARTESIAN_POINT ( 'NONE',  ( -72.30164038399723836, -10.40284795693934328, -12.49999999999999645 ) ) ;
#5690 =( NAMED_UNIT ( * ) PLANE_ANGLE_UNIT ( ) SI_UNIT ( $, .RADIAN. ) );
#5691 = LINE ( 'NONE', #5036, #2481 ) ;
#5692 = FACE_OUTER_BOUND ( 'NONE', #1518, .T. ) ;
#5693 = CARTESIAN_POINT ( 'NONE',  ( -45.77298702415465215, -20.12601189177254213, -21.48206972834190509 ) ) ;
#5694 = CARTESIAN_POINT ( 'NONE',  ( -78.51939732520267512, 4.498042130872891953, 20.10000000000000497 ) ) ;
#5695 = ORIENTED_EDGE ( 'NONE', *, *, #6291, .F. ) ;
#5696 = CARTESIAN_POINT ( 'NONE',  ( -81.87367960019051338, -28.53616536825137828, 20.10000000000000853 ) ) ;
#5697 = EDGE_CURVE ( 'NONE', #5423, #6713, #1233, .T. ) ;
#5698 = CYLINDRICAL_SURFACE ( 'NONE', #2994, 2.100000000000013856 ) ;
#5699 = CARTESIAN_POINT ( 'NONE',  ( -87.28973553836850385, -39.98091028954144122, -14.69999999999999396 ) ) ;
#5700 = VECTOR ( 'NONE', #53, 1000.000000000000114 ) ;
#5701 = EDGE_CURVE ( 'NONE', #6603, #6510, #3973, .T. ) ;
#5702 = CARTESIAN_POINT ( 'NONE',  ( -125.4041103727301447, -57.18056838936875153, -4.811230814446343373 ) ) ;
#5703 = CARTESIAN_POINT ( 'NONE',  ( -54.61201553611005721, -24.64974888233059858, -14.69999999999986251 ) ) ;
#5704 = PRODUCT_RELATED_PRODUCT_CATEGORY ( 'part', '', ( #1474 ) ) ;
#5705 = DIRECTION ( 'NONE',  ( -1.000000000000000000, 0.000000000000000000, 1.982541115402065356E-16 ) ) ;
#5706 = DIRECTION ( 'NONE',  ( 0.6705919300765829094, 0.7418264374610568090, -1.326211790879754574E-16 ) ) ;
#5707 = FACE_OUTER_BOUND ( 'NONE', #4245, .T. ) ;
#5708 = VERTEX_POINT ( 'NONE', #4316 ) ;
#5709 = CARTESIAN_POINT ( 'NONE',  ( -131.4234593978879388, -53.06825614626851007, -3.183803752492255779 ) ) ;
#5710 = ORIENTED_EDGE ( 'NONE', *, *, #1217, .F. ) ;
#5711 = DIRECTION ( 'NONE',  ( -0.4058374489394841467, 0.9139452746408240902, -1.232595164407830809E-32 ) ) ;
#5712 = ORIENTED_EDGE ( 'NONE', *, *, #5084, .T. ) ;
#5713 = CARTESIAN_POINT ( 'NONE',  ( -62.35336300209623772, -22.90723446810458341, 14.15653576780163547 ) ) ;
#5714 = LINE ( 'NONE', #7683, #8108 ) ;
#5715 = ORIENTED_EDGE ( 'NONE', *, *, #538, .T. ) ;
#5716 = CARTESIAN_POINT ( 'NONE',  ( -97.61980985088180773, -26.56909085815083316, 22.50000000000001066 ) ) ;
#5717 = CARTESIAN_POINT ( 'NONE',  ( -137.5179015244151230, -51.39786384049190104, -7.672778918891223654 ) ) ;
#5718 = LINE ( 'NONE', #2565, #3585 ) ;
#5719 = ORIENTED_EDGE ( 'NONE', *, *, #437, .F. ) ;
#5720 = CIRCLE ( 'NONE', #4283, 1.049999999999995604 ) ;
#5721 = VECTOR ( 'NONE', #5128, 1000.000000000000000 ) ;
#5722 = CARTESIAN_POINT ( 'NONE',  ( -63.38860887689211410, -14.10411774266980345, -9.999999999999998224 ) ) ;
#5723 = VERTEX_POINT ( 'NONE', #1196 ) ;
#5724 = CARTESIAN_POINT ( 'NONE',  ( -137.1065675315281283, -60.84701282725027482, -21.32545841716881796 ) ) ;
#5725 = ORIENTED_EDGE ( 'NONE', *, *, #491, .T. ) ;
#5726 = CARTESIAN_POINT ( 'NONE',  ( -89.71550709007968294, -6.038089960348102636, 16.60000000000000497 ) ) ;
#5727 = AXIS2_PLACEMENT_3D ( 'NONE', #759, #4338, #3732 ) ;
#5728 = DIRECTION ( 'NONE',  ( 0.6463027959176788073, 0.2869907916986813023, 0.7070565617184777496 ) ) ;
#5729 = CLOSED_SHELL ( 'NONE', ( #2799, #5313, #966, #5882, #1165, #1263, #4017, #5105, #6250, #8055, #4648, #4825, #6346, #5676, #3643, #4022, #5943, #986, #2477, #1123, #2116, #207, #562, #3607, #1938, #6305, #7586, #7833, #4118, #1092, #7834, #7929, #4469, #3656, #5317, #4301, #5952, #4124, #3265, #4998, #3292, #1030, #2985, #2543, #3012, #7384, #5598, #3221, #6178, #5025, #3022, #274, #7752, #3370, #7613, #3430, #355, #7814, #5595, #6634, #7484, #956, #5113, #4429, #5479, #2616, #565, #1764, #5683, #7897, #2165, #7237, #3002, #6942, #2190, #648, #7158, #2861, #1304, #5674, #1371, #2077, #7732, #4138, #3339, #1543, #367, #7409, #5614, #1589, #6742, #2575, #5528, #1692, #317, #4666, #7631, #307, #6626, #163, #7057, #3752, #25, #2671, #1819, #869, #6480, #2712, #4534, #3678, #7156, #7488, #5524, #7137, #2460, #6891, #6206, #4765, #4917, #6469, #3724, #1813, #1962, #977, #2170, #804, #8112, #351, #7960, #7454, #1473, #4855, #699, #1745, #4325, #7243, #3840, #6384, #1630, #3497, #6154, #5323, #7538, #5428, #3442, #4422, #1254, #4490, #1917, #7040, #2297, #2083, #8030, #7654, #1451, #1504, #1534, #1779, #4733, #6028, #5534, #2943, #2276, #2326, #3793, #3991, #4557, #5449, #1206, #136, #1663, #7087, #5572, #5763, #117, #5425, #6313, #4194, #7327, #1245, #4817, #5031, #2921, #116, #466, #4885, #4458, #6530, #527, #7006, #3911, #2767, #6425, #6809, #4323, #801, #3115, #2153, #3599, #586, #1584, #7999, #1627, #5096, #6448, #229, #7486, #831, #965, #3279, #3273, #4345 ) ) ;
#5730 = FACE_OUTER_BOUND ( 'NONE', #2572, .T. ) ;
#5731 = CARTESIAN_POINT ( 'NONE',  ( -135.8937664398826257, -59.88217783177472597, -21.71474644440058555 ) ) ;
#5732 = EDGE_LOOP ( 'NONE', ( #1783, #4442 ) ) ;
#5733 = CARTESIAN_POINT ( 'NONE',  ( -121.2598168946922073, -57.17681491661685556, 11.11640202176486092 ) ) ;
#5734 = B_SPLINE_CURVE_WITH_KNOTS ( 'NONE', 3,
 ( #8037, #1102, #1712, #6687, #7997, #6186, #6643, #6769 ),
 .UNSPECIFIED., .F., .F.,
 ( 4, 2, 2, 4 ),
 ( 0.0003090548530895318629, 0.004074576788514839253, 0.005957337756227465246, 0.007840098723940092107 ),
 .UNSPECIFIED. ) ;
#5735 = CARTESIAN_POINT ( 'NONE',  ( -128.5757168628766749, -47.42708625491845709, 1.305171413906723199 ) ) ;
#5736 = CARTESIAN_POINT ( 'NONE',  ( -141.8633895151085369, -55.06273900244740815, -5.155560522465626683 ) ) ;
#5737 = EDGE_CURVE ( 'NONE', #5069, #4414, #6945, .T. ) ;
#5738 = CARTESIAN_POINT ( 'NONE',  ( -97.61980985088182194, -26.56909085815083316, -12.49999999999999289 ) ) ;
#5739 = CARTESIAN_POINT ( 'NONE',  ( -62.87921854458885207, -30.18581425577985300, -11.46367599439703078 ) ) ;
#5740 = CARTESIAN_POINT ( 'NONE',  ( -119.6152497548337408, -54.73189949624521944, -10.85346938525149874 ) ) ;
#5741 = CARTESIAN_POINT ( 'NONE',  ( -131.3028278468674159, -50.82637486761861112, 0.6839367198426723471 ) ) ;
#5742 = CARTESIAN_POINT ( 'NONE',  ( -75.17762195236082334, -32.35918827218893057, 14.45000000000000817 ) ) ;
#5743 = ORIENTED_EDGE ( 'NONE', *, *, #5043, .F. ) ;
#5744 = DIRECTION ( 'NONE',  ( 0.6705919300765830204, 0.7418264374610566980, -1.522024630730407282E-16 ) ) ;
#5745 = ORIENTED_EDGE ( 'NONE', *, *, #5258, .F. ) ;
#5746 = DIRECTION ( 'NONE',  ( -0.000000000000000000, -0.000000000000000000, 1.000000000000000000 ) ) ;
#5747 = EDGE_CURVE ( 'NONE', #1364, #7988, #3324, .T. ) ;
#5748 = ORIENTED_EDGE ( 'NONE', *, *, #3110, .F. ) ;
#5749 = CARTESIAN_POINT ( 'NONE',  ( -56.58072009286641446, -26.79905775021618197, -3.700000000000011724 ) ) ;
#5750 = CARTESIAN_POINT ( 'NONE',  ( -46.93857663051255713, -21.19717066948664552, -20.04512421095780184 ) ) ;
#5751 = VERTEX_POINT ( 'NONE', #7517 ) ;
#5752 = FACE_BOUND ( 'NONE', #4157, .T. ) ;
#5753 = FACE_OUTER_BOUND ( 'NONE', #6555, .T. ) ;
#5754 = CARTESIAN_POINT ( 'NONE',  ( -138.0427921254607782, -40.30622159611321109, 6.906601717797485662 ) ) ;
#5755 = EDGE_LOOP ( 'NONE', ( #2666, #1670, #7490, #3468 ) ) ;
#5756 = AXIS2_PLACEMENT_3D ( 'NONE', #1991, #1950, #6473 ) ;
#5757 = B_SPLINE_CURVE_WITH_KNOTS ( 'NONE', 3,
 ( #2411, #6181, #5030, #7456 ),
 .UNSPECIFIED., .F., .F.,
 ( 4, 4 ),
 ( 0.000000000000000000, 0.002010513966059653511 ),
 .UNSPECIFIED. ) ;
#5758 = DIRECTION ( 'NONE',  ( 1.000000000000000000, 0.000000000000000000, 0.000000000000000000 ) ) ;
#5759 = AXIS2_PLACEMENT_3D ( 'NONE', #2484, #6136, #7452 ) ;
#5760 = VECTOR ( 'NONE', #6231, 1000.000000000000000 ) ;
#5761 = ORIENTED_EDGE ( 'NONE', *, *, #3021, .F. ) ;
#5762 = CARTESIAN_POINT ( 'NONE',  ( -59.34381292254582974, -30.46315061346967212, 2.982897372095917543 ) ) ;
#5763 = ADVANCED_FACE ( 'NONE', ( #5820 ), #2726, .T. ) ;
#5764 = ORIENTED_EDGE ( 'NONE', *, *, #2427, .T. ) ;
#5765 = LINE ( 'NONE', #6888, #358 ) ;
#5766 = CIRCLE ( 'NONE', #530, 15.00000000000000533 ) ;
#5767 = AXIS2_PLACEMENT_3D ( 'NONE', #3669, #6159, #1805 ) ;
#5768 = VECTOR ( 'NONE', #5493, 1000.000000000000114 ) ;
#5769 = EDGE_CURVE ( 'NONE', #4570, #2250, #2553, .T. ) ;
#5770 = CARTESIAN_POINT ( 'NONE',  ( -96.51567498642246790, -48.46157555498422909, 20.10000000000000853 ) ) ;
#5771 = CARTESIAN_POINT ( 'NONE',  ( -147.5296818366692548, -49.69437997374593863, -2.407444835499550351 ) ) ;
#5772 = VECTOR ( 'NONE', #1443, 1000.000000000000114 ) ;
#5773 = EDGE_CURVE ( 'NONE', #3499, #2944, #5013, .T. ) ;
#5774 = VERTEX_POINT ( 'NONE', #89 ) ;
#5775 = CARTESIAN_POINT ( 'NONE',  ( -119.6315008077786928, -52.33274556648797926, 15.71824426451753176 ) ) ;
#5776 = EDGE_CURVE ( 'NONE', #4944, #170, #4396, .T. ) ;
#5777 = DIRECTION ( 'NONE',  ( -1.286067442708907705E-13, -8.820589694344277274E-14, 1.000000000000000000 ) ) ;
#5778 = CARTESIAN_POINT ( 'NONE',  ( -51.54330811101110044, -2.203180347166993958, -2.786075478431024877 ) ) ;
#5779 = CARTESIAN_POINT ( 'NONE',  ( -139.3441085807135096, -47.22472132013582780, 3.043695845955956880 ) ) ;
#5780 = CARTESIAN_POINT ( 'NONE',  ( -61.97792935192852326, -29.13804423483543715, -10.85346938525863436 ) ) ;
#5781 = AXIS2_PLACEMENT_3D ( 'NONE', #5448, #7346, #6773 ) ;
#5782 = CARTESIAN_POINT ( 'NONE',  ( -125.9580072257613068, -56.33094037463843762, -14.69999999999971152 ) ) ;
#5783 = CARTESIAN_POINT ( 'NONE',  ( -97.01105367747261710, -27.94000877011203343, 20.10000000000000853 ) ) ;
#5784 = CARTESIAN_POINT ( 'NONE',  ( -70.34222475535220553, -9.532769340411705983, -12.49999999999999822 ) ) ;
#5785 = VERTEX_POINT ( 'NONE', #6908 ) ;
#5786 = CARTESIAN_POINT ( 'NONE',  ( -131.6480269134504226, -40.50824902023021679, 1.305171413906722311 ) ) ;
#5787 = VERTEX_POINT ( 'NONE', #1966 ) ;
#5788 = DIRECTION ( 'NONE',  ( -1.522024630730408022E-16, -6.758551201016278582E-17, -1.000000000000000000 ) ) ;
#5789 = ORIENTED_EDGE ( 'NONE', *, *, #5799, .F. ) ;
#5790 = CARTESIAN_POINT ( 'NONE',  ( -144.1805319368098139, -49.84453793773004548, -2.514435035632487825 ) ) ;
#5791 = CYLINDRICAL_SURFACE ( 'NONE', #6568, 1.574999999999997735 ) ;
#5792 = ORIENTED_EDGE ( 'NONE', *, *, #3035, .F. ) ;
#5793 = CARTESIAN_POINT ( 'NONE',  ( -45.85774147336433515, -15.00706716370281235, -7.476053542682098652 ) ) ;
#5794 = CARTESIAN_POINT ( 'NONE',  ( -85.86930446708031184, -43.17971875078432475, -14.69999999999999396 ) ) ;
#5795 = CARTESIAN_POINT ( 'NONE',  ( -50.45177368901697434, -4.661314089373903791, -2.407444835499592983 ) ) ;
#5796 = ORIENTED_EDGE ( 'NONE', *, *, #3192, .T. ) ;
#5797 = AXIS2_PLACEMENT_3D ( 'NONE', #2221, #5291, #5990 ) ;
#5798 = EDGE_CURVE ( 'NONE', #2903, #1923, #2294, .T. ) ;
#5799 = EDGE_CURVE ( 'NONE', #49, #2394, #2611, .T. ) ;
#5800 = CARTESIAN_POINT ( 'NONE',  ( -44.25738580775324493, -18.61082521722639527, -14.92593173598541156 ) ) ;
#5801 = VERTEX_POINT ( 'NONE', #5665 ) ;
#5802 = ORIENTED_EDGE ( 'NONE', *, *, #1095, .T. ) ;
#5803 = CARTESIAN_POINT ( 'NONE',  ( -87.78755529110949851, -3.905338952647569251, 20.10000000000000497 ) ) ;
#5804 = DIRECTION ( 'NONE',  ( -0.02891540797379439295, -0.01283988848428689773, -0.9994993929189852633 ) ) ;
#5805 = EDGE_LOOP ( 'NONE', ( #2274, #5928, #5483, #3679 ) ) ;
#5806 = CARTESIAN_POINT ( 'NONE',  ( -46.32398998288086744, -18.88515771949501598, -22.14999999999990621 ) ) ;
#5807 = AXIS2_PLACEMENT_3D ( 'NONE', #4979, #1088, #1125 ) ;
#5808 = CARTESIAN_POINT ( 'NONE',  ( -63.38860887689211410, -14.10411774266980345, 5.500000000000001776 ) ) ;
#5809 = LINE ( 'NONE', #4580, #1059 ) ;
#5810 = VERTEX_POINT ( 'NONE', #3938 ) ;
#5811 = CARTESIAN_POINT ( 'NONE',  ( -121.1714190468000112, -51.56507423080698516, 15.27436531526913477 ) ) ;
#5812 = CARTESIAN_POINT ( 'NONE',  ( -135.7661429342352903, -42.00253292241954739, 6.000000000000427214 ) ) ;
#5813 = DIRECTION ( 'NONE',  ( 0.4058374489394843687, -0.9139452746408243122, 1.232595164407831220E-32 ) ) ;
#5814 = EDGE_CURVE ( 'NONE', #4076, #3983, #2698, .T. ) ;
#5815 = CARTESIAN_POINT ( 'NONE',  ( -134.3405103101174518, -21.27862775716582178, 12.50000000000001243 ) ) ;
#5816 = CARTESIAN_POINT ( 'NONE',  ( -61.46813111167045918, -27.69420737675309496, -14.70000000000201901 ) ) ;
#5817 = CARTESIAN_POINT ( 'NONE',  ( -121.2002996758483846, -54.38194347636589043, -10.47851744508000138 ) ) ;
#5818 = VECTOR ( 'NONE', #167, 1000.000000000000114 ) ;
#5819 = DIRECTION ( 'NONE',  ( 0.6705919300765802449, 0.7418264374610593626, 0.000000000000000000 ) ) ;
#5820 = FACE_OUTER_BOUND ( 'NONE', #5805, .T. ) ;
#5821 = CARTESIAN_POINT ( 'NONE',  ( -132.4289344656926630, -20.68383092239053056, 22.50000000000001421 ) ) ;
#5822 = CARTESIAN_POINT ( 'NONE',  ( -44.61653672113809677, -10.41013608521863709, -4.185753630199683606 ) ) ;
#5823 = EDGE_LOOP ( 'NONE', ( #6686, #906, #3138, #3816 ) ) ;
#5824 = DIRECTION ( 'NONE',  ( 1.522024630730407529E-16, 6.758551201016273652E-17, 1.000000000000000000 ) ) ;
#5825 = CIRCLE ( 'NONE', #6625, 32.16057989992780364 ) ;
#5826 = EDGE_CURVE ( 'NONE', #3545, #2011, #1494, .T. ) ;
#5827 = EDGE_LOOP ( 'NONE', ( #6395, #3235, #3986, #3061 ) ) ;
#5828 = LINE ( 'NONE', #211, #2071 ) ;
#5829 = CYLINDRICAL_SURFACE ( 'NONE', #144, 2.100000000000001865 ) ;
#5830 = VERTEX_POINT ( 'NONE', #6330 ) ;
#5831 = CARTESIAN_POINT ( 'NONE',  ( -48.84294689279354884, -8.284389416617084834, -2.675592887094639050 ) ) ;
#5832 = CARTESIAN_POINT ( 'NONE',  ( -54.79695750937954557, -4.062037503256759052, 1.255533891393203483 ) ) ;
#5833 = CARTESIAN_POINT ( 'NONE',  ( -129.5003184127618852, -47.83765562346009403, -4.923186939960158881 ) ) ;
#5834 = ORIENTED_EDGE ( 'NONE', *, *, #6477, .F. ) ;
#5835 = CARTESIAN_POINT ( 'NONE',  ( -147.8867999561271347, -48.89015054982255748, -54.40744483544659715 ) ) ;
#5836 = VECTOR ( 'NONE', #2167, 1000.000000000000227 ) ;
#5837 = B_SPLINE_CURVE_WITH_KNOTS ( 'NONE', 3,
 ( #6660, #5379, #1642, #2139, #3498, #1028, #897, #6040, #3414, #418, #4681, #5911, #7187, #943, #3459, #329 ),
 .UNSPECIFIED., .F., .F.,
 ( 4, 2, 2, 1, 1, 1, 1, 2, 2, 4 ),
 ( 0.000000000000000000, 0.2499999999999815148, 0.3749999999999721334, 0.4374999999999671374, 0.4687499999999654721, 0.4843749999999636957, 0.4921874999999619194, 0.4960937499999609201, 0.4999999999999599209, 1.000000000000000000 ),
 .UNSPECIFIED. ) ;
#5838 = EDGE_CURVE ( 'NONE', #5111, #5302, #7594, .T. ) ;
#5839 = CARTESIAN_POINT ( 'NONE',  ( -51.34636424633382035, -2.646697609956966790, -2.675592887099892181 ) ) ;
#5840 = VECTOR ( 'NONE', #571, 1000.000000000000000 ) ;
#5841 = ORIENTED_EDGE ( 'NONE', *, *, #7393, .F. ) ;
#5842 = VERTEX_POINT ( 'NONE', #703 ) ;
#5843 = DIRECTION ( 'NONE',  ( -1.522024630730408022E-16, -6.758551201016278582E-17, -1.000000000000000000 ) ) ;
#5844 = DIRECTION ( 'NONE',  ( 0.4058374489394843687, -0.9139452746408243122, 1.232595164407831220E-32 ) ) ;
#5845 = CIRCLE ( 'NONE', #5591, 26.16057989992778943 ) ;
#5846 = EDGE_LOOP ( 'NONE', ( #2966, #3522, #403, #5548 ) ) ;
#5847 = CARTESIAN_POINT ( 'NONE',  ( -115.4350531147433543, -7.983684736895348522, 20.09999999999999076 ) ) ;
#5848 = FACE_OUTER_BOUND ( 'NONE', #6216, .T. ) ;
#5849 = DIRECTION ( 'NONE',  ( -0.4058374489394842022, 0.9139452746408242012, -1.232595164407830946E-32 ) ) ;
#5850 = ORIENTED_EDGE ( 'NONE', *, *, #1163, .F. ) ;
#5851 = CARTESIAN_POINT ( 'NONE',  ( -139.4376420317719862, -39.73369245012902695, 5.785098111027398460 ) ) ;
#5852 = DIRECTION ( 'NONE',  ( 1.522024630730408022E-16, 6.758551201016278582E-17, 1.000000000000000000 ) ) ;
#5853 = CARTESIAN_POINT ( 'NONE',  ( -137.1226009456255213, -61.28857882350083486, -21.81194195411924142 ) ) ;
#5854 = AXIS2_PLACEMENT_3D ( 'NONE', #1390, #1356, #171 ) ;
#5855 = CARTESIAN_POINT ( 'NONE',  ( -46.93857663051255713, -21.19717066948664552, -20.04512421095780184 ) ) ;
#5856 = EDGE_CURVE ( 'NONE', #71, #5332, #7290, .T. ) ;
#5857 = VECTOR ( 'NONE', #5279, 1000.000000000000000 ) ;
#5858 = CARTESIAN_POINT ( 'NONE',  ( -55.23863065009292228, -24.92799735779390247, -14.70000000000013962 ) ) ;
#5859 = CARTESIAN_POINT ( 'NONE',  ( -123.9162192105455205, -55.42428429537088164, -14.70000000000086793 ) ) ;
#5860 = CARTESIAN_POINT ( 'NONE',  ( -43.80891949922375517, -19.62101091566361788, -20.18573529012025958 ) ) ;
#5861 = DIRECTION ( 'NONE',  ( 0.9400287392378581242, 0.3410952497571361763, -2.087958109686768436E-16 ) ) ;
#5862 = DIRECTION ( 'NONE',  ( 1.522024630730408022E-16, 6.758551201016278582E-17, 1.000000000000000000 ) ) ;
#5863 = CARTESIAN_POINT ( 'NONE',  ( -43.29912848883463994, -13.37693728070625632, -6.961733677460956393 ) ) ;
#5864 = ORIENTED_EDGE ( 'NONE', *, *, #3936, .T. ) ;
#5865 = DIRECTION ( 'NONE',  ( -0.6705919300765826874, -0.7418264374610571421, 0.000000000000000000 ) ) ;
#5866 = CARTESIAN_POINT ( 'NONE',  ( -129.8245542507469281, -16.27047223561633515, 15.10000000000001208 ) ) ;
#5867 = EDGE_LOOP ( 'NONE', ( #3668, #1167, #302, #6852 ) ) ;
#5868 = FACE_OUTER_BOUND ( 'NONE', #4696, .T. ) ;
#5869 = LINE ( 'NONE', #4642, #7612 ) ;
#5870 = ORIENTED_EDGE ( 'NONE', *, *, #4235, .T. ) ;
#5871 = CYLINDRICAL_SURFACE ( 'NONE', #3, 2.100000000000001865 ) ;
#5872 = ADVANCED_FACE ( 'NONE', ( #5707 ), #6403, .T. ) ;
#5873 = CARTESIAN_POINT ( 'NONE',  ( -54.02402058994761802, -3.906366417974210581, 0.4984532329713199372 ) ) ;
#5874 = DIRECTION ( 'NONE',  ( -0.4058374489394839246, 0.9139452746408243122, -7.395570986446985676E-32 ) ) ;
#5875 = ORIENTED_EDGE ( 'NONE', *, *, #3814, .T. ) ;
#5876 = DIRECTION ( 'NONE',  ( -0.6705919300765830204, -0.7418264374610566980, 1.522024630730407282E-16 ) ) ;
#5877 = EDGE_CURVE ( 'NONE', #5810, #2617, #5129, .T. ) ;
#5878 = FACE_OUTER_BOUND ( 'NONE', #614, .T. ) ;
#5879 = CARTESIAN_POINT ( 'NONE',  ( -129.8218235801741400, -43.60379034683590760, -9.999999999999985789 ) ) ;
#5880 = ORIENTED_EDGE ( 'NONE', *, *, #4506, .F. ) ;
#5881 = ORIENTED_EDGE ( 'NONE', *, *, #4496, .F. ) ;
#5882 = ADVANCED_FACE ( 'NONE', ( #2664 ), #5163, .F. ) ;
#5883 = DIRECTION ( 'NONE',  ( -1.522024630730408022E-16, -6.758551201016278582E-17, -1.000000000000000000 ) ) ;
#5884 = CARTESIAN_POINT ( 'NONE',  ( -133.0468091936459416, -49.41247504770519328, -3.183803752492255779 ) ) ;
#5885 = CIRCLE ( 'NONE', #6913, 2.875000000000003553 ) ;
#5886 = CIRCLE ( 'NONE', #4320, 1.574999999999997735 ) ;
#5887 = ORIENTED_EDGE ( 'NONE', *, *, #7130, .F. ) ;
#5888 = FACE_BOUND ( 'NONE', #5350, .T. ) ;
#5889 = DIRECTION ( 'NONE',  ( -1.522024630730408022E-16, -6.758551201016278582E-17, -1.000000000000000000 ) ) ;
#5890 = DIRECTION ( 'NONE',  ( -0.4058374489394842577, 0.9139452746408242012, -2.465190328815662439E-32 ) ) ;
#5891 = EDGE_LOOP ( 'NONE', ( #2668, #6080, #6157, #3957 ) ) ;
#5892 = CARTESIAN_POINT ( 'NONE',  ( -118.9146575866231785, -57.91248967719985785, 11.77184256055833522 ) ) ;
#5893 = B_SPLINE_CURVE_WITH_KNOTS ( 'NONE', 3,
 ( #6160, #2550, #6867, #5047, #8089, #3710, #6240, #617, #4274, #2509, #4893, #1193, #6203, #7551, #700, #3085 ),
 .UNSPECIFIED., .F., .F.,
 ( 4, 2, 2, 2, 2, 2, 2, 4 ),
 ( 0.002954816163281765579, 0.005679028513415015390, 0.007041134688481640730, 0.008403240863548265202, 0.009765347038614889674, 0.01112745321368151588, 0.01248955938874814035, 0.01385166556381476483 ),
 .UNSPECIFIED. ) ;
#5894 = CARTESIAN_POINT ( 'NONE',  ( -145.2643001668743352, -47.40389364710931375, -2.397531466759294183 ) ) ;
#5895 = PLANE ( 'NONE',  #8069 ) ;
#5896 = AXIS2_PLACEMENT_3D ( 'NONE', #5009, #1882, #4392 ) ;
#5897 = CIRCLE ( 'NONE', #4330, 14.99999999999999822 ) ;
#5898 = CARTESIAN_POINT ( 'NONE',  ( -81.87367960019051338, -28.53616536825137828, 16.60000000000000853 ) ) ;
#5899 = FACE_OUTER_BOUND ( 'NONE', #2151, .T. ) ;
#5900 = EDGE_CURVE ( 'NONE', #3006, #2617, #5204, .T. ) ;
#5901 = CARTESIAN_POINT ( 'NONE',  ( -68.87653027112972381, -30.98390742666509823, -14.69999999999995488 ) ) ;
#5902 = CARTESIAN_POINT ( 'NONE',  ( -124.2642905043296508, -55.57884537231755928, -14.70000000000023910 ) ) ;
#5903 = CARTESIAN_POINT ( 'NONE',  ( -41.31336429116797859, -17.84887502265648962, -21.58258955986390859 ) ) ;
#5904 = CARTESIAN_POINT ( 'NONE',  ( -103.1018594696727746, -24.07968691802500416, 12.50000000000000888 ) ) ;
#5905 = DIRECTION ( 'NONE',  ( -0.6705919300765832425, -0.7418264374610565870, 1.734723475976806601E-16 ) ) ;
#5906 = AXIS2_PLACEMENT_3D ( 'NONE', #3965, #2694, #3886 ) ;
#5907 = CARTESIAN_POINT ( 'NONE',  ( -42.65002227408231050, -14.83872342011607337, -9.026168329378721822 ) ) ;
#5908 = ORIENTED_EDGE ( 'NONE', *, *, #4161, .T. ) ;
#5909 = FACE_OUTER_BOUND ( 'NONE', #3063, .T. ) ;
#5910 = EDGE_CURVE ( 'NONE', #3967, #5546, #4761, .T. ) ;
#5911 = CARTESIAN_POINT ( 'NONE',  ( -45.67548338730408375, -20.34559347677858199, -17.34859480043726165 ) ) ;
#5912 = ORIENTED_EDGE ( 'NONE', *, *, #714, .F. ) ;
#5913 = VECTOR ( 'NONE', #6894, 1000.000000000000000 ) ;
#5914 = CARTESIAN_POINT ( 'NONE',  ( -47.47927614503542770, -19.97951624259701475, -22.04034235132312247 ) ) ;
#5915 = LINE ( 'NONE', #3946, #5637 ) ;
#5916 = ORIENTED_EDGE ( 'NONE', *, *, #6291, .T. ) ;
#5917 = CARTESIAN_POINT ( 'NONE',  ( -78.99999595379736661, -36.58759896571695691, 14.45000000000000817 ) ) ;
#5918 = CARTESIAN_POINT ( 'NONE',  ( -60.25727823279886053, -4.367589466307085111, 6.164482761781509446 ) ) ;
#5919 = CARTESIAN_POINT ( 'NONE',  ( -140.5588624221902592, -58.00053179153996297, -8.599857038707993340 ) ) ;
#5920 = ORIENTED_EDGE ( 'NONE', *, *, #6542, .T. ) ;
#5921 = VERTEX_POINT ( 'NONE', #3539 ) ;
#5922 = PRODUCT_DEFINITION_FORMATION_WITH_SPECIFIED_SOURCE ( 'ANY', '', #1474, .NOT_KNOWN. ) ;
#5923 = EDGE_CURVE ( 'NONE', #3514, #3473, #4786, .T. ) ;
#5924 = DIRECTION ( 'NONE',  ( 0.6705919300765826874, 0.7418264374610571421, 0.000000000000000000 ) ) ;
#5925 = EDGE_CURVE ( 'NONE', #6252, #7851, #2023, .T. ) ;
#5926 = CARTESIAN_POINT ( 'NONE',  ( -46.57328864770095578, -13.39540390635871425, -5.650158850720352177 ) ) ;
#5927 = EDGE_LOOP ( 'NONE', ( #4416, #5228 ) ) ;
#5928 = ORIENTED_EDGE ( 'NONE', *, *, #1567, .F. ) ;
#5929 = CARTESIAN_POINT ( 'NONE',  ( -133.4713661368738826, -37.56526800624851603, 12.10000000000031584 ) ) ;
#5930 = DIRECTION ( 'NONE',  ( -1.522024630730408022E-16, -6.758551201016278582E-17, -1.000000000000000000 ) ) ;
#5931 = DIRECTION ( 'NONE',  ( -0.9995817932100963255, 0.000000000000000000, 0.02891779180519190445 ) ) ;
#5932 = EDGE_CURVE ( 'NONE', #872, #6417, #1244, .T. ) ;
#5933 = AXIS2_PLACEMENT_3D ( 'NONE', #1921, #1223, #732 ) ;
#5934 = VERTEX_POINT ( 'NONE', #7102 ) ;
#5935 = CARTESIAN_POINT ( 'NONE',  ( -53.29293875766411759, -24.06401276707992309, -13.14809138725794391 ) ) ;
#5936 = CARTESIAN_POINT ( 'NONE',  ( -51.46719551057414321, -10.99872832046952453, -22.15000000000000213 ) ) ;
#5937 = DIRECTION ( 'NONE',  ( -1.522024630730408022E-16, -6.758551201016278582E-17, -1.000000000000000000 ) ) ;
#5938 = ORIENTED_EDGE ( 'NONE', *, *, #3477, .T. ) ;
#5939 = CARTESIAN_POINT ( 'NONE',  ( -119.5122945477152285, -27.67322572261017655, 20.10000000000000853 ) ) ;
#5940 = CARTESIAN_POINT ( 'NONE',  ( -111.7226612015289078, 5.190507435617802479, 15.60000000000000853 ) ) ;
#5941 = CARTESIAN_POINT ( 'NONE',  ( -127.9025385034284170, -42.75153170406299807, 5.500000000000013323 ) ) ;
#5942 = DIRECTION ( 'NONE',  ( -1.522024630730408022E-16, -6.758551201016278582E-17, -1.000000000000000000 ) ) ;
#5943 = ADVANCED_FACE ( 'NONE', ( #6035 ), #3363, .F. ) ;
#5944 = LINE ( 'NONE', #7835, #6428 ) ;
#5945 = DIRECTION ( 'NONE',  ( 0.4058374489394852014, -0.9139452746408237571, -1.848892746611746419E-31 ) ) ;
#5946 = CARTESIAN_POINT ( 'NONE',  ( -41.88756685949593361, -16.55577177311330672, -22.15000000000000213 ) ) ;
#5947 = CARTESIAN_POINT ( 'NONE',  ( -71.73676807672211453, -32.25399617988702516, -14.69999999999999751 ) ) ;
#5948 = DIRECTION ( 'NONE',  ( 0.4058374489394843687, -0.9139452746408243122, 1.232595164407831220E-32 ) ) ;
#5949 = CARTESIAN_POINT ( 'NONE',  ( -45.07231031564982260, -9.383734692003759648, -3.578999083901493350 ) ) ;
#5950 = ORIENTED_EDGE ( 'NONE', *, *, #590, .T. ) ;
#5951 = CARTESIAN_POINT ( 'NONE',  ( -65.30789395363784422, -14.95637638544272008, 5.500000000000001776 ) ) ;
#5952 = ADVANCED_FACE ( 'NONE', ( #2831 ), #239, .T. ) ;
#5954 = EDGE_CURVE ( 'NONE', #3144, #6725, #5825, .T. ) ;
#5953 = CARTESIAN_POINT ( 'NONE',  ( -142.6511117264596180, -53.28878976279322899, -3.842806056099334011 ) ) ;
#5955 = ORIENTED_EDGE ( 'NONE', *, *, #3139, .F. ) ;
#5956 = CARTESIAN_POINT ( 'NONE',  ( -97.61980985088180773, -26.56909085815083316, -10.37867965644033852 ) ) ;
#5957 = CARTESIAN_POINT ( 'NONE',  ( -82.43270857789077866, -35.26402932394314860, 20.10000000000000853 ) ) ;
#5958 = ORIENTED_EDGE ( 'NONE', *, *, #6811, .T. ) ;
#5959 = DIRECTION ( 'NONE',  ( -0.6705919300765841307, -0.7418264374610556988, 0.000000000000000000 ) ) ;
#5960 = CARTESIAN_POINT ( 'NONE',  ( -58.06922850262280633, -5.927290723236904313, 4.987336529262012874 ) ) ;
#5961 = CARTESIAN_POINT ( 'NONE',  ( -140.4508938509466134, -58.24367683829625975, -8.985648140418764029 ) ) ;
#5962 = EDGE_LOOP ( 'NONE', ( #4367, #3721, #7615, #6705, #1274, #5346, #3691, #7335, #1053, #7520, #92, #3549 ) ) ;
#5963 = VERTEX_POINT ( 'NONE', #5947 ) ;
#5964 = VECTOR ( 'NONE', #4961, 1000.000000000000000 ) ;
#5965 = DIRECTION ( 'NONE',  ( -0.6705919300765827984, -0.7418264374610570311, 0.000000000000000000 ) ) ;
#5966 = FACE_OUTER_BOUND ( 'NONE', #1623, .T. ) ;
#5967 = EDGE_CURVE ( 'NONE', #4974, #4560, #7224, .T. ) ;
#5968 = ORIENTED_EDGE ( 'NONE', *, *, #5773, .T. ) ;
#5969 = EDGE_LOOP ( 'NONE', ( #6306, #5273, #7415, #6757 ) ) ;
#5970 = CARTESIAN_POINT ( 'NONE',  ( -119.0911647625867147, -65.23430063957917469, -5.175980714260886018 ) ) ;
#5971 = CARTESIAN_POINT ( 'NONE',  ( -138.8674360375225092, -61.80962125755528547, -19.90226640499233568 ) ) ;
#5972 = ORIENTED_EDGE ( 'NONE', *, *, #2645, .F. ) ;
#5973 = CARTESIAN_POINT ( 'NONE',  ( -46.93842470732170824, -21.19751280026524043, -20.31630695402710174 ) ) ;
#5974 = LINE ( 'NONE', #312, #2744 ) ;
#5975 = PLANE ( 'NONE',  #5626 ) ;
#5976 = VERTEX_POINT ( 'NONE', #4633 ) ;
#5977 = CARTESIAN_POINT ( 'NONE',  ( -123.5622570933559103, -67.21968943236589666, -9.664955880659857002 ) ) ;
#5978 = DIRECTION ( 'NONE',  ( 1.000000000000000000, 0.000000000000000000, 0.000000000000000000 ) ) ;
#5979 = EDGE_CURVE ( 'NONE', #2685, #5774, #7713, .T. ) ;
#5980 = AXIS2_PLACEMENT_3D ( 'NONE', #6504, #3841, #870 ) ;
#5981 = CARTESIAN_POINT ( 'NONE',  ( -63.38860887689211410, -14.10411774266980345, -9.999999999999998224 ) ) ;
#5982 = CARTESIAN_POINT ( 'NONE',  ( -138.7817160045031244, -62.02530895568162350, -2.666400855529753144 ) ) ;
#5983 = AXIS2_PLACEMENT_3D ( 'NONE', #3594, #4154, #6788 ) ;
#5984 = CARTESIAN_POINT ( 'NONE',  ( -69.93437392237262884, -33.79992636098177172, -14.49827215189029594 ) ) ;
#5985 = FACE_BOUND ( 'NONE', #1772, .T. ) ;
#5986 = DIRECTION ( 'NONE',  ( 0.9139452746408237571, 0.4058374489394852014, -1.665334536937734071E-16 ) ) ;
#5987 = CARTESIAN_POINT ( 'NONE',  ( -79.69293320283669857, 3.199845865316033766, 15.60000000000000497 ) ) ;
#5988 = CARTESIAN_POINT ( 'NONE',  ( -129.5003184127618852, -47.83765562346009403, -2.213058202862920432 ) ) ;
#5989 = CARTESIAN_POINT ( 'NONE',  ( -45.05045253175722308, -9.432958385763349440, -3.605602260944040349 ) ) ;
#5990 = DIRECTION ( 'NONE',  ( 0.6705919300765856850, 0.7418264374610542555, 0.000000000000000000 ) ) ;
#5991 = EDGE_CURVE ( 'NONE', #4858, #1535, #3977, .T. ) ;
#5992 = AXIS2_PLACEMENT_3D ( 'NONE', #1160, #7444, #15 ) ;
#5993 = CARTESIAN_POINT ( 'NONE',  ( -142.4857820561897768, -53.66111191121961355, -4.077197461567627634 ) ) ;
#5994 = ORIENTED_EDGE ( 'NONE', *, *, #633, .F. ) ;
#5995 = AXIS2_PLACEMENT_3D ( 'NONE', #5261, #388, #430 ) ;
#5996 = CARTESIAN_POINT ( 'NONE',  ( -70.43643771733749759, -15.53646744778302669, -14.98901364969823291 ) ) ;
#5997 = CARTESIAN_POINT ( 'NONE',  ( -60.40818046376339367, -5.474833675891276563, 6.826527107497422087 ) ) ;
#5998 = ORIENTED_EDGE ( 'NONE', *, *, #6984, .F. ) ;
#5999 = CARTESIAN_POINT ( 'NONE',  ( -56.49227249204469814, -8.306405655874037564, -22.15000000000000213 ) ) ;
#6000 = DIRECTION ( 'NONE',  ( -1.522024630730408022E-16, -6.758551201016278582E-17, -1.000000000000000000 ) ) ;
#6001 = CARTESIAN_POINT ( 'NONE',  ( -139.9616408924888447, -59.34547370464020588, -10.98622590194997528 ) ) ;
#6002 = ORIENTED_EDGE ( 'NONE', *, *, #1837, .T. ) ;
#6003 = ORIENTED_EDGE ( 'NONE', *, *, #5551, .T. ) ;
#6004 = CARTESIAN_POINT ( 'NONE',  ( -125.0381680901065948, -38.74421432633528184, -17.14999999999995239 ) ) ;
#6005 = DIRECTION ( 'NONE',  ( 1.522024630730408022E-16, 6.758551201016278582E-17, 1.000000000000000000 ) ) ;
#6006 = B_SPLINE_SURFACE_WITH_KNOTS ( 'NONE', 3, 1, ( 
 ( #1990, #3311 ),
 ( #7003, #5806 ),
 ( #2691, #4577 ),
 ( #4785, #3480 ),
 ( #6100, #4658 ),
 ( #1706, #6726 ),
 ( #2858, #4702 ),
 ( #4214, #3436 ),
 ( #5357, #2285 ),
 ( #7953, #5401 ),
 ( #1051, #4829 ),
 ( #7863, #3521 ),
 ( #2987, #4088 ),
 ( #5973, #1098 ),
 ( #5481, #7910 ),
 ( #2329, #2246 ) ),
 .UNSPECIFIED., .F., .F., .F.,
 ( 4, 2, 2, 2, 2, 2, 2, 4 ),
 ( 2, 2 ),
 ( 0.000000000000000000, 0.1249999999999995559, 0.2499999999999992228, 0.4999999999999998890, 0.6249999999999998890, 0.7500000000000000000, 0.8750000000000000000, 1.000000000000000000 ),
 ( 0.000000000000000000, 1.000000000000000000 ),
 .UNSPECIFIED. ) ;
#6007 = ORIENTED_EDGE ( 'NONE', *, *, #1907, .F. ) ;
#6008 = ORIENTED_EDGE ( 'NONE', *, *, #6189, .F. ) ;
#6009 = CARTESIAN_POINT ( 'NONE',  ( -44.04521670862469307, -19.08876226028994694, -21.55187817180955179 ) ) ;
#6010 = PLANE ( 'NONE',  #3449 ) ;
#6011 = VECTOR ( 'NONE', #5253, 1000.000000000000000 ) ;
#6012 = VECTOR ( 'NONE', #3962, 1000.000000000000000 ) ;
#6013 = VERTEX_POINT ( 'NONE', #5244 ) ;
#6014 = DIRECTION ( 'NONE',  ( 0.6705919300765829094, 0.7418264374610568090, -1.326211790879754574E-16 ) ) ;
#6015 = ORIENTED_EDGE ( 'NONE', *, *, #1330, .F. ) ;
#6016 = DIRECTION ( 'NONE',  ( 1.522024630730408022E-16, 6.758551201016278582E-17, 1.000000000000000000 ) ) ;
#6017 = EDGE_CURVE ( 'NONE', #7161, #137, #7414, .T. ) ;
#6018 = CARTESIAN_POINT ( 'NONE',  ( -89.71550709007968294, -6.038089960348102636, 16.60000000000000497 ) ) ;
#6019 = EDGE_LOOP ( 'NONE', ( #2554, #3718, #7333, #7852 ) ) ;
#6020 = ORIENTED_EDGE ( 'NONE', *, *, #4879, .F. ) ;
#6021 = CARTESIAN_POINT ( 'NONE',  ( -132.3255691162033827, -54.04294083836122553, 2.717185038809432740 ) ) ;
#6022 = CARTESIAN_POINT ( 'NONE',  ( -87.74221200772909413, -38.96193401680242374, -14.69999999999999396 ) ) ;
#6023 = AXIS2_PLACEMENT_3D ( 'NONE', #6056, #4867, #3645 ) ;
#6024 = AXIS2_PLACEMENT_3D ( 'NONE', #7865, #2821, #880 ) ;
#6025 = EDGE_CURVE ( 'NONE', #2842, #6261, #7756, .T. ) ;
#6026 = CARTESIAN_POINT ( 'NONE',  ( -59.77024049536792205, -31.03297028786684919, 11.58735936913398845 ) ) ;
#6027 = DIRECTION ( 'NONE',  ( 1.522024630730408022E-16, 6.758551201016278582E-17, 1.000000000000000000 ) ) ;
#6028 = ADVANCED_FACE ( 'NONE', ( #4058 ), #324, .F. ) ;
#6029 = EDGE_CURVE ( 'NONE', #16, #2903, #5148, .T. ) ;
#6030 = CARTESIAN_POINT ( 'NONE',  ( -96.51567498642246790, -48.46157555498422909, 12.50000000000000888 ) ) ;
#6031 = AXIS2_PLACEMENT_3D ( 'NONE', #462, #5464, #4242 ) ;
#6032 = CARTESIAN_POINT ( 'NONE',  ( -112.8521917513937893, -51.89381954635728533, -14.29807034924310116 ) ) ;
#6033 = AXIS2_PLACEMENT_3D ( 'NONE', #539, #3121, #501 ) ;
#6034 = DIRECTION ( 'NONE',  ( -0.6705919300765831315, -0.7418264374610568090, 1.309225264888155391E-16 ) ) ;
#6035 = FACE_OUTER_BOUND ( 'NONE', #5555, .T. ) ;
#6036 = CARTESIAN_POINT ( 'NONE',  ( -45.56765871855132133, -20.58841449607742291, -20.04512421095782315 ) ) ;
#6037 = CARTESIAN_POINT ( 'NONE',  ( -128.6886435148828980, -49.66554617274176309, -4.923186939960158881 ) ) ;
#6038 = CARTESIAN_POINT ( 'NONE',  ( -138.0427921254602666, -40.30622159611256450, 6.906601717798176665 ) ) ;
#6039 = AXIS2_PLACEMENT_3D ( 'NONE', #7722, #1436, #3417 ) ;
#6040 = CARTESIAN_POINT ( 'NONE',  ( -45.68730504237435497, -20.31896304277002940, -17.15203350993077080 ) ) ;
#6041 = ORIENTED_EDGE ( 'NONE', *, *, #2933, .T. ) ;
#6042 = CARTESIAN_POINT ( 'NONE',  ( -47.69490789484208904, -19.49391389290423504, -22.14999999999990621 ) ) ;
#6043 = CARTESIAN_POINT ( 'NONE',  ( -60.75251772108966009, -5.760702566546187953, 7.266452992045225656 ) ) ;
#6044 = AXIS2_PLACEMENT_3D ( 'NONE', #7316, #5462, #1728 ) ;
#6045 = ORIENTED_EDGE ( 'NONE', *, *, #2055, .T. ) ;
#6046 = DIRECTION ( 'NONE',  ( -0.4058374489394844242, 0.9139452746408240902, 1.232595164407830946E-32 ) ) ;
#6047 = DIRECTION ( 'NONE',  ( 1.522024630730408022E-16, 6.758551201016278582E-17, 1.000000000000000000 ) ) ;
#6048 = CARTESIAN_POINT ( 'NONE',  ( -95.54535217844019712, -19.36169012243144749, 14.50000000000000888 ) ) ;
#6049 = ORIENTED_EDGE ( 'NONE', *, *, #7338, .F. ) ;
#6050 = ORIENTED_EDGE ( 'NONE', *, *, #4749, .T. ) ;
#6051 = CARTESIAN_POINT ( 'NONE',  ( -128.7721844529032751, -49.70264253081584371, -4.920293904461177981 ) ) ;
#6052 = DIRECTION ( 'NONE',  ( 1.522024630730408022E-16, 6.758551201016278582E-17, 1.000000000000000000 ) ) ;
#6053 = EDGE_LOOP ( 'NONE', ( #7522, #4928, #7329, #5402, #5583 ) ) ;
#6054 = ORIENTED_EDGE ( 'NONE', *, *, #5268, .F. ) ;
#6055 = EDGE_CURVE ( 'NONE', #3731, #3260, #4801, .T. ) ;
#6056 = CARTESIAN_POINT ( 'NONE',  ( -131.4234593978879388, -53.06825614626849585, -3.183803752492255779 ) ) ;
#6057 = CARTESIAN_POINT ( 'NONE',  ( -139.1488993713155935, -61.17576628784496506, -21.67929094319402239 ) ) ;
#6058 = CIRCLE ( 'NONE', #5252, 2.875000000000000888 ) ;
#6059 = EDGE_CURVE ( 'NONE', #4038, #4254, #2300, .T. ) ;
#6060 = CIRCLE ( 'NONE', #4614, 2.100000000000001865 ) ;
#6061 = VERTEX_POINT ( 'NONE', #7307 ) ;
#6062 = CYLINDRICAL_SURFACE ( 'NONE', #6115, 26.16057989992778943 ) ;
#6063 = ORIENTED_EDGE ( 'NONE', *, *, #3308, .F. ) ;
#6064 = DIRECTION ( 'NONE',  ( 0.9139452746408242012, 0.4058374489394840356, -1.665334536937733825E-16 ) ) ;
#6065 = DIRECTION ( 'NONE',  ( -0.6705919300765831315, -0.7418264374610566980, 0.000000000000000000 ) ) ;
#6066 = EDGE_LOOP ( 'NONE', ( #1317, #5053, #5175, #3887, #3608 ) ) ;
#6067 = DIRECTION ( 'NONE',  ( -1.522024630730408022E-16, -6.758551201016278582E-17, -1.000000000000000000 ) ) ;
#6068 = CIRCLE ( 'NONE', #42, 10.99999999999999645 ) ;
#6069 = CARTESIAN_POINT ( 'NONE',  ( -84.14487753335230025, -41.62137304518141434, 20.10000000000000853 ) ) ;
#6070 = CARTESIAN_POINT ( 'NONE',  ( -92.13949305319582095, -29.05926425758253728, -22.14999999999999503 ) ) ;
#6071 = FACE_OUTER_BOUND ( 'NONE', #3189, .T. ) ;
#6072 = CARTESIAN_POINT ( 'NONE',  ( -70.09578431149171251, -31.52531724963655790, -14.70000000000009699 ) ) ;
#6073 = CARTESIAN_POINT ( 'NONE',  ( -54.98628884404797645, -10.16044300756307273, 3.919630135262757165 ) ) ;
#6074 = FACE_OUTER_BOUND ( 'NONE', #3901, .T. ) ;
#6075 = DIRECTION ( 'NONE',  ( -0.6705919300765834645, -0.7418264374610563650, 0.000000000000000000 ) ) ;
#6076 = CARTESIAN_POINT ( 'NONE',  ( -143.8932554554294825, -50.49148410634551709, -2.675592887100096462 ) ) ;
#6077 = CARTESIAN_POINT ( 'NONE',  ( -135.7661429342352903, -42.00253292241956871, 6.000000000000015099 ) ) ;
#6078 = B_SPLINE_SURFACE_WITH_KNOTS ( 'NONE', 3, 1, ( 
 ( #2955, #6935 ),
 ( #1299, #3701 ),
 ( #5040, #2461 ),
 ( #1183, #4920 ),
 ( #6859, #7389 ),
 ( #694, #7430 ),
 ( #1798, #3156 ),
 ( #4384, #1260 ),
 ( #3817, #5533 ),
 ( #3198, #6322 ),
 ( #8043, #4267 ),
 ( #650, #6897 ),
 ( #7544, #8117 ),
 ( #1759, #5567 ),
 ( #5001, #8076 ),
 ( #7464, #83 ) ),
 .UNSPECIFIED., .F., .F., .F.,
 ( 4, 2, 2, 2, 2, 2, 2, 4 ),
 ( 2, 2 ),
 ( 0.000000000000000000, 0.1249999999999992228, 0.2499999999999984457, 0.4999999999999990008, 0.6249999999999992228, 0.7499999999999995559, 0.8749999999999997780, 1.000000000000000000 ),
 ( 0.000000000000000000, 1.000000000000000000 ),
 .UNSPECIFIED. ) ;
#6079 = DIRECTION ( 'NONE',  ( -0.6705919300765830204, -0.7418264374610566980, 1.522024630730407282E-16 ) ) ;
#6080 = ORIENTED_EDGE ( 'NONE', *, *, #7802, .F. ) ;
#6081 = LINE ( 'NONE', #4239, #7083 ) ;
#6082 = CARTESIAN_POINT ( 'NONE',  ( -70.95586753299323846, -15.22852213210999750, -17.14999999999996305 ) ) ;
#6083 = ORIENTED_EDGE ( 'NONE', *, *, #5856, .T. ) ;
#6084 = CYLINDRICAL_SURFACE ( 'NONE', #6031, 1.750000000000003109 ) ;
#6085 = LINE ( 'NONE', #464, #1007 ) ;
#6086 = CARTESIAN_POINT ( 'NONE',  ( -60.57484490325273185, -20.55955482755135577, 12.10000000000029452 ) ) ;
#6087 = VERTEX_POINT ( 'NONE', #4922 ) ;
#6088 = ORIENTED_EDGE ( 'NONE', *, *, #1977, .F. ) ;
#6089 = CARTESIAN_POINT ( 'NONE',  ( -136.8620337581400008, -55.60483985818319752, -3.183803752481280114 ) ) ;
#6090 = EDGE_CURVE ( 'NONE', #3791, #4201, #1367, .T. ) ;
#6091 = ORIENTED_EDGE ( 'NONE', *, *, #3262, .T. ) ;
#6092 = CARTESIAN_POINT ( 'NONE',  ( -99.72983261045661152, -5.789345817509637726, 18.10000000000000497 ) ) ;
#6093 = CARTESIAN_POINT ( 'NONE',  ( -47.72031426135782795, -20.49389637594831726, 0.9576660188122131379 ) ) ;
#6094 = EDGE_LOOP ( 'NONE', ( #4532, #7324, #878, #2025 ) ) ;
#6095 = DIRECTION ( 'NONE',  ( 0.6705919300765819102, 0.7418264374610576972, 0.000000000000000000 ) ) ;
#6096 = CARTESIAN_POINT ( 'NONE',  ( -142.1944278212583299, -61.70936333502862681, -22.07663646782955524 ) ) ;
#6097 = AXIS2_PLACEMENT_3D ( 'NONE', #4856, #2435, #6829 ) ;
#6098 = EDGE_CURVE ( 'NONE', #2802, #3006, #3078, .T. ) ;
#6099 = VERTEX_POINT ( 'NONE', #2302 ) ;
#6100 = CARTESIAN_POINT ( 'NONE',  ( -47.47927614503542770, -19.97951624259701475, -22.04034235132312247 ) ) ;
#6101 = ORIENTED_EDGE ( 'NONE', *, *, #5697, .F. ) ;
#6102 = CARTESIAN_POINT ( 'NONE',  ( -51.95997813745472627, -5.306705009442792331, -0.7677157075141907150 ) ) ;
#6103 = CARTESIAN_POINT ( 'NONE',  ( -143.9057577465803206, -57.85545112784870270, -6.755438668534121227 ) ) ;
#6104 = ORIENTED_EDGE ( 'NONE', *, *, #3321, .F. ) ;
#6105 = DIRECTION ( 'NONE',  ( 1.522024630730408022E-16, 6.758551201016278582E-17, 1.000000000000000000 ) ) ;
#6106 = DIRECTION ( 'NONE',  ( -1.522024630730408022E-16, -6.758551201016278582E-17, -1.000000000000000000 ) ) ;
#6107 = EDGE_CURVE ( 'NONE', #7161, #7281, #5171, .T. ) ;
#6108 = CARTESIAN_POINT ( 'NONE',  ( -131.7411086569198346, -44.45604898960882423, -9.999999999999985789 ) ) ;
#6109 = CARTESIAN_POINT ( 'NONE',  ( -63.38860887689211410, -14.10411774266980345, 5.500000000000001776 ) ) ;
#6110 = DIRECTION ( 'NONE',  ( 0.4058374489394843132, -0.9139452746408243122, 1.232595164407831220E-32 ) ) ;
#6111 = CARTESIAN_POINT ( 'NONE',  ( -111.5813521415264802, -50.55360285134513987, -14.64730610281373124 ) ) ;
#6112 = LINE ( 'NONE', #7352, #3029 ) ;
#6113 = DIRECTION ( 'NONE',  ( 0.4474321763524051754, 0.4949612461799922647, 0.7448609349029516880 ) ) ;
#6114 = CARTESIAN_POINT ( 'NONE',  ( -141.9287567620133359, -54.91555346349750266, -5.028270355320540119 ) ) ;
#6115 = AXIS2_PLACEMENT_3D ( 'NONE', #6681, #1536, #6014 ) ;
#6116 = CIRCLE ( 'NONE', #3237, 1.499999999999742428 ) ;
#6117 = CARTESIAN_POINT ( 'NONE',  ( -135.7979244000917163, -47.27531552245466173, 6.171003022311913888 ) ) ;
#6118 = ORIENTED_EDGE ( 'NONE', *, *, #1555, .T. ) ;
#6119 = DIRECTION ( 'NONE',  ( 1.522024630730408022E-16, 6.758551201016278582E-17, 1.000000000000000000 ) ) ;
#6120 = DIRECTION ( 'NONE',  ( -0.7418264374610570311, 0.6705919300765826874, 6.758551201016277350E-17 ) ) ;
#6121 = ORIENTED_EDGE ( 'NONE', *, *, #3584, .T. ) ;
#6122 = DIRECTION ( 'NONE',  ( -0.4058374489394842022, 0.9139452746408242012, -1.232595164407830946E-32 ) ) ;
#6123 = DIRECTION ( 'NONE',  ( 0.9139452746408242012, 0.4058374489394840912, -1.665334536937734071E-16 ) ) ;
#6124 = CARTESIAN_POINT ( 'NONE',  ( -60.29276451521652547, -30.37575686005603615, 9.477922944240514624 ) ) ;
#6125 = ORIENTED_EDGE ( 'NONE', *, *, #34, .F. ) ;
#6126 = ORIENTED_EDGE ( 'NONE', *, *, #2977, .F. ) ;
#6127 = CARTESIAN_POINT ( 'NONE',  ( -89.50961297396496263, -47.55598454486987237, 18.10000000000000497 ) ) ;
#6128 = AXIS2_PLACEMENT_3D ( 'NONE', #1057, #6067, #2378 ) ;
#6129 = EDGE_LOOP ( 'NONE', ( #7453, #728, #853, #2196 ) ) ;
#6130 = CARTESIAN_POINT ( 'NONE',  ( -117.7641183939316960, -58.20081330233940520, 7.869024841889140198 ) ) ;
#6131 = EDGE_CURVE ( 'NONE', #1314, #4818, #6861, .T. ) ;
#6132 = CARTESIAN_POINT ( 'NONE',  ( -51.06832158466471583, -21.51916315294507243, 3.960273767854342708 ) ) ;
#6133 = VERTEX_POINT ( 'NONE', #5454 ) ;
#6134 = B_SPLINE_CURVE_WITH_KNOTS ( 'NONE', 3,
 ( #4049, #5894, #973, #5195 ),
 .UNSPECIFIED., .F., .F.,
 ( 4, 4 ),
 ( -0.0008716010103030705225, 0.0008716010103031264673 ),
 .UNSPECIFIED. ) ;
#6135 = EDGE_CURVE ( 'NONE', #682, #5265, #4370, .T. ) ;
#6136 = DIRECTION ( 'NONE',  ( -0.4390552265429720213, -0.1949624972389872590, 0.8770519555394866718 ) ) ;
#6137 = ORIENTED_EDGE ( 'NONE', *, *, #281, .F. ) ;
#6138 = EDGE_CURVE ( 'NONE', #6744, #2181, #6228, .T. ) ;
#6139 = VERTEX_POINT ( 'NONE', #4842 ) ;
#6140 = DIRECTION ( 'NONE',  ( 0.4342997651233613809, -0.9007684019845462187, -5.222600313117001112E-18 ) ) ;
#6141 = ORIENTED_EDGE ( 'NONE', *, *, #3868, .F. ) ;
#6142 = CARTESIAN_POINT ( 'NONE',  ( -144.5369499127675681, -56.43400739665904098, -5.291937056307404852 ) ) ;
#6143 = VERTEX_POINT ( 'NONE', #2387 ) ;
#6144 = CARTESIAN_POINT ( 'NONE',  ( -66.82330850417764623, -38.42554499935376811, 20.10000000000000497 ) ) ;
#6145 = CARTESIAN_POINT ( 'NONE',  ( -144.7878460127467690, -48.47686762692747919, -2.407444835499551239 ) ) ;
#6146 = B_SPLINE_CURVE_WITH_KNOTS ( 'NONE', 3,
 ( #2972, #6793, #8057, #5625, #7480, #6290 ),
 .UNSPECIFIED., .F., .F.,
 ( 4, 2, 4 ),
 ( 0.000000000000000000, 0.003479336199942127065, 0.006958672399884254130 ),
 .UNSPECIFIED. ) ;
#6147 = DIRECTION ( 'NONE',  ( 0.8718344350502135187, 0.3871381283276789098, -0.3000479752566521108 ) ) ;
#6148 = CARTESIAN_POINT ( 'NONE',  ( -146.3966728089698393, -44.85379229968519610, -2.675592887094415229 ) ) ;
#6149 = DIRECTION ( 'NONE',  ( -1.522024630730408022E-16, -6.758551201016278582E-17, -1.000000000000000000 ) ) ;
#6150 = CARTESIAN_POINT ( 'NONE',  ( -132.1355498073404817, -47.66867356389834498, 9.161317357711137532 ) ) ;
#6151 = DIRECTION ( 'NONE',  ( -0.6705919300765831315, -0.7418264374610568090, 1.522024630730408268E-16 ) ) ;
#6152 = CARTESIAN_POINT ( 'NONE',  ( -137.2705019235008592, -39.25227445904224766, 7.970196636405431079 ) ) ;
#6153 = CARTESIAN_POINT ( 'NONE',  ( -131.7248129391122689, -19.90491316305642044, 15.60000000000001386 ) ) ;
#6154 = ADVANCED_FACE ( 'NONE', ( #4887 ), #1186, .F. ) ;
#6155 = AXIS2_PLACEMENT_3D ( 'NONE', #5308, #7819, #2199 ) ;
#6156 = CARTESIAN_POINT ( 'NONE',  ( -64.86725561058963763, -36.49637399994842468, -11.53703843314778332 ) ) ;
#6157 = ORIENTED_EDGE ( 'NONE', *, *, #5170, .T. ) ;
#6158 = VECTOR ( 'NONE', #401, 1000.000000000000000 ) ;
#6159 = DIRECTION ( 'NONE',  ( 1.522024630730408022E-16, 6.758551201016278582E-17, 1.000000000000000000 ) ) ;
#6160 = CARTESIAN_POINT ( 'NONE',  ( -123.4155483435690286, -57.16758160005831968, -1.178941080319537482 ) ) ;
#6161 = ORIENTED_EDGE ( 'NONE', *, *, #3554, .T. ) ;
#6162 = DIRECTION ( 'NONE',  ( -0.6705919300765834645, -0.7418264374610562539, 0.000000000000000000 ) ) ;
#6163 = CARTESIAN_POINT ( 'NONE',  ( -131.0961758762566660, -58.61254444350055337, -5.632703024270759862 ) ) ;
#6164 = CARTESIAN_POINT ( 'NONE',  ( -60.85105837458713296, -33.94339625573542207, 6.943778820984622513 ) ) ;
#6165 = ORIENTED_EDGE ( 'NONE', *, *, #1404, .T. ) ;
#6166 = EDGE_LOOP ( 'NONE', ( #349, #4492, #8063, #2946, #6185 ) ) ;
#6167 = DIRECTION ( 'NONE',  ( 0.7418264374610571421, -0.6705919300765827984, -6.758551201016282280E-17 ) ) ;
#6168 = AXIS2_PLACEMENT_3D ( 'NONE', #6153, #416, #6198 ) ;
#6169 = AXIS2_PLACEMENT_3D ( 'NONE', #4108, #2925, #4768 ) ;
#6170 = ORIENTED_EDGE ( 'NONE', *, *, #7036, .T. ) ;
#6171 = CARTESIAN_POINT ( 'NONE',  ( -128.4336130968335112, -57.47602229912853744, -11.69138428694403586 ) ) ;
#6172 = AXIS2_PLACEMENT_3D ( 'NONE', #1800, #1760, #3663 ) ;
#6173 = CARTESIAN_POINT ( 'NONE',  ( -49.48695027711436722, -21.00156578074426150, 2.530730372429849329 ) ) ;
#6174 =( GEOMETRIC_REPRESENTATION_CONTEXT ( 3 ) GLOBAL_UNCERTAINTY_ASSIGNED_CONTEXT ( ( #5519 ) ) GLOBAL_UNIT_ASSIGNED_CONTEXT ( ( #2060, #5690, #3338 ) ) REPRESENTATION_CONTEXT ( 'NONE', 'WORKASPACE' ) );
#6175 = EDGE_LOOP ( 'NONE', ( #3725, #7562 ) ) ;
#6176 = PLANE ( 'NONE',  #5496 ) ;
#6177 = VERTEX_POINT ( 'NONE', #2917 ) ;
#6178 = ADVANCED_FACE ( 'NONE', ( #4232, #5569, #3665, #496, #6740, #3041, #4269, #4186, #7432, #533, #5536 ), #1109, .T. ) ;
#6179 = EDGE_CURVE ( 'NONE', #2685, #5016, #8078, .T. ) ;
#6180 = ORIENTED_EDGE ( 'NONE', *, *, #3035, .T. ) ;
#6181 = CARTESIAN_POINT ( 'NONE',  ( -139.0360967065556110, -59.79328115805622446, -22.14999999999998437 ) ) ;
#6182 = COLOUR_RGB ( '',0.7921568627450980005, 0.8196078431372548767, 0.9333333333333333481 ) ;
#6183 = ORIENTED_EDGE ( 'NONE', *, *, #7475, .T. ) ;
#6184 = CARTESIAN_POINT ( 'NONE',  ( -59.90074948629963814, -31.54608471005126447, 4.228180795162776562 ) ) ;
#6185 = ORIENTED_EDGE ( 'NONE', *, *, #2836, .F. ) ;
#6186 = CARTESIAN_POINT ( 'NONE',  ( -130.0750587932908218, -41.27579791627756833, -3.757840389313484852 ) ) ;
#6187 = CARTESIAN_POINT ( 'NONE',  ( -110.7633923702704806, -50.70919066124952934, -14.65854409011134507 ) ) ;
#6188 = EDGE_CURVE ( 'NONE', #7717, #7368, #3000, .T. ) ;
#6189 = EDGE_CURVE ( 'NONE', #6356, #6475, #7391, .T. ) ;
#6190 = EDGE_CURVE ( 'NONE', #3731, #6748, #1841, .T. ) ;
#6191 = LINE ( 'NONE', #6471, #1415 ) ;
#6192 = CARTESIAN_POINT ( 'NONE',  ( -111.4006282360167148, -23.14334937659856806, 20.10000000000000853 ) ) ;
#6193 = CARTESIAN_POINT ( 'NONE',  ( -52.11389044728364439, -1.438476498961338557, -2.886758449385950165 ) ) ;
#6194 = CIRCLE ( 'NONE', #6326, 9.999999999999994671 ) ;
#6195 = CARTESIAN_POINT ( 'NONE',  ( -119.1864351983565626, -50.42665927199593767, -12.49999999999998934 ) ) ;
#6196 = DIRECTION ( 'NONE',  ( -0.6705919300765830204, -0.7418264374610566980, 1.522024630730408268E-16 ) ) ;
#6197 = CARTESIAN_POINT ( 'NONE',  ( -132.8983488167462781, -21.20310942861326708, 15.60000000000001386 ) ) ;
#6198 = DIRECTION ( 'NONE',  ( -0.6705919300765844637, -0.7418264374610555878, 0.000000000000000000 ) ) ;
#6199 = EDGE_CURVE ( 'NONE', #6246, #2938, #6323, .T. ) ;
#6200 = DIRECTION ( 'NONE',  ( 1.522024630730408022E-16, 6.758551201016278582E-17, 1.000000000000000000 ) ) ;
#6201 = ORIENTED_EDGE ( 'NONE', *, *, #2006, .F. ) ;
#6202 = LINE ( 'NONE', #578, #4861 ) ;
#6203 = CARTESIAN_POINT ( 'NONE',  ( -117.5150099535763673, -58.51186513123091970, 5.483183595888701412 ) ) ;
#6204 = CARTESIAN_POINT ( 'NONE',  ( -112.8482653014403070, -17.82591829661229355, 12.50000000000000888 ) ) ;
#6205 = CARTESIAN_POINT ( 'NONE',  ( -115.9068254887282450, -59.30798300588791250, -4.459276188111386041 ) ) ;
#6206 = ADVANCED_FACE ( 'NONE', ( #1920 ), #3818, .F. ) ;
#6207 = CARTESIAN_POINT ( 'NONE',  ( -146.3693304140514897, -45.20689307072416341, -2.557264017704421910 ) ) ;
#6208 = ORIENTED_EDGE ( 'NONE', *, *, #3079, .T. ) ;
#6209 = EDGE_LOOP ( 'NONE', ( #5132, #5506, #3472, #5311 ) ) ;
#6210 = CARTESIAN_POINT ( 'NONE',  ( -124.7312348064365466, -57.02127628716970520, -7.147715810437059503 ) ) ;
#6211 = B_SPLINE_CURVE_WITH_KNOTS ( 'NONE', 3,
 ( #7649, #2015, #1397, #3909 ),
 .UNSPECIFIED., .F., .F.,
 ( 4, 4 ),
 ( 0.001111230971889134002, 0.001162029809042600895 ),
 .UNSPECIFIED. ) ;
#6212 = ORIENTED_EDGE ( 'NONE', *, *, #2009, .T. ) ;
#6213 = DIRECTION ( 'NONE',  ( -0.6179170540718578186, -0.2743861014865218162, 0.7368112252118482752 ) ) ;
#6214 = CIRCLE ( 'NONE', #575, 1.050000000000000044 ) ;
#6215 = CARTESIAN_POINT ( 'NONE',  ( -44.22349924504007390, -19.84722188791038633, -2.188504495758317070 ) ) ;
#6216 = EDGE_LOOP ( 'NONE', ( #6225, #1392, #778, #7421 ) ) ;
#6217 = CARTESIAN_POINT ( 'NONE',  ( -86.40586874199431122, -38.31762459702910206, 12.50000000000000711 ) ) ;
#6218 = ORIENTED_EDGE ( 'NONE', *, *, #3994, .F. ) ;
#6219 = EDGE_CURVE ( 'NONE', #5751, #3967, #6898, .T. ) ;
#6220 = ORIENTED_EDGE ( 'NONE', *, *, #7982, .T. ) ;
#6221 = CARTESIAN_POINT ( 'NONE',  ( -61.07694209089648041, -27.52049987079293203, -10.46107186641803821 ) ) ;
#6222 = EDGE_LOOP ( 'NONE', ( #3565, #6848, #577, #3520 ) ) ;
#6223 = AXIS2_PLACEMENT_3D ( 'NONE', #7836, #2215, #366 ) ;
#6224 = CARTESIAN_POINT ( 'NONE',  ( -142.2756495886943924, -61.52645204692628056, -13.32978784008836115 ) ) ;
#6225 = ORIENTED_EDGE ( 'NONE', *, *, #4350, .F. ) ;
#6226 = DIRECTION ( 'NONE',  ( -1.626845963769450485E-16, -7.918112367363621246E-17, -1.000000000000000000 ) ) ;
#6227 = DIRECTION ( 'NONE',  ( -1.522024630730408022E-16, -6.758551201016278582E-17, -1.000000000000000000 ) ) ;
#6228 = CIRCLE ( 'NONE', #2686, 1.574999999999997735 ) ;
#6229 = CARTESIAN_POINT ( 'NONE',  ( -139.1395943650921083, -61.88740645690493380, -19.88224448106399933 ) ) ;
#6230 = CARTESIAN_POINT ( 'NONE',  ( -77.08880895307909498, -34.47339361895294019, 10.10000000000000675 ) ) ;
#6231 = DIRECTION ( 'NONE',  ( 0.4058374489394843687, -0.9139452746408240902, -1.232595164407830946E-32 ) ) ;
#6232 = CARTESIAN_POINT ( 'NONE',  ( -127.5138036067329779, -48.91326051107275674, 12.28428879822495823 ) ) ;
#6233 = CARTESIAN_POINT ( 'NONE',  ( -89.50961297396496263, -47.55598454486987237, 18.10000000000000497 ) ) ;
#6234 = EDGE_CURVE ( 'NONE', #4682, #4570, #3199, .T. ) ;
#6235 = CARTESIAN_POINT ( 'NONE',  ( -140.4485822191668944, -58.24895877684467393, -9.002616602403886503 ) ) ;
#6236 = AXIS2_PLACEMENT_3D ( 'NONE', #3971, #5319, #4664 ) ;
#6237 = CARTESIAN_POINT ( 'NONE',  ( -71.73676807672211453, -32.25399617988702516, -14.69999999999999751 ) ) ;
#6238 = ORIENTED_EDGE ( 'NONE', *, *, #2160, .F. ) ;
#6239 = DIRECTION ( 'NONE',  ( -1.522024630730408022E-16, -6.758551201016278582E-17, -1.000000000000000000 ) ) ;
#6240 = CARTESIAN_POINT ( 'NONE',  ( -120.4970048726192573, -57.55426742889820702, 2.862352749023013398 ) ) ;
#6241 = AXIS2_PLACEMENT_3D ( 'NONE', #1262, #3157, #1955 ) ;
#6242 = CARTESIAN_POINT ( 'NONE',  ( -113.8304676623177585, 4.173179491549515590E-16, 12.50000000000000888 ) ) ;
#6243 = B_SPLINE_CURVE_WITH_KNOTS ( 'NONE', 3,
 ( #1542, #4050, #6437, #276 ),
 .UNSPECIFIED., .F., .F.,
 ( 4, 4 ),
 ( 0.000000000000000000, 1.000000000000000000 ),
 .UNSPECIFIED. ) ;
#6244 = DIRECTION ( 'NONE',  ( 1.522024630730408022E-16, 6.758551201016278582E-17, 1.000000000000000000 ) ) ;
#6245 = CARTESIAN_POINT ( 'NONE',  ( -145.6621144241783554, -44.90298170105637610, -1.788138067311752399 ) ) ;
#6246 = VERTEX_POINT ( 'NONE', #45 ) ;
#6247 = DIRECTION ( 'NONE',  ( -0.4058374489394843132, 0.9139452746408240902, 0.000000000000000000 ) ) ;
#6248 = ORIENTED_EDGE ( 'NONE', *, *, #2596, .T. ) ;
#6249 = CARTESIAN_POINT ( 'NONE',  ( -129.5003184127618852, -47.83765562346009403, -4.923186939960158881 ) ) ;
#6250 = ADVANCED_FACE ( 'NONE', ( #1378 ), #5698, .F. ) ;
#6251 = AXIS2_PLACEMENT_3D ( 'NONE', #5262, #1571, #4080 ) ;
#6252 = VERTEX_POINT ( 'NONE', #6397 ) ;
#6253 = CARTESIAN_POINT ( 'NONE',  ( -82.50917444966155756, -35.39624769211440025, -37.50000000000001421 ) ) ;
#6254 = CARTESIAN_POINT ( 'NONE',  ( -53.61574513962272448, -24.20735495855514685, -12.54557389799451350 ) ) ;
#6255 = ORIENTED_EDGE ( 'NONE', *, *, #7413, .F. ) ;
#6256 = DIRECTION ( 'NONE',  ( -1.522024630730408022E-16, -6.758551201016278582E-17, -1.000000000000000000 ) ) ;
#6257 = CARTESIAN_POINT ( 'NONE',  ( -149.3354524975736126, -45.62778738370467124, -2.786075478426641272 ) ) ;
#6258 = EDGE_LOOP ( 'NONE', ( #7065, #712, #1246, #748, #2231, #6590, #4774 ) ) ;
#6259 = VECTOR ( 'NONE', #3981, 1000.000000000000000 ) ;
#6260 = AXIS2_PLACEMENT_3D ( 'NONE', #2739, #1541, #844 ) ;
#6261 = VERTEX_POINT ( 'NONE', #4385 ) ;
#6262 = CARTESIAN_POINT ( 'NONE',  ( -138.9136605899454935, -61.70601793140248503, -20.86793027638969633 ) ) ;
#6263 = VECTOR ( 'NONE', #2194, 1000.000000000000000 ) ;
#6264 = VERTEX_POINT ( 'NONE', #2503 ) ;
#6265 = B_SPLINE_CURVE_WITH_KNOTS ( 'NONE', 3,
 ( #1978, #7687, #3256, #3137 ),
 .UNSPECIFIED., .F., .F.,
 ( 4, 4 ),
 ( 2.844613339509715782E-07, 0.003016299448816130158 ),
 .UNSPECIFIED. ) ;
#6266 = FACE_OUTER_BOUND ( 'NONE', #7886, .T. ) ;
#6267 = VERTEX_POINT ( 'NONE', #7052 ) ;
#6268 = DIRECTION ( 'NONE',  ( -1.522024630730408022E-16, -6.758551201016278582E-17, -1.000000000000000000 ) ) ;
#6269 = EDGE_CURVE ( 'NONE', #518, #5480, #7311, .T. ) ;
#6270 = B_SPLINE_CURVE_WITH_KNOTS ( 'NONE', 3,
 ( #2051, #3294, #5790, #3833 ),
 .UNSPECIFIED., .F., .F.,
 ( 4, 4 ),
 ( 0.000000000000000000, 1.000000000000000000 ),
 .UNSPECIFIED. ) ;
#6271 = CARTESIAN_POINT ( 'NONE',  ( -51.71093017197518549, -2.025657795820784646, -2.756756505699317294 ) ) ;
#6272 = CARTESIAN_POINT ( 'NONE',  ( -44.62940268341840522, -17.77328411993175905, -22.15000000000000213 ) ) ;
#6273 = CARTESIAN_POINT ( 'NONE',  ( -61.26918330391352185, -5.402758751022246564, 7.538000285434997672 ) ) ;
#6274 = CARTESIAN_POINT ( 'NONE',  ( -124.9696967400206233, -57.16718655198778976, -3.699999999999993516 ) ) ;
#6275 = DIRECTION ( 'NONE',  ( 1.522024630730408022E-16, 6.758551201016278582E-17, 1.000000000000000000 ) ) ;
#6276 = DIRECTION ( 'NONE',  ( 0.9139452746408237571, 0.4058374489394852569, -1.665334536937734318E-16 ) ) ;
#6277 = AXIS2_PLACEMENT_3D ( 'NONE', #5981, #2911, #360 ) ;
#6278 = EDGE_CURVE ( 'NONE', #7677, #6356, #767, .T. ) ;
#6279 = EDGE_CURVE ( 'NONE', #5423, #7993, #7508, .T. ) ;
#6280 = EDGE_CURVE ( 'NONE', #4162, #628, #7803, .T. ) ;
#6281 = VERTEX_POINT ( 'NONE', #5085 ) ;
#6282 = CARTESIAN_POINT ( 'NONE',  ( -97.61980985088182194, -26.56909085815083316, -12.49999999999999289 ) ) ;
#6283 = CARTESIAN_POINT ( 'NONE',  ( -135.5912682706725150, -60.56340321661671311, -20.04512421095767749 ) ) ;
#6284 = CARTESIAN_POINT ( 'NONE',  ( -127.8970215579965100, -35.08997999265242385, -11.08603859902971145 ) ) ;
#6285 = FACE_OUTER_BOUND ( 'NONE', #3013, .T. ) ;
#6286 = DIRECTION ( 'NONE',  ( 0.7444334620662313995, 0.03387422295043682891, 0.6668368297984065274 ) ) ;
#6287 = ORIENTED_EDGE ( 'NONE', *, *, #3876, .F. ) ;
#6288 = LINE ( 'NONE', #5015, #3186 ) ;
#6289 = ORIENTED_EDGE ( 'NONE', *, *, #3034, .T. ) ;
#6290 = CARTESIAN_POINT ( 'NONE',  ( -45.88375635984606760, -19.87656312222967614, -14.70000000000000107 ) ) ;
#6291 = EDGE_CURVE ( 'NONE', #6252, #204, #4503, .T. ) ;
#6292 = VECTOR ( 'NONE', #6548, 1000.000000000000227 ) ;
#6293 = VECTOR ( 'NONE', #1455, 1000.000000000000000 ) ;
#6294 = EDGE_LOOP ( 'NONE', ( #1488, #2442, #1112 ) ) ;
#6295 = CARTESIAN_POINT ( 'NONE',  ( -59.01669660870155099, -29.90384173623211339, 2.211763262650875195 ) ) ;
#6296 = DIRECTION ( 'NONE',  ( 0.4058374489394843687, -0.9139452746408239792, 0.000000000000000000 ) ) ;
#6297 = ORIENTED_EDGE ( 'NONE', *, *, #2731, .T. ) ;
#6298 = CARTESIAN_POINT ( 'NONE',  ( -122.7670072287536982, -54.38758226294046949, -12.49999999999998934 ) ) ;
#6299 = CARTESIAN_POINT ( 'NONE',  ( -148.5487271522025878, -47.39949158133585883, -2.420152625384521361 ) ) ;
#6300 = CARTESIAN_POINT ( 'NONE',  ( -96.51567498642246790, -48.46157555498422909, 20.10000000000000853 ) ) ;
#6301 = AXIS2_PLACEMENT_3D ( 'NONE', #1690, #3630, #2967 ) ;
#6302 = ORIENTED_EDGE ( 'NONE', *, *, #3044, .T. ) ;
#6303 = AXIS2_PLACEMENT_3D ( 'NONE', #7149, #5382, #6494 ) ;
#6304 = AXIS2_PLACEMENT_3D ( 'NONE', #2267, #4769, #5000 ) ;
#6305 = ADVANCED_FACE ( 'NONE', ( #7587 ), #4428, .T. ) ;
#6306 = ORIENTED_EDGE ( 'NONE', *, *, #4129, .F. ) ;
#6307 = CARTESIAN_POINT ( 'NONE',  ( -138.9793564499623528, -61.55780003648193599, -21.18773461657473334 ) ) ;
#6308 = ORIENTED_EDGE ( 'NONE', *, *, #751, .F. ) ;
#6309 = CARTESIAN_POINT ( 'NONE',  ( -40.97036075945300837, -4.620642926227700897, -11.32278134548557524 ) ) ;
#6310 = CIRCLE ( 'NONE', #7483, 1.499999999999742428 ) ;
#6311 = ORIENTED_EDGE ( 'NONE', *, *, #7054, .T. ) ;
#6312 = CARTESIAN_POINT ( 'NONE',  ( -128.5499319868668238, -35.37990490412248334, -10.37867965644032608 ) ) ;
#6313 = ADVANCED_FACE ( 'NONE', ( #1420 ), #7010, .F. ) ;
#6314 = SURFACE_STYLE_USAGE ( .BOTH. , #2104 ) ;
#6315 = VECTOR ( 'NONE', #3775, 1000.000000000000000 ) ;
#6316 = CARTESIAN_POINT ( 'NONE',  ( -48.84294689279355595, -8.284389416617052859, -2.675592887094654593 ) ) ;
#6317 =( BOUNDED_CURVE ( )  B_SPLINE_CURVE ( 3, ( #6394, #2032, #2120, #803 ),
 .UNSPECIFIED., .F., .F. ) 
 B_SPLINE_CURVE_WITH_KNOTS ( ( 4, 4 ),
 ( 0.000000000000000000, 3.141592653589793116 ),
 .UNSPECIFIED. ) 
 CURVE ( )  GEOMETRIC_REPRESENTATION_ITEM ( )  RATIONAL_B_SPLINE_CURVE ( ( 1.000000000000000000, 0.3333333333333333703, 0.3333333333333333703, 1.000000000000000000 ) ) 
 REPRESENTATION_ITEM ( '' )  );
#6318 = CYLINDRICAL_SURFACE ( 'NONE', #4085, 1.574999999999997735 ) ;
#6319 = DIRECTION ( 'NONE',  ( -1.522024630730408022E-16, -6.758551201016278582E-17, -1.000000000000000000 ) ) ;
#6320 = CARTESIAN_POINT ( 'NONE',  ( -48.60452842241134874, -1.429185263138514017, -2.675592887099892625 ) ) ;
#6321 = VERTEX_POINT ( 'NONE', #5654 ) ;
#6322 = CARTESIAN_POINT ( 'NONE',  ( -137.3549128820925773, -60.28773950188196551, -21.86914278315575899 ) ) ;
#6323 = LINE ( 'NONE', #8119, #2337 ) ;
#6324 = CARTESIAN_POINT ( 'NONE',  ( -141.8604820259723738, -55.06928656179297832, -5.161296285869642730 ) ) ;
#6325 = DIRECTION ( 'NONE',  ( -1.522024630730408022E-16, -6.758551201016278582E-17, -1.000000000000000000 ) ) ;
#6326 = AXIS2_PLACEMENT_3D ( 'NONE', #245, #4147, #373 ) ;
#6327 = DIRECTION ( 'NONE',  ( 0.9139452746408197603, 0.4058374489394943607, 5.448492224719845895E-14 ) ) ;
#6328 = DIRECTION ( 'NONE',  ( 0.9139452746408242012, 0.4058374489394840912, -2.775557561562889872E-16 ) ) ;
#6329 = DIRECTION ( 'NONE',  ( -0.9400287392378580131, -0.3410952497571360653, 4.409363648171060364E-14 ) ) ;
#6330 = CARTESIAN_POINT ( 'NONE',  ( -101.2046617022203776, -43.69797982398730340, -12.50000000000000888 ) ) ;
#6331 = ORIENTED_EDGE ( 'NONE', *, *, #1001, .F. ) ;
#6332 = CARTESIAN_POINT ( 'NONE',  ( -106.2416252207046483, -22.96988349774547800, 14.50000000000001066 ) ) ;
#6333 = EDGE_LOOP ( 'NONE', ( #2053, #6289, #5130 ) ) ;
#6334 = CARTESIAN_POINT ( 'NONE',  ( -131.0206914125318463, -19.12599540372231033, 22.50000000000001421 ) ) ;
#6335 = AXIS2_PLACEMENT_3D ( 'NONE', #3119, #1073, #6079 ) ;
#6336 = CIRCLE ( 'NONE', #3842, 14.99999999999999645 ) ;
#6337 = B_SPLINE_CURVE_WITH_KNOTS ( 'NONE', 3,
 ( #4650, #6051, #2106, #4159 ),
 .UNSPECIFIED., .F., .F.,
 ( 4, 4 ),
 ( 0.001417128028334388359, 0.001691486151671881726 ),
 .UNSPECIFIED. ) ;
#6338 = VERTEX_POINT ( 'NONE', #2544 ) ;
#6339 = DIRECTION ( 'NONE',  ( -1.522024630730408022E-16, -6.758551201016278582E-17, -1.000000000000000000 ) ) ;
#6340 = CARTESIAN_POINT ( 'NONE',  ( -89.50961297396496263, -47.55598454486987237, 20.10000000000000853 ) ) ;
#6341 = VERTEX_POINT ( 'NONE', #6358 ) ;
#6342 = FACE_BOUND ( 'NONE', #5686, .T. ) ;
#6343 = CARTESIAN_POINT ( 'NONE',  ( -121.4962024187516363, -44.73273250692191993, 12.50000000000001243 ) ) ;
#6344 = CARTESIAN_POINT ( 'NONE',  ( -128.6886435148829548, -49.66554617274179151, 1.099228855159487095 ) ) ;
#6345 = VERTEX_POINT ( 'NONE', #5041 ) ;
#6346 = ADVANCED_FACE ( 'NONE', ( #6936 ), #4467, .F. ) ;
#6347 = CARTESIAN_POINT ( 'NONE',  ( -44.31759192531715996, -18.47548074341142055, -14.47441191704701069 ) ) ;
#6348 = ORIENTED_EDGE ( 'NONE', *, *, #7790, .T. ) ;
#6349 = LINE ( 'NONE', #3225, #7600 ) ;
#6350 = ORIENTED_EDGE ( 'NONE', *, *, #5826, .F. ) ;
#6351 = DIRECTION ( 'NONE',  ( -1.522024630730408022E-16, -6.758551201016278582E-17, -1.000000000000000000 ) ) ;
#6352 = EDGE_CURVE ( 'NONE', #7605, #71, #1146, .T. ) ;
#6353 = DIRECTION ( 'NONE',  ( 1.522024630730408022E-16, 6.758551201016278582E-17, 1.000000000000000000 ) ) ;
#6354 = CARTESIAN_POINT ( 'NONE',  ( -129.3508263196537484, -69.79010391230676191, -7.672778918891222766 ) ) ;
#6355 = CARTESIAN_POINT ( 'NONE',  ( -135.6786858375134273, -60.36653899833514458, -21.09685713910385729 ) ) ;
#6356 = VERTEX_POINT ( 'NONE', #6478 ) ;
#6357 = CARTESIAN_POINT ( 'NONE',  ( -139.1690422690544438, -41.72584056314058643, 5.373182724161454260 ) ) ;
#6358 = CARTESIAN_POINT ( 'NONE',  ( -128.5499319868668238, -35.37990490412245492, 12.50000000000001243 ) ) ;
#6359 = EDGE_CURVE ( 'NONE', #7778, #8110, #4706, .T. ) ;
#6360 = CARTESIAN_POINT ( 'NONE',  ( -57.24668841338084491, -9.140960398017726973, -10.89999999999999858 ) ) ;
#6361 = AXIS2_PLACEMENT_3D ( 'NONE', #1148, #1761, #6818 ) ;
#6362 = CARTESIAN_POINT ( 'NONE',  ( -125.8002466201808005, -57.18421634776471052, -5.818812750503745690 ) ) ;
#6363 = CARTESIAN_POINT ( 'NONE',  ( -66.07537800840042053, -29.74005561196609193, -14.70000000000007745 ) ) ;
#6364 = CARTESIAN_POINT ( 'NONE',  ( -121.4193817141671019, -54.31556346923123613, -10.46107186641801157 ) ) ;
#6365 = CARTESIAN_POINT ( 'NONE',  ( -114.2262124156449801, 0.9723378149711775498, 20.10000000000000853 ) ) ;
#6366 = CARTESIAN_POINT ( 'NONE',  ( -97.61980985088180773, -26.56909085815083316, 6.000000000000039968 ) ) ;
#6367 = ORIENTED_EDGE ( 'NONE', *, *, #4736, .T. ) ;
#6368 = CARTESIAN_POINT ( 'NONE',  ( -87.74221200772909413, -38.96193401680242374, -14.69999999999999396 ) ) ;
#6369 = ORIENTED_EDGE ( 'NONE', *, *, #1909, .T. ) ;
#6370 = DIRECTION ( 'NONE',  ( -0.4058374489394842577, 0.9139452746408240902, -1.232595164407830946E-32 ) ) ;
#6371 = ORIENTED_EDGE ( 'NONE', *, *, #3621, .T. ) ;
#6372 = LINE ( 'NONE', #1544, #5151 ) ;
#6373 = DIRECTION ( 'NONE',  ( -1.522024630730408022E-16, -6.758551201016278582E-17, -1.000000000000000000 ) ) ;
#6374 = EDGE_CURVE ( 'NONE', #6417, #4657, #7698, .T. ) ;
#6375 = ORIENTED_EDGE ( 'NONE', *, *, #1823, .F. ) ;
#6376 = FACE_OUTER_BOUND ( 'NONE', #213, .T. ) ;
#6377 = CYLINDRICAL_SURFACE ( 'NONE', #3644, 1.050000000000006928 ) ;
#6378 = DIRECTION ( 'NONE',  ( 0.8718344350502164053, 0.3871381283276801866, -0.3000479752566422298 ) ) ;
#6379 = ORIENTED_EDGE ( 'NONE', *, *, #5814, .T. ) ;
#6380 = AXIS2_PLACEMENT_3D ( 'NONE', #637, #3025, #3689 ) ;
#6381 = EDGE_CURVE ( 'NONE', #5111, #5120, #6658, .T. ) ;
#6382 = EDGE_CURVE ( 'NONE', #6321, #2944, #4427, .T. ) ;
#6383 = VECTOR ( 'NONE', #7650, 1000.000000000000000 ) ;
#6384 = ADVANCED_FACE ( 'NONE', ( #3354 ), #3970, .F. ) ;
#6385 = LINE ( 'NONE', #4451, #7165 ) ;
#6386 = EDGE_LOOP ( 'NONE', ( #2846, #6843, #2412, #3429 ) ) ;
#6387 = CARTESIAN_POINT ( 'NONE',  ( -37.02913622850608277, -16.84207036896093967, -12.68076278181787409 ) ) ;
#6388 = ORIENTED_EDGE ( 'NONE', *, *, #4721, .F. ) ;
#6389 = CARTESIAN_POINT ( 'NONE',  ( -120.7889152570889024, -33.52891950105336605, 12.50000000000001243 ) ) ;
#6390 = CIRCLE ( 'NONE', #3768, 2.100000000000001865 ) ;
#6391 = CARTESIAN_POINT ( 'NONE',  ( -146.8068127070067419, -44.25385823903171456, -2.969009626124628376 ) ) ;
#6392 = DIRECTION ( 'NONE',  ( -0.6705919300765903479, -0.7418264374610501477, 0.000000000000000000 ) ) ;
#6393 = LINE ( 'NONE', #763, #394 ) ;
#6394 = CARTESIAN_POINT ( 'NONE',  ( -133.2379508649930813, -41.08516277266078731, 5.500000000000013323 ) ) ;
#6395 = ORIENTED_EDGE ( 'NONE', *, *, #2270, .F. ) ;
#6396 = CARTESIAN_POINT ( 'NONE',  ( -140.0343436419208274, -38.39110316025950453, 5.203438196986707176 ) ) ;
#6397 = CARTESIAN_POINT ( 'NONE',  ( -126.4761761315237862, -48.14816296473957635, 11.47554723144407696 ) ) ;
#6398 = CARTESIAN_POINT ( 'NONE',  ( -141.5886469779547383, -55.68145864760406027, -5.698337389933930019 ) ) ;
#6399 = CARTESIAN_POINT ( 'NONE',  ( -136.7260674485231959, -47.22741588380802114, 5.373182724164317747 ) ) ;
#6400 = CARTESIAN_POINT ( 'NONE',  ( -66.65745945068724154, -35.88780936098645213, -13.02919951373264951 ) ) ;
#6401 = CARTESIAN_POINT ( 'NONE',  ( -111.8455539374528911, -56.82781684597704697, -12.25488669283725862 ) ) ;
#6402 = CARTESIAN_POINT ( 'NONE',  ( -109.1457903838686292, -13.40088016902494061, 12.50000000000000888 ) ) ;
#6403 = PLANE ( 'NONE',  #4649 ) ;
#6404 = AXIS2_PLACEMENT_3D ( 'NONE', #1323, #3790, #711 ) ;
#6405 = LINE ( 'NONE', #4167, #6988 ) ;
#6406 = CARTESIAN_POINT ( 'NONE',  ( -135.9073659119672470, -59.85155184276898410, -14.70000000000003126 ) ) ;
#6407 = ORIENTED_EDGE ( 'NONE', *, *, #2426, .T. ) ;
#6408 = DIRECTION ( 'NONE',  ( 1.522024630730408022E-16, 6.758551201016278582E-17, 1.000000000000000000 ) ) ;
#6409 = EDGE_CURVE ( 'NONE', #2328, #7666, #3604, .T. ) ;
#6410 = B_SPLINE_CURVE_WITH_KNOTS ( 'NONE', 3,
 ( #4473, #6284, #661, #3050 ),
 .UNSPECIFIED., .F., .F.,
 ( 4, 4 ),
 ( 2.842512264947081846E-07, 0.003016299238708679189 ),
 .UNSPECIFIED. ) ;
#6411 = EDGE_LOOP ( 'NONE', ( #5400, #7723, #8067, #1522 ) ) ;
#6412 = CARTESIAN_POINT ( 'NONE',  ( -47.12304555070311807, -20.78174696138179200, -21.42914320882808354 ) ) ;
#6413 = ORIENTED_EDGE ( 'NONE', *, *, #8009, .F. ) ;
#6414 = CARTESIAN_POINT ( 'NONE',  ( -106.9146502185184033, 4.219037406487026409, 12.50000000000000711 ) ) ;
#6415 = CARTESIAN_POINT ( 'NONE',  ( -149.5267844486257900, -45.19690814126673928, -2.927881913500069544 ) ) ;
#6416 = CARTESIAN_POINT ( 'NONE',  ( -49.97531953488942946, -5.734288069192096771, -2.397531466759293295 ) ) ;
#6417 = VERTEX_POINT ( 'NONE', #3929 ) ;
#6418 = CARTESIAN_POINT ( 'NONE',  ( -46.27663608851557342, -14.06281989017239553, -6.336757044692806318 ) ) ;
#6419 = CIRCLE ( 'NONE', #2890, 2.099999999999996536 ) ;
#6420 = ORIENTED_EDGE ( 'NONE', *, *, #7913, .T. ) ;
#6421 = ORIENTED_EDGE ( 'NONE', *, *, #2009, .F. ) ;
#6422 = LINE ( 'NONE', #1333, #4711 ) ;
#6423 = CARTESIAN_POINT ( 'NONE',  ( -127.5193151183234619, -57.32465053515708320, -8.900949471395524171 ) ) ;
#6424 = AXIS2_PLACEMENT_3D ( 'NONE', #5038, #8116, #608 ) ;
#6425 = ADVANCED_FACE ( 'NONE', ( #4093 ), #3399, .F. ) ;
#6426 = EDGE_LOOP ( 'NONE', ( #5183, #2863, #656, #1604, #7856, #6091, #597, #6201, #5179, #6020, #4449, #4661, #4723, #4898, #5290 ) ) ;
#6427 = CARTESIAN_POINT ( 'NONE',  ( -146.7804295500012870, -43.46514557974613524, -2.888455301525882479 ) ) ;
#6428 = VECTOR ( 'NONE', #5368, 1000.000000000000227 ) ;
#6429 = CARTESIAN_POINT ( 'NONE',  ( -113.8304676623177585, 2.742666189187668658E-16, 20.09999999999999076 ) ) ;
#6430 = CARTESIAN_POINT ( 'NONE',  ( -125.7417351127351708, -65.86348999124000159, -3.183803752492255779 ) ) ;
#6431 = PRESENTATION_LAYER_ASSIGNMENT (  '', '', ( #4339 ) ) ;
#6432 = ORIENTED_EDGE ( 'NONE', *, *, #7051, .T. ) ;
#6433 = CARTESIAN_POINT ( 'NONE',  ( -123.1114815716427842, -56.81946531244324206, 10.35651828149665654 ) ) ;
#6434 = EDGE_CURVE ( 'NONE', #5575, #6139, #3382, .T. ) ;
#6435 = EDGE_CURVE ( 'NONE', #1452, #2880, #6134, .T. ) ;
#6436 = CARTESIAN_POINT ( 'NONE',  ( -41.27517877328570250, -17.93486874679263465, -21.47740918924559139 ) ) ;
#6437 = CARTESIAN_POINT ( 'NONE',  ( -51.05908776495418522, -3.293643778570705116, -2.514435035632789806 ) ) ;
#6438 = EDGE_CURVE ( 'NONE', #1266, #2617, #2721, .T. ) ;
#6439 = DIRECTION ( 'NONE',  ( -0.4058374489394840912, 0.9139452746408242012, -2.465190328815661892E-32 ) ) ;
#6440 = CARTESIAN_POINT ( 'NONE',  ( -65.10338487995998946, -31.57346600503588263, -12.87486597965456170 ) ) ;
#6441 = CARTESIAN_POINT ( 'NONE',  ( -114.2453004001260979, -59.07951214586349664, -8.257916789557913972 ) ) ;
#6442 = CYLINDRICAL_SURFACE ( 'NONE', #4864, 1.049999999999995604 ) ;
#6443 = CARTESIAN_POINT ( 'NONE',  ( -41.07529165095434109, -18.38501422103038507, -19.90226640499236410 ) ) ;
#6444 = ORIENTED_EDGE ( 'NONE', *, *, #7831, .F. ) ;
#6445 = LINE ( 'NONE', #7269, #5114 ) ;
#6446 = ORIENTED_EDGE ( 'NONE', *, *, #4793, .T. ) ;
#6447 = FACE_OUTER_BOUND ( 'NONE', #7082, .T. ) ;
#6448 = ADVANCED_FACE ( 'NONE', ( #4007 ), #193, .F. ) ;
#6449 = CIRCLE ( 'NONE', #689, 2.099999999999982769 ) ;
#6450 = ORIENTED_EDGE ( 'NONE', *, *, #8022, .T. ) ;
#6451 = LINE ( 'NONE', #782, #1032 ) ;
#6452 = EDGE_CURVE ( 'NONE', #6964, #502, #2824, .T. ) ;
#6453 = CARTESIAN_POINT ( 'NONE',  ( -46.37942304120421255, -18.76032256235043860, -22.15000000000000213 ) ) ;
#6454 = ORIENTED_EDGE ( 'NONE', *, *, #2101, .F. ) ;
#6455 = CARTESIAN_POINT ( 'NONE',  ( -42.35174304945718404, -15.51044774861914988, -10.16694649595448396 ) ) ;
#6456 = CARTESIAN_POINT ( 'NONE',  ( -60.86954911333407381, -19.10796924526592377, 12.10000000000030340 ) ) ;
#6457 = CARTESIAN_POINT ( 'NONE',  ( -137.7795549388549716, -39.96509413962388635, 7.265602060074502155 ) ) ;
#6458 = ORIENTED_EDGE ( 'NONE', *, *, #2350, .F. ) ;
#6459 = VECTOR ( 'NONE', #2057, 1000.000000000000114 ) ;
#6460 = EDGE_CURVE ( 'NONE', #1733, #1283, #5235, .T. ) ;
#6461 = B_SPLINE_CURVE_WITH_KNOTS ( 'NONE', 3,
 ( #2404, #4865, #4250, #2978 ),
 .UNSPECIFIED., .F., .F.,
 ( 4, 4 ),
 ( 0.000000000000000000, 1.000000000000000000 ),
 .UNSPECIFIED. ) ;
#6462 = PRESENTATION_STYLE_ASSIGNMENT (( #6314 ) ) ;
#6463 = CARTESIAN_POINT ( 'NONE',  ( -43.94637078499238214, -19.30951950771627423, -17.83656227884669576 ) ) ;
#6464 = B_SPLINE_SURFACE_WITH_KNOTS ( 'NONE', 3, 1, ( 
 ( #6242, #4313 ),
 ( #6943, #6827 ),
 ( #6204, #3711 ),
 ( #580, #51 ) ),
 .UNSPECIFIED., .F., .F., .F.,
 ( 4, 4 ),
 ( 2, 2 ),
 ( 0.000000000000000000, 0.8985083637399242651 ),
 ( 0.000000000000000000, 1.000000000000000000 ),
 .UNSPECIFIED. ) ;
#6465 = VERTEX_POINT ( 'NONE', #5362 ) ;
#6466 = ORIENTED_EDGE ( 'NONE', *, *, #6190, .F. ) ;
#6467 = CARTESIAN_POINT ( 'NONE',  ( -42.31732845289621281, -19.19029241397035079, -6.916224157239543757 ) ) ;
#6468 = CARTESIAN_POINT ( 'NONE',  ( -132.7789784893887202, -58.07562012883524005, -8.220247365217881352 ) ) ;
#6469 = ADVANCED_FACE ( 'NONE', ( #7869 ), #808, .F. ) ;
#6470 = ORIENTED_EDGE ( 'NONE', *, *, #6438, .F. ) ;
#6471 = CARTESIAN_POINT ( 'NONE',  ( -71.95553968771336883, -33.17175978759917854, -21.35000000000000142 ) ) ;
#6472 = CIRCLE ( 'NONE', #7524, 1.500000000000584643 ) ;
#6473 = DIRECTION ( 'NONE',  ( -0.6705919300765836866, -0.7418264374610560319, 0.000000000000000000 ) ) ;
#6474 = DIRECTION ( 'NONE',  ( -0.9139452746408243122, -0.4058374489394839246, 1.665334536937734071E-16 ) ) ;
#6475 = VERTEX_POINT ( 'NONE', #2697 ) ;
#6476 = CARTESIAN_POINT ( 'NONE',  ( -122.1497109439269053, -51.09931954966894097, 14.92236236443095443 ) ) ;
#6477 = EDGE_CURVE ( 'NONE', #5251, #1615, #2078, .T. ) ;
#6478 = CARTESIAN_POINT ( 'NONE',  ( -74.36784475735107947, -35.32124610940520171, 20.10000000000000853 ) ) ;
#6479 = DIRECTION ( 'NONE',  ( 1.911661665052938564E-15, 8.792424352890520663E-16, 1.000000000000000000 ) ) ;
#6480 = ADVANCED_FACE ( 'NONE', ( #1671 ), #2454, .F. ) ;
#6481 = CARTESIAN_POINT ( 'NONE',  ( -97.61980985088182194, -26.56909085815083316, -12.49999999999999289 ) ) ;
#6482 = CARTESIAN_POINT ( 'NONE',  ( -61.27702090099940335, -27.93420845382022577, -10.50891412697844096 ) ) ;
#6483 = EDGE_CURVE ( 'NONE', #179, #16, #7599, .T. ) ;
#6484 = CARTESIAN_POINT ( 'NONE',  ( -128.4923645959946725, -57.45632190280557694, -14.69999999999998685 ) ) ;
#6485 = AXIS2_PLACEMENT_3D ( 'NONE', #1884, #3975, #7014 ) ;
#6486 = CARTESIAN_POINT ( 'NONE',  ( -41.07529165095434109, -18.38501422103038507, -19.90226640499236410 ) ) ;
#6487 = CARTESIAN_POINT ( 'NONE',  ( -55.48649851292643120, -25.62532447890599840, -7.722759081412054805 ) ) ;
#6488 = CARTESIAN_POINT ( 'NONE',  ( -132.6626857227505241, -37.20617342435014052, 5.500000000000013323 ) ) ;
#6489 = CARTESIAN_POINT ( 'NONE',  ( -44.13380603645845923, -11.49724480162771378, -5.033644385470622318 ) ) ;
#6490 = ORIENTED_EDGE ( 'NONE', *, *, #3576, .T. ) ;
#6491 = CARTESIAN_POINT ( 'NONE',  ( -92.13949305319580674, -29.05926425758255505, -14.69999999999999396 ) ) ;
#6492 = CARTESIAN_POINT ( 'NONE',  ( -56.49227249204469814, -8.306405655874041116, -25.68553390593274344 ) ) ;
#6493 = ORIENTED_EDGE ( 'NONE', *, *, #3395, .F. ) ;
#6494 = DIRECTION ( 'NONE',  ( -1.000000000000000000, 0.000000000000000000, 1.577021341797097807E-16 ) ) ;
#6495 = FACE_OUTER_BOUND ( 'NONE', #1203, .T. ) ;
#6496 = ORIENTED_EDGE ( 'NONE', *, *, #5932, .F. ) ;
#6497 = CARTESIAN_POINT ( 'NONE',  ( -85.76335570967896160, 4.227410488553371870, 15.10000000000000320 ) ) ;
#6498 = CARTESIAN_POINT ( 'NONE',  ( -138.8284980275087719, -39.94410271381026689, 3.297348375675351217 ) ) ;
#6499 = CARTESIAN_POINT ( 'NONE',  ( -131.3028278468674159, -50.82637486761861112, 12.50000000000001421 ) ) ;
#6500 = ORIENTED_EDGE ( 'NONE', *, *, #70, .F. ) ;
#6501 = CARTESIAN_POINT ( 'NONE',  ( -89.50961297396496263, -47.55598454486987237, 20.10000000000000853 ) ) ;
#6502 = EDGE_CURVE ( 'NONE', #3764, #6133, #1653, .T. ) ;
#6503 = CARTESIAN_POINT ( 'NONE',  ( -127.9025385034284170, -42.75153170406299807, -9.999999999999985789 ) ) ;
#6504 = CARTESIAN_POINT ( 'NONE',  ( -63.38860887689211410, -14.10411774266980345, 5.500000000000001776 ) ) ;
#6505 = AXIS2_PLACEMENT_3D ( 'NONE', #3165, #8090, #5663 ) ;
#6506 = ORIENTED_EDGE ( 'NONE', *, *, #5608, .T. ) ;
#6507 = ORIENTED_EDGE ( 'NONE', *, *, #6435, .T. ) ;
#6508 = CARTESIAN_POINT ( 'NONE',  ( -44.36648748944541865, -18.36330780231492810, -22.06552698582208194 ) ) ;
#6509 = CARTESIAN_POINT ( 'NONE',  ( -70.20145161165707748, -14.39396738996630631, -22.14999999999999858 ) ) ;
#6510 = VERTEX_POINT ( 'NONE', #1015 ) ;
#6511 = CARTESIAN_POINT ( 'NONE',  ( -49.73753745010107252, -6.269772937221076425, -2.407444835499582769 ) ) ;
#6512 = CARTESIAN_POINT ( 'NONE',  ( -74.72143725893354826, -24.35221633749990033, 20.10000000000000497 ) ) ;
#6513 = CARTESIAN_POINT ( 'NONE',  ( -128.4923645959945588, -57.45632190280552720, -14.69999999999998685 ) ) ;
#6514 = VERTEX_POINT ( 'NONE', #3031 ) ;
#6515 = CARTESIAN_POINT ( 'NONE',  ( -118.5199614551941494, -58.06383050805603574, 11.85136158788040994 ) ) ;
#6516 = CARTESIAN_POINT ( 'NONE',  ( -134.8883737423520870, -41.68402893500187645, 6.940088891538757743 ) ) ;
#6517 = PLANE ( 'NONE',  #6633 ) ;
#6518 = VECTOR ( 'NONE', #7536, 1000.000000000000000 ) ;
#6519 = EDGE_CURVE ( 'NONE', #6748, #1535, #5734, .T. ) ;
#6520 = CARTESIAN_POINT ( 'NONE',  ( -63.75242651806726712, -27.53777938119673863, 15.72329419239031090 ) ) ;
#6521 = DIRECTION ( 'NONE',  ( -1.522024630730408022E-16, -6.758551201016278582E-17, -1.000000000000000000 ) ) ;
#6522 = VECTOR ( 'NONE', #7788, 1000.000000000000000 ) ;
#6523 = CARTESIAN_POINT ( 'NONE',  ( -65.63341776543683181, -36.30731526401595488, -12.25488669283937426 ) ) ;
#6524 = CARTESIAN_POINT ( 'NONE',  ( -116.3931467392273333, -54.36408109249604337, -12.47950913049848332 ) ) ;
#6525 = CYLINDRICAL_SURFACE ( 'NONE', #1056, 2.875000000000000888 ) ;
#6526 = CARTESIAN_POINT ( 'NONE',  ( 5504.039169783090983, 2004.435752871497471, -6025.936832683789362 ) ) ;
#6527 = CARTESIAN_POINT ( 'NONE',  ( -131.7248129391122689, -19.90491316305642044, 12.50000000000001243 ) ) ;
#6528 = CARTESIAN_POINT ( 'NONE',  ( -41.58677424097903241, -17.23315626056911398, -14.39442688608295562 ) ) ;
#6529 = ORIENTED_EDGE ( 'NONE', *, *, #6098, .T. ) ;
#6530 = ADVANCED_FACE ( 'NONE', ( #7381 ), #1137, .F. ) ;
#6531 = CARTESIAN_POINT ( 'NONE',  ( -129.5003184127619420, -47.83765562346011535, 1.099228855159486429 ) ) ;
#6532 = EDGE_CURVE ( 'NONE', #1923, #1438, #1724, .T. ) ;
#6533 = DIRECTION ( 'NONE',  ( -0.6705919300765830204, -0.7418264374610566980, 1.522024630730407282E-16 ) ) ;
#6534 = ORIENTED_EDGE ( 'NONE', *, *, #451, .F. ) ;
#6535 = DIRECTION ( 'NONE',  ( 0.6705919300765826874, 0.7418264374610571421, 0.000000000000000000 ) ) ;
#6536 = CARTESIAN_POINT ( 'NONE',  ( -128.9392662989159248, -49.77683523363004525, -4.914506795439182341 ) ) ;
#6537 = VERTEX_POINT ( 'NONE', #7958 ) ;
#6538 = DIRECTION ( 'NONE',  ( 1.522024630730408022E-16, 6.758551201016278582E-17, 1.000000000000000000 ) ) ;
#6539 = LINE ( 'NONE', #6498, #3359 ) ;
#6540 = CARTESIAN_POINT ( 'NONE',  ( -140.1438874360230500, -58.93505478514924079, -10.16694649596433742 ) ) ;
#6541 = ORIENTED_EDGE ( 'NONE', *, *, #3229, .F. ) ;
#6542 = EDGE_CURVE ( 'NONE', #3135, #6543, #5407, .T. ) ;
#6543 = VERTEX_POINT ( 'NONE', #4220 ) ;
#6544 = DIRECTION ( 'NONE',  ( -0.6705919300765862401, -0.7418264374610538114, 0.000000000000000000 ) ) ;
#6545 = CARTESIAN_POINT ( 'NONE',  ( -85.76335570967896160, 4.227410488553371870, 15.10000000000000320 ) ) ;
#6546 = ORIENTED_EDGE ( 'NONE', *, *, #5347, .F. ) ;
#6547 = ORIENTED_EDGE ( 'NONE', *, *, #5268, .T. ) ;
#6548 = DIRECTION ( 'NONE',  ( -0.3769758968958016876, 0.9262230687904537962, -5.222600313117357794E-18 ) ) ;
#6549 = LINE ( 'NONE', #3432, #2408 ) ;
#6550 = CARTESIAN_POINT ( 'NONE',  ( -136.4667414769918707, -32.82497338116588992, -4.914506795439177900 ) ) ;
#6551 = B_SPLINE_CURVE_WITH_KNOTS ( 'NONE', 3,
 ( #683, #1288, #4949, #6262, #5597, #6307, #5556, #4871, #4372, #7376, #6882, #8066, #4257, #7416, #1787, #6765, #8105, #7493 ),
 .UNSPECIFIED., .F., .F.,
 ( 4, 2, 2, 2, 1, 1, 2, 2, 2, 4 ),
 ( 0.000000000000000000, 0.2500000000001139644, 0.3750000000001709743, 0.4375000000001981193, 0.4687500000002060574, 0.4843750000002083889, 0.4921875000002046141, 0.5000000000002008393, 0.7500000000001003642, 1.000000000000000000 ),
 .UNSPECIFIED. ) ;
#6552 = EDGE_CURVE ( 'NONE', #5302, #6356, #754, .T. ) ;
#6553 = VECTOR ( 'NONE', #1784, 1000.000000000000114 ) ;
#6554 = AXIS2_PLACEMENT_3D ( 'NONE', #4999, #2500, #4882 ) ;
#6555 = EDGE_LOOP ( 'NONE', ( #1029, #125, #147, #2147 ) ) ;
#6556 = PLANE ( 'NONE',  #2451 ) ;
#6557 = B_SPLINE_CURVE_WITH_KNOTS ( 'NONE', 3,
 ( #4260, #5485, #2333, #7458, #1828, #3692, #7337, #7995, #519, #6184, #5185, #5762, #1903, #107, #2687, #7575, #7657, #7000, #3306, #3261 ),
 .UNSPECIFIED., .F., .F.,
 ( 4, 2, 2, 2, 2, 2, 2, 2, 2, 4 ),
 ( 6.938893903907228378E-18, 0.0008797332542448290217, 0.001759466508489651105, 0.002639199762734473296, 0.003518933016979295270, 0.005278399525468954398, 0.007037866033958614827, 0.008797332542448275255, 0.01055679905093793308, 0.01407573206791725741 ),
 .UNSPECIFIED. ) ;
#6558 = DIRECTION ( 'NONE',  ( 1.522024630730408022E-16, 6.758551201016278582E-17, 1.000000000000000000 ) ) ;
#6559 = EDGE_CURVE ( 'NONE', #7402, #8026, #521, .T. ) ;
#6560 = DIRECTION ( 'NONE',  ( 0.9139452746408243122, 0.4058374489394842577, -8.326672684688671588E-17 ) ) ;
#6561 = ORIENTED_EDGE ( 'NONE', *, *, #7630, .T. ) ;
#6562 = CARTESIAN_POINT ( 'NONE',  ( -143.5977088677579729, -41.62609635529513952, 0.7527710219278606063 ) ) ;
#6563 = DIRECTION ( 'NONE',  ( 0.4058374489393031248, -0.9139452746409045814, 0.000000000000000000 ) ) ;
#6564 = CARTESIAN_POINT ( 'NONE',  ( -131.8431560361021866, -58.94424102412925492, -16.03600617089663416 ) ) ;
#6565 = AXIS2_PLACEMENT_3D ( 'NONE', #3827, #5165, #7679 ) ;
#6566 = VECTOR ( 'NONE', #421, 1000.000000000000114 ) ;
#6567 = EDGE_CURVE ( 'NONE', #1364, #2328, #7039, .T. ) ;
#6568 = AXIS2_PLACEMENT_3D ( 'NONE', #212, #3985, #174 ) ;
#6569 = LINE ( 'NONE', #5898, #3069 ) ;
#6570 = CARTESIAN_POINT ( 'NONE',  ( -127.5609174002665895, -57.28269321133102920, -9.922320202762529462 ) ) ;
#6571 = CARTESIAN_POINT ( 'NONE',  ( -41.88756685949593361, -16.55577177311330672, -22.15000000000000213 ) ) ;
#6572 = LINE ( 'NONE', #2829, #459 ) ;
#6573 = CARTESIAN_POINT ( 'NONE',  ( -43.88775121039649463, -19.44348203037604250, -21.00851243511850441 ) ) ;
#6574 = CARTESIAN_POINT ( 'NONE',  ( -79.69293320283669857, 3.199845865316033766, 15.60000000000000497 ) ) ;
#6575 = DIRECTION ( 'NONE',  ( -0.9139452746408242012, -0.4058374489394842022, -1.510442384798050313E-13 ) ) ;
#6576 = CARTESIAN_POINT ( 'NONE',  ( -45.18185023182419258, -9.137050979020177266, -3.449427714249515553 ) ) ;
#6577 = ORIENTED_EDGE ( 'NONE', *, *, #6984, .T. ) ;
#6578 = DIRECTION ( 'NONE',  ( 1.522024630730408022E-16, 6.758551201016278582E-17, 1.000000000000000000 ) ) ;
#6579 = EDGE_CURVE ( 'NONE', #1159, #3787, #6390, .T. ) ;
#6580 = CARTESIAN_POINT ( 'NONE',  ( -89.50961297396496263, -47.55598454486987237, 18.10000000000000497 ) ) ;
#6581 = ORIENTED_EDGE ( 'NONE', *, *, #6090, .F. ) ;
#6582 = AXIS2_PLACEMENT_3D ( 'NONE', #3447, #5942, #319 ) ;
#6583 = CARTESIAN_POINT ( 'NONE',  ( -66.82330850417764623, -38.42554499935376811, 15.10000000000000320 ) ) ;
#6584 = FACE_BOUND ( 'NONE', #4456, .T. ) ;
#6585 = ORIENTED_EDGE ( 'NONE', *, *, #4125, .F. ) ;
#6586 = FACE_OUTER_BOUND ( 'NONE', #960, .T. ) ;
#6587 = LINE ( 'NONE', #296, #4011 ) ;
#6588 = CARTESIAN_POINT ( 'NONE',  ( -130.7434006460048010, -36.35391478157723100, -9.999999999999985789 ) ) ;
#6589 = VERTEX_POINT ( 'NONE', #4834 ) ;
#6590 = ORIENTED_EDGE ( 'NONE', *, *, #4982, .F. ) ;
#6591 = FACE_OUTER_BOUND ( 'NONE', #1197, .T. ) ;
#6592 = CYLINDRICAL_SURFACE ( 'NONE', #5457, 2.875000000000003553 ) ;
#6593 = AXIS2_PLACEMENT_3D ( 'NONE', #1932, #6408, #4441 ) ;
#6594 = VERTEX_POINT ( 'NONE', #2992 ) ;
#6595 = ORIENTED_EDGE ( 'NONE', *, *, #7899, .F. ) ;
#6596 = CARTESIAN_POINT ( 'NONE',  ( -44.08508256604134345, -18.99857748513386824, -21.64562595305389081 ) ) ;
#6597 = CARTESIAN_POINT ( 'NONE',  ( -138.8808604624151428, -61.77938947454097018, -20.60889545096661379 ) ) ;
#6598 = FACE_OUTER_BOUND ( 'NONE', #423, .T. ) ;
#6599 = ORIENTED_EDGE ( 'NONE', *, *, #7127, .F. ) ;
#6600 = FACE_OUTER_BOUND ( 'NONE', #6066, .T. ) ;
#6601 = CARTESIAN_POINT ( 'NONE',  ( -84.14487753335231446, -41.62137304518141434, 18.10000000000000497 ) ) ;
#6602 = CARTESIAN_POINT ( 'NONE',  ( -97.61980985088180773, -26.56909085815083316, 20.10000000000000142 ) ) ;
#6603 = VERTEX_POINT ( 'NONE', #4299 ) ;
#6604 = EDGE_CURVE ( 'NONE', #2203, #7358, #4877, .T. ) ;
#6605 = DIRECTION ( 'NONE',  ( -1.522024630730408022E-16, -6.758551201016278582E-17, -1.000000000000000000 ) ) ;
#6606 = CARTESIAN_POINT ( 'NONE',  ( -149.7130684763548629, -44.77739681393870796, -3.097864185165791540 ) ) ;
#6607 = CARTESIAN_POINT ( 'NONE',  ( -146.9712326524324055, -43.55988446712025564, -3.097864185165792428 ) ) ;
#6608 = LINE ( 'NONE', #7792, #7232 ) ;
#6609 = CARTESIAN_POINT ( 'NONE',  ( -70.46496717321194581, -32.29586986865365361, -14.64730610258648902 ) ) ;
#6610 = DIRECTION ( 'NONE',  ( -1.522024630730408022E-16, -6.758551201016278582E-17, -1.000000000000000000 ) ) ;
#6611 = DIRECTION ( 'NONE',  ( -0.6705919300765837976, -0.7418264374610561429, 0.000000000000000000 ) ) ;
#6612 = CARTESIAN_POINT ( 'NONE',  ( -53.69782579624883567, -24.24380287859668215, -12.39237050999460088 ) ) ;
#6613 = CARTESIAN_POINT ( 'NONE',  ( -47.07945036893945456, -20.87992323977631415, -16.46973243518483088 ) ) ;
#6614 = CARTESIAN_POINT ( 'NONE',  ( -42.56967235749392842, -15.01967130152940655, -9.328525272415667757 ) ) ;
#6615 = DIRECTION ( 'NONE',  ( -1.522024630730408022E-16, -6.758551201016278582E-17, -1.000000000000000000 ) ) ;
#6616 = VERTEX_POINT ( 'NONE', #2414 ) ;
#6617 = CARTESIAN_POINT ( 'NONE',  ( -47.64024971859156921, -19.61700401688167261, -22.13619651029518920 ) ) ;
#6618 = CARTESIAN_POINT ( 'NONE',  ( -44.62940268341840522, -17.77328411993175905, -22.15000000000000213 ) ) ;
#6619 = EDGE_LOOP ( 'NONE', ( #1815, #2630, #1665, #1357, #952, #7844 ) ) ;
#6620 = LINE ( 'NONE', #7236, #4584 ) ;
#6621 = CARTESIAN_POINT ( 'NONE',  ( -57.13225598958501905, -2.809953611339166102, 2.217238392864885554 ) ) ;
#6622 = CARTESIAN_POINT ( 'NONE',  ( -142.1741002434143581, -61.75514100725654032, -14.00636133654083615 ) ) ;
#6623 = ORIENTED_EDGE ( 'NONE', *, *, #7700, .F. ) ;
#6624 = ORIENTED_EDGE ( 'NONE', *, *, #364, .F. ) ;
#6625 = AXIS2_PLACEMENT_3D ( 'NONE', #2875, #5287, #4593 ) ;
#6626 = ADVANCED_FACE ( 'NONE', ( #4913 ), #7422, .F. ) ;
#6627 = CARTESIAN_POINT ( 'NONE',  ( -57.24668841338085201, -9.140960398017726973, -22.15000000000000213 ) ) ;
#6628 = DIRECTION ( 'NONE',  ( -1.522024630730408022E-16, -6.758551201016278582E-17, -1.000000000000000000 ) ) ;
#6629 = ORIENTED_EDGE ( 'NONE', *, *, #5526, .T. ) ;
#6630 = ORIENTED_EDGE ( 'NONE', *, *, #6787, .T. ) ;
#6631 = DIRECTION ( 'NONE',  ( 1.522024630730408022E-16, 6.758551201016278582E-17, 1.000000000000000000 ) ) ;
#6632 = FACE_OUTER_BOUND ( 'NONE', #816, .T. ) ;
#6633 = AXIS2_PLACEMENT_3D ( 'NONE', #3400, #357, #5157 ) ;
#6634 = ADVANCED_FACE ( 'NONE', ( #4495 ), #7577, .T. ) ;
#6635 = EDGE_CURVE ( 'NONE', #7972, #3212, #8111, .T. ) ;
#6636 = ADVANCED_FACE ( 'NONE', ( #1335 ), #3264, .F. ) ;
#6637 = VERTEX_POINT ( 'NONE', #5689 ) ;
#6638 = CARTESIAN_POINT ( 'NONE',  ( -51.62567922364871009, -23.32366608027114907, -7.522403129503937080 ) ) ;
#6639 = ORIENTED_EDGE ( 'NONE', *, *, #4215, .T. ) ;
#6640 = DIRECTION ( 'NONE',  ( -0.9139452746408243122, -0.4058374489394839246, 1.665334536937734071E-16 ) ) ;
#6641 = DIRECTION ( 'NONE',  ( -1.522024630730408022E-16, -6.758551201016278582E-17, -1.000000000000000000 ) ) ;
#6642 = ORIENTED_EDGE ( 'NONE', *, *, #1904, .F. ) ;
#6643 = CARTESIAN_POINT ( 'NONE',  ( -130.3190423504107684, -40.69343792880451360, -3.817888820547021833 ) ) ;
#6644 = CARTESIAN_POINT ( 'NONE',  ( -133.2379508649931097, -41.08516277266079442, 1.300000000000027800 ) ) ;
#6645 = CIRCLE ( 'NONE', #5065, 1.050000000000010703 ) ;
#6646 = CARTESIAN_POINT ( 'NONE',  ( -60.86266533100842224, -34.12411783480865779, 5.814741186129192663 ) ) ;
#6647 = DIRECTION ( 'NONE',  ( 1.522024630730408022E-16, 6.758551201016278582E-17, 1.000000000000000000 ) ) ;
#6648 = CIRCLE ( 'NONE', #488, 9.999999999999994671 ) ;
#6649 = CARTESIAN_POINT ( 'NONE',  ( -71.73676807672210032, -32.25399617988701806, -14.69999999999999751 ) ) ;
#6650 = B_SPLINE_CURVE_WITH_KNOTS ( 'NONE', 3,
 ( #3794, #4562, #1242, #3299, #5102, #3759, #6994, #1362 ),
 .UNSPECIFIED., .F., .F.,
 ( 4, 2, 2, 4 ),
 ( 0.000000000000000000, 0.006649449922896609813, 0.009974174884344920791, 0.01329889984579323177 ),
 .UNSPECIFIED. ) ;
#6651 = CARTESIAN_POINT ( 'NONE',  ( -56.11386458985109016, -11.44959677435028667, 5.427860062973960176 ) ) ;
#6652 = AXIS2_PLACEMENT_3D ( 'NONE', #6873, #4976, #7367 ) ;
#6653 = FACE_OUTER_BOUND ( 'NONE', #1129, .T. ) ;
#6654 = DIRECTION ( 'NONE',  ( -1.522024630730408022E-16, -6.758551201016278582E-17, -1.000000000000000000 ) ) ;
#6655 = DIRECTION ( 'NONE',  ( 1.000000000000000000, 0.000000000000000000, 0.000000000000000000 ) ) ;
#6656 = LINE ( 'NONE', #6778, #1960 ) ;
#6657 = CARTESIAN_POINT ( 'NONE',  ( -111.0185396749484994, 5.969425194951914371, 15.60000000000000853 ) ) ;
#6659 = EDGE_CURVE ( 'NONE', #2437, #2737, #150, .T. ) ;
#6658 = CIRCLE ( 'NONE', #6260, 2.850000000000005862 ) ;
#6660 = CARTESIAN_POINT ( 'NONE',  ( -45.88375635984606760, -19.87656312222967614, -14.70000000000000107 ) ) ;
#6661 = VERTEX_POINT ( 'NONE', #4995 ) ;
#6662 = VECTOR ( 'NONE', #5348, 1000.000000000000114 ) ;
#6663 = CARTESIAN_POINT ( 'NONE',  ( -47.32853672194940486, -20.31898117810643001, -21.88076396437127258 ) ) ;
#6664 = DIRECTION ( 'NONE',  ( 0.6705919300765802449, 0.7418264374610593626, 0.000000000000000000 ) ) ;
#6665 = ORIENTED_EDGE ( 'NONE', *, *, #2262, .F. ) ;
#6666 = CARTESIAN_POINT ( 'NONE',  ( -125.0381680901065948, -38.74421432633528184, -22.14999999999998792 ) ) ;
#6667 = CARTESIAN_POINT ( 'NONE',  ( -114.6629406482490054, -59.13543708965692502, -7.693043215730143380 ) ) ;
#6668 = EDGE_CURVE ( 'NONE', #7648, #5785, #6853, .T. ) ;
#6669 = CARTESIAN_POINT ( 'NONE',  ( -143.3006982461127450, -59.21804413835842240, -8.599857038707993340 ) ) ;
#6670 = ORIENTED_EDGE ( 'NONE', *, *, #6279, .F. ) ;
#6671 = VERTEX_POINT ( 'NONE', #2650 ) ;
#6672 = DIRECTION ( 'NONE',  ( -0.6705919300765830204, -0.7418264374610565870, 1.618183019125878364E-16 ) ) ;
#6673 = DIRECTION ( 'NONE',  ( 1.522024630730408022E-16, 6.758551201016278582E-17, 1.000000000000000000 ) ) ;
#6674 = EDGE_LOOP ( 'NONE', ( #6161, #2018 ) ) ;
#6675 = EDGE_LOOP ( 'NONE', ( #5023, #2848, #5912, #1929 ) ) ;
#6676 = CARTESIAN_POINT ( 'NONE',  ( -44.21187243151219093, -18.71167508894338738, -21.87715918546533800 ) ) ;
#6677 = CARTESIAN_POINT ( 'NONE',  ( -142.3064174129152946, -61.45716295684441377, -22.13507565770811070 ) ) ;
#6678 = CIRCLE ( 'NONE', #1414, 17.00000000000000711 ) ;
#6679 = VECTOR ( 'NONE', #8000, 1000.000000000000227 ) ;
#6680 = ORIENTED_EDGE ( 'NONE', *, *, #3757, .F. ) ;
#6681 = CARTESIAN_POINT ( 'NONE',  ( -97.61980985088182194, -26.56909085815083316, -12.49999999999999289 ) ) ;
#6682 = VERTEX_POINT ( 'NONE', #3147 ) ;
#6683 = PLANE ( 'NONE',  #7467 ) ;
#6684 = DIRECTION ( 'NONE',  ( 0.9139452746408237571, 0.4058374489394852014, -1.665334536937734071E-16 ) ) ;
#6685 = VERTEX_POINT ( 'NONE', #4417 ) ;
#6686 = ORIENTED_EDGE ( 'NONE', *, *, #4146, .F. ) ;
#6687 = CARTESIAN_POINT ( 'NONE',  ( -129.3078443492651104, -43.02112574273418488, -3.725795474266516027 ) ) ;
#6688 = CARTESIAN_POINT ( 'NONE',  ( -112.1150300868829390, -57.34509903322593516, -11.73414706193025481 ) ) ;
#6689 = AXIS2_PLACEMENT_3D ( 'NONE', #4493, #722, #3844 ) ;
#6690 = EDGE_CURVE ( 'NONE', #1768, #6782, #5765, .T. ) ;
#6691 = DIRECTION ( 'NONE',  ( -0.6705919300765834645, -0.7418264374610563650, 0.000000000000000000 ) ) ;
#6692 = DIRECTION ( 'NONE',  ( 0.4058374489394843687, -0.9139452746408243122, 1.232595164407831220E-32 ) ) ;
#6693 = DIRECTION ( 'NONE',  ( 0.4058374489394842577, -0.9139452746408242012, 1.232595164407831220E-32 ) ) ;
#6694 = AXIS2_PLACEMENT_3D ( 'NONE', #1155, #7936, #1117 ) ;
#6695 = CARTESIAN_POINT ( 'NONE',  ( -54.40266979799263680, -9.553858943057997877, 3.154816932867358314 ) ) ;
#6696 = EDGE_CURVE ( 'NONE', #1050, #2289, #6929, .T. ) ;
#6697 = CIRCLE ( 'NONE', #5767, 26.50000000000001776 ) ;
#6698 = CARTESIAN_POINT ( 'NONE',  ( -143.8932554554294825, -50.49148410634551709, -2.675592887100096462 ) ) ;
#6699 = CARTESIAN_POINT ( 'NONE',  ( -78.20612330996527817, -31.85154148202835245, 14.45000000000000817 ) ) ;
#6700 = CARTESIAN_POINT ( 'NONE',  ( -78.98881167625626176, 3.978763624650145658, 22.50000000000000355 ) ) ;
#6701 = DIRECTION ( 'NONE',  ( 1.522024630730408022E-16, 6.758551201016278582E-17, 1.000000000000000000 ) ) ;
#6702 = CARTESIAN_POINT ( 'NONE',  ( -134.5766857197334900, -45.28057319569104777, 6.000000000000015987 ) ) ;
#6703 = AXIS2_PLACEMENT_3D ( 'NONE', #7966, #6151, #1108 ) ;
#6704 = CARTESIAN_POINT ( 'NONE',  ( -87.74221200772909413, -38.96193401680242374, -14.69999999999999396 ) ) ;
#6705 = ORIENTED_EDGE ( 'NONE', *, *, #7283, .F. ) ;
#6706 = DIRECTION ( 'NONE',  ( 1.522024630730408022E-16, 6.758551201016278582E-17, 1.000000000000000000 ) ) ;
#6707 = LINE ( 'NONE', #2501, #3932 ) ;
#6708 = VECTOR ( 'NONE', #1375, 1000.000000000000000 ) ;
#6709 = ORIENTED_EDGE ( 'NONE', *, *, #3526, .F. ) ;
#6710 = DIRECTION ( 'NONE',  ( 0.6705919300765826874, 0.7418264374610571421, 0.000000000000000000 ) ) ;
#6711 = CARTESIAN_POINT ( 'NONE',  ( -128.4923645959945588, -57.45632190280553431, -14.70000000000001172 ) ) ;
#6712 = DIRECTION ( 'NONE',  ( -0.4058374489394843687, 0.9139452746408243122, -1.232595164407831220E-32 ) ) ;
#6713 = VERTEX_POINT ( 'NONE', #6389 ) ;
#6714 = EDGE_CURVE ( 'NONE', #2250, #7481, #7222, .T. ) ;
#6715 = ORIENTED_EDGE ( 'NONE', *, *, #8022, .F. ) ;
#6716 = EDGE_LOOP ( 'NONE', ( #7827, #8032, #549, #3834 ) ) ;
#6717 = CARTESIAN_POINT ( 'NONE',  ( -131.0206914125318463, -19.12599540372231033, 12.50000000000001243 ) ) ;
#6718 = CARTESIAN_POINT ( 'NONE',  ( -130.5973601839962157, -40.12700809052707740, -6.187684465151289857E-12 ) ) ;
#6719 = VERTEX_POINT ( 'NONE', #3882 ) ;
#6720 = EDGE_CURVE ( 'NONE', #2636, #7155, #3108, .T. ) ;
#6721 = CARTESIAN_POINT ( 'NONE',  ( -136.2161186929589007, -32.71368432027762907, 1.099228855159487095 ) ) ;
#6722 = CARTESIAN_POINT ( 'NONE',  ( -139.2421363973039945, -60.96579665703259110, -21.84636320225858697 ) ) ;
#6723 = AXIS2_PLACEMENT_3D ( 'NONE', #1600, #4678, #5865 ) ;
#6724 = CIRCLE ( 'NONE', #1461, 7.500000000000007105 ) ;
#6725 = VERTEX_POINT ( 'NONE', #6312 ) ;
#6726 = CARTESIAN_POINT ( 'NONE',  ( -45.95761880998818327, -19.71022500469721095, -21.88076396437127258 ) ) ;
#6727 = ORIENTED_EDGE ( 'NONE', *, *, #3730, .T. ) ;
#6728 = DIRECTION ( 'NONE',  ( -0.9610761936858032151, 0.000000000000000000, 0.2762834593862045773 ) ) ;
#6729 = CARTESIAN_POINT ( 'NONE',  ( -144.5905893644719242, -56.31321143870196977, -5.184468670702967685 ) ) ;
#6730 = ORIENTED_EDGE ( 'NONE', *, *, #5679, .F. ) ;
#6731 = CARTESIAN_POINT ( 'NONE',  ( -122.7670072287536556, -54.38758226294049791, 10.97154826940791672 ) ) ;
#6732 = EDGE_CURVE ( 'NONE', #3411, #2772, #1664, .T. ) ;
#6733 = VECTOR ( 'NONE', #1381, 1000.000000000000114 ) ;
#6734 = CARTESIAN_POINT ( 'NONE',  ( -114.4201483707315674, -59.10292550940741307, -8.021428571428556253 ) ) ;
#6735 = CARTESIAN_POINT ( 'NONE',  ( -135.7661429342352619, -42.00253292241954028, 2.679767522804585855 ) ) ;
#6736 = CARTESIAN_POINT ( 'NONE',  ( -133.0468091936459416, -49.41247504770519328, -3.183803752492255779 ) ) ;
#6737 = CARTESIAN_POINT ( 'NONE',  ( -71.73676807672208611, -32.25399617988700385, -14.69999999999999751 ) ) ;
#6738 = DIRECTION ( 'NONE',  ( -0.6705919300765836866, -0.7418264374610560319, 0.000000000000000000 ) ) ;
#6739 = CARTESIAN_POINT ( 'NONE',  ( -84.87911889838640889, -35.79470508641486504, 16.60000000000000853 ) ) ;
#6740 = FACE_BOUND ( 'NONE', #1915, .T. ) ;
#6741 = DIRECTION ( 'NONE',  ( 1.522024630730408022E-16, 6.758551201016278582E-17, 1.000000000000000000 ) ) ;
#6742 = ADVANCED_FACE ( 'NONE', ( #1213 ), #32, .F. ) ;
#6743 = CARTESIAN_POINT ( 'NONE',  ( -144.7878460127467122, -48.47686762692761420, -2.407444835499565894 ) ) ;
#6744 = VERTEX_POINT ( 'NONE', #6967 ) ;
#6745 = EDGE_CURVE ( 'NONE', #6637, #2760, #7176, .T. ) ;
#6746 = CARTESIAN_POINT ( 'NONE',  ( -52.11389044728364439, -1.438476498961338557, -2.886758449385950165 ) ) ;
#6747 = DIRECTION ( 'NONE',  ( -1.522024630730408022E-16, -6.758551201016278582E-17, -1.000000000000000000 ) ) ;
#6748 = VERTEX_POINT ( 'NONE', #601 ) ;
#6749 = DIRECTION ( 'NONE',  ( 1.522024630730408022E-16, 6.758551201016278582E-17, 1.000000000000000000 ) ) ;
#6750 = FACE_BOUND ( 'NONE', #226, .T. ) ;
#6751 = DIRECTION ( 'NONE',  ( -0.4058374489394844242, 0.9139452746408240902, 1.232595164407830946E-32 ) ) ;
#6752 = EDGE_LOOP ( 'NONE', ( #4291, #3676, #1892, #4205 ) ) ;
#6753 = ORIENTED_EDGE ( 'NONE', *, *, #7643, .T. ) ;
#6754 = DIRECTION ( 'NONE',  ( 1.522024630730408022E-16, 6.758551201016278582E-17, 1.000000000000000000 ) ) ;
#6755 = EDGE_CURVE ( 'NONE', #7358, #484, #687, .T. ) ;
#6756 = B_SPLINE_CURVE_WITH_KNOTS ( 'NONE', 3,
 ( #4805, #7228, #7801, #854, #985, #7146, #3368, #6038 ),
 .UNSPECIFIED., .F., .F.,
 ( 4, 2, 2, 4 ),
 ( 0.0001854017959102682433, 0.006994461914935063036, 0.01039899197444747909, 0.01380352203395989429 ),
 .UNSPECIFIED. ) ;
#6757 = ORIENTED_EDGE ( 'NONE', *, *, #7078, .T. ) ;
#6758 = DIRECTION ( 'NONE',  ( -1.522024630730408022E-16, -6.758551201016278582E-17, -1.000000000000000000 ) ) ;
#6759 = CARTESIAN_POINT ( 'NONE',  ( -56.91687683395586816, -12.46917366691122453, 6.524807588257002244 ) ) ;
#6760 = ORIENTED_EDGE ( 'NONE', *, *, #4496, .T. ) ;
#6761 = CARTESIAN_POINT ( 'NONE',  ( -136.9071310457328821, -55.50328083990541472, -3.183803752492254890 ) ) ;
#6762 = VERTEX_POINT ( 'NONE', #5074 ) ;
#6763 = VECTOR ( 'NONE', #1886, 1000.000000000000000 ) ;
#6764 = ORIENTED_EDGE ( 'NONE', *, *, #263, .F. ) ;
#6765 = CARTESIAN_POINT ( 'NONE',  ( -139.4183658125727163, -60.57098820362145375, -22.06555420386850130 ) ) ;
#6766 = EDGE_LOOP ( 'NONE', ( #3004, #5554, #6407, #5512 ) ) ;
#6767 = FACE_BOUND ( 'NONE', #4978, .T. ) ;
#6768 = CARTESIAN_POINT ( 'NONE',  ( -143.0036376329794905, -59.88702415576470628, -9.719454187052086525 ) ) ;
#6769 = CARTESIAN_POINT ( 'NONE',  ( -130.5542465302480934, -40.11136403425582841, -3.913490808474480609 ) ) ;
#6770 = EDGE_CURVE ( 'NONE', #901, #1429, #2198, .T. ) ;
#6771 = CARTESIAN_POINT ( 'NONE',  ( -87.78755529110949851, -3.905338952647569251, 16.60000000000000497 ) ) ;
#6772 = LINE ( 'NONE', #1632, #2072 ) ;
#6773 = DIRECTION ( 'NONE',  ( -0.9139452746408245343, -0.4058374489394837026, 1.445602896647341135E-16 ) ) ;
#6774 = DIRECTION ( 'NONE',  ( -0.9139452746408245343, -0.4058374489394837026, 1.445602896647341135E-16 ) ) ;
#6775 = LINE ( 'NONE', #609, #4008 ) ;
#6776 = CYLINDRICAL_SURFACE ( 'NONE', #2892, 1.124999999999999778 ) ;
#6777 = CARTESIAN_POINT ( 'NONE',  ( -74.36784475735107947, -35.32124610940520171, 14.45000000000000817 ) ) ;
#6778 = CARTESIAN_POINT ( 'NONE',  ( -87.59411362507343313, -39.29545133356011632, -14.69999999999999396 ) ) ;
#6779 = CIRCLE ( 'NONE', #4150, 26.50000000000001776 ) ;
#6780 = AXIS2_PLACEMENT_3D ( 'NONE', #1312, #5049, #5706 ) ;
#6781 = FACE_OUTER_BOUND ( 'NONE', #7565, .T. ) ;
#6782 = VERTEX_POINT ( 'NONE', #2610 ) ;
#6783 = DIRECTION ( 'NONE',  ( 1.522024630730408022E-16, 6.758551201016278582E-17, 1.000000000000000000 ) ) ;
#6784 = DIRECTION ( 'NONE',  ( 1.522024630730408022E-16, 6.758551201016278582E-17, 1.000000000000000000 ) ) ;
#6785 = EDGE_LOOP ( 'NONE', ( #7556, #5761 ) ) ;
#6786 = CARTESIAN_POINT ( 'NONE',  ( -111.7226612015289078, 5.190507435617802479, 15.60000000000000853 ) ) ;
#6787 = EDGE_CURVE ( 'NONE', #2088, #4121, #5112, .T. ) ;
#6788 = DIRECTION ( 'NONE',  ( 0.8246831757635971760, 0.5655949607382193545, -1.637448356179772805E-16 ) ) ;
#6789 = CARTESIAN_POINT ( 'NONE',  ( -60.19116036764771138, -24.14793340846431846, 11.59920218782810508 ) ) ;
#6790 = ORIENTED_EDGE ( 'NONE', *, *, #4670, .T. ) ;
#6791 = ORIENTED_EDGE ( 'NONE', *, *, #6567, .F. ) ;
#6792 = EDGE_CURVE ( 'NONE', #2318, #6719, #7445, .T. ) ;
#6793 = CARTESIAN_POINT ( 'NONE',  ( -50.79930059508056672, -22.95671260528548530, -14.70000000000000462 ) ) ;
#6794 = VECTOR ( 'NONE', #7298, 1000.000000000000000 ) ;
#6795 = ORIENTED_EDGE ( 'NONE', *, *, #8084, .T. ) ;
#6796 = LINE ( 'NONE', #6092, #3729 ) ;
#6797 = DIRECTION ( 'NONE',  ( 0.6705919300765826874, 0.7418264374610571421, 0.000000000000000000 ) ) ;
#6798 = ORIENTED_EDGE ( 'NONE', *, *, #2682, .F. ) ;
#6799 = EDGE_CURVE ( 'NONE', #4941, #4974, #7570, .T. ) ;
#6800 = EDGE_CURVE ( 'NONE', #5785, #3463, #4616, .T. ) ;
#6801 = LINE ( 'NONE', #6879, #4452 ) ;
#6802 = VERTEX_POINT ( 'NONE', #2156 ) ;
#6803 = VERTEX_POINT ( 'NONE', #5310 ) ;
#6804 = CARTESIAN_POINT ( 'NONE',  ( -53.21213369698276097, -24.02813127548708039, -13.00045845593508886 ) ) ;
#6805 = EDGE_LOOP ( 'NONE', ( #339, #6379, #3146, #1777 ) ) ;
#6806 = PLANE ( 'NONE',  #1701 ) ;
#6807 = VERTEX_POINT ( 'NONE', #5147 ) ;
#6808 = CARTESIAN_POINT ( 'NONE',  ( -89.71550709007968294, -6.038089960348102636, 16.60000000000000497 ) ) ;
#6809 = ADVANCED_FACE ( 'NONE', ( #6598 ), #3434, .F. ) ;
#6810 = CARTESIAN_POINT ( 'NONE',  ( -110.7554323701928922, -50.14677647736383648, -14.69191839357653073 ) ) ;
#6811 = EDGE_CURVE ( 'NONE', #1748, #745, #4158, .T. ) ;
#6812 = CARTESIAN_POINT ( 'NONE',  ( -51.34199495169767857, -2.654137150253985666, -2.674618696607798718 ) ) ;
#6813 = LINE ( 'NONE', #8074, #1329 ) ;
#6814 = EDGE_CURVE ( 'NONE', #4275, #972, #7166, .T. ) ;
#6815 = CARTESIAN_POINT ( 'NONE',  ( -131.3028278468674159, -50.82637486761861112, 1.998918847003438026 ) ) ;
#6816 = LINE ( 'NONE', #6195, #5840 ) ;
#6817 = CARTESIAN_POINT ( 'NONE',  ( -127.2582399673480893, -46.84206056776431382, -5.175980714260886018 ) ) ;
#6818 = DIRECTION ( 'NONE',  ( -0.6705919300765830204, -0.7418264374610568090, 1.683071775420300977E-16 ) ) ;
#6819 = CIRCLE ( 'NONE', #524, 26.16057989992778943 ) ;
#6820 = FACE_OUTER_BOUND ( 'NONE', #7693, .T. ) ;
#6821 = CIRCLE ( 'NONE', #5759, 17.00000000000000355 ) ;
#6822 = CARTESIAN_POINT ( 'NONE',  ( -67.39907215473874658, -35.51546663070460141, -13.50448118071853543 ) ) ;
#6823 = EDGE_LOOP ( 'NONE', ( #2364, #7081 ) ) ;
#6824 = AXIS2_PLACEMENT_3D ( 'NONE', #7527, #6256, #7994 ) ;
#6825 = DIRECTION ( 'NONE',  ( 0.6705919300765830204, 0.7418264374610566980, -1.522024630730407282E-16 ) ) ;
#6826 = PLANE ( 'NONE',  #1714 ) ;
#6827 = CARTESIAN_POINT ( 'NONE',  ( -115.4350531147433543, -7.983684736895348522, 20.09999999999999076 ) ) ;
#6828 = CARTESIAN_POINT ( 'NONE',  ( -121.4193817141670309, -54.31556346923125744, -10.46107186641804532 ) ) ;
#6829 = DIRECTION ( 'NONE',  ( -0.6705919300765834645, -0.7418264374610564760, 0.000000000000000000 ) ) ;
#6831 = VERTEX_POINT ( 'NONE', #3390 ) ;
#6830 = B_SPLINE_CURVE_WITH_KNOTS ( 'NONE', 3,
 ( #4847, #6117, #499, #2348, #613, #1767, #4309, #6743 ),
 .UNSPECIFIED., .F., .F.,
 ( 4, 2, 2, 4 ),
 ( 0.000000000000000000, 0.003404530059512402181, 0.006809060119024804361, 0.01361812023804960872 ),
 .UNSPECIFIED. ) ;
#6832 = AXIS2_PLACEMENT_3D ( 'NONE', #5211, #860, #2675 ) ;
#6833 = ORIENTED_EDGE ( 'NONE', *, *, #111, .F. ) ;
#6834 = CARTESIAN_POINT ( 'NONE',  ( -137.0691440667594065, -60.93129047314895530, -17.36332334092465146 ) ) ;
#6835 = EDGE_CURVE ( 'NONE', #4909, #6671, #5070, .T. ) ;
#6836 = VECTOR ( 'NONE', #7064, 1000.000000000000114 ) ;
#6837 = ORIENTED_EDGE ( 'NONE', *, *, #4925, .T. ) ;
#6838 = PLANE ( 'NONE',  #830 ) ;
#6839 = AXIS2_PLACEMENT_3D ( 'NONE', #2257, #368, #6034 ) ;
#6840 = CARTESIAN_POINT ( 'NONE',  ( -48.38747632434786539, -20.67202081479809905, 1.548411808017802205 ) ) ;
#6841 = ORIENTED_EDGE ( 'NONE', *, *, #988, .F. ) ;
#6842 = CARTESIAN_POINT ( 'NONE',  ( -61.62165481871826955, -5.660399785491973645, 7.970196636405508350 ) ) ;
#6843 = ORIENTED_EDGE ( 'NONE', *, *, #1619, .T. ) ;
#6844 = ORIENTED_EDGE ( 'NONE', *, *, #3659, .F. ) ;
#6845 = DIRECTION ( 'NONE',  ( -1.522024630730408022E-16, -6.758551201016278582E-17, -1.000000000000000000 ) ) ;
#6846 = EDGE_CURVE ( 'NONE', #2934, #6803, #4000, .T. ) ;
#6847 = CIRCLE ( 'NONE', #2388, 1.050000000000000488 ) ;
#6848 = ORIENTED_EDGE ( 'NONE', *, *, #2613, .T. ) ;
#6849 =( BOUNDED_CURVE ( )  B_SPLINE_CURVE ( 3, ( #4264, #1020, #5488, #6735 ),
 .UNSPECIFIED., .F., .F. ) 
 B_SPLINE_CURVE_WITH_KNOTS ( ( 4, 4 ),
 ( 6.161607918582124199, 6.352998477259360399 ),
 .UNSPECIFIED. ) 
 CURVE ( )  GEOMETRIC_REPRESENTATION_ITEM ( )  RATIONAL_B_SPLINE_CURVE ( ( 1.000000000000000000, 0.9969497999428661439, 0.9969497999428661439, 1.000000000000000000 ) ) 
 REPRESENTATION_ITEM ( '' )  );
#6850 = CARTESIAN_POINT ( 'NONE',  ( -142.5210088796746106, -60.97390332288284753, -11.93833219147657054 ) ) ;
#6851 = B_SPLINE_CURVE_WITH_KNOTS ( 'NONE', 3,
 ( #6316, #4916, #4956, #6931 ),
 .UNSPECIFIED., .F., .F.,
 ( 4, 4 ),
 ( 0.000000000000000000, 1.000000000000000000 ),
 .UNSPECIFIED. ) ;
#6852 = ORIENTED_EDGE ( 'NONE', *, *, #3369, .T. ) ;
#6853 = LINE ( 'NONE', #3806, #3241 ) ;
#6854 = CARTESIAN_POINT ( 'NONE',  ( -87.74221200772909413, -38.96193401680242374, -17.14999999999995950 ) ) ;
#6855 = CARTESIAN_POINT ( 'NONE',  ( -51.21229720369668570, -2.597149236753563351, -2.816137819104114204 ) ) ;
#6856 = DIRECTION ( 'NONE',  ( -0.6705919300765834645, -0.7418264374610564760, 0.000000000000000000 ) ) ;
#6857 = CARTESIAN_POINT ( 'NONE',  ( -128.4923645959945588, -57.45632190280552720, -14.69999999999998685 ) ) ;
#6858 = VECTOR ( 'NONE', #1603, 1000.000000000000000 ) ;
#6859 = CARTESIAN_POINT ( 'NONE',  ( -135.6216796120129402, -60.49491692540284760, -20.71785467365289080 ) ) ;
#6860 = CARTESIAN_POINT ( 'NONE',  ( -137.5215643609168694, -39.61312631393978734, 7.621130617561820308 ) ) ;
#6861 = LINE ( 'NONE', #2464, #7942 ) ;
#6862 = CARTESIAN_POINT ( 'NONE',  ( -125.7925840114427416, -39.57876906847896947, -17.14999999999995239 ) ) ;
#6863 = EDGE_CURVE ( 'NONE', #4513, #5934, #1529, .T. ) ;
#6864 = CARTESIAN_POINT ( 'NONE',  ( -127.7633920421547344, -47.06637337407163102, -4.993901786691822053 ) ) ;
#6865 = ORIENTED_EDGE ( 'NONE', *, *, #3148, .T. ) ;
#6866 = DIRECTION ( 'NONE',  ( -1.522024630730408022E-16, -6.758551201016278582E-17, -1.000000000000000000 ) ) ;
#6867 = CARTESIAN_POINT ( 'NONE',  ( -122.4172566370470747, -57.23452657831246881, 0.3372177628739836952 ) ) ;
#6868 = CARTESIAN_POINT ( 'NONE',  ( -147.5296818366692548, -49.69437997374593863, -2.407444835499550351 ) ) ;
#6869 = CARTESIAN_POINT ( 'NONE',  ( -93.71388455645264060, -25.67870128336255320, 7.621070109660240551E-15 ) ) ;
#6870 = DIRECTION ( 'NONE',  ( 0.6705919300765827984, 0.7418264374610570311, 0.000000000000000000 ) ) ;
#6871 = ORIENTED_EDGE ( 'NONE', *, *, #2731, .F. ) ;
#6872 = ORIENTED_EDGE ( 'NONE', *, *, #7051, .F. ) ;
#6873 = CARTESIAN_POINT ( 'NONE',  ( -97.61980985088180773, -26.56909085815083316, 12.10000000000030873 ) ) ;
#6874 = ORIENTED_EDGE ( 'NONE', *, *, #7581, .T. ) ;
#6875 = DIRECTION ( 'NONE',  ( -0.000000000000000000, -0.000000000000000000, 1.000000000000000000 ) ) ;
#6876 = CIRCLE ( 'NONE', #181, 17.50000000000000000 ) ;
#6877 = CARTESIAN_POINT ( 'NONE',  ( -43.71460780056089135, -19.81075438434299230, -2.666400855529200697 ) ) ;
#6878 = ORIENTED_EDGE ( 'NONE', *, *, #406, .T. ) ;
#6879 = CARTESIAN_POINT ( 'NONE',  ( -51.46719551057414321, -10.99872832046954940, -14.70000000000000107 ) ) ;
#6880 = ORIENTED_EDGE ( 'NONE', *, *, #3425, .F. ) ;
#6881 = ORIENTED_EDGE ( 'NONE', *, *, #151, .F. ) ;
#6882 = CARTESIAN_POINT ( 'NONE',  ( -139.0576260757799787, -61.38131688582543433, -21.45023654818443859 ) ) ;
#6883 = ORIENTED_EDGE ( 'NONE', *, *, #1565, .T. ) ;
#6884 = AXIS2_PLACEMENT_3D ( 'NONE', #124, #6286, #7637 ) ;
#6885 = CARTESIAN_POINT ( 'NONE',  ( -143.7680498957203952, -58.16556898390965102, -7.143278991260266331 ) ) ;
#6886 = EDGE_CURVE ( 'NONE', #4162, #1043, #1747, .T. ) ;
#6887 = ORIENTED_EDGE ( 'NONE', *, *, #2977, .T. ) ;
#6888 = CARTESIAN_POINT ( 'NONE',  ( -149.7130684763548629, -44.77739681393870796, -3.097864185165791540 ) ) ;
#6889 = EDGE_CURVE ( 'NONE', #6981, #3908, #4319, .T. ) ;
#6890 = CARTESIAN_POINT ( 'NONE',  ( -127.0962628950226332, -48.57343894824764163, -4.985340818257734341 ) ) ;
#6891 = ADVANCED_FACE ( 'NONE', ( #3751 ), #1277, .F. ) ;
#6892 = VECTOR ( 'NONE', #1222, 1000.000000000000000 ) ;
#6893 = CARTESIAN_POINT ( 'NONE',  ( -70.20145161165707748, -14.39396738996630631, -22.14999999999999858 ) ) ;
#6894 = DIRECTION ( 'NONE',  ( 1.522024630730408022E-16, 6.758551201016278582E-17, 1.000000000000000000 ) ) ;
#6895 = CARTESIAN_POINT ( 'NONE',  ( -111.0185396749484994, 5.969425194951911706, 22.50000000000000711 ) ) ;
#6896 = CARTESIAN_POINT ( 'NONE',  ( -60.50389504897479753, -5.161047229081218823, 6.735614510484125184 ) ) ;
#6897 = CARTESIAN_POINT ( 'NONE',  ( -137.5036761271945522, -59.95272491597703635, -22.04106919000454212 ) ) ;
#6898 = LINE ( 'NONE', #5003, #1673 ) ;
#6899 = FACE_OUTER_BOUND ( 'NONE', #3415, .T. ) ;
#6900 = AXIS2_PLACEMENT_3D ( 'NONE', #2079, #7669, #1460 ) ;
#6901 = FACE_OUTER_BOUND ( 'NONE', #2888, .T. ) ;
#6902 = ORIENTED_EDGE ( 'NONE', *, *, #2531, .T. ) ;
#6903 = VECTOR ( 'NONE', #6328, 1000.000000000000114 ) ;
#6904 = DIRECTION ( 'NONE',  ( -0.4058374489394842577, 0.9139452746408240902, -1.232595164407830946E-32 ) ) ;
#6905 = CYLINDRICAL_SURFACE ( 'NONE', #3288, 5.999999999999992006 ) ;
#6906 = CARTESIAN_POINT ( 'NONE',  ( -123.5620375309644174, -57.16084122206829932, -0.8090119548930777560 ) ) ;
#6907 = DIRECTION ( 'NONE',  ( -0.8718344350502149620, -0.3871381283276785767, 0.3000479752566487246 ) ) ;
#6908 = CARTESIAN_POINT ( 'NONE',  ( -132.1145027447464031, -48.99848431833693496, 0.6839367198426724581 ) ) ;
#6909 = LINE ( 'NONE', #5666, #4230 ) ;
#6910 = PLANE ( 'NONE',  #2131 ) ;
#6911 = ORIENTED_EDGE ( 'NONE', *, *, #1319, .F. ) ;
#6912 = CARTESIAN_POINT ( 'NONE',  ( -123.5943978040973121, -57.11024327640660658, -5.562900354066698583 ) ) ;
#6913 = AXIS2_PLACEMENT_3D ( 'NONE', #435, #1702, #4253 ) ;
#6914 = VERTEX_POINT ( 'NONE', #3129 ) ;
#6915 = DIRECTION ( 'NONE',  ( 1.522024630730408022E-16, 6.758551201016278582E-17, 1.000000000000000000 ) ) ;
#6916 = CARTESIAN_POINT ( 'NONE',  ( -66.82330850417764623, -38.42554499935376811, 15.10000000000000320 ) ) ;
#6917 = EDGE_CURVE ( 'NONE', #5842, #6661, #6146, .T. ) ;
#6918 = VERTEX_POINT ( 'NONE', #4901 ) ;
#6919 = CYLINDRICAL_SURFACE ( 'NONE', #4712, 7.500000000000007105 ) ;
#6920 = DIRECTION ( 'NONE',  ( 0.1984292974655322006, 0.08811254033772815408, -0.9761465023973439070 ) ) ;
#6921 = EDGE_LOOP ( 'NONE', ( #2103, #231, #7375, #5184 ) ) ;
#6922 = VECTOR ( 'NONE', #1292, 1000.000000000000000 ) ;
#6923 = AXIS2_PLACEMENT_3D ( 'NONE', #884, #275, #4752 ) ;
#6924 = ORIENTED_EDGE ( 'NONE', *, *, #3506, .T. ) ;
#6925 = CARTESIAN_POINT ( 'NONE',  ( -52.57242569965953294, -23.74406890446396190, -11.20588666978646764 ) ) ;
#6926 = ORIENTED_EDGE ( 'NONE', *, *, #2027, .T. ) ;
#6927 = CYLINDRICAL_SURFACE ( 'NONE', #6689, 9.999999999999994671 ) ;
#6928 = VERTEX_POINT ( 'NONE', #5469 ) ;
#6929 = LINE ( 'NONE', #75, #6922 ) ;
#6930 = LINE ( 'NONE', #1293, #4166 ) ;
#6931 = CARTESIAN_POINT ( 'NONE',  ( -49.73753745010107252, -6.269772937221070208, -2.407444835499594760 ) ) ;
#6932 = DIRECTION ( 'NONE',  ( -0.8921444832232202637, -0.3961568063241382998, -0.2171128873591626207 ) ) ;
#6933 = FACE_OUTER_BOUND ( 'NONE', #5014, .T. ) ;
#6934 = VERTEX_POINT ( 'NONE', #2438 ) ;
#6935 = CARTESIAN_POINT ( 'NONE',  ( -136.9621861826337579, -61.17215939002593217, -20.04512421095767749 ) ) ;
#6936 = FACE_OUTER_BOUND ( 'NONE', #1514, .T. ) ;
#6937 = CARTESIAN_POINT ( 'NONE',  ( -139.5493431569760503, -60.27452456859371921, -13.25235423158955861 ) ) ;
#6938 = EDGE_CURVE ( 'NONE', #989, #4718, #1401, .T. ) ;
#6939 = DIRECTION ( 'NONE',  ( 0.9139452746408235351, 0.4058374489394856455, 0.000000000000000000 ) ) ;
#6940 = VERTEX_POINT ( 'NONE', #4400 ) ;
#6941 = CARTESIAN_POINT ( 'NONE',  ( -91.73509228634814860, -45.54420875464012397, 20.10000000000000853 ) ) ;
#6942 = ADVANCED_FACE ( 'NONE', ( #4282 ), #7981, .F. ) ;
#6943 = CARTESIAN_POINT ( 'NONE',  ( -115.4350531147433543, -7.983684736895348522, 12.50000000000000888 ) ) ;
#6944 = CARTESIAN_POINT ( 'NONE',  ( -123.2800083373703188, -45.95612552396948303, 6.000000000000014211 ) ) ;
#6945 = LINE ( 'NONE', #6443, #5818 ) ;
#6946 = DIRECTION ( 'NONE',  ( -0.8242562653224093649, -0.5653021714570524159, 0.03217241089342039867 ) ) ;
#6947 = CARTESIAN_POINT ( 'NONE',  ( -123.2903084426482536, -57.17334423883493599, -1.495209385440770422 ) ) ;
#6948 = VERTEX_POINT ( 'NONE', #1890 ) ;
#6949 = CARTESIAN_POINT ( 'NONE',  ( -91.75635109969279313, -38.87923196358112676, 20.10000000000000853 ) ) ;
#6950 = CIRCLE ( 'NONE', #132, 1.500000000000584643 ) ;
#6951 = ORIENTED_EDGE ( 'NONE', *, *, #6567, .T. ) ;
#6952 = DIRECTION ( 'NONE',  ( 1.522024630730408022E-16, 6.758551201016278582E-17, 1.000000000000000000 ) ) ;
#6953 = CYLINDRICAL_SURFACE ( 'NONE', #3914, 1.499999999999995781 ) ;
#6954 = VERTEX_POINT ( 'NONE', #1199 ) ;
#6955 = CARTESIAN_POINT ( 'NONE',  ( -92.35466718713105649, -26.25041009446247742, 20.10000000000000853 ) ) ;
#6956 = EDGE_CURVE ( 'NONE', #2802, #6603, #5334, .T. ) ;
#6957 = PLANE ( 'NONE',  #2980 ) ;
#6958 = CARTESIAN_POINT ( 'NONE',  ( -129.5003184127619420, -47.83765562346012246, 1.099228855159487761 ) ) ;
#6959 = ORIENTED_EDGE ( 'NONE', *, *, #6199, .T. ) ;
#6960 = VECTOR ( 'NONE', #2948, 1000.000000000000000 ) ;
#6961 = VECTOR ( 'NONE', #5174, 1000.000000000000000 ) ;
#6962 = CARTESIAN_POINT ( 'NONE',  ( -44.27626474909954624, -18.56843629092091774, -14.78081105546810115 ) ) ;
#6963 = EDGE_CURVE ( 'NONE', #2394, #6671, #2243, .T. ) ;
#6964 = VERTEX_POINT ( 'NONE', #1854 ) ;
#6965 = FACE_OUTER_BOUND ( 'NONE', #267, .T. ) ;
#6966 = ORIENTED_EDGE ( 'NONE', *, *, #3558, .T. ) ;
#6967 = CARTESIAN_POINT ( 'NONE',  ( -76.03262666320847529, -33.30501697995178034, 12.50000000000000533 ) ) ;
#6968 = CARTESIAN_POINT ( 'NONE',  ( -146.9097260845334461, -43.52311445689566227, -3.029942897636316967 ) ) ;
#6969 = SHAPE_DEFINITION_REPRESENTATION ( #958, #1830 ) ;
#6970 = CARTESIAN_POINT ( 'NONE',  ( -45.92981156006559473, -19.77213926326119164, -21.83847353194362029 ) ) ;
#6971 = PLANE ( 'NONE',  #2105 ) ;
#6972 = EDGE_LOOP ( 'NONE', ( #6238, #1573, #7939, #3423 ) ) ;
#6973 = DIRECTION ( 'NONE',  ( -1.522024630730408022E-16, -6.758551201016278582E-17, -1.000000000000000000 ) ) ;
#6974 = CARTESIAN_POINT ( 'NONE',  ( -63.38860887689211410, -14.10411774266980345, -9.999999999999998224 ) ) ;
#6975 = CARTESIAN_POINT ( 'NONE',  ( -140.3983465534496986, -58.36203344239504531, -9.189864390757017887 ) ) ;
#6976 = CARTESIAN_POINT ( 'NONE',  ( -87.28973553836850385, -39.98091028954144122, -21.34999999999999787 ) ) ;
#6977 = CARTESIAN_POINT ( 'NONE',  ( -67.51197845084035976, -35.44486534226670216, -13.55757678511043984 ) ) ;
#6978 = CARTESIAN_POINT ( 'NONE',  ( -85.76335570967896160, 4.227410488553371870, 15.10000000000000320 ) ) ;
#6979 = CARTESIAN_POINT ( 'NONE',  ( -80.86646908047072202, 1.901649599759181575, 15.60000000000000497 ) ) ;
#6980 = DIRECTION ( 'NONE',  ( 1.522024630730408022E-16, 6.758551201016278582E-17, 1.000000000000000000 ) ) ;
#6981 = VERTEX_POINT ( 'NONE', #547 ) ;
#6982 = CARTESIAN_POINT ( 'NONE',  ( -106.6974070769973082, -22.61500931367802636, 14.50000000000000888 ) ) ;
#6983 = ORIENTED_EDGE ( 'NONE', *, *, #1095, .F. ) ;
#6984 = EDGE_CURVE ( 'NONE', #2710, #4130, #1799, .T. ) ;
#6985 = CYLINDRICAL_SURFACE ( 'NONE', #5077, 17.50000000000000000 ) ;
#6986 = EDGE_CURVE ( 'NONE', #1429, #901, #615, .T. ) ;
#6987 = EDGE_CURVE ( 'NONE', #7408, #2203, #4360, .T. ) ;
#6988 = VECTOR ( 'NONE', #4040, 1000.000000000000000 ) ;
#6989 = ORIENTED_EDGE ( 'NONE', *, *, #67, .F. ) ;
#6990 = CARTESIAN_POINT ( 'NONE',  ( -51.50474278864415112, -21.67288817879380147, 4.361897799575110035 ) ) ;
#6991 = CARTESIAN_POINT ( 'NONE',  ( -78.14499124294971466, -35.64177025795410714, 12.50000000000000533 ) ) ;
#6992 = ORIENTED_EDGE ( 'NONE', *, *, #7510, .F. ) ;
#6993 = CARTESIAN_POINT ( 'NONE',  ( -66.82330850417764623, -38.42554499935376811, 15.10000000000000320 ) ) ;
#6994 = CARTESIAN_POINT ( 'NONE',  ( -52.83035104276233085, -1.756620865372122031, -2.102949113505815149 ) ) ;
#6995 = FACE_OUTER_BOUND ( 'NONE', #6294, .T. ) ;
#6996 = ORIENTED_EDGE ( 'NONE', *, *, #6107, .F. ) ;
#6997 = EDGE_CURVE ( 'NONE', #2598, #1159, #3329, .T. ) ;
#6998 = DIRECTION ( 'NONE',  ( -0.9139452746408240902, -0.4058374489394846463, 0.000000000000000000 ) ) ;
#6999 = EDGE_LOOP ( 'NONE', ( #7737, #1527, #2445, #1418, #4695 ) ) ;
#7000 = CARTESIAN_POINT ( 'NONE',  ( -57.40441110162250027, -27.67428053612804462, -1.712284547715195338 ) ) ;
#7001 = ORIENTED_EDGE ( 'NONE', *, *, #3735, .T. ) ;
#7002 = CARTESIAN_POINT ( 'NONE',  ( -130.1490887193753565, -58.19199033994868131, -14.18269585316876835 ) ) ;
#7003 = CARTESIAN_POINT ( 'NONE',  ( -47.69490789484208904, -19.49391389290423504, -22.14999999999990621 ) ) ;
#7004 =( LENGTH_UNIT ( ) NAMED_UNIT ( * ) SI_UNIT ( .MILLI., .METRE. ) );
#7005 = DIRECTION ( 'NONE',  ( -0.4058374489394843687, 0.9139452746408243122, -1.232595164407831220E-32 ) ) ;
#7006 = ADVANCED_FACE ( 'NONE', ( #6447 ), #6985, .F. ) ;
#7007 = CARTESIAN_POINT ( 'NONE',  ( -136.8620337581400008, -55.60483985818319752, -3.183803752481280114 ) ) ;
#7008 = EDGE_LOOP ( 'NONE', ( #4037, #5027, #6561, #7952, #191, #765, #2594, #2005, #2284 ) ) ;
#7009 = CYLINDRICAL_SURFACE ( 'NONE', #5182, 1.050000000000005596 ) ;
#7010 = PLANE ( 'NONE',  #2059 ) ;
#7011 = CARTESIAN_POINT ( 'NONE',  ( -139.4010386162935902, -60.60797150539716682, -14.23615893485179384 ) ) ;
#7012 = CARTESIAN_POINT ( 'NONE',  ( -133.6861382841497630, -58.34094447943833472, 2.869686515794783954 ) ) ;
#7013 = CARTESIAN_POINT ( 'NONE',  ( -58.23203330073791051, -26.25721796770832839, -14.69999999999996554 ) ) ;
#7014 = DIRECTION ( 'NONE',  ( 0.9139452746408236461, 0.4058374489394852014, -1.665334536937734071E-16 ) ) ;
#7015 = CARTESIAN_POINT ( 'NONE',  ( -78.51939732520267512, 4.498042130872884847, 15.60000000000000497 ) ) ;
#7016 = DIRECTION ( 'NONE',  ( -0.6705919300765830204, -0.7418264374610565870, 1.618183019125878364E-16 ) ) ;
#7017 = ORIENTED_EDGE ( 'NONE', *, *, #2330, .T. ) ;
#7018 = CIRCLE ( 'NONE', #3487, 2.099999999999996536 ) ;
#7019 = CARTESIAN_POINT ( 'NONE',  ( -89.71550709007968294, -6.038089960348102636, 16.60000000000000497 ) ) ;
#7020 = VERTEX_POINT ( 'NONE', #57 ) ;
#7021 = CYLINDRICAL_SURFACE ( 'NONE', #6593, 1.124999999999998446 ) ;
#7022 = EDGE_LOOP ( 'NONE', ( #7196, #6311, #8054, #5668, #3762, #5652, #7759, #2098, #7743 ) ) ;
#7023 = DIRECTION ( 'NONE',  ( -0.6705919300765836866, -0.7418264374610560319, 0.000000000000000000 ) ) ;
#7024 = EDGE_CURVE ( 'NONE', #1564, #7148, #2669, .T. ) ;
#7025 = CARTESIAN_POINT ( 'NONE',  ( -47.00682397428433035, -21.04347776236338419, -20.96969781442291492 ) ) ;
#7026 = EDGE_LOOP ( 'NONE', ( #7526, #6880, #4613, #2601 ) ) ;
#7027 = CARTESIAN_POINT ( 'NONE',  ( -48.10975825773619619, -9.935529029735786111, -3.212004222428118894 ) ) ;
#7028 = EDGE_CURVE ( 'NONE', #6744, #68, #669, .T. ) ;
#7029 = CARTESIAN_POINT ( 'NONE',  ( -65.42079060534516088, -7.347406238285649316, 12.10000000000030340 ) ) ;
#7030 = CARTESIAN_POINT ( 'NONE',  ( -115.3243552521156516, -7.432902704731326082, 12.50000000000000888 ) ) ;
#7031 = ORIENTED_EDGE ( 'NONE', *, *, #3572, .T. ) ;
#7032 = B_SPLINE_CURVE_WITH_KNOTS ( 'NONE', 3,
 ( #677, #4448, #3837, #716 ),
 .UNSPECIFIED., .F., .F.,
 ( 4, 4 ),
 ( 0.000000000000000000, 0.002194880474752466688 ),
 .UNSPECIFIED. ) ;
#7033 = EDGE_CURVE ( 'NONE', #3120, #799, #4816, .T. ) ;
#7034 = VECTOR ( 'NONE', #123, 1000.000000000000114 ) ;
#7035 = CARTESIAN_POINT ( 'NONE',  ( -45.52481357641871540, -15.75682024589045938, -8.507642908828064066 ) ) ;
#7036 = EDGE_CURVE ( 'NONE', #3805, #2643, #128, .T. ) ;
#7037 = ORIENTED_EDGE ( 'NONE', *, *, #3395, .T. ) ;
#7038 = ORIENTED_EDGE ( 'NONE', *, *, #6055, .T. ) ;
#7039 = CIRCLE ( 'NONE', #2462, 35.94015283223684776 ) ;
#7040 = ADVANCED_FACE ( 'NONE', ( #819 ), #3171, .T. ) ;
#7041 = CARTESIAN_POINT ( 'NONE',  ( -137.2123272526709457, -60.60888378160998968, -21.59637543745065713 ) ) ;
#7042 = CARTESIAN_POINT ( 'NONE',  ( -128.0456391925183652, -57.43441270852665070, -9.044218133188763886 ) ) ;
#7043 = AXIS2_PLACEMENT_3D ( 'NONE', #5726, #6351, #110 ) ;
#7044 = VECTOR ( 'NONE', #3995, 1000.000000000000114 ) ;
#7045 = DIRECTION ( 'NONE',  ( 0.9400287392378580131, 0.3410952497571360653, -1.661277865705174929E-16 ) ) ;
#7046 = DIRECTION ( 'NONE',  ( -1.522024630730408022E-16, -6.758551201016278582E-17, -1.000000000000000000 ) ) ;
#7047 = DIRECTION ( 'NONE',  ( 0.6705919300765829094, 0.7418264374610568090, -1.503427012513232158E-16 ) ) ;
#7048 = PRODUCT_DEFINITION ( 'UNKNOWN', '', #5922, #3798 ) ;
#7049 = ORIENTED_EDGE ( 'NONE', *, *, #108, .T. ) ;
#7050 = CARTESIAN_POINT ( 'NONE',  ( -117.9041037442693209, -58.35560566471097843, 5.245809049174046557 ) ) ;
#7051 = EDGE_CURVE ( 'NONE', #4944, #1786, #4753, .T. ) ;
#7052 = CARTESIAN_POINT ( 'NONE',  ( -131.0107270397799084, -51.25810775116718787, 6.000000000000427214 ) ) ;
#7053 = CARTESIAN_POINT ( 'NONE',  ( -77.08880895307909498, -34.47339361895294019, 14.45000000000000817 ) ) ;
#7054 = EDGE_CURVE ( 'NONE', #2541, #4217, #4514, .T. ) ;
#7055 = CARTESIAN_POINT ( 'NONE',  ( -111.7226612015289078, 5.190507435617802479, 20.10000000000000853 ) ) ;
#7056 = CARTESIAN_POINT ( 'NONE',  ( -62.21917976062705691, -35.92308255740942968, -8.021428571428572241 ) ) ;
#7057 = ADVANCED_FACE ( 'NONE', ( #5168 ), #7681, .F. ) ;
#7058 = CARTESIAN_POINT ( 'NONE',  ( -113.1644046893541571, -58.61655299170647027, -9.876453364944669744 ) ) ;
#7059 = CARTESIAN_POINT ( 'NONE',  ( -127.5097756230586299, -46.95375498937067960, -5.002747934976685684 ) ) ;
#7060 = CARTESIAN_POINT ( 'NONE',  ( -135.7337766426337282, -60.24247459484697487, -16.45322290687308353 ) ) ;
#7061 = AXIS2_PLACEMENT_3D ( 'NONE', #821, #5057, #6296 ) ;
#7062 = LINE ( 'NONE', #5821, #104 ) ;
#7063 = VECTOR ( 'NONE', #3697, 1000.000000000000000 ) ;
#7064 = DIRECTION ( 'NONE',  ( -0.9139452746408242012, -0.4058374489394842577, 8.326672684688670355E-17 ) ) ;
#7065 = ORIENTED_EDGE ( 'NONE', *, *, #4782, .T. ) ;
#7066 = CARTESIAN_POINT ( 'NONE',  ( -85.76335570967896160, 4.227410488553371870, 15.10000000000000320 ) ) ;
#7067 = ORIENTED_EDGE ( 'NONE', *, *, #2770, .T. ) ;
#7068 = DIRECTION ( 'NONE',  ( 0.9139452746408237571, 0.4058374489394852569, -1.665334536937734318E-16 ) ) ;
#7069 = CARTESIAN_POINT ( 'NONE',  ( -140.1198871507341437, -50.36496086759954238, -22.14999999999998437 ) ) ;
#7070 = ORIENTED_EDGE ( 'NONE', *, *, #5076, .T. ) ;
#7071 = CARTESIAN_POINT ( 'NONE',  ( -45.50855385954771748, -15.79343710182645033, -8.599857038697148681 ) ) ;
#7072 = CARTESIAN_POINT ( 'NONE',  ( -58.55577012264507175, -14.71821221662822587, 8.786609215672989137 ) ) ;
#7073 = EDGE_CURVE ( 'NONE', #7365, #327, #1432, .T. ) ;
#7074 = CYLINDRICAL_SURFACE ( 'NONE', #2263, 1.049999999999995604 ) ;
#7075 = ORIENTED_EDGE ( 'NONE', *, *, #2055, .F. ) ;
#7076 = VECTOR ( 'NONE', #265, 1000.000000000000114 ) ;
#7077 = AXIS2_PLACEMENT_3D ( 'NONE', #6354, #6932, #3813 ) ;
#7078 = EDGE_CURVE ( 'NONE', #29, #1452, #3904, .T. ) ;
#7079 = CARTESIAN_POINT ( 'NONE',  ( -44.31918824763490505, -18.47188638407423156, -14.46277844557738845 ) ) ;
#7080 = AXIS2_PLACEMENT_3D ( 'NONE', #3550, #4728, #4771 ) ;
#7081 = ORIENTED_EDGE ( 'NONE', *, *, #4793, .F. ) ;
#7082 = EDGE_LOOP ( 'NONE', ( #4169, #98, #168, #3515, #2778, #27, #3376, #5622 ) ) ;
#7083 = VECTOR ( 'NONE', #6783, 1000.000000000000000 ) ;
#7084 = DIRECTION ( 'NONE',  ( -0.4058374489394843687, 0.9139452746408240902, 0.000000000000000000 ) ) ;
#7085 = CARTESIAN_POINT ( 'NONE',  ( -137.0270578990209458, -61.02623809768630281, -18.15098622363683134 ) ) ;
#7086 = VECTOR ( 'NONE', #1478, 1000.000000000000114 ) ;
#7087 = ADVANCED_FACE ( 'NONE', ( #7718 ), #2091, .F. ) ;
#7088 = ORIENTED_EDGE ( 'NONE', *, *, #1823, .T. ) ;
#7089 = FACE_OUTER_BOUND ( 'NONE', #1448, .T. ) ;
#7090 = VECTOR ( 'NONE', #2872, 1000.000000000000114 ) ;
#7091 = DIRECTION ( 'NONE',  ( 1.522024630730408022E-16, 6.758551201016278582E-17, 1.000000000000000000 ) ) ;
#7092 = DIRECTION ( 'NONE',  ( 0.8921444832232203748, 0.3961568063241383553, 0.2171128873591619546 ) ) ;
#7093 = ORIENTED_EDGE ( 'NONE', *, *, #420, .T. ) ;
#7094 = LINE ( 'NONE', #1994, #2159 ) ;
#7095 = CARTESIAN_POINT ( 'NONE',  ( -62.21917976062704270, -35.92308255740942968, -8.021428571428575793 ) ) ;
#7096 = CARTESIAN_POINT ( 'NONE',  ( -149.5234991455367606, -45.20430663848046748, -2.924884108002836047 ) ) ;
#7097 = CARTESIAN_POINT ( 'NONE',  ( -143.4012109533859416, -47.94209117694637001, -0.9244324841379006896 ) ) ;
#7098 = CARTESIAN_POINT ( 'NONE',  ( -62.35380005077299614, -36.03708859191677760, -8.257916789545385328 ) ) ;
#7099 = CARTESIAN_POINT ( 'NONE',  ( -113.0663695218130727, -52.10048711231854668, -14.21751472021039220 ) ) ;
#7100 = ADVANCED_FACE ( 'NONE', ( #1472 ), #7021, .F. ) ;
#7101 = DIRECTION ( 'NONE',  ( 0.6705919300765831315, 0.7418264374610568090, -1.309225264888155391E-16 ) ) ;
#7102 = CARTESIAN_POINT ( 'NONE',  ( -69.44703569032093071, -13.55941264782261690, -22.14999999999999858 ) ) ;
#7103 = LINE ( 'NONE', #5988, #3579 ) ;
#7104 = CARTESIAN_POINT ( 'NONE',  ( -45.91821690296358582, -7.478754433815058000, -2.778193805490826396 ) ) ;
#7105 = VERTEX_POINT ( 'NONE', #6949 ) ;
#7106 = DIRECTION ( 'NONE',  ( -1.522024630730408022E-16, -6.758551201016278582E-17, -1.000000000000000000 ) ) ;
#7107 = AXIS2_PLACEMENT_3D ( 'NONE', #4634, #2259, #5905 ) ;
#7108 = VERTEX_POINT ( 'NONE', #779 ) ;
#7109 = DIRECTION ( 'NONE',  ( 1.522024630730408022E-16, 6.758551201016278582E-17, 1.000000000000000000 ) ) ;
#7110 = CARTESIAN_POINT ( 'NONE',  ( -45.78399537074542280, -18.45450147913299332, -22.15000000000000213 ) ) ;
#7111 = ORIENTED_EDGE ( 'NONE', *, *, #3090, .T. ) ;
#7112 = CARTESIAN_POINT ( 'NONE',  ( -41.07529165095434109, -18.38501422103038507, -19.90226640499236410 ) ) ;
#7113 = DIRECTION ( 'NONE',  ( 1.522024630730408022E-16, 6.758551201016278582E-17, 1.000000000000000000 ) ) ;
#7114 = CARTESIAN_POINT ( 'NONE',  ( -137.4431339277322195, -38.97966632096229489, 7.888789982526159150 ) ) ;
#7115 = EDGE_LOOP ( 'NONE', ( #2782, #3610, #740 ) ) ;
#7116 = CIRCLE ( 'NONE', #3839, 1.499999999999742428 ) ;
#7117 = DIRECTION ( 'NONE',  ( -0.9139452746408243122, -0.4058374489394838691, 3.053113317719179993E-16 ) ) ;
#7118 = CARTESIAN_POINT ( 'NONE',  ( -132.3834677706596494, -49.11791825273030554, 2.091485059343373365 ) ) ;
#7119 = CARTESIAN_POINT ( 'NONE',  ( -51.92092408978494689, -1.352789777417755301, -3.097864185164253215 ) ) ;
#7120 = VERTEX_POINT ( 'NONE', #1318 ) ;
#7121 = VERTEX_POINT ( 'NONE', #1971 ) ;
#7122 = EDGE_CURVE ( 'NONE', #745, #1280, #3830, .T. ) ;
#7123 = CARTESIAN_POINT ( 'NONE',  ( -43.81237886163665252, -19.61274428204562881, -20.46142298995532727 ) ) ;
#7124 = CARTESIAN_POINT ( 'NONE',  ( -136.2141417847316234, -56.60043366947186882, -4.690035423441512918 ) ) ;
#7125 = EDGE_LOOP ( 'NONE', ( #3861, #7477 ) ) ;
#7126 = CARTESIAN_POINT ( 'NONE',  ( -50.45177368901693171, -4.661314089374036129, -2.407444835499600533 ) ) ;
#7127 = EDGE_CURVE ( 'NONE', #1528, #4246, #7633, .T. ) ;
#7128 = DIRECTION ( 'NONE',  ( 0.6705919300765831315, 0.7418264374610568090, -1.522024630730408268E-16 ) ) ;
#7129 = CARTESIAN_POINT ( 'NONE',  ( -146.9712326524324055, -43.55988446712025564, -3.097864185165792428 ) ) ;
#7130 = EDGE_CURVE ( 'NONE', #1970, #5751, #7310, .T. ) ;
#7131 = ORIENTED_EDGE ( 'NONE', *, *, #7350, .T. ) ;
#7132 = CARTESIAN_POINT ( 'NONE',  ( -124.9298111433817695, -49.88629347835030359, 13.69271204349269766 ) ) ;
#7133 = EDGE_CURVE ( 'NONE', #2598, #8056, #2785, .T. ) ;
#7134 = CARTESIAN_POINT ( 'NONE',  ( -135.4754636149104101, -41.89705813118632705, 6.315219079726743345 ) ) ;
#7135 = DIRECTION ( 'NONE',  ( -0.4342997651233609369, 0.9007684019845463297, 5.222600313116951808E-18 ) ) ;
#7136 = CARTESIAN_POINT ( 'NONE',  ( -120.5181824428304935, -28.78596537880219586, 18.10000000000000853 ) ) ;
#7137 = ADVANCED_FACE ( 'NONE', ( #5909 ), #2878, .T. ) ;
#7138 = CARTESIAN_POINT ( 'NONE',  ( -62.59360385451240205, -28.19397360946171460, -14.69999999999900275 ) ) ;
#7139 = CARTESIAN_POINT ( 'NONE',  ( -113.6038744944294052, -58.86494756266993988, -9.191794534134562156 ) ) ;
#7140 = VECTOR ( 'NONE', #6980, 1000.000000000000000 ) ;
#7141 = CARTESIAN_POINT ( 'NONE',  ( -43.97882907932588381, -19.23837481774722491, -21.37222881862727419 ) ) ;
#7142 = CARTESIAN_POINT ( 'NONE',  ( -75.53673998970675996, -11.83939411290285015, 4.002394000832230910E-15 ) ) ;
#7143 = DIRECTION ( 'NONE',  ( 1.522024630730408022E-16, 6.758551201016278582E-17, 1.000000000000000000 ) ) ;
#7144 = CARTESIAN_POINT ( 'NONE',  ( -42.45625029399175077, -15.27509760397823335, -9.764801485254171354 ) ) ;
#7145 = ORIENTED_EDGE ( 'NONE', *, *, #4996, .F. ) ;
#7146 = CARTESIAN_POINT ( 'NONE',  ( -139.1257551119126958, -41.68858494195109898, 5.427860062973973498 ) ) ;
#7147 = DIRECTION ( 'NONE',  ( -1.522024630730408022E-16, -6.758551201016278582E-17, -1.000000000000000000 ) ) ;
#7148 = VERTEX_POINT ( 'NONE', #4145 ) ;
#7149 = CARTESIAN_POINT ( 'NONE',  ( -97.61980985088180773, -26.56909085815083316, 14.50000000000000888 ) ) ;
#7150 = DIRECTION ( 'NONE',  ( 1.522024630730408022E-16, 6.758551201016278582E-17, 1.000000000000000000 ) ) ;
#7151 = VERTEX_POINT ( 'NONE', #6531 ) ;
#7152 = PLANE ( 'NONE',  #780 ) ;
#7153 = LINE ( 'NONE', #5257, #348 ) ;
#7154 = PLANE ( 'NONE',  #1085 ) ;
#7155 = VERTEX_POINT ( 'NONE', #1683 ) ;
#7156 = ADVANCED_FACE ( 'NONE', ( #2138 ), #7883, .F. ) ;
#7157 = EDGE_LOOP ( 'NONE', ( #4555, #5444, #3223, #2727 ) ) ;
#7158 = ADVANCED_FACE ( 'NONE', ( #4020, #288, #896 ), #5333, .F. ) ;
#7159 = FACE_OUTER_BOUND ( 'NONE', #5216, .T. ) ;
#7160 = CARTESIAN_POINT ( 'NONE',  ( -102.7560193286478665, -38.37198562015756664, 12.50000000000000888 ) ) ;
#7161 = VERTEX_POINT ( 'NONE', #2798 ) ;
#7162 = ORIENTED_EDGE ( 'NONE', *, *, #5641, .T. ) ;
#7163 = CARTESIAN_POINT ( 'NONE',  ( -137.2705019235008592, -39.25227445904224766, 7.970196636405431079 ) ) ;
#7164 = CARTESIAN_POINT ( 'NONE',  ( -138.8601813047162068, -61.82595890403027283, -20.04435110445153612 ) ) ;
#7165 = VECTOR ( 'NONE', #3385, 1000.000000000000000 ) ;
#7166 = LINE ( 'NONE', #7740, #103 ) ;
#7167 = VECTOR ( 'NONE', #5012, 1000.000000000000114 ) ;
#7168 = EDGE_LOOP ( 'NONE', ( #1695, #6872, #115, #7188 ) ) ;
#7169 = DIRECTION ( 'NONE',  ( 1.522024630730408022E-16, 6.758551201016278582E-17, 1.000000000000000000 ) ) ;
#7170 = FACE_OUTER_BOUND ( 'NONE', #1812, .T. ) ;
#7171 = LINE ( 'NONE', #5443, #3557 ) ;
#7172 = VERTEX_POINT ( 'NONE', #6657 ) ;
#7173 = CARTESIAN_POINT ( 'NONE',  ( -141.8069446907365716, -40.14594609108783629, 2.951800248530248805 ) ) ;
#7174 = DIRECTION ( 'NONE',  ( 1.522024630730408022E-16, 6.758551201016278582E-17, 1.000000000000000000 ) ) ;
#7175 = CARTESIAN_POINT ( 'NONE',  ( -149.3319791977159241, -45.63560924933544527, -2.784127008645708834 ) ) ;
#7176 = CIRCLE ( 'NONE', #7305, 30.03925955636818301 ) ;
#7177 = CARTESIAN_POINT ( 'NONE',  ( -51.98693802957090782, -21.95619192298102718, 4.819387986874386520 ) ) ;
#7178 = CARTESIAN_POINT ( 'NONE',  ( -144.9108775284981050, -48.53018971184251029, -2.541489669460749834 ) ) ;
#7179 = LINE ( 'NONE', #2298, #2621 ) ;
#7180 = DIRECTION ( 'NONE',  ( 1.522024630730408022E-16, 6.758551201016278582E-17, 1.000000000000000000 ) ) ;
#7181 = CARTESIAN_POINT ( 'NONE',  ( -43.83054101635715227, -19.57231929426131956, -20.60878397050811373 ) ) ;
#7182 = CARTESIAN_POINT ( 'NONE',  ( -56.58072009286641446, -26.79905775021617131, -3.700000000000001510 ) ) ;
#7183 = DIRECTION ( 'NONE',  ( -0.9139452746408242012, -0.4058374489394842577, 8.326672684688670355E-17 ) ) ;
#7184 = CARTESIAN_POINT ( 'NONE',  ( -41.34003319021743295, -17.78881670539221460, -16.18830319179066635 ) ) ;
#7185 = ORIENTED_EDGE ( 'NONE', *, *, #877, .T. ) ;
#7186 = CARTESIAN_POINT ( 'NONE',  ( -134.8883737423524849, -41.68402893500200435, 6.940088891536093207 ) ) ;
#7187 = CARTESIAN_POINT ( 'NONE',  ( -45.67493395266782130, -20.34683084340329984, -17.35792561416993252 ) ) ;
#7188 = ORIENTED_EDGE ( 'NONE', *, *, #7198, .F. ) ;
#7189 = LINE ( 'NONE', #1558, #7611 ) ;
#7190 = FACE_OUTER_BOUND ( 'NONE', #344, .T. ) ;
#7191 = ORIENTED_EDGE ( 'NONE', *, *, #2107, .F. ) ;
#7192 = CARTESIAN_POINT ( 'NONE',  ( -42.76671803562523877, -14.57592475500799800, -8.599857038697148681 ) ) ;
#7193 = CARTESIAN_POINT ( 'NONE',  ( -59.86506010081539841, -5.829869747163447080, 6.524807588252365065 ) ) ;
#7194 = FACE_OUTER_BOUND ( 'NONE', #5232, .T. ) ;
#7195 = EDGE_LOOP ( 'NONE', ( #6137, #5082 ) ) ;
#7196 = ORIENTED_EDGE ( 'NONE', *, *, #4168, .F. ) ;
#7197 = CARTESIAN_POINT ( 'NONE',  ( -87.74221200772909413, -38.96193401680242374, -21.34999999999999787 ) ) ;
#7198 = EDGE_CURVE ( 'NONE', #557, #170, #7374, .T. ) ;
#7199 = FACE_OUTER_BOUND ( 'NONE', #7115, .T. ) ;
#7200 = ORIENTED_EDGE ( 'NONE', *, *, #5954, .T. ) ;
#7201 = ORIENTED_EDGE ( 'NONE', *, *, #5910, .T. ) ;
#7202 = CYLINDRICAL_SURFACE ( 'NONE', #1300, 1.124999999999999778 ) ;
#7203 = CARTESIAN_POINT ( 'NONE',  ( -138.8592270995032436, -61.82810777261719437, -20.18575762563240517 ) ) ;
#7204 = CARTESIAN_POINT ( 'NONE',  ( -129.6571646598384859, -57.77167691343618117, -9.182603318263394598 ) ) ;
#7205 = CIRCLE ( 'NONE', #1177, 1.575000000000000622 ) ;
#7206 = VECTOR ( 'NONE', #3569, 1000.000000000000000 ) ;
#7207 = EDGE_CURVE ( 'NONE', #1452, #6589, #6756, .T. ) ;
#7208 = ORIENTED_EDGE ( 'NONE', *, *, #6409, .F. ) ;
#7209 = CARTESIAN_POINT ( 'NONE',  ( -54.00395920906893821, -24.37974143721866227, -14.70000000000000107 ) ) ;
#7210 = DIRECTION ( 'NONE',  ( -0.9139452746408236461, -0.4058374489394855900, 0.000000000000000000 ) ) ;
#7211 = FACE_OUTER_BOUND ( 'NONE', #2468, .T. ) ;
#7212 = EDGE_LOOP ( 'NONE', ( #2534, #622 ) ) ;
#7213 = CARTESIAN_POINT ( 'NONE',  ( -135.1831094278649914, -41.79097560382799514, 6.628595752665779273 ) ) ;
#7214 = DIRECTION ( 'NONE',  ( -0.6705919300765802449, -0.7418264374610593626, 0.000000000000000000 ) ) ;
#7215 = CONICAL_SURFACE ( 'NONE', #6565, 37.50000000000002132, 0.7853981633974430610 ) ;
#7216 = AXIS2_PLACEMENT_3D ( 'NONE', #7431, #2386, #413 ) ;
#7217 = CARTESIAN_POINT ( 'NONE',  ( -91.64345888904985316, -8.170840968048640462, 16.60000000000000497 ) ) ;
#7218 = CARTESIAN_POINT ( 'NONE',  ( -128.8805786653916527, -57.62870838144718277, -12.54557389803404099 ) ) ;
#7219 = AXIS2_PLACEMENT_3D ( 'NONE', #6022, #7578, #566 ) ;
#7220 = CARTESIAN_POINT ( 'NONE',  ( -70.16040957601333616, -33.62072602191474147, -14.54656637013964193 ) ) ;
#7221 = LINE ( 'NONE', #3578, #3993 ) ;
#7222 = B_SPLINE_CURVE_WITH_KNOTS ( 'NONE', 3,
 ( #7460, #7002, #1829, #3767 ),
 .UNSPECIFIED., .F., .F.,
 ( 4, 4 ),
 ( 0.01053648388524052251, 0.01273136435999299571 ),
 .UNSPECIFIED. ) ;
#7223 = CARTESIAN_POINT ( 'NONE',  ( -129.8218235801741400, -43.60379034683590760, 5.500000000000013323 ) ) ;
#7224 = LINE ( 'NONE', #1596, #4128 ) ;
#7225 = CARTESIAN_POINT ( 'NONE',  ( -131.0107270397799084, -51.25810775116718077, 0.6585666156540616045 ) ) ;
#7226 = DIRECTION ( 'NONE',  ( -0.5809417707915734974, 0.5251563487957785492, -0.6218661176403144086 ) ) ;
#7227 = VERTEX_POINT ( 'NONE', #5951 ) ;
#7228 = CARTESIAN_POINT ( 'NONE',  ( -144.0119244726302838, -46.18237678887558673, -0.7677157075141002318 ) ) ;
#7229 = EDGE_CURVE ( 'NONE', #4985, #3352, #3496, .T. ) ;
#7230 = DIRECTION ( 'NONE',  ( -0.6705919300765826874, -0.7418264374610571421, 0.000000000000000000 ) ) ;
#7231 = ORIENTED_EDGE ( 'NONE', *, *, #4388, .T. ) ;
#7232 = VECTOR ( 'NONE', #279, 1000.000000000000000 ) ;
#7233 = DIRECTION ( 'NONE',  ( -0.6705919300765830204, -0.7418264374610565870, 1.618183019125878364E-16 ) ) ;
#7234 = CARTESIAN_POINT ( 'NONE',  ( -91.73509228634814860, -45.54420875464012397, 18.10000000000000497 ) ) ;
#7235 = ORIENTED_EDGE ( 'NONE', *, *, #7302, .F. ) ;
#7236 = CARTESIAN_POINT ( 'NONE',  ( -120.7889152570889024, -33.52891950105336605, 13.10000000000001386 ) ) ;
#7237 = ADVANCED_FACE ( 'NONE', ( #7270 ), #1641, .F. ) ;
#7238 = FACE_OUTER_BOUND ( 'NONE', #7602, .T. ) ;
#7239 = CARTESIAN_POINT ( 'NONE',  ( -85.48702535372942179, -39.18041673395228486, -21.34999999999999787 ) ) ;
#7240 = EDGE_CURVE ( 'NONE', #682, #6589, #432, .T. ) ;
#7241 = ORIENTED_EDGE ( 'NONE', *, *, #7940, .F. ) ;
#7242 = ORIENTED_EDGE ( 'NONE', *, *, #6770, .F. ) ;
#7243 = ADVANCED_FACE ( 'NONE', ( #2305 ), #5371, .F. ) ;
#7244 = CARTESIAN_POINT ( 'NONE',  ( -109.4762639920848670, -57.36559220485496269, 15.10000000000001208 ) ) ;
#7245 = CARTESIAN_POINT ( 'NONE',  ( -114.2262124156449801, 0.9723378149711775498, 12.50000000000000888 ) ) ;
#7246 = AXIS2_PLACEMENT_3D ( 'NONE', #6492, #7271, #7230 ) ;
#7247 = VERTEX_POINT ( 'NONE', #4189 ) ;
#7248 = ORIENTED_EDGE ( 'NONE', *, *, #7945, .F. ) ;
#7249 = DIRECTION ( 'NONE',  ( -0.6705919300765834645, -0.7418264374610564760, 0.000000000000000000 ) ) ;
#7250 = CARTESIAN_POINT ( 'NONE',  ( -126.4761761315239283, -48.14816296473966872, 20.10000000000001208 ) ) ;
#7251 = ORIENTED_EDGE ( 'NONE', *, *, #5641, .F. ) ;
#7252 = CARTESIAN_POINT ( 'NONE',  ( -51.40014792885475003, -23.22351889654490620, -5.632703024270792724 ) ) ;
#7253 = VERTEX_POINT ( 'NONE', #2346 ) ;
#7254 = CARTESIAN_POINT ( 'NONE',  ( -119.5122945477152285, -27.67322572261018010, 12.50000000000001066 ) ) ;
#7255 = DIRECTION ( 'NONE',  ( -0.4058374489394842577, 0.9139452746408242012, 0.000000000000000000 ) ) ;
#7256 = ORIENTED_EDGE ( 'NONE', *, *, #4178, .F. ) ;
#7257 = CARTESIAN_POINT ( 'NONE',  ( -127.5943144358497250, -46.99129445379101355, -4.999799439439652105 ) ) ;
#7258 = FACE_OUTER_BOUND ( 'NONE', #1366, .T. ) ;
#7259 = EDGE_CURVE ( 'NONE', #4209, #3653, #1444, .T. ) ;
#7260 = AXIS2_PLACEMENT_3D ( 'NONE', #2479, #3601, #588 ) ;
#7261 = FACE_OUTER_BOUND ( 'NONE', #7957, .T. ) ;
#7262 = CARTESIAN_POINT ( 'NONE',  ( -130.2406638975225235, -50.72997301347517407, 6.940088891538757743 ) ) ;
#7263 = EDGE_CURVE ( 'NONE', #137, #5842, #7032, .T. ) ;
#7264 = CARTESIAN_POINT ( 'NONE',  ( -70.95586753299323846, -15.22852213210999750, -22.14999999999999858 ) ) ;
#7265 = CARTESIAN_POINT ( 'NONE',  ( -51.22769522913346663, -6.955804927425765172, -0.7677157075141156639 ) ) ;
#7266 = CARTESIAN_POINT ( 'NONE',  ( -77.08880895307909498, -34.47339361895294019, 16.60000000000000497 ) ) ;
#7267 = CARTESIAN_POINT ( 'NONE',  ( -127.7651068207912033, -39.09930741716133440, 8.662234617426818772 ) ) ;
#7268 = DIRECTION ( 'NONE',  ( -0.6705919300765857960, -0.7418264374610542555, 0.000000000000000000 ) ) ;
#7269 = CARTESIAN_POINT ( 'NONE',  ( -46.93857663051255713, -21.19717066948664552, -20.04512421095780184 ) ) ;
#7270 = FACE_OUTER_BOUND ( 'NONE', #384, .T. ) ;
#7271 = DIRECTION ( 'NONE',  ( 1.522024630730408022E-16, 6.758551201016278582E-17, 1.000000000000000000 ) ) ;
#7272 = EDGE_LOOP ( 'NONE', ( #1479, #5725, #3675, #6624, #3067, #5432 ) ) ;
#7273 = CARTESIAN_POINT ( 'NONE',  ( -47.53244988666270388, -19.85976906297566202, -22.08157474135969878 ) ) ;
#7274 = CIRCLE ( 'NONE', #5451, 1.574999999999997735 ) ;
#7275 = DIRECTION ( 'NONE',  ( -0.9139452746408237571, -0.4058374489394852014, 1.665334536937733825E-16 ) ) ;
#7276 = ORIENTED_EDGE ( 'NONE', *, *, #1512, .T. ) ;
#7277 = CARTESIAN_POINT ( 'NONE',  ( -142.3046911492071445, -61.46105049990620728, -22.14999999999998792 ) ) ;
#7278 = CARTESIAN_POINT ( 'NONE',  ( -129.9238981053991608, -58.09199443555808529, -11.20588666978648185 ) ) ;
#7279 = DIRECTION ( 'NONE',  ( 0.1984292974655273156, 0.08811254033772600303, -0.9761465023973450172 ) ) ;
#7280 = EDGE_LOOP ( 'NONE', ( #6331, #4237, #7017, #6874 ) ) ;
#7281 = VERTEX_POINT ( 'NONE', #5456 ) ;
#7282 = CARTESIAN_POINT ( 'NONE',  ( -68.23155155733846300, -39.98338051802198834, 20.10000000000000497 ) ) ;
#7283 = EDGE_CURVE ( 'NONE', #1822, #7529, #5718, .T. ) ;
#7284 = CYLINDRICAL_SURFACE ( 'NONE', #1911, 30.00000000000001066 ) ;
#7285 = ORIENTED_EDGE ( 'NONE', *, *, #5191, .F. ) ;
#7286 = ORIENTED_EDGE ( 'NONE', *, *, #1997, .F. ) ;
#7287 = CARTESIAN_POINT ( 'NONE',  ( -44.10424844839981517, -18.95516944180899799, -21.68628222897056901 ) ) ;
#7288 = CARTESIAN_POINT ( 'NONE',  ( -139.8067776635398332, -40.37850783942602106, 5.152885616724326212 ) ) ;
#7289 = VECTOR ( 'NONE', #7135, 1000.000000000000227 ) ;
#7290 = CIRCLE ( 'NONE', #3616, 17.00000000000000355 ) ;
#7291 = ORIENTED_EDGE ( 'NONE', *, *, #2672, .T. ) ;
#7292 = CARTESIAN_POINT ( 'NONE',  ( -63.38860887689211410, -14.10411774266980345, 5.500000000000001776 ) ) ;
#7293 = EDGE_CURVE ( 'NONE', #1400, #3917, #5141, .T. ) ;
#7294 = ORIENTED_EDGE ( 'NONE', *, *, #5551, .F. ) ;
#7295 = DIRECTION ( 'NONE',  ( 0.4058374489394843687, -0.9139452746408243122, 1.232595164407831220E-32 ) ) ;
#7296 = FACE_OUTER_BOUND ( 'NONE', #6258, .T. ) ;
#7297 = ORIENTED_EDGE ( 'NONE', *, *, #4926, .F. ) ;
#7298 = DIRECTION ( 'NONE',  ( -1.522024630730408022E-16, -6.758551201016278582E-17, -1.000000000000000000 ) ) ;
#7299 = CARTESIAN_POINT ( 'NONE',  ( -118.1508107486845205, -18.66478809734867284, 16.60000000000001208 ) ) ;
#7300 = CARTESIAN_POINT ( 'NONE',  ( -61.09782099253520471, -35.08009146387704646, 12.09952186011842734 ) ) ;
#7301 = DIRECTION ( 'NONE',  ( 0.9139452746408235351, 0.4058374489394856455, 0.000000000000000000 ) ) ;
#7302 = EDGE_CURVE ( 'NONE', #327, #5921, #752, .T. ) ;
#7303 = PLANE ( 'NONE',  #2505 ) ;
#7304 = CARTESIAN_POINT ( 'NONE',  ( -119.2069930385551402, -19.83316473634983623, 16.60000000000001208 ) ) ;
#7305 = AXIS2_PLACEMENT_3D ( 'NONE', #3846, #6226, #4457 ) ;
#7306 = CARTESIAN_POINT ( 'NONE',  ( -137.9929312883828061, -43.99722131828384164, -22.14999999999998792 ) ) ;
#7307 = CARTESIAN_POINT ( 'NONE',  ( -137.7739505052872460, -59.34406745629755875, -22.14999999999998437 ) ) ;
#7308 = CARTESIAN_POINT ( 'NONE',  ( -146.6350912793519399, -51.70899645316396942, -2.675592887100095574 ) ) ;
#7309 = DIRECTION ( 'NONE',  ( -0.9139452746408237571, -0.4058374489394851459, 1.665334536937733825E-16 ) ) ;
#7310 = LINE ( 'NONE', #6491, #3444 ) ;
#7311 = CIRCLE ( 'NONE', #7697, 1.500000000000584643 ) ;
#7312 = DIRECTION ( 'NONE',  ( -1.522024630730408022E-16, -6.758551201016278582E-17, -1.000000000000000000 ) ) ;
#7313 = EDGE_LOOP ( 'NONE', ( #4784, #1407, #1002 ) ) ;
#7314 = CONICAL_SURFACE ( 'NONE', #2855, 32.16057989992780364, 0.7853981633974418397 ) ;
#7315 = DIRECTION ( 'NONE',  ( 1.522024630730408022E-16, 6.758551201016278582E-17, 1.000000000000000000 ) ) ;
#7316 = CARTESIAN_POINT ( 'NONE',  ( -131.4234593978879388, -53.06825614626851007, -3.183803752492255779 ) ) ;
#7317 = ORIENTED_EDGE ( 'NONE', *, *, #618, .T. ) ;
#7318 = CARTESIAN_POINT ( 'NONE',  ( -141.9794382398420396, -62.19351952255107108, -21.85762159800992421 ) ) ;
#7319 = FACE_OUTER_BOUND ( 'NONE', #109, .T. ) ;
#7320 = DIRECTION ( 'NONE',  ( 1.522024630730408022E-16, 6.758551201016278582E-17, 1.000000000000000000 ) ) ;
#7321 = ORIENTED_EDGE ( 'NONE', *, *, #2380, .T. ) ;
#7322 = EDGE_LOOP ( 'NONE', ( #2475, #4597, #6049, #4310 ) ) ;
#7323 = B_SPLINE_CURVE_WITH_KNOTS ( 'NONE', 3,
 ( #2709, #7104, #4060, #3410, #6576, #7716, #5949, #5989, #817, #3979, #5822, #2796, #2089, #6489, #1598, #5247, #3327, #326, #852, #2749, #3365, #5863, #3941, #2136, #1551, #2833, #4104, #4676, #5907, #2176, #4635, #6614, #5289, #7144, #7799, #286, #2260, #242, #5331, #7840, #939, #984, #1509, #3495, #4018, #2219, #6528, #371, #7184, #4717, #2877 ),
 .UNSPECIFIED., .F., .F.,
 ( 4, 1, 1, 1, 1, 2, 2, 1, 1, 1, 1, 2, 2, 1, 1, 1, 1, 2, 2, 1, 1, 1, 1, 2, 2, 1, 1, 1, 2, 2, 1, 1, 1, 1, 2, 2, 4 ),
 ( 0.000000000000000000, 0.06250000000000395517, 0.09375000000000593969, 0.1093750000000069250, 0.1171875000000076744, 0.1210937500000078965, 0.1250000000000081324, 0.1875000000000063560, 0.2187500000000057454, 0.2343750000000053013, 0.2421875000000051348, 0.2460937500000052736, 0.2500000000000053846, 0.3125000000000068279, 0.3437500000000074940, 0.3593750000000078271, 0.3671875000000081046, 0.3710937500000083267, 0.3750000000000085487, 0.4375000000000119904, 0.4687500000000136557, 0.4843750000000143219, 0.4921875000000146549, 0.4960937500000147105, 0.5000000000000146549, 0.5625000000000156541, 0.5937500000000159872, 0.6093750000000163203, 0.6171875000000164313, 0.6250000000000164313, 0.6875000000000159872, 0.7187500000000158762, 0.7343750000000158762, 0.7421875000000158762, 0.7460937500000157652, 0.7500000000000156541, 1.000000000000000000 ),
 .UNSPECIFIED. ) ;
#7324 = ORIENTED_EDGE ( 'NONE', *, *, #7033, .F. ) ;
#7325 = DIRECTION ( 'NONE',  ( -1.000000000000000000, 0.000000000000000000, 1.982541115402065356E-16 ) ) ;
#7326 = DIRECTION ( 'NONE',  ( -0.9139452746408242012, -0.4058374489394842577, 8.326672684688670355E-17 ) ) ;
#7327 = ADVANCED_FACE ( 'NONE', ( #140 ), #3178, .T. ) ;
#7328 = B_SPLINE_SURFACE_WITH_KNOTS ( 'NONE', 3, 1, ( 
 ( #5026, #177 ),
 ( #6299, #676 ),
 ( #64, #2564 ),
 ( #1398, #5060 ) ),
 .UNSPECIFIED., .F., .F., .F.,
 ( 4, 4 ),
 ( 2, 2 ),
 ( 0.000000000000000000, 1.000000000000000000 ),
 ( 0.000000000000000000, 1.000000000000000000 ),
 .UNSPECIFIED. ) ;
#7329 = ORIENTED_EDGE ( 'NONE', *, *, #3969, .F. ) ;
#7330 = DIRECTION ( 'NONE',  ( -0.9610761936858049914, 0.000000000000000000, 0.2762834593861984156 ) ) ;
#7331 = CARTESIAN_POINT ( 'NONE',  ( -98.72394471534117599, -4.676606161317431898, 18.10000000000000497 ) ) ;
#7332 = AXIS2_PLACEMENT_3D ( 'NONE', #3532, #5410, #7920 ) ;
#7333 = ORIENTED_EDGE ( 'NONE', *, *, #5578, .F. ) ;
#7334 = CARTESIAN_POINT ( 'NONE',  ( -88.65932480020906326, -4.869713321346938351, 16.60000000000000497 ) ) ;
#7335 = ORIENTED_EDGE ( 'NONE', *, *, #6917, .F. ) ;
#7336 = FACE_BOUND ( 'NONE', #7765, .T. ) ;
#7337 = CARTESIAN_POINT ( 'NONE',  ( -60.43945236115844466, -32.84252509689246580, 5.250062145364835509 ) ) ;
#7338 = EDGE_CURVE ( 'NONE', #7638, #314, #5143, .T. ) ;
#7339 = ORIENTED_EDGE ( 'NONE', *, *, #6382, .T. ) ;
#7340 = CARTESIAN_POINT ( 'NONE',  ( -55.73785657070854427, -7.471850913730354371, -25.68553390593274344 ) ) ;
#7341 = CARTESIAN_POINT ( 'NONE',  ( -113.1804643995104129, -58.62831123499481834, -9.850336175392859772 ) ) ;
#7342 = AXIS2_PLACEMENT_3D ( 'NONE', #4615, #5843, #961 ) ;
#7343 = VECTOR ( 'NONE', #4748, 1000.000000000000000 ) ;
#7344 = EDGE_CURVE ( 'NONE', #5787, #2075, #1399, .T. ) ;
#7345 = CARTESIAN_POINT ( 'NONE',  ( -60.24267692705948463, -32.19030574579585391, 11.85230686772074726 ) ) ;
#7346 = DIRECTION ( 'NONE',  ( 0.4058374489394843132, -0.9139452746408243122, 1.232595164407831220E-32 ) ) ;
#7347 = DIRECTION ( 'NONE',  ( -0.6705919300765826874, -0.7418264374610571421, 0.000000000000000000 ) ) ;
#7348 = AXIS2_PLACEMENT_3D ( 'NONE', #4218, #2989, #5484 ) ;
#7349 = CARTESIAN_POINT ( 'NONE',  ( -112.4251455594378086, -51.46340815831081983, -14.43937872859406113 ) ) ;
#7350 = EDGE_CURVE ( 'NONE', #4171, #1314, #5461, .T. ) ;
#7351 = VECTOR ( 'NONE', #2308, 1000.000000000000000 ) ;
#7352 = CARTESIAN_POINT ( 'NONE',  ( -95.79203009365117794, -20.83375678581511181, -22.14999999999999503 ) ) ;
#7353 = CARTESIAN_POINT ( 'NONE',  ( -79.69293320283668436, 3.199845865316033766, 20.10000000000000497 ) ) ;
#7354 = CARTESIAN_POINT ( 'NONE',  ( -142.1420584832581824, -54.43546500394459997, -4.634583784633877102 ) ) ;
#7355 = CARTESIAN_POINT ( 'NONE',  ( -61.24617638432258815, -5.493668566268474329, 7.561771395982903599 ) ) ;
#7356 = VECTOR ( 'NONE', #5986, 1000.000000000000114 ) ;
#7357 = DIRECTION ( 'NONE',  ( -1.522024630730408022E-16, -6.758551201016278582E-17, -1.000000000000000000 ) ) ;
#7358 = VERTEX_POINT ( 'NONE', #4563 ) ;
#7359 = CARTESIAN_POINT ( 'NONE',  ( -100.4125857312673276, -20.48750484791351667, 20.10000000000000853 ) ) ;
#7360 = CARTESIAN_POINT ( 'NONE',  ( -61.70809798255913137, -5.349530295781845801, 7.888774689360089631 ) ) ;
#7361 = AXIS2_PLACEMENT_3D ( 'NONE', #4312, #6327, #4930 ) ;
#7362 = ORIENTED_EDGE ( 'NONE', *, *, #5900, .T. ) ;
#7363 = FACE_OUTER_BOUND ( 'NONE', #7022, .T. ) ;
#7364 = FACE_OUTER_BOUND ( 'NONE', #3301, .T. ) ;
#7365 = VERTEX_POINT ( 'NONE', #1327 ) ;
#7366 = EDGE_LOOP ( 'NONE', ( #5344, #6446, #1411, #2331 ) ) ;
#7367 = DIRECTION ( 'NONE',  ( -0.6705919300765831315, -0.7418264374610565870, 1.387778780781444936E-16 ) ) ;
#7368 = VERTEX_POINT ( 'NONE', #3300 ) ;
#7369 = CARTESIAN_POINT ( 'NONE',  ( -91.11105216245708505, -30.29549305777611679, 20.10000000000000853 ) ) ;
#7370 = CARTESIAN_POINT ( 'NONE',  ( -124.2539178553566330, -39.55079759500298309, -14.69999999999998863 ) ) ;
#7371 = ORIENTED_EDGE ( 'NONE', *, *, #3090, .F. ) ;
#7372 = CARTESIAN_POINT ( 'NONE',  ( -90.77168937995030262, -7.206466599349267810, 12.50000000000000533 ) ) ;
#7373 = ORIENTED_EDGE ( 'NONE', *, *, #7672, .T. ) ;
#7374 = CIRCLE ( 'NONE', #5797, 1.500000000000005107 ) ;
#7375 = ORIENTED_EDGE ( 'NONE', *, *, #3079, .F. ) ;
#7377 = EDGE_CURVE ( 'NONE', #4121, #5358, #7423, .T. ) ;
#7376 = CARTESIAN_POINT ( 'NONE',  ( -139.0504061349605536, -61.39758193289972610, -21.42951030290718606 ) ) ;
#7378 = ORIENTED_EDGE ( 'NONE', *, *, #7731, .F. ) ;
#7379 = CARTESIAN_POINT ( 'NONE',  ( -134.3642860891744419, -49.99750073485931523, 3.297348375675351217 ) ) ;
#7380 = CARTESIAN_POINT ( 'NONE',  ( -146.2691659110042792, -52.53305978725911274, -2.880871599362769597 ) ) ;
#7381 = FACE_OUTER_BOUND ( 'NONE', #2884, .T. ) ;
#7382 = PLANE ( 'NONE',  #3032 ) ;
#7383 = CIRCLE ( 'NONE', #5272, 1.574999999999997069 ) ;
#7384 = ADVANCED_FACE ( 'NONE', ( #2604 ), #7074, .F. ) ;
#7385 = DIRECTION ( 'NONE',  ( 0.9139452746408242012, 0.4058374489394840356, -1.665334536937733825E-16 ) ) ;
#7386 = CARTESIAN_POINT ( 'NONE',  ( -86.37035684573547201, -39.60959725495166595, 18.10000000000000497 ) ) ;
#7387 = EDGE_CURVE ( 'NONE', #6940, #7455, #4361, .T. ) ;
#7388 = DIRECTION ( 'NONE',  ( 0.6705919300765827984, 0.7418264374610570311, 0.000000000000000000 ) ) ;
#7389 = CARTESIAN_POINT ( 'NONE',  ( -136.9925975239741547, -61.10367309881206666, -20.71785467365289080 ) ) ;
#7390 = DIRECTION ( 'NONE',  ( 1.522024630730408022E-16, 6.758551201016278582E-17, 1.000000000000000000 ) ) ;
#7391 = LINE ( 'NONE', #6777, #2431 ) ;
#7392 = CARTESIAN_POINT ( 'NONE',  ( -132.6626857227505241, -37.20617342435014763, -9.999999999999985789 ) ) ;
#7393 = EDGE_CURVE ( 'NONE', #7151, #5801, #2679, .T. ) ;
#7394 = CARTESIAN_POINT ( 'NONE',  ( -132.1145027447464031, -48.99848431833694207, 1.998918847003438026 ) ) ;
#7395 = EDGE_LOOP ( 'NONE', ( #5406, #6795, #2931, #5677 ) ) ;
#7396 = DIRECTION ( 'NONE',  ( 0.6705919300765831315, 0.7418264374610566980, 0.000000000000000000 ) ) ;
#7397 = CARTESIAN_POINT ( 'NONE',  ( -80.39705472941710696, 2.420928105981917877, 15.60000000000000497 ) ) ;
#7398 = ORIENTED_EDGE ( 'NONE', *, *, #1763, .T. ) ;
#7399 = CARTESIAN_POINT ( 'NONE',  ( -142.1929874958459834, -61.71260694551341430, -22.09162216825782821 ) ) ;
#7400 = CARTESIAN_POINT ( 'NONE',  ( -78.14499124294971466, -35.64177025795410714, 14.45000000000000817 ) ) ;
#7401 = CARTESIAN_POINT ( 'NONE',  ( -97.61980985088182194, -26.56909085815083316, -3.699999999999994849 ) ) ;
#7402 = VERTEX_POINT ( 'NONE', #4606 ) ;
#7403 = VERTEX_POINT ( 'NONE', #6344 ) ;
#7404 = CARTESIAN_POINT ( 'NONE',  ( -124.1843473507713185, -57.04748642755149746, -6.509331205445879398 ) ) ;
#7405 = ORIENTED_EDGE ( 'NONE', *, *, #3367, .T. ) ;
#7406 = FACE_BOUND ( 'NONE', #5732, .T. ) ;
#7407 = CARTESIAN_POINT ( 'NONE',  ( -57.19682757630344128, -12.83196012018881049, 6.906601717798151796 ) ) ;
#7408 = VERTEX_POINT ( 'NONE', #5833 ) ;
#7409 = ADVANCED_FACE ( 'NONE', ( #6995 ), #3388, .T. ) ;
#7410 = LINE ( 'NONE', #6217, #6553 ) ;
#7411 = ORIENTED_EDGE ( 'NONE', *, *, #1462, .T. ) ;
#7412 = AXIS2_PLACEMENT_3D ( 'NONE', #6574, #369, #937 ) ;
#7413 = EDGE_CURVE ( 'NONE', #6013, #1408, #7116, .T. ) ;
#7414 = B_SPLINE_CURVE_WITH_KNOTS ( 'NONE', 3,
 ( #7182, #892, #5329, #284, #6487, #4674, #850, #4102, #6612, #1549 ),
 .UNSPECIFIED., .F., .F.,
 ( 4, 2, 2, 2, 4 ),
 ( 0.000000000000000000, 0.002592735139166033390, 0.005185470278332066779, 0.007778205417498102771, 0.01037094055666413876 ),
 .UNSPECIFIED. ) ;
#7415 = ORIENTED_EDGE ( 'NONE', *, *, #8073, .F. ) ;
#7416 = CARTESIAN_POINT ( 'NONE',  ( -139.1295334641855845, -61.21937827919001762, -21.64871882436757033 ) ) ;
#7417 = EDGE_CURVE ( 'NONE', #41, #3463, #2146, .T. ) ;
#7418 = VERTEX_POINT ( 'NONE', #6588 ) ;
#7419 =( BOUNDED_CURVE ( )  B_SPLINE_CURVE ( 3, ( #5409, #7918, #6644, #1176 ),
 .UNSPECIFIED., .F., .F. ) 
 B_SPLINE_CURVE_WITH_KNOTS ( ( 4, 4 ),
 ( 3.141592653589793116, 6.283185307179586232 ),
 .UNSPECIFIED. ) 
 CURVE ( )  GEOMETRIC_REPRESENTATION_ITEM ( )  RATIONAL_B_SPLINE_CURVE ( ( 1.000000000000000000, 0.3333333333333333703, 0.3333333333333333703, 1.000000000000000000 ) ) 
 REPRESENTATION_ITEM ( '' )  );
#7420 = CARTESIAN_POINT ( 'NONE',  ( -142.0980828376727914, -61.92633208129345945, -14.55985207637590051 ) ) ;
#7421 = ORIENTED_EDGE ( 'NONE', *, *, #7940, .T. ) ;
#7422 = CYLINDRICAL_SURFACE ( 'NONE', #1008, 2.875000000000000888 ) ;
#7423 = B_SPLINE_CURVE_WITH_KNOTS ( 'NONE', 3,
 ( #3257, #6416, #4487, #5795 ),
 .UNSPECIFIED., .F., .F.,
 ( 4, 4 ),
 ( -0.0008716010103029438877, 0.0008716010103030488385 ),
 .UNSPECIFIED. ) ;
#7424 = DIRECTION ( 'NONE',  ( -0.6705919300765830204, -0.7418264374610566980, 1.522024630730407282E-16 ) ) ;
#7425 = FACE_OUTER_BOUND ( 'NONE', #6752, .T. ) ;
#7426 = B_SPLINE_CURVE_WITH_KNOTS ( 'NONE', 3,
 ( #112, #5847, #2612, #3267 ),
 .UNSPECIFIED., .F., .F.,
 ( 4, 4 ),
 ( 0.000000000000000000, 0.8985083637399242651 ),
 .UNSPECIFIED. ) ;
#7427 = DIRECTION ( 'NONE',  ( -0.9139452746408243122, -0.4058374489394839246, 0.000000000000000000 ) ) ;
#7428 = LINE ( 'NONE', #1797, #1302 ) ;
#7429 = EDGE_CURVE ( 'NONE', #74, #6719, #3379, .T. ) ;
#7430 = CARTESIAN_POINT ( 'NONE',  ( -137.0496037494746702, -60.97529517174437075, -21.09685713910385729 ) ) ;
#7431 = CARTESIAN_POINT ( 'NONE',  ( -131.4234593978879388, -53.06825614626849585, -3.183803752492255779 ) ) ;
#7432 = FACE_BOUND ( 'NONE', #6674, .T. ) ;
#7433 = CARTESIAN_POINT ( 'NONE',  ( -95.54535217844019712, -19.36169012243144749, 22.50000000000001066 ) ) ;
#7434 = AXIS2_PLACEMENT_3D ( 'NONE', #3996, #832, #3259 ) ;
#7435 = VECTOR ( 'NONE', #7113, 1000.000000000000000 ) ;
#7436 = PLANE ( 'NONE',  #2401 ) ;
#7437 = ORIENTED_EDGE ( 'NONE', *, *, #5608, .F. ) ;
#7438 = CARTESIAN_POINT ( 'NONE',  ( -133.0399288012109764, -37.37368823386940875, 1.305171413906723865 ) ) ;
#7439 = CARTESIAN_POINT ( 'NONE',  ( -128.0271836271502366, -55.80619911204895089, 2.482925003817170850 ) ) ;
#7440 = CARTESIAN_POINT ( 'NONE',  ( -115.3994022455504904, -59.23657179003395612, -6.289805417401327148 ) ) ;
#7441 = CARTESIAN_POINT ( 'NONE',  ( -61.05660864481421868, -34.89891437466445723, 5.955007691420018290 ) ) ;
#7442 = VERTEX_POINT ( 'NONE', #2763 ) ;
#7443 = ORIENTED_EDGE ( 'NONE', *, *, #2420, .T. ) ;
#7444 = DIRECTION ( 'NONE',  ( 1.522024630730408022E-16, 6.758551201016278582E-17, 1.000000000000000000 ) ) ;
#7445 = CIRCLE ( 'NONE', #2984, 2.100000000000001865 ) ;
#7446 = AXIS2_PLACEMENT_3D ( 'NONE', #4609, #999, #868 ) ;
#7447 = EDGE_CURVE ( 'NONE', #4130, #2710, #4489, .T. ) ;
#7448 = ORIENTED_EDGE ( 'NONE', *, *, #6846, .T. ) ;
#7449 = CARTESIAN_POINT ( 'NONE',  ( -129.2033850473993652, -57.77205057294426638, -13.14809138725792081 ) ) ;
#7450 = CARTESIAN_POINT ( 'NONE',  ( -54.31693907542911859, -9.468402074290402481, 3.043695845959282220 ) ) ;
#7451 = ORIENTED_EDGE ( 'NONE', *, *, #7660, .T. ) ;
#7452 = DIRECTION ( 'NONE',  ( -0.5996508449978008581, -0.6633495425667210732, -0.4476452261221435802 ) ) ;
#7453 = ORIENTED_EDGE ( 'NONE', *, *, #4670, .F. ) ;
#7454 = ADVANCED_FACE ( 'NONE', ( #4646 ), #337, .T. ) ;
#7455 = VERTEX_POINT ( 'NONE', #6048 ) ;
#7456 = CARTESIAN_POINT ( 'NONE',  ( -137.7739505052872460, -59.34406745629755875, -22.14999999999998437 ) ) ;
#7457 = ORIENTED_EDGE ( 'NONE', *, *, #3139, .T. ) ;
#7458 = CARTESIAN_POINT ( 'NONE',  ( -60.77950051517002805, -33.85279510030073880, 5.722832274371086214 ) ) ;
#7459 = AXIS2_PLACEMENT_3D ( 'NONE', #3869, #5675, #1282 ) ;
#7460 = CARTESIAN_POINT ( 'NONE',  ( -130.6219388064208147, -58.40195944683284068, -14.69999999999998508 ) ) ;
#7461 = CARTESIAN_POINT ( 'NONE',  ( -139.6918999084399218, -59.98391871886547477, -22.14999999999998082 ) ) ;
#7462 = CARTESIAN_POINT ( 'NONE',  ( -91.11105216245707084, -30.29549305777610968, 22.50000000000001066 ) ) ;
#7463 = CARTESIAN_POINT ( 'NONE',  ( -118.1508107486845205, -18.66478809734867284, 12.50000000000001066 ) ) ;
#7464 = CARTESIAN_POINT ( 'NONE',  ( -136.4030325933260031, -58.73531128288833258, -22.14999999999998437 ) ) ;
#7465 = DIRECTION ( 'NONE',  ( -1.522024630730408022E-16, -6.758551201016278582E-17, -1.000000000000000000 ) ) ;
#7466 = DIRECTION ( 'NONE',  ( -1.522024630730408022E-16, -6.758551201016278582E-17, -1.000000000000000000 ) ) ;
#7467 = AXIS2_PLACEMENT_3D ( 'NONE', #4703, #7955, #5403 ) ;
#7468 = CARTESIAN_POINT ( 'NONE',  ( -146.7782662949337578, -43.47419774557211980, -2.886758449375609548 ) ) ;
#7469 = LINE ( 'NONE', #1111, #3183 ) ;
#7470 = VERTEX_POINT ( 'NONE', #7239 ) ;
#7471 = CIRCLE ( 'NONE', #2496, 1.124999999999997335 ) ;
#7472 = CARTESIAN_POINT ( 'NONE',  ( -127.3085420921591435, -38.93364007781028846, 20.10000000000001208 ) ) ;
#7473 = FACE_OUTER_BOUND ( 'NONE', #6411, .T. ) ;
#7474 = CARTESIAN_POINT ( 'NONE',  ( -107.5515181425170113, -21.84033093509863122, 14.50000000000001066 ) ) ;
#7475 = EDGE_CURVE ( 'NONE', #5801, #7666, #5388, .T. ) ;
#7476 = DIRECTION ( 'NONE',  ( 0.4058374489394843687, -0.9139452746408243122, 1.232595164407831220E-32 ) ) ;
#7477 = ORIENTED_EDGE ( 'NONE', *, *, #2031, .F. ) ;
#7478 = AXIS2_PLACEMENT_3D ( 'NONE', #2916, #5414, #6196 ) ;
#7479 = VERTEX_POINT ( 'NONE', #4114 ) ;
#7480 = CARTESIAN_POINT ( 'NONE',  ( -46.80433264170498830, -20.58685097350731397, -14.70000000000000107 ) ) ;
#7481 = VERTEX_POINT ( 'NONE', #2272 ) ;
#7482 = DIRECTION ( 'NONE',  ( -1.522024630730408022E-16, -6.758551201016278582E-17, -1.000000000000000000 ) ) ;
#7483 = AXIS2_PLACEMENT_3D ( 'NONE', #6030, #280, #4099 ) ;
#7484 = ADVANCED_FACE ( 'NONE', ( #5259 ), #7154, .F. ) ;
#7485 = CARTESIAN_POINT ( 'NONE',  ( -49.86482007262250704, -21.12008356620890837, 2.869686515792026160 ) ) ;
#7486 = ADVANCED_FACE ( 'NONE', ( #7194 ), #2347, .F. ) ;
#7487 = ORIENTED_EDGE ( 'NONE', *, *, #491, .F. ) ;
#7488 = ADVANCED_FACE ( 'NONE', ( #2222 ), #3544, .T. ) ;
#7489 = DIRECTION ( 'NONE',  ( -0.2742274291513550621, -0.1217707048376132223, -0.9539241125710102853 ) ) ;
#7490 = ORIENTED_EDGE ( 'NONE', *, *, #7950, .T. ) ;
#7491 = B_SPLINE_CURVE_WITH_KNOTS ( 'NONE', 3,
 ( #5370, #7265, #4140, #6695, #6073, #6651, #412, #2914 ),
 .UNSPECIFIED., .F., .F.,
 ( 4, 2, 2, 4 ),
 ( 0.0001854017959104206821, 0.006994461914935224366, 0.01039899197444762655, 0.01380352203396002786 ),
 .UNSPECIFIED. ) ;
#7492 = ORIENTED_EDGE ( 'NONE', *, *, #2027, .F. ) ;
#7493 = CARTESIAN_POINT ( 'NONE',  ( -139.6797112460641017, -59.98037880963821067, -22.14999999999998437 ) ) ;
#7494 = VECTOR ( 'NONE', #3202, 1000.000000000000114 ) ;
#7495 = ORIENTED_EDGE ( 'NONE', *, *, #4255, .F. ) ;
#7496 = CARTESIAN_POINT ( 'NONE',  ( -142.1753351892203341, -61.75235991131199853, -13.99735087793258792 ) ) ;
#7497 = ORIENTED_EDGE ( 'NONE', *, *, #5043, .T. ) ;
#7498 = DIRECTION ( 'NONE',  ( 0.4950000786212405135, 0.5475821112619151387, -0.6746323099221599451 ) ) ;
#7499 = CARTESIAN_POINT ( 'NONE',  ( -136.4030325933260031, -58.73531128288833258, -22.14999999999998437 ) ) ;
#7500 = CIRCLE ( 'NONE', #7107, 30.00000000000000711 ) ;
#7501 = CARTESIAN_POINT ( 'NONE',  ( -127.0080681444252519, -13.15480119827989647, 20.10000000000000853 ) ) ;
#7502 = FILL_AREA_STYLE_COLOUR ( '', #6182 ) ;
#7503 = CARTESIAN_POINT ( 'NONE',  ( -97.61980985088182194, -26.56909085815083671, -21.34999999999999787 ) ) ;
#7504 = CARTESIAN_POINT ( 'NONE',  ( -49.73753745010107252, -6.269772937221070208, -2.407444835499594760 ) ) ;
#7505 = AXIS2_PLACEMENT_3D ( 'NONE', #2017, #5681, #4522 ) ;
#7506 = CARTESIAN_POINT ( 'NONE',  ( -134.9177023101219390, -47.34391877516851110, 6.906601717798161566 ) ) ;
#7507 = EDGE_CURVE ( 'NONE', #6341, #2737, #1337, .T. ) ;
#7508 = LINE ( 'NONE', #2583, #5476 ) ;
#7509 = CARTESIAN_POINT ( 'NONE',  ( -111.7226612015289078, 5.190507435617802479, 20.10000000000000853 ) ) ;
#7510 = EDGE_CURVE ( 'NONE', #3510, #1985, #4106, .T. ) ;
#7511 = CARTESIAN_POINT ( 'NONE',  ( -87.59411362507343313, -39.29545133356011632, -14.69999999999999396 ) ) ;
#7512 = VERTEX_POINT ( 'NONE', #3372 ) ;
#7513 = LINE ( 'NONE', #5660, #1310 ) ;
#7514 = CARTESIAN_POINT ( 'NONE',  ( -127.7676782993246150, -51.44490635051056415, -3.183803752492256667 ) ) ;
#7515 = PLANE ( 'NONE',  #6485 ) ;
#7516 = CARTESIAN_POINT ( 'NONE',  ( -136.1935442364516007, -38.77405133950198746, -9.664955880659857002 ) ) ;
#7517 = CARTESIAN_POINT ( 'NONE',  ( -140.1198871507341437, -50.36496086759949264, -14.69999999999998508 ) ) ;
#7518 = ORIENTED_EDGE ( 'NONE', *, *, #383, .T. ) ;
#7519 = CARTESIAN_POINT ( 'NONE',  ( -118.1508107486845205, -18.66478809734867284, 16.60000000000001208 ) ) ;
#7520 = ORIENTED_EDGE ( 'NONE', *, *, #7700, .T. ) ;
#7521 = CARTESIAN_POINT ( 'NONE',  ( -137.1991522388942428, -60.63851221691369631, -15.49921591969180845 ) ) ;
#7522 = ORIENTED_EDGE ( 'NONE', *, *, #4700, .T. ) ;
#7523 = CARTESIAN_POINT ( 'NONE',  ( -59.21083128360165659, -15.81893451095287340, 9.718990961281699370 ) ) ;
#7524 = AXIS2_PLACEMENT_3D ( 'NONE', #5673, #6339, #5098 ) ;
#7525 = FACE_OUTER_BOUND ( 'NONE', #4647, .T. ) ;
#7526 = ORIENTED_EDGE ( 'NONE', *, *, #917, .F. ) ;
#7527 = CARTESIAN_POINT ( 'NONE',  ( -79.69293320283669857, 3.199845865316033766, 15.60000000000000497 ) ) ;
#7528 = DIRECTION ( 'NONE',  ( 0.4058374489394844242, -0.9139452746408239792, -1.232595164407831220E-32 ) ) ;
#7529 = VERTEX_POINT ( 'NONE', #5418 ) ;
#7530 = ORIENTED_EDGE ( 'NONE', *, *, #555, .T. ) ;
#7531 = FACE_OUTER_BOUND ( 'NONE', #6094, .T. ) ;
#7532 = ORIENTED_EDGE ( 'NONE', *, *, #7133, .F. ) ;
#7533 = VECTOR ( 'NONE', #5327, 1000.000000000000114 ) ;
#7534 = CARTESIAN_POINT ( 'NONE',  ( -137.0472597492244233, -60.98077369408424886, -21.08594234164531755 ) ) ;
#7535 = VERTEX_POINT ( 'NONE', #5866 ) ;
#7536 = DIRECTION ( 'NONE',  ( -1.522024630730408022E-16, -6.758551201016278582E-17, -1.000000000000000000 ) ) ;
#7537 = CARTESIAN_POINT ( 'NONE',  ( -96.51567498642246790, -48.46157555498422909, 18.10000000000000853 ) ) ;
#7538 = ADVANCED_FACE ( 'NONE', ( #7804 ), #4023, .T. ) ;
#7539 = CARTESIAN_POINT ( 'NONE',  ( -45.58073969091074673, -20.59512326821577943, -20.04617264295103141 ) ) ;
#7540 = SURFACE_STYLE_FILL_AREA ( #1373 ) ;
#7541 = CARTESIAN_POINT ( 'NONE',  ( -97.61980985088180773, -26.56909085815083316, 20.10000000000000142 ) ) ;
#7542 = PLANE ( 'NONE',  #1711 ) ;
#7543 = ORIENTED_EDGE ( 'NONE', *, *, #58, .T. ) ;
#7544 = CARTESIAN_POINT ( 'NONE',  ( -136.1859888338353812, -59.22409347609180230, -22.08209200522896865 ) ) ;
#7545 = DIRECTION ( 'NONE',  ( 0.2742274291513623896, 0.1217707048376164419, 0.9539241125710077318 ) ) ;
#7546 = CARTESIAN_POINT ( 'NONE',  ( -139.9899033141715279, -59.28303526061780815, -10.85655562193696611 ) ) ;
#7547 = EDGE_CURVE ( 'NONE', #6682, #7705, #6194, .T. ) ;
#7548 = DIRECTION ( 'NONE',  ( -0.6705919300765841307, -0.7418264374610556988, 0.000000000000000000 ) ) ;
#7549 = EDGE_LOOP ( 'NONE', ( #4111, #1170, #2110, #704 ) ) ;
#7550 = AXIS2_PLACEMENT_3D ( 'NONE', #935, #5945, #1066 ) ;
#7551 = CARTESIAN_POINT ( 'NONE',  ( -116.7278274473381146, -58.87218824257434591, 5.795706215207182765 ) ) ;
#7552 = CARTESIAN_POINT ( 'NONE',  ( -127.3219075507777092, -56.07717771669595663, 2.265527312209855815 ) ) ;
#7553 = CIRCLE ( 'NONE', #4536, 15.00000000000001066 ) ;
#7554 = LINE ( 'NONE', #1965, #3509 ) ;
#7555 = CARTESIAN_POINT ( 'NONE',  ( -47.10472257709767518, -39.91681110611266803, -14.70000000000001172 ) ) ;
#7556 = ORIENTED_EDGE ( 'NONE', *, *, #5084, .F. ) ;
#7557 = CARTESIAN_POINT ( 'NONE',  ( -135.2909467814916695, -44.06287145333190836, -13.14809138725791904 ) ) ;
#7558 = VERTEX_POINT ( 'NONE', #2755 ) ;
#7559 = CARTESIAN_POINT ( 'NONE',  ( -47.04526666660873246, -20.95690488180202493, -17.36375776142100946 ) ) ;
#7560 = VECTOR ( 'NONE', #1118, 1000.000000000000000 ) ;
#7561 = EDGE_CURVE ( 'NONE', #8056, #3787, #4806, .T. ) ;
#7562 = ORIENTED_EDGE ( 'NONE', *, *, #969, .T. ) ;
#7563 = CARTESIAN_POINT ( 'NONE',  ( -58.69203081502426045, -28.90393115956428360, 10.83952504186149923 ) ) ;
#7564 = DIRECTION ( 'NONE',  ( -1.522024630730408022E-16, -6.758551201016278582E-17, -1.000000000000000000 ) ) ;
#7565 = EDGE_LOOP ( 'NONE', ( #4192, #4377 ) ) ;
#7566 = LINE ( 'NONE', #6955, #396 ) ;
#7567 = CARTESIAN_POINT ( 'NONE',  ( -131.3028278468674159, -50.82637486761861112, 0.6839367198426723471 ) ) ;
#7568 = CARTESIAN_POINT ( 'NONE',  ( -106.2416252207046483, -22.96988349774547800, 16.30000000000000782 ) ) ;
#7569 = ORIENTED_EDGE ( 'NONE', *, *, #6720, .T. ) ;
#7570 = CIRCLE ( 'NONE', #873, 4.000000000000057732 ) ;
#7571 = AXIS2_PLACEMENT_3D ( 'NONE', #405, #6105, #5445 ) ;
#7572 = ORIENTED_EDGE ( 'NONE', *, *, #1832, .F. ) ;
#7573 = CARTESIAN_POINT ( 'NONE',  ( -44.12275653936539754, -18.91276477941993406, -16.04037141180296189 ) ) ;
#7574 = EDGE_LOOP ( 'NONE', ( #3054, #5955 ) ) ;
#7575 = CARTESIAN_POINT ( 'NONE',  ( -58.19611581076239304, -28.68315823769204087, 0.2226472766703074257 ) ) ;
#7576 = ORIENTED_EDGE ( 'NONE', *, *, #3274, .F. ) ;
#7577 = PLANE ( 'NONE',  #1924 ) ;
#7578 = DIRECTION ( 'NONE',  ( -1.522024630730407529E-16, -6.758551201016273652E-17, -1.000000000000000000 ) ) ;
#7579 = CARTESIAN_POINT ( 'NONE',  ( -138.3257226695221505, -59.55576789514000779, -22.14999999999998082 ) ) ;
#7580 =( NAMED_UNIT ( * ) PLANE_ANGLE_UNIT ( ) SI_UNIT ( $, .RADIAN. ) );
#7581 = EDGE_CURVE ( 'NONE', #4511, #6948, #5292, .T. ) ;
#7582 = LINE ( 'NONE', #3849, #1956 ) ;
#7583 = CARTESIAN_POINT ( 'NONE',  ( -136.0317941735861211, -59.57133960007057283, -21.93440356030908589 ) ) ;
#7584 = VERTEX_POINT ( 'NONE', #5250 ) ;
#7585 = CARTESIAN_POINT ( 'NONE',  ( -118.1105618241830797, -58.27500395994724869, 5.111642546428511125 ) ) ;
#7586 = ADVANCED_FACE ( 'NONE', ( #987 ), #2180, .F. ) ;
#7587 = FACE_OUTER_BOUND ( 'NONE', #4779, .T. ) ;
#7588 = CARTESIAN_POINT ( 'NONE',  ( -129.2033850473993937, -57.77205057294427348, -13.14809138725792259 ) ) ;
#7589 = DIRECTION ( 'NONE',  ( 0.9139452746408242012, 0.4058374489394840912, -1.665334536937734071E-16 ) ) ;
#7590 = EDGE_CURVE ( 'NONE', #6661, #390, #5837, .T. ) ;
#7591 = CARTESIAN_POINT ( 'NONE',  ( -62.24982418982548893, -29.50954541743082160, -11.03250072227166356 ) ) ;
#7592 = CARTESIAN_POINT ( 'NONE',  ( -124.4576508056904345, -56.99919111201953115, 0.4711469424395300920 ) ) ;
#7593 = LINE ( 'NONE', #4971, #7034 ) ;
#7594 = LINE ( 'NONE', #5742, #7140 ) ;
#7595 = VERTEX_POINT ( 'NONE', #5335 ) ;
#7596 = CARTESIAN_POINT ( 'NONE',  ( -129.8218235801741400, -43.60379034683590760, 5.500000000000013323 ) ) ;
#7597 = VERTEX_POINT ( 'NONE', #7843 ) ;
#7598 = DIRECTION ( 'NONE',  ( 1.522024630730408022E-16, 6.758551201016278582E-17, 1.000000000000000000 ) ) ;
#7599 = B_SPLINE_CURVE_WITH_KNOTS ( 'NONE', 3,
 ( #6731, #4134, #3571, #5560, #4175, #3695 ),
 .UNSPECIFIED., .F., .F.,
 ( 4, 2, 4 ),
 ( 0.01003311600121791110, 0.01388412443210093258, 0.01773513286298398009 ),
 .UNSPECIFIED. ) ;
#7600 = VECTOR ( 'NONE', #2067, 1000.000000000000000 ) ;
#7601 = AXIS2_PLACEMENT_3D ( 'NONE', #7503, #1873, #4423 ) ;
#7602 = EDGE_LOOP ( 'NONE', ( #5719, #7497, #2814, #4751, #664 ) ) ;
#7603 = CARTESIAN_POINT ( 'NONE',  ( -58.18253373574106746, -28.66389317613185739, 0.1889697190565393925 ) ) ;
#7604 = DIRECTION ( 'NONE',  ( 1.522024630730408022E-16, 6.758551201016278582E-17, 1.000000000000000000 ) ) ;
#7605 = VERTEX_POINT ( 'NONE', #4927 ) ;
#7606 = CARTESIAN_POINT ( 'NONE',  ( -128.9185223648449039, -49.82320468080872189, -4.914214297436426016 ) ) ;
#7607 = CARTESIAN_POINT ( 'NONE',  ( -131.2063551384675861, -50.97092469767299150, 0.6761544400271300992 ) ) ;
#7608 = CARTESIAN_POINT ( 'NONE',  ( -108.1382417128424436, -23.34999297748748504, 13.50000000000001066 ) ) ;
#7609 = ORIENTED_EDGE ( 'NONE', *, *, #3469, .T. ) ;
#7610 = AXIS2_PLACEMENT_3D ( 'NONE', #7392, #534, #8079 ) ;
#7611 = VECTOR ( 'NONE', #4066, 1000.000000000000000 ) ;
#7612 = VECTOR ( 'NONE', #2142, 1000.000000000000114 ) ;
#7613 = ADVANCED_FACE ( 'NONE', ( #8085 ), #7436, .F. ) ;
#7614 = CARTESIAN_POINT ( 'NONE',  ( -130.5512770614782312, -18.60671689749957380, 20.10000000000001208 ) ) ;
#7615 = ORIENTED_EDGE ( 'NONE', *, *, #3969, .T. ) ;
#7616 = FACE_OUTER_BOUND ( 'NONE', #2064, .T. ) ;
#7617 = ORIENTED_EDGE ( 'NONE', *, *, #2066, .F. ) ;
#7618 = CARTESIAN_POINT ( 'NONE',  ( -46.99570162617860092, -5.052260590402617879, -2.407444835499595204 ) ) ;
#7619 = AXIS2_PLACEMENT_3D ( 'NONE', #3074, #4342, #1676 ) ;
#7620 = LINE ( 'NONE', #2118, #641 ) ;
#7621 =( NAMED_UNIT ( * ) PLANE_ANGLE_UNIT ( ) SI_UNIT ( $, .RADIAN. ) );
#7622 = DIRECTION ( 'NONE',  ( -0.7418264374610566980, 0.6705919300765832425, 6.758551201016269954E-17 ) ) ;
#7623 = B_SPLINE_CURVE_WITH_KNOTS ( 'NONE', 3,
 ( #389, #4651, #957, #4777 ),
 .UNSPECIFIED., .F., .F.,
 ( 4, 4 ),
 ( 0.000000000000000000, 1.000000000000000000 ),
 .UNSPECIFIED. ) ;
#7624 = CARTESIAN_POINT ( 'NONE',  ( -136.7025902922091802, -51.03582484346310366, -3.183803752492255779 ) ) ;
#7625 = ORIENTED_EDGE ( 'NONE', *, *, #680, .T. ) ;
#7626 = CARTESIAN_POINT ( 'NONE',  ( -118.0300675936615846, -53.15760028113724900, 16.08619718673248045 ) ) ;
#7627 = CARTESIAN_POINT ( 'NONE',  ( -126.1972108844130815, -68.38974080667418320, 3.297348375675351217 ) ) ;
#7628 = CARTESIAN_POINT ( 'NONE',  ( -139.4314652640574366, -60.53951279389615081, -14.02308275254861414 ) ) ;
#7629 =( BOUNDED_SURFACE ( )  B_SPLINE_SURFACE ( 3, 2, ( 
 ( #6812, #6271, #4341 ),
 ( #3736, #3109, #645 ),
 ( #6855, #2498, #3193 ),
 ( #1180, #4997, #1218 ) ),
 .UNSPECIFIED., .F., .F., .F. ) 
 B_SPLINE_SURFACE_WITH_KNOTS ( ( 4, 4 ),
 ( 3, 3 ),
 ( -1.214306433183764966E-17, 0.0003003506504184598230 ),
 ( 0.1017718306520642435, 0.1666226204885683515 ),
 .UNSPECIFIED. ) 
 GEOMETRIC_REPRESENTATION_ITEM ( )  RATIONAL_B_SPLINE_SURFACE ( (
 ( 0.9472187633244218974, 0.9323075648341303534, 0.9198246300226431416),
 ( 0.9472174582201285942, 0.9323058910255324072, 0.9198226475526183332),
 ( 0.9472161597684111145, 0.9323042257489257967, 0.9198206751879409726),
 ( 0.9472148678685687884, 0.9323025688751611639, 0.9198187127756454196) ) ) 
 REPRESENTATION_ITEM ( '' )  SURFACE ( )  );
#7630 = EDGE_CURVE ( 'NONE', #2903, #2880, #6830, .T. ) ;
#7631 = ADVANCED_FACE ( 'NONE', ( #5538 ), #4271, .T. ) ;
#7632 = CARTESIAN_POINT ( 'NONE',  ( -135.0092178743331885, -59.13640986385902920, 1.548411808015302427 ) ) ;
#7633 = CIRCLE ( 'NONE', #4094, 1.124999999999998446 ) ;
#7634 = CARTESIAN_POINT ( 'NONE',  ( -63.74200462771408127, -28.70392103529339067, -14.70000000000087326 ) ) ;
#7635 = CARTESIAN_POINT ( 'NONE',  ( -115.4870179458207105, -53.92757025480703703, -13.00529005118549186 ) ) ;
#7636 = DIRECTION ( 'NONE',  ( 0.6705919300765827984, 0.7418264374610570311, 0.000000000000000000 ) ) ;
#7637 = DIRECTION ( 'NONE',  ( -0.5809417707915726092, 0.5251563487957779941, 0.6218661176403158519 ) ) ;
#7638 = VERTEX_POINT ( 'NONE', #2390 ) ;
#7639 = DIRECTION ( 'NONE',  ( 0.9139452746408235351, 0.4058374489394856455, 0.000000000000000000 ) ) ;
#7640 = ORIENTED_EDGE ( 'NONE', *, *, #336, .F. ) ;
#7641 = DIRECTION ( 'NONE',  ( 0.9139452746408242012, 0.4058374489394840912, -2.775557561562889872E-16 ) ) ;
#7642 = EDGE_CURVE ( 'NONE', #8104, #600, #812, .T. ) ;
#7643 = EDGE_CURVE ( 'NONE', #3917, #4171, #6068, .T. ) ;
#7644 = EDGE_CURVE ( 'NONE', #5209, #1822, #7469, .T. ) ;
#7645 = ORIENTED_EDGE ( 'NONE', *, *, #7073, .T. ) ;
#7646 = CARTESIAN_POINT ( 'NONE',  ( -54.83631528494555596, -24.12249901411672326, 7.495538374977805951 ) ) ;
#7647 = CARTESIAN_POINT ( 'NONE',  ( -89.71550709007968294, -6.038089960348102636, 10.10000000000000675 ) ) ;
#7648 = VERTEX_POINT ( 'NONE', #7394 ) ;
#7649 = CARTESIAN_POINT ( 'NONE',  ( -128.9185223648449039, -49.82320468080872189, -4.914214297436426016 ) ) ;
#7650 = DIRECTION ( 'NONE',  ( 0.9139452746408237571, 0.4058374489394852569, -1.665334536937734318E-16 ) ) ;
#7651 = DIRECTION ( 'NONE',  ( 0.9139452746408243122, 0.4058374489394839246, -1.665334536937734071E-16 ) ) ;
#7652 = ORIENTED_EDGE ( 'NONE', *, *, #1319, .T. ) ;
#7653 = CIRCLE ( 'NONE', #4109, 17.50000000000000000 ) ;
#7654 = ADVANCED_FACE ( 'NONE', ( #6781 ), #4351, .T. ) ;
#7655 = CARTESIAN_POINT ( 'NONE',  ( -44.31972446993258785, -18.47067895279932515, -14.45887287674530874 ) ) ;
#7656 = EDGE_LOOP ( 'NONE', ( #6212, #5468, #5710, #2429 ) ) ;
#7657 = CARTESIAN_POINT ( 'NONE',  ( -58.00004844030840445, -28.42255540594678109, -0.2572084359002623222 ) ) ;
#7658 = VERTEX_POINT ( 'NONE', #1150 ) ;
#7659 = CARTESIAN_POINT ( 'NONE',  ( -136.7260943096650294, -55.91097527495274022, -3.624871654582938696 ) ) ;
#7660 = EDGE_CURVE ( 'NONE', #3939, #1552, #3625, .T. ) ;
#7661 = ORIENTED_CLOSED_SHELL ( 'NONE', *, #7830, .F. );
#7662 = FACE_OUTER_BOUND ( 'NONE', #1566, .T. ) ;
#7663 =( NAMED_UNIT ( * ) SI_UNIT ( $, .STERADIAN. ) SOLID_ANGLE_UNIT ( ) );
#7664 = CARTESIAN_POINT ( 'NONE',  ( -45.65786450611257408, -20.38510875007648693, -21.08151555149614964 ) ) ;
#7665 = DIRECTION ( 'NONE',  ( 0.9134877471646790648, 0.4056342838388042327, -0.03163800806909145003 ) ) ;
#7666 = VERTEX_POINT ( 'NONE', #6864 ) ;
#7667 = CARTESIAN_POINT ( 'NONE',  ( -122.0132015156194001, -57.00785020674109660, 10.83162988535398519 ) ) ;
#7668 = DIRECTION ( 'NONE',  ( -0.1984292974655315900, -0.08811254033772789040, 0.9761465023973440180 ) ) ;
#7669 = DIRECTION ( 'NONE',  ( -1.522024630730408022E-16, -6.758551201016278582E-17, -1.000000000000000000 ) ) ;
#7670 = VECTOR ( 'NONE', #2174, 1000.000000000000000 ) ;
#7671 = CARTESIAN_POINT ( 'NONE',  ( -92.38463137604782105, -36.24343354055746858, 14.50000000000000711 ) ) ;
#7672 = EDGE_CURVE ( 'NONE', #71, #5963, #4379, .T. ) ;
#7673 = CARTESIAN_POINT ( 'NONE',  ( -69.26303483644767311, -34.30741296827498843, -14.31594876364454727 ) ) ;
#7674 = CARTESIAN_POINT ( 'NONE',  ( -114.1481075315502807, -53.04983805221272064, -13.73733957257399219 ) ) ;
#7675 = CARTESIAN_POINT ( 'NONE',  ( -44.19171016745833924, -18.75896695366894207, -21.84619567024299158 ) ) ;
#7676 = CARTESIAN_POINT ( 'NONE',  ( -70.20145161165707748, -14.39396738996630631, -17.14999999999996305 ) ) ;
#7677 = VERTEX_POINT ( 'NONE', #4191 ) ;
#7678 = AXIS2_PLACEMENT_3D ( 'NONE', #809, #3486, #2699 ) ;
#7679 = DIRECTION ( 'NONE',  ( 0.6705919300765831315, 0.7418264374610565870, -1.387778780781444936E-16 ) ) ;
#7680 = ORIENTED_EDGE ( 'NONE', *, *, #7644, .T. ) ;
#7681 = PLANE ( 'NONE',  #1989 ) ;
#7682 = ORIENTED_EDGE ( 'NONE', *, *, #3534, .F. ) ;
#7683 = CARTESIAN_POINT ( 'NONE',  ( -87.28973553836850385, -39.98091028954144122, -21.34999999999999787 ) ) ;
#7684 = LINE ( 'NONE', #2052, #4726 ) ;
#7685 = ORIENTED_EDGE ( 'NONE', *, *, #363, .T. ) ;
#7686 = CARTESIAN_POINT ( 'NONE',  ( -45.40058528830385853, -16.03658214858324271, -8.985648140408127205 ) ) ;
#7687 = CARTESIAN_POINT ( 'NONE',  ( -71.64825753164367939, -10.11271326579585406, -11.79316348048144647 ) ) ;
#7688 = VERTEX_POINT ( 'NONE', #5615 ) ;
#7689 = EDGE_CURVE ( 'NONE', #3120, #7479, #1, .T. ) ;
#7690 = AXIS2_PLACEMENT_3D ( 'NONE', #6545, #6005, #3560 ) ;
#7691 = CARTESIAN_POINT ( 'NONE',  ( -45.25834832044498768, -16.35687942355645319, -9.534228634411821446 ) ) ;
#7692 = ORIENTED_EDGE ( 'NONE', *, *, #5100, .T. ) ;
#7693 = EDGE_LOOP ( 'NONE', ( #1497, #24, #2268 ) ) ;
#7694 = AXIS2_PLACEMENT_3D ( 'NONE', #1814, #6754, #1236 ) ;
#7695 = CARTESIAN_POINT ( 'NONE',  ( -137.1982426329132068, -60.64057155567199686, -21.56211644622822021 ) ) ;
#7696 = CARTESIAN_POINT ( 'NONE',  ( -131.7248129391122689, -19.90491316305642044, 15.60000000000001386 ) ) ;
#7697 = AXIS2_PLACEMENT_3D ( 'NONE', #3891, #1995, #2620 ) ;
#7698 = B_SPLINE_CURVE_WITH_KNOTS ( 'NONE', 3,
 ( #6516, #7213, #7134, #5812 ),
 .UNSPECIFIED., .F., .F.,
 ( 4, 4 ),
 ( -9.274943283201991854E-07, 0.09360275521591553127 ),
 .UNSPECIFIED. ) ;
#7699 = VECTOR ( 'NONE', #5876, 1000.000000000000114 ) ;
#7700 = EDGE_CURVE ( 'NONE', #5332, #5963, #1959, .T. ) ;
#7701 = ORIENTED_EDGE ( 'NONE', *, *, #633, .T. ) ;
#7702 = FACE_OUTER_BOUND ( 'NONE', #1742, .T. ) ;
#7703 = DIRECTION ( 'NONE',  ( 1.522024630730408022E-16, 6.758551201016278582E-17, 1.000000000000000000 ) ) ;
#7704 = DIRECTION ( 'NONE',  ( 0.4950000786212445103, 0.5475821112619193576, 0.6746323099221536168 ) ) ;
#7705 = VERTEX_POINT ( 'NONE', #7671 ) ;
#7706 = CARTESIAN_POINT ( 'NONE',  ( -115.7972669529863623, -59.36959418556907053, 12.09952003084686822 ) ) ;
#7707 = DIRECTION ( 'NONE',  ( -0.9139452746409045814, -0.4058374489393031248, -5.349860833317263814E-15 ) ) ;
#7708 = CARTESIAN_POINT ( 'NONE',  ( -138.3890704754328738, -39.74897488539809132, 6.736382682932199550 ) ) ;
#7709 = DIRECTION ( 'NONE',  ( -0.6705919300765829094, -0.7418264374610568090, 1.618183019125878857E-16 ) ) ;
#7710 = CARTESIAN_POINT ( 'NONE',  ( -67.44844436747429484, -32.14928812443817208, -13.95000713639092105 ) ) ;
#7711 = CARTESIAN_POINT ( 'NONE',  ( -116.4209457966442613, -52.09600772805295321, -14.69999999999877005 ) ) ;
#7712 = CARTESIAN_POINT ( 'NONE',  ( -44.09838205097986474, -18.96914172011676314, -21.67887339977874817 ) ) ;
#7713 = LINE ( 'NONE', #5373, #3481 ) ;
#7714 = CIRCLE ( 'NONE', #6404, 26.16057989992778943 ) ;
#7715 = CARTESIAN_POINT ( 'NONE',  ( -148.2439180755852135, -48.08592112589870027, -2.407444835499566338 ) ) ;
#7716 = CARTESIAN_POINT ( 'NONE',  ( -45.10512128149306932, -9.309844450314148645, -3.539427658553228273 ) ) ;
#7717 = VERTEX_POINT ( 'NONE', #5656 ) ;
#7718 = FACE_OUTER_BOUND ( 'NONE', #2369, .T. ) ;
#7719 = EDGE_CURVE ( 'NONE', #8110, #468, #2129, .T. ) ;
#7720 = ORIENTED_EDGE ( 'NONE', *, *, #7447, .T. ) ;
#7721 = DIRECTION ( 'NONE',  ( -0.6705919300765830204, -0.7418264374610565870, 1.530638361156005506E-16 ) ) ;
#7722 = CARTESIAN_POINT ( 'NONE',  ( -63.38860887689211410, -14.10411774266980345, -9.999999999999998224 ) ) ;
#7723 = ORIENTED_EDGE ( 'NONE', *, *, #2523, .T. ) ;
#7724 = CARTESIAN_POINT ( 'NONE',  ( -45.36792243381371748, -8.718016682917332005, -3.212004222428119338 ) ) ;
#7725 = CARTESIAN_POINT ( 'NONE',  ( -82.43270857789077866, -35.26402932394314860, 14.50000000000000711 ) ) ;
#7726 = CARTESIAN_POINT ( 'NONE',  ( -137.8663710179144744, -39.06865966523303513, 7.441469975033145445 ) ) ;
#7727 = ORIENTED_EDGE ( 'NONE', *, *, #7338, .T. ) ;
#7728 = CIRCLE ( 'NONE', #2365, 2.875000000000003553 ) ;
#7729 = AXIS2_PLACEMENT_3D ( 'NONE', #607, #528, #3660 ) ;
#7730 = CYLINDRICAL_SURFACE ( 'NONE', #4073, 1.750000000000002220 ) ;
#7731 = EDGE_CURVE ( 'NONE', #1431, #6831, #4234, .T. ) ;
#7732 = ADVANCED_FACE ( 'NONE', ( #6901 ), #5670, .T. ) ;
#7733 = EDGE_CURVE ( 'NONE', #4640, #5390, #5271, .T. ) ;
#7734 = DIRECTION ( 'NONE',  ( 0.000000000000000000, 0.000000000000000000, 1.000000000000000000 ) ) ;
#7735 = CIRCLE ( 'NONE', #4203, 1.124999999999998446 ) ;
#7736 = ORIENTED_EDGE ( 'NONE', *, *, #5697, .T. ) ;
#7737 = ORIENTED_EDGE ( 'NONE', *, *, #1662, .T. ) ;
#7738 = AXIS2_PLACEMENT_3D ( 'NONE', #4149, #7109, #6535 ) ;
#7739 = CARTESIAN_POINT ( 'NONE',  ( -114.5033528962805178, -51.36719510493084329, 20.10000000000000853 ) ) ;
#7740 = CARTESIAN_POINT ( 'NONE',  ( -70.95586753299323846, -15.22852213210999928, -33.93855045229617673 ) ) ;
#7741 = CIRCLE ( 'NONE', #1437, 35.72902093797242884 ) ;
#7742 = EDGE_CURVE ( 'NONE', #4281, #3776, #4601, .T. ) ;
#7743 = ORIENTED_EDGE ( 'NONE', *, *, #5565, .F. ) ;
#7744 = CARTESIAN_POINT ( 'NONE',  ( -146.4587085315081936, -44.89102195463709677, -2.745378220913322842 ) ) ;
#7745 = AXIS2_PLACEMENT_3D ( 'NONE', #3163, #5662, #3745 ) ;
#7746 = DIRECTION ( 'NONE',  ( -1.522024630730408022E-16, -6.758551201016278582E-17, -1.000000000000000000 ) ) ;
#7747 = ORIENTED_EDGE ( 'NONE', *, *, #2672, .F. ) ;
#7748 = CARTESIAN_POINT ( 'NONE',  ( -124.1904469258726778, -56.68324913008827082, 9.839781648376666467 ) ) ;
#7749 = CARTESIAN_POINT ( 'NONE',  ( -102.4486274663934751, -55.23055774789521166, 8.907611844574892856 ) ) ;
#7750 = DIRECTION ( 'NONE',  ( 1.522024630730407529E-16, 6.758551201016273652E-17, 1.000000000000000000 ) ) ;
#7751 = CARTESIAN_POINT ( 'NONE',  ( -141.8234629091541876, -47.53888995572292231, 0.6748340197270916718 ) ) ;
#7752 = ADVANCED_FACE ( 'NONE', ( #1265, #85, #160 ), #698, .T. ) ;
#7753 = CARTESIAN_POINT ( 'NONE',  ( -63.22787192918961097, -30.49559871724124704, -11.70302481599186351 ) ) ;
#7754 = CARTESIAN_POINT ( 'NONE',  ( -114.0782329478263222, -59.04080904422131937, -8.492938848719230549 ) ) ;
#7755 = CARTESIAN_POINT ( 'NONE',  ( -44.62940268341839101, -17.77328411993175195, -22.15000000000000213 ) ) ;
#7756 = LINE ( 'NONE', #7142, #322 ) ;
#7757 = LINE ( 'NONE', #4016, #7763 ) ;
#7758 = CARTESIAN_POINT ( 'NONE',  ( -69.58807811310741442, -10.95549007079591952, -3.700000000000000622 ) ) ;
#7759 = ORIENTED_EDGE ( 'NONE', *, *, #5967, .F. ) ;
#7760 = DIRECTION ( 'NONE',  ( -0.6705919300765831315, -0.7418264374610568090, 1.522024630730408268E-16 ) ) ;
#7761 = EDGE_CURVE ( 'NONE', #7155, #2636, #26, .T. ) ;
#7762 = AXIS2_PLACEMENT_3D ( 'NONE', #787, #1942, #3874 ) ;
#7763 = VECTOR ( 'NONE', #285, 1000.000000000000000 ) ;
#7764 = CARTESIAN_POINT ( 'NONE',  ( -97.61980985088180773, -26.56909085815083316, 12.50000000000000711 ) ) ;
#7765 = EDGE_LOOP ( 'NONE', ( #56, #4778, #4061, #3024, #10, #2895, #2975 ) ) ;
#7766 = DIRECTION ( 'NONE',  ( -0.6705919300765841307, -0.7418264374610556988, 0.000000000000000000 ) ) ;
#7767 = DIRECTION ( 'NONE',  ( 0.6705919300765831315, 0.7418264374610565870, -1.522024630730407282E-16 ) ) ;
#7768 = EDGE_LOOP ( 'NONE', ( #1161, #2316, #5920, #8058, #4770, #5636, #6297 ) ) ;
#7769 = CARTESIAN_POINT ( 'NONE',  ( -47.11306970084457646, -12.18007003806325805, -4.592060007040735137 ) ) ;
#7770 = CARTESIAN_POINT ( 'NONE',  ( -59.81125955750634660, -4.375592979316556885, 5.785098111027044077 ) ) ;
#7771 = CARTESIAN_POINT ( 'NONE',  ( -138.7473472097189244, -44.83177606042754348, -10.89999999999998259 ) ) ;
#7772 = VERTEX_POINT ( 'NONE', #4389 ) ;
#7773 = VECTOR ( 'NONE', #5497, 1000.000000000000000 ) ;
#7774 = AXIS2_PLACEMENT_3D ( 'NONE', #7596, #169, #7639 ) ;
#7775 = CARTESIAN_POINT ( 'NONE',  ( -136.0954561478539233, -57.33117138918702693, -3.183803752492254890 ) ) ;
#7776 = LINE ( 'NONE', #3513, #3638 ) ;
#7777 = EDGE_LOOP ( 'NONE', ( #6577, #7720 ) ) ;
#7778 = VERTEX_POINT ( 'NONE', #3240 ) ;
#7779 = FACE_OUTER_BOUND ( 'NONE', #4501, .T. ) ;
#7780 = CARTESIAN_POINT ( 'NONE',  ( -137.0601701422938561, -60.95151267344113677, -17.51859126534921174 ) ) ;
#7781 = EDGE_LOOP ( 'NONE', ( #6623, #2979, #7373 ) ) ;
#7782 = CARTESIAN_POINT ( 'NONE',  ( -46.39289993640677068, -6.409769014901457673, -2.511903653822904481 ) ) ;
#7783 = EDGE_CURVE ( 'NONE', #4985, #1050, #4471, .T. ) ;
#7784 = LINE ( 'NONE', #2161, #3685 ) ;
#7785 = FACE_BOUND ( 'NONE', #7195, .T. ) ;
#7786 = ORIENTED_EDGE ( 'NONE', *, *, #1909, .F. ) ;
#7787 = CARTESIAN_POINT ( 'NONE',  ( -139.4547435897258367, -42.06653312651906873, 4.987336529263253659 ) ) ;
#7788 = DIRECTION ( 'NONE',  ( 0.9139452746408242012, 0.4058374489394840356, -8.326672684688669123E-17 ) ) ;
#7789 = CARTESIAN_POINT ( 'NONE',  ( -134.3642860891744419, -49.99750073485931523, 3.297348375675350329 ) ) ;
#7790 = EDGE_CURVE ( 'NONE', #1970, #2189, #1347, .T. ) ;
#7791 = DIRECTION ( 'NONE',  ( -0.6705919300765905700, -0.7418264374610500367, 0.000000000000000000 ) ) ;
#7792 = CARTESIAN_POINT ( 'NONE',  ( -117.0946284588139292, -17.49641145834750944, 10.10000000000001208 ) ) ;
#7793 = CARTESIAN_POINT ( 'NONE',  ( -71.73676807672207190, -32.25399617988699674, -14.69999999999999751 ) ) ;
#7794 = CARTESIAN_POINT ( 'NONE',  ( -128.1910099500132958, -57.32250535585837525, -14.69999999999998685 ) ) ;
#7795 = CONICAL_SURFACE ( 'NONE', #1631, 33.34419726574435572, 0.2316997567385975787 ) ;
#7796 = CARTESIAN_POINT ( 'NONE',  ( -41.20301763957188257, -18.09737550249694493, -21.25607010062776325 ) ) ;
#7797 = DIRECTION ( 'NONE',  ( -0.6705919300765834645, -0.7418264374610563650, 0.000000000000000000 ) ) ;
#7798 = CARTESIAN_POINT ( 'NONE',  ( -76.03262666320847529, -33.30501697995178034, 14.45000000000000817 ) ) ;
#7799 = CARTESIAN_POINT ( 'NONE',  ( -42.31245462964074733, -15.59892520611530031, -10.36060386940058464 ) ) ;
#7800 = ORIENTED_EDGE ( 'NONE', *, *, #7990, .F. ) ;
#7801 = CARTESIAN_POINT ( 'NONE',  ( -142.6732189498602565, -45.25891570051986434, 0.8272401976827459258 ) ) ;
#7802 = EDGE_CURVE ( 'NONE', #6713, #6465, #811, .T. ) ;
#7803 = B_SPLINE_CURVE_WITH_KNOTS ( 'NONE', 3,
 ( #652, #5122, #3276, #2657 ),
 .UNSPECIFIED., .F., .F.,
 ( 4, 4 ),
 ( 0.001472041828666660786, 0.003485056606599903819 ),
 .UNSPECIFIED. ) ;
#7804 = FACE_OUTER_BOUND ( 'NONE', #5539, .T. ) ;
#7805 = ORIENTED_EDGE ( 'NONE', *, *, #2262, .T. ) ;
#7806 = DIRECTION ( 'NONE',  ( 1.522024630730408022E-16, 6.758551201016278582E-17, 1.000000000000000000 ) ) ;
#7807 = CARTESIAN_POINT ( 'NONE',  ( -69.44703569032093071, -13.55941264782261690, -17.14999999999996305 ) ) ;
#7808 = EDGE_LOOP ( 'NONE', ( #2450, #3525, #916, #1121 ) ) ;
#7809 = CARTESIAN_POINT ( 'NONE',  ( -41.33426668759162936, -17.80180285992240741, -16.23035432845313153 ) ) ;
#7810 = CARTESIAN_POINT ( 'NONE',  ( -57.21995111365890807, -4.338709291205852914, 3.518834459091833899 ) ) ;
#7811 = CARTESIAN_POINT ( 'NONE',  ( -143.1927296748690992, -59.46118918511471918, -8.985648140418764029 ) ) ;
#7812 = EDGE_LOOP ( 'NONE', ( #5336, #3905, #343, #2970 ) ) ;
#7813 = ORIENTED_EDGE ( 'NONE', *, *, #2443, .T. ) ;
#7814 = ADVANCED_FACE ( 'NONE', ( #4505 ), #856, .T. ) ;
#7815 = LINE ( 'NONE', #1485, #6263 ) ;
#7816 = CARTESIAN_POINT ( 'NONE',  ( -46.80555926908829889, -12.87258303000332660, -5.170412152224067803 ) ) ;
#7817 = VERTEX_POINT ( 'NONE', #2128 ) ;
#7818 = ORIENTED_EDGE ( 'NONE', *, *, #6131, .T. ) ;
#7819 = DIRECTION ( 'NONE',  ( -0.4058374489394840912, 0.9139452746408242012, -2.465190328815661892E-32 ) ) ;
#7820 = FACE_OUTER_BOUND ( 'NONE', #291, .T. ) ;
#7821 = VECTOR ( 'NONE', #4738, 1000.000000000000000 ) ;
#7822 = CARTESIAN_POINT ( 'NONE',  ( -136.0933766353803662, -56.72842639780801477, -4.900202646230769510 ) ) ;
#7823 = AXIS2_PLACEMENT_3D ( 'NONE', #2355, #1731, #6123 ) ;
#7824 = ORIENTED_EDGE ( 'NONE', *, *, #1837, .F. ) ;
#7825 = CARTESIAN_POINT ( 'NONE',  ( -95.79203009365117794, -20.83375678581511181, -22.14999999999999503 ) ) ;
#7826 = PLANE ( 'NONE',  #2371 ) ;
#7827 = ORIENTED_EDGE ( 'NONE', *, *, #2115, .F. ) ;
#7828 = CARTESIAN_POINT ( 'NONE',  ( -112.8961970791629312, 3.892311170060953174, 15.60000000000000853 ) ) ;
#7829 = DIRECTION ( 'NONE',  ( 1.522024630730408022E-16, 6.758551201016278582E-17, 1.000000000000000000 ) ) ;
#7830 = CLOSED_SHELL ( 'NONE', ( #1934, #3733, #908, #4252 ) ) ;
#7831 = EDGE_CURVE ( 'NONE', #2609, #972, #2775, .T. ) ;
#7832 = DIRECTION ( 'NONE',  ( -1.522024630730408022E-16, -6.758551201016278582E-17, -1.000000000000000000 ) ) ;
#7833 = ADVANCED_FACE ( 'NONE', ( #4709 ), #1592, .F. ) ;
#7834 = ADVANCED_FACE ( 'NONE', ( #2701 ), #235, .F. ) ;
#7835 = CARTESIAN_POINT ( 'NONE',  ( -136.4667414769918707, -32.82497338116588281, -4.914506795439182341 ) ) ;
#7836 = CARTESIAN_POINT ( 'NONE',  ( -131.7248129391122689, -19.90491316305642044, 15.60000000000001386 ) ) ;
#7837 = CARTESIAN_POINT ( 'NONE',  ( -43.86491787956969546, -19.49490265424403646, -20.87902610300148254 ) ) ;
#7838 = CARTESIAN_POINT ( 'NONE',  ( -127.7990953952416788, -48.82803791393030224, 12.10000000000031584 ) ) ;
#7839 = LINE ( 'NONE', #7881, #3181 ) ;
#7840 = CARTESIAN_POINT ( 'NONE',  ( -42.01706007968279977, -16.26415325196059314, -11.78120917417744273 ) ) ;
#7841 = ORIENTED_EDGE ( 'NONE', *, *, #58, .F. ) ;
#7842 = DIRECTION ( 'NONE',  ( -0.6705919300765830204, -0.7418264374610566980, 1.522024630730407282E-16 ) ) ;
#7843 = CARTESIAN_POINT ( 'NONE',  ( -125.7925840114427416, -39.57876906847896947, -22.14999999999998792 ) ) ;
#7844 = ORIENTED_EDGE ( 'NONE', *, *, #2770, .F. ) ;
#7845 = DIRECTION ( 'NONE',  ( 1.522024630730407529E-16, 6.758551201016273652E-17, 1.000000000000000000 ) ) ;
#7846 = DIRECTION ( 'NONE',  ( -0.4058374489394853124, 0.9139452746408237571, 1.848892746611746638E-31 ) ) ;
#7847 = EDGE_LOOP ( 'NONE', ( #5361, #3387 ) ) ;
#7848 = CARTESIAN_POINT ( 'NONE',  ( -141.6048653701260207, -63.03705701565391450, -20.46901611650341124 ) ) ;
#7849 = CARTESIAN_POINT ( 'NONE',  ( -55.61771706151034067, -2.558576206008938758, 0.7527710219270273839 ) ) ;
#7850 = DIRECTION ( 'NONE',  ( 1.522024630730408022E-16, 6.758551201016278582E-17, 1.000000000000000000 ) ) ;
#7851 = VERTEX_POINT ( 'NONE', #7262 ) ;
#7852 = ORIENTED_EDGE ( 'NONE', *, *, #6188, .F. ) ;
#7853 = DIRECTION ( 'NONE',  ( 1.522024630730408022E-16, 6.758551201016278582E-17, 1.000000000000000000 ) ) ;
#7854 = CARTESIAN_POINT ( 'NONE',  ( -48.84294689279355595, -8.284389416617052859, -2.675592887094654593 ) ) ;
#7855 = ORIENTED_EDGE ( 'NONE', *, *, #1491, .T. ) ;
#7856 = ORIENTED_EDGE ( 'NONE', *, *, #7259, .T. ) ;
#7857 = CARTESIAN_POINT ( 'NONE',  ( -144.7878460127467122, -48.47686762692761420, -2.407444835499565894 ) ) ;
#7858 = VECTOR ( 'NONE', #4958, 1000.000000000000114 ) ;
#7859 = DIRECTION ( 'NONE',  ( 1.522024630730408022E-16, 6.758551201016278582E-17, 1.000000000000000000 ) ) ;
#7860 = EDGE_CURVE ( 'NONE', #2311, #4890, #4279, .T. ) ;
#7861 = AXIS2_PLACEMENT_3D ( 'NONE', #3835, #4644, #3464 ) ;
#7862 = ORIENTED_EDGE ( 'NONE', *, *, #4735, .F. ) ;
#7863 = CARTESIAN_POINT ( 'NONE',  ( -46.96873043791446634, -21.12926434428324285, -20.71584643663987535 ) ) ;
#7864 = ORIENTED_EDGE ( 'NONE', *, *, #2031, .T. ) ;
#7865 = CARTESIAN_POINT ( 'NONE',  ( -131.4234593978879388, -53.06825614626849585, -3.183803752492255779 ) ) ;
#7866 = CARTESIAN_POINT ( 'NONE',  ( -141.9194031281604680, -62.32871849637077588, -15.98888476916638091 ) ) ;
#7867 = EDGE_LOOP ( 'NONE', ( #4690, #3903, #2483, #7251 ) ) ;
#7868 = CIRCLE ( 'NONE', #3812, 9.999999999999994671 ) ;
#7869 = FACE_OUTER_BOUND ( 'NONE', #6766, .T. ) ;
#7870 = CARTESIAN_POINT ( 'NONE',  ( -112.5531709979997714, -58.00038574913322265, -10.92577757036649366 ) ) ;
#7871 = AXIS2_PLACEMENT_3D ( 'NONE', #1640, #5495, #4144 ) ;
#7872 = AXIS2_PLACEMENT_3D ( 'NONE', #4053, #1022, #4839 ) ;
#7873 = CARTESIAN_POINT ( 'NONE',  ( -60.09145930497948740, -31.79880005152030265, 11.77350109838188175 ) ) ;
#7874 = CARTESIAN_POINT ( 'NONE',  ( -136.4030325933260031, -58.73531128288833258, -22.14999999999998437 ) ) ;
#7875 = AXIS2_PLACEMENT_3D ( 'NONE', #7537, #6227, #3149 ) ;
#7876 = CARTESIAN_POINT ( 'NONE',  ( -115.6394647495830696, -59.27012642528253394, -5.622820053212393532 ) ) ;
#7877 = CARTESIAN_POINT ( 'NONE',  ( -118.5064066525999493, -26.56048606641816434, 12.50000000000001066 ) ) ;
#7879 = DIRECTION ( 'NONE',  ( -1.522024630730408022E-16, -6.758551201016278582E-17, -1.000000000000000000 ) ) ;
#7878 = B_SPLINE_CURVE_WITH_KNOTS ( 'NONE', 3,
 ( #3204, #6906, #86, #3086, #7592, #1230, #5048, #1964, #5542, #5579, #7552, #7439, #1311, #1926, #1270, #3780 ),
 .UNSPECIFIED., .F., .F.,
 ( 4, 2, 2, 2, 2, 2, 2, 4 ),
 ( 0.000000000000000000, 0.001173208350098548045, 0.002346416700197096090, 0.003519625050295644136, 0.004692833400394192181, 0.005866041750492739792, 0.007039250100591288271, 0.009385666800788375688 ),
 .UNSPECIFIED. ) ;
#7880 = CARTESIAN_POINT ( 'NONE',  ( -130.2382859269749247, -48.09525791264603356, 10.52780878195585323 ) ) ;
#7881 = CARTESIAN_POINT ( 'NONE',  ( -47.70993786509446011, -3.443801742555584688, -2.407444835499600977 ) ) ;
#7882 = FACE_OUTER_BOUND ( 'NONE', #5867, .T. ) ;
#7883 = PLANE ( 'NONE',  #5408 ) ;
#7884 = EDGE_CURVE ( 'NONE', #5016, #5589, #4097, .T. ) ;
#7885 = CARTESIAN_POINT ( 'NONE',  ( -145.9019026442958307, -53.36013606627984274, -3.212004222436823930 ) ) ;
#7886 = EDGE_LOOP ( 'NONE', ( #3254, #1853, #3648 ) ) ;
#7887 = CIRCLE ( 'NONE', #4743, 2.099999999999996092 ) ;
#7888 = LINE ( 'NONE', #292, #6011 ) ;
#7889 = CARTESIAN_POINT ( 'NONE',  ( -99.90037813210186357, -52.41161728554253330, 20.10000000000000853 ) ) ;
#7890 = ORIENTED_EDGE ( 'NONE', *, *, #6059, .T. ) ;
#7891 = DIRECTION ( 'NONE',  ( 0.4058374489394843687, -0.9139452746408243122, 1.232595164407831220E-32 ) ) ;
#7892 = CARTESIAN_POINT ( 'NONE',  ( -52.14805397957234590, -1.388804100201908032, -2.897824700398965447 ) ) ;
#7893 = DIRECTION ( 'NONE',  ( -0.6705919300765830204, -0.7418264374610566980, 1.522024630730407282E-16 ) ) ;
#7894 = ORIENTED_EDGE ( 'NONE', *, *, #1765, .F. ) ;
#7895 = EDGE_CURVE ( 'NONE', #2772, #3411, #6058, .T. ) ;
#7896 = ORIENTED_EDGE ( 'NONE', *, *, #2376, .T. ) ;
#7897 = ADVANCED_FACE ( 'NONE', ( #5198 ), #3489, .F. ) ;
#7898 =( BOUNDED_CURVE ( )  B_SPLINE_CURVE ( 3, ( #4405, #2602, #5678, #7606 ),
 .UNSPECIFIED., .F., .T. ) 
 B_SPLINE_CURVE_WITH_KNOTS ( ( 4, 4 ),
 ( 0.2451340684413418625, 0.4473775196123351838 ),
 .UNSPECIFIED. ) 
 CURVE ( )  GEOMETRIC_REPRESENTATION_ITEM ( )  RATIONAL_B_SPLINE_CURVE ( ( 1.000000000000000000, 0.9965943690751608575, 0.9965943690751608575, 1.000000000000000000 ) ) 
 REPRESENTATION_ITEM ( '' )  );
#7899 = EDGE_CURVE ( 'NONE', #6139, #518, #4629, .T. ) ;
#7900 = CARTESIAN_POINT ( 'NONE',  ( -131.7248129391122689, -19.90491316305642044, 12.50000000000001243 ) ) ;
#7901 = CARTESIAN_POINT ( 'NONE',  ( -130.9201421554450633, -54.62508268697725811, 2.813735736022769718 ) ) ;
#7902 = AXIS2_PLACEMENT_3D ( 'NONE', #7559, #5095, #4598 ) ;
#7903 = ORIENTED_EDGE ( 'NONE', *, *, #1997, .T. ) ;
#7904 = ORIENTED_EDGE ( 'NONE', *, *, #3664, .T. ) ;
#7905 = CARTESIAN_POINT ( 'NONE',  ( -44.03085995081911364, -19.12117318953164613, -21.51475362682498371 ) ) ;
#7906 = DIRECTION ( 'NONE',  ( 0.6705919300765830204, 0.7418264374610566980, -1.522024630730407282E-16 ) ) ;
#7907 = B_SPLINE_CURVE_WITH_KNOTS ( 'NONE', 3,
 ( #1187, #2304, #5537, #2958 ),
 .UNSPECIFIED., .F., .F.,
 ( 4, 4 ),
 ( 0.000000000000000000, 1.000000000000000000 ),
 .UNSPECIFIED. ) ;
#7908 = EDGE_CURVE ( 'NONE', #3561, #7772, #6608, .T. ) ;
#7909 = EDGE_LOOP ( 'NONE', ( #2157, #1082, #5684 ) ) ;
#7910 = CARTESIAN_POINT ( 'NONE',  ( -45.56474779849970957, -20.59496988329710021, -20.18153086136963736 ) ) ;
#7911 = ORIENTED_EDGE ( 'NONE', *, *, #7293, .T. ) ;
#7912 = CARTESIAN_POINT ( 'NONE',  ( -128.3555573940887200, -39.31355606442232187, 6.000000000000078160 ) ) ;
#7913 = EDGE_CURVE ( 'NONE', #7972, #204, #1502, .T. ) ;
#7914 = DIRECTION ( 'NONE',  ( 1.522024630730407529E-16, 6.758551201016273652E-17, 1.000000000000000000 ) ) ;
#7915 = ORIENTED_EDGE ( 'NONE', *, *, #3064, .T. ) ;
#7916 = VERTEX_POINT ( 'NONE', #2869 ) ;
#7917 = CARTESIAN_POINT ( 'NONE',  ( -149.1385086328923251, -46.07130464650364843, -2.675592887094414341 ) ) ;
#7918 = CARTESIAN_POINT ( 'NONE',  ( -129.2801892518208149, -39.64906446037012699, 1.300000000000026024 ) ) ;
#7919 = CIRCLE ( 'NONE', #7260, 2.099999999999982769 ) ;
#7920 = DIRECTION ( 'NONE',  ( -0.6705919300765831315, -0.7418264374610565870, 1.850371707708593084E-16 ) ) ;
#7921 = CARTESIAN_POINT ( 'NONE',  ( -136.9054867346953301, -55.50255068349969889, -3.036880696088788412 ) ) ;
#7922 = CARTESIAN_POINT ( 'NONE',  ( -56.49227249204469103, -8.306405655874037564, -10.89999999999999858 ) ) ;
#7923 = LINE ( 'NONE', #1678, #7951 ) ;
#7924 = DIRECTION ( 'NONE',  ( 0.9139452746408242012, 0.4058374489394840356, -1.665334536937733825E-16 ) ) ;
#7925 = DIRECTION ( 'NONE',  ( 0.6705919300765831315, 0.7418264374610568090, -1.309225264888155391E-16 ) ) ;
#7926 = CARTESIAN_POINT ( 'NONE',  ( -45.88375635984606760, -19.87656312222967614, -14.70000000000000107 ) ) ;
#7927 = CARTESIAN_POINT ( 'NONE',  ( -142.5155111830575549, -53.59515894957252868, -4.034007238607979495 ) ) ;
#7928 = CARTESIAN_POINT ( 'NONE',  ( -132.7132479873935154, -48.22897141662122067, 6.315219079726743345 ) ) ;
#7929 = ADVANCED_FACE ( 'NONE', ( #5899 ), #932, .F. ) ;
#7930 = CARTESIAN_POINT ( 'NONE',  ( -79.91673861581968197, -30.30518944920304492, 16.60000000000000497 ) ) ;
#7931 = ORIENTED_EDGE ( 'NONE', *, *, #807, .T. ) ;
#7932 = CYLINDRICAL_SURFACE ( 'NONE', #3690, 2.100000000000001865 ) ;
#7933 = AXIS2_PLACEMENT_3D ( 'NONE', #7401, #5466, #4357 ) ;
#7934 = CARTESIAN_POINT ( 'NONE',  ( -146.3966728089698393, -44.85379229968519610, -2.675592887094415229 ) ) ;
#7935 = VERTEX_POINT ( 'NONE', #7874 ) ;
#7936 = DIRECTION ( 'NONE',  ( -1.522024630730408022E-16, -6.758551201016278582E-17, -1.000000000000000000 ) ) ;
#7937 = CARTESIAN_POINT ( 'NONE',  ( -115.7805455121202556, -59.28988834818223097, -5.201658372298529009 ) ) ;
#7938 = CARTESIAN_POINT ( 'NONE',  ( -142.0074094604030961, -54.73840621853251065, -4.871024401580180907 ) ) ;
#7939 = ORIENTED_EDGE ( 'NONE', *, *, #3966, .T. ) ;
#7940 = EDGE_CURVE ( 'NONE', #6934, #4156, #4137, .T. ) ;
#7941 = EDGE_LOOP ( 'NONE', ( #221, #1993, #2810, #3503, #6045, #1987, #4488, #4397 ) ) ;
#7942 = VECTOR ( 'NONE', #2957, 1000.000000000000000 ) ;
#7943 = ORIENTED_EDGE ( 'NONE', *, *, #6579, .F. ) ;
#7944 = CARTESIAN_POINT ( 'NONE',  ( -130.6683032151823340, -70.37512959946090518, -1.191626790723634199 ) ) ;
#7945 = EDGE_CURVE ( 'NONE', #2760, #187, #2112, .T. ) ;
#7946 = CARTESIAN_POINT ( 'NONE',  ( -119.7028797120568697, -41.29878760339873622, -14.69999999999998863 ) ) ;
#7947 = EDGE_LOOP ( 'NONE', ( #298, #6141, #4767, #6507, #2223, #2906, #8014 ) ) ;
#7948 = CYLINDRICAL_SURFACE ( 'NONE', #5226, 32.16057989992779653 ) ;
#7949 = CARTESIAN_POINT ( 'NONE',  ( -138.3890704754328738, -39.74897488539809132, 6.736382682932199550 ) ) ;
#7950 = EDGE_CURVE ( 'NONE', #68, #3380, #5648, .T. ) ;
#7951 = VECTOR ( 'NONE', #450, 1000.000000000000114 ) ;
#7952 = ORIENTED_EDGE ( 'NONE', *, *, #2115, .T. ) ;
#7953 = CARTESIAN_POINT ( 'NONE',  ( -47.03085934201810403, -20.98935015333681875, -21.09063244998280950 ) ) ;
#7954 = ORIENTED_EDGE ( 'NONE', *, *, #4042, .F. ) ;
#7955 = DIRECTION ( 'NONE',  ( -1.522024630730408022E-16, -6.758551201016278582E-17, -1.000000000000000000 ) ) ;
#7956 = CARTESIAN_POINT ( 'NONE',  ( -116.2228589497143503, -16.53203708964813146, 20.10000000000000853 ) ) ;
#7957 = EDGE_LOOP ( 'NONE', ( #8100, #3209, #3020, #1040 ) ) ;
#7958 = CARTESIAN_POINT ( 'NONE',  ( -75.89312274884434828, -11.99764589649158353, -14.69999999999999751 ) ) ;
#7959 = AXIS2_PLACEMENT_3D ( 'NONE', #3747, #6244, #2512 ) ;
#7960 = ADVANCED_FACE ( 'NONE', ( #410 ), #4224, .F. ) ;
#7961 = CARTESIAN_POINT ( 'NONE',  ( -60.66459469799552551, -33.38715096334130550, 12.04168801646952502 ) ) ;
#7962 = CARTESIAN_POINT ( 'NONE',  ( -97.61980985088180773, -26.56909085815083316, -12.49999999999999289 ) ) ;
#7963 = CARTESIAN_POINT ( 'NONE',  ( -115.8721760088183999, -59.30304514655648518, -4.484148428585979396 ) ) ;
#7964 = CARTESIAN_POINT ( 'NONE',  ( -110.7595557283413967, -49.58206716013717141, -14.69999999999999041 ) ) ;
#7965 = AXIS2_PLACEMENT_3D ( 'NONE', #6509, #4086, #3307 ) ;
#7966 = CARTESIAN_POINT ( 'NONE',  ( -84.87911889838640889, -35.79470508641486504, 16.60000000000000853 ) ) ;
#7967 = CARTESIAN_POINT ( 'NONE',  ( -133.7679137236688689, -47.43353165567086194, 7.867476244713142108 ) ) ;
#7968 = CARTESIAN_POINT ( 'NONE',  ( -130.7557153213254253, -51.08321229176428346, 6.315219079726742457 ) ) ;
#7969 = CARTESIAN_POINT ( 'NONE',  ( -61.62165481871826955, -5.660399785491973645, 7.970196636405508350 ) ) ;
#7970 = VECTOR ( 'NONE', #5852, 1000.000000000000000 ) ;
#7971 = CARTESIAN_POINT ( 'NONE',  ( -99.90037813210186357, -52.41161728554253330, 13.10000000000001208 ) ) ;
#7972 = VERTEX_POINT ( 'NONE', #3698 ) ;
#7973 = CARTESIAN_POINT ( 'NONE',  ( -132.3834677706596494, -49.11791825273030554, 12.50000000000001421 ) ) ;
#7974 = DIRECTION ( 'NONE',  ( 1.522024630730408022E-16, 6.758551201016278582E-17, 1.000000000000000000 ) ) ;
#7975 = EDGE_LOOP ( 'NONE', ( #784, #7162, #127, #3626 ) ) ;
#7976 = CARTESIAN_POINT ( 'NONE',  ( -131.7248129391122689, -19.90491316305642044, 15.60000000000001386 ) ) ;
#7977 = CARTESIAN_POINT ( 'NONE',  ( -122.6703842201445553, -54.87107120008705152, -7.777966232608571673 ) ) ;
#7978 = CARTESIAN_POINT ( 'NONE',  ( -144.1755046621624103, -46.19838300468611436, -0.9244324841332665077 ) ) ;
#7979 = ORIENTED_EDGE ( 'NONE', *, *, #5932, .T. ) ;
#7980 = ORIENTED_EDGE ( 'NONE', *, *, #5398, .T. ) ;
#7981 = CYLINDRICAL_SURFACE ( 'NONE', #5992, 1.124999999999998446 ) ;
#7982 = EDGE_CURVE ( 'NONE', #7227, #1980, #7887, .T. ) ;
#7983 = ORIENTED_EDGE ( 'NONE', *, *, #4947, .T. ) ;
#7984 = CARTESIAN_POINT ( 'NONE',  ( -118.0504607852857077, -58.01679370281028980, 8.115575860487773241 ) ) ;
#7985 = CARTESIAN_POINT ( 'NONE',  ( -54.91472534212288537, -10.08283094279599368, 3.825002615726226018 ) ) ;
#7986 = ORIENTED_EDGE ( 'NONE', *, *, #4986, .T. ) ;
#7987 = DIRECTION ( 'NONE',  ( 1.522024630730408022E-16, 6.758551201016278582E-17, 1.000000000000000000 ) ) ;
#7988 = VERTEX_POINT ( 'NONE', #3737 ) ;
#7989 = EDGE_CURVE ( 'NONE', #4217, #5316, #548, .T. ) ;
#7990 = EDGE_CURVE ( 'NONE', #1785, #1438, #4558, .T. ) ;
#7991 = ORIENTED_EDGE ( 'NONE', *, *, #6579, .T. ) ;
#7992 = CARTESIAN_POINT ( 'NONE',  ( -116.2228589497143503, -16.53203708964813146, 16.60000000000001208 ) ) ;
#7993 = VERTEX_POINT ( 'NONE', #6192 ) ;
#7994 = DIRECTION ( 'NONE',  ( -0.6705919300765834645, -0.7418264374610563650, 0.000000000000000000 ) ) ;
#7995 = CARTESIAN_POINT ( 'NONE',  ( -60.26146194053730909, -32.38362926772875738, 4.938121796553992304 ) ) ;
#7996 = EDGE_LOOP ( 'NONE', ( #6041, #7339 ) ) ;
#7997 = CARTESIAN_POINT ( 'NONE',  ( -129.5688666378984806, -42.44111178930459971, -3.711548879206858942 ) ) ;
#7998 = FACE_OUTER_BOUND ( 'NONE', #7574, .T. ) ;
#7999 = ADVANCED_FACE ( 'NONE', ( #6071 ), #4796, .T. ) ;
#8000 = DIRECTION ( 'NONE',  ( -0.4058374489394842577, 0.9139452746408240902, -1.232595164407830946E-32 ) ) ;
#8001 = FACE_OUTER_BOUND ( 'NONE', #882, .T. ) ;
#8002 = CARTESIAN_POINT ( 'NONE',  ( -70.20145161165707748, -14.39396738996630631, -14.69999999999999751 ) ) ;
#8003 = CARTESIAN_POINT ( 'NONE',  ( -110.7595557283414252, -49.58206716013718562, -14.69999999999999041 ) ) ;
#8004 = VECTOR ( 'NONE', #3083, 1000.000000000000000 ) ;
#8005 = DIRECTION ( 'NONE',  ( 0.4949680778240956314, 0.5475467111381181473, 0.6746845196511850329 ) ) ;
#8006 = CARTESIAN_POINT ( 'NONE',  ( -138.0185697888570644, -39.58445403536214968, 7.150210555953114167 ) ) ;
#8007 = CARTESIAN_POINT ( 'NONE',  ( -141.8935191428044789, -54.99489255525547549, -5.096492773931308840 ) ) ;
#8008 = AXIS2_PLACEMENT_3D ( 'NONE', #1720, #2301, #3580 ) ;
#8009 = EDGE_CURVE ( 'NONE', #901, #2772, #490, .T. ) ;
#8010 = CARTESIAN_POINT ( 'NONE',  ( -66.09488641984674473, -36.14013846367401328, -12.63094659408208109 ) ) ;
#8011 = ORIENTED_EDGE ( 'NONE', *, *, #1662, .F. ) ;
#8012 = DIRECTION ( 'NONE',  ( 1.522024630730408022E-16, 6.758551201016278582E-17, 1.000000000000000000 ) ) ;
#8013 = FACE_OUTER_BOUND ( 'NONE', #5207, .T. ) ;
#8014 = ORIENTED_EDGE ( 'NONE', *, *, #1216, .T. ) ;
#8015 = CARTESIAN_POINT ( 'NONE',  ( -66.22947101946850523, -7.706500820184030154, -9.999999999999998224 ) ) ;
#8016 = CARTESIAN_POINT ( 'NONE',  ( -122.7607401615273659, -54.91119376077825365, -7.495391079703273007 ) ) ;
#8017 = EDGE_CURVE ( 'NONE', #7247, #4640, #1757, .T. ) ;
#8018 = LINE ( 'NONE', #582, #72 ) ;
#8019 = EDGE_LOOP ( 'NONE', ( #7049, #7038, #5938, #1689 ) ) ;
#8020 = ORIENTED_EDGE ( 'NONE', *, *, #4566, .T. ) ;
#8021 = CARTESIAN_POINT ( 'NONE',  ( -137.1269087953156713, -60.80120433429968330, -16.38305646449169117 ) ) ;
#8022 = EDGE_CURVE ( 'NONE', #3473, #4201, #5489, .T. ) ;
#8023 = EDGE_LOOP ( 'NONE', ( #833, #559 ) ) ;
#8024 = CARTESIAN_POINT ( 'NONE',  ( -127.0081416792253037, -57.22454430198950348, -8.705050485631742774 ) ) ;
#8025 = B_SPLINE_CURVE_WITH_KNOTS ( 'NONE', 3,
 ( #3640, #5472, #1858, #472, #510, #6130, #7984, #629, #2440, #3131, #5549, #2319, #1201, #4863 ),
 .UNSPECIFIED., .F., .F.,
 ( 4, 2, 2, 2, 2, 2, 4 ),
 ( -2.449490878901270836E-05, 0.001232706454961848656, 0.002489907818712710011, 0.003747109182463571799, 0.005004310546214434455, 0.007518713273716171909, 0.01003311600121791110 ),
 .UNSPECIFIED. ) ;
#8026 = VERTEX_POINT ( 'NONE', #6148 ) ;
#8027 = DIRECTION ( 'NONE',  ( -1.000000000000000000, 0.000000000000000000, 1.577021341797097807E-16 ) ) ;
#8028 = ORIENTED_EDGE ( 'NONE', *, *, #6352, .T. ) ;
#8029 =( GEOMETRIC_REPRESENTATION_CONTEXT ( 3 ) GLOBAL_UNCERTAINTY_ASSIGNED_CONTEXT ( ( #4368 ) ) GLOBAL_UNIT_ASSIGNED_CONTEXT ( ( #7004, #7580, #7663 ) ) REPRESENTATION_CONTEXT ( 'NONE', 'WORKASPACE' ) );
#8030 = ADVANCED_FACE ( 'NONE', ( #8001 ), #2382, .F. ) ;
#8031 = VECTOR ( 'NONE', #7850, 1000.000000000000000 ) ;
#8032 = ORIENTED_EDGE ( 'NONE', *, *, #5325, .F. ) ;
#8033 = DIRECTION ( 'NONE',  ( 0.7418264374610569201, -0.6705919300765830204, -6.758551201016272419E-17 ) ) ;
#8034 = B_SPLINE_CURVE_WITH_KNOTS ( 'NONE', 3,
 ( #5750, #673, #4518, #135, #4556, #7025, #3907, #5173, #6412, #2882, #6663, #5914, #7273, #6617, #6042, #2839 ),
 .UNSPECIFIED., .F., .F.,
 ( 4, 2, 2, 2, 2, 2, 2, 4 ),
 ( 0.000000000000000000, 0.1250000000000000278, 0.2500000000000000555, 0.3750000000000001110, 0.5000000000000001110, 0.7500000000000007772, 0.8750000000000004441, 1.000000000000000000 ),
 .UNSPECIFIED. ) ;
#8035 = ORIENTED_EDGE ( 'NONE', *, *, #4433, .F. ) ;
#8036 = CARTESIAN_POINT ( 'NONE',  ( -143.6696791577860211, -58.38709972567071560, -7.426301910527236316 ) ) ;
#8037 = CARTESIAN_POINT ( 'NONE',  ( -127.3978952012167554, -46.90407448196347673, -4.488965390296051794 ) ) ;
#8038 = CARTESIAN_POINT ( 'NONE',  ( -147.2248727600483278, -50.38080951831675947, -2.420152625384655920 ) ) ;
#8039 = CIRCLE ( 'NONE', #4617, 1.574999999999998623 ) ;
#8040 = CARTESIAN_POINT ( 'NONE',  ( -138.3357943397735141, -61.90821029127292263, -22.15000000000728875 ) ) ;
#8041 = DIRECTION ( 'NONE',  ( 1.522024630730408022E-16, 6.758551201016278582E-17, 1.000000000000000000 ) ) ;
#8042 = FACE_OUTER_BOUND ( 'NONE', #2834, .T. ) ;
#8043 = CARTESIAN_POINT ( 'NONE',  ( -136.0317941735861211, -59.57133960007057283, -21.93440356030908589 ) ) ;
#8044 = LINE ( 'NONE', #3538, #7356 ) ;
#8045 = CARTESIAN_POINT ( 'NONE',  ( -67.23937491343608031, -16.24476585469105316, -3.700000000000000622 ) ) ;
#8046 = CARTESIAN_POINT ( 'NONE',  ( -137.2782838239284899, -60.46030801617820316, -14.70000000000003126 ) ) ;
#8047 = CARTESIAN_POINT ( 'NONE',  ( -97.61980985088180773, -26.56909085815083316, 12.50000000000000888 ) ) ;
#8048 = ORIENTED_EDGE ( 'NONE', *, *, #7689, .F. ) ;
#8049 = LINE ( 'NONE', #1192, #399 ) ;
#8050 = CARTESIAN_POINT ( 'NONE',  ( -135.5883573056942168, -60.56995870501118873, -20.18153296664775098 ) ) ;
#8051 = CARTESIAN_POINT ( 'NONE',  ( -75.89312274884434828, -11.99764589649158353, -12.49999999999999645 ) ) ;
#8052 = FACE_BOUND ( 'NONE', #898, .T. ) ;
#8053 = CARTESIAN_POINT ( 'NONE',  ( -61.04263933606662107, -34.83737697306418823, 6.025083415492635375 ) ) ;
#8054 = ORIENTED_EDGE ( 'NONE', *, *, #4907, .F. ) ;
#8055 = ADVANCED_FACE ( 'NONE', ( #448 ), #2953, .F. ) ;
#8056 = VERTEX_POINT ( 'NONE', #5564 ) ;
#8057 = CARTESIAN_POINT ( 'NONE',  ( -49.76273715386264485, -22.42125705739871933, -14.70000000000000284 ) ) ;
#8058 = ORIENTED_EDGE ( 'NONE', *, *, #1216, .F. ) ;
#8059 = CARTESIAN_POINT ( 'NONE',  ( -97.61980985088180773, -26.56909085815083316, 12.10000000000030873 ) ) ;
#8060 = CARTESIAN_POINT ( 'NONE',  ( -127.3085420921591719, -38.93364007781029557, 6.000000000000030198 ) ) ;
#8061 = ORIENTED_EDGE ( 'NONE', *, *, #2293, .T. ) ;
#8062 = DIRECTION ( 'NONE',  ( -0.6705919300765829094, -0.7418264374610568090, 1.618183019125878857E-16 ) ) ;
#8063 = ORIENTED_EDGE ( 'NONE', *, *, #7790, .F. ) ;
#8064 = VECTOR ( 'NONE', #7668, 1000.000000000000114 ) ;
#8065 = ORIENTED_EDGE ( 'NONE', *, *, #3631, .T. ) ;
#8066 = CARTESIAN_POINT ( 'NONE',  ( -139.0624802324146572, -61.37038273203520333, -21.46397910541052312 ) ) ;
#8067 = ORIENTED_EDGE ( 'NONE', *, *, #6659, .T. ) ;
#8068 = CARTESIAN_POINT ( 'NONE',  ( -142.0616338203060138, -62.00841520909423110, -14.83232981726420618 ) ) ;
#8069 = AXIS2_PLACEMENT_3D ( 'NONE', #7053, #7750, #4262 ) ;
#8070 = CARTESIAN_POINT ( 'NONE',  ( -77.08880895307909498, -34.47339361895293308, 20.10000000000000497 ) ) ;
#8071 = FACE_OUTER_BOUND ( 'NONE', #5846, .T. ) ;
#8072 = CARTESIAN_POINT ( 'NONE',  ( -136.9484367406931824, -61.16695416102846394, -20.04617269655862444 ) ) ;
#8073 = EDGE_CURVE ( 'NONE', #29, #7402, #362, .T. ) ;
#8074 = CARTESIAN_POINT ( 'NONE',  ( -73.58168692433808644, -37.72340151225999705, -21.35000000000000142 ) ) ;
#8075 = CARTESIAN_POINT ( 'NONE',  ( -45.56206155167733129, -20.60101930677007331, -20.30740925195448909 ) ) ;
#8076 = CARTESIAN_POINT ( 'NONE',  ( -137.7185166651721886, -59.46890437403579455, -22.14999999999998437 ) ) ;
#8077 = CARTESIAN_POINT ( 'NONE',  ( -138.0427921254602666, -40.30622159611256450, 6.906601717798176665 ) ) ;
#8078 = LINE ( 'NONE', #6699, #3865 ) ;
#8079 = DIRECTION ( 'NONE',  ( 0.9139452746408235351, 0.4058374489394856455, 0.000000000000000000 ) ) ;
#8080 = VECTOR ( 'NONE', #2204, 1000.000000000000114 ) ;
#8081 = EDGE_CURVE ( 'NONE', #443, #1822, #3037, .T. ) ;
#8082 = EDGE_CURVE ( 'NONE', #4038, #1198, #6813, .T. ) ;
#8083 = VECTOR ( 'NONE', #6000, 1000.000000000000000 ) ;
#8084 = EDGE_CURVE ( 'NONE', #6940, #1212, #4957, .T. ) ;
#8085 = FACE_OUTER_BOUND ( 'NONE', #5891, .T. ) ;
#8086 = ORIENTED_EDGE ( 'NONE', *, *, #7783, .F. ) ;
#8087 = AXIS2_PLACEMENT_3D ( 'NONE', #2573, #6268, #5646 ) ;
#8088 = LINE ( 'NONE', #7438, #8004 ) ;
#8089 = CARTESIAN_POINT ( 'NONE',  ( -121.3486302809294131, -57.38749547718804678, 1.800217492774320638 ) ) ;
#8090 = DIRECTION ( 'NONE',  ( -1.522024630730408022E-16, -6.758551201016278582E-17, -1.000000000000000000 ) ) ;
#8091 = CARTESIAN_POINT ( 'NONE',  ( -123.3276410424245029, -55.16292612778794080, -3.699999999999989075 ) ) ;
#8092 = FACE_OUTER_BOUND ( 'NONE', #7656, .T. ) ;
#8093 = ORIENTED_EDGE ( 'NONE', *, *, #7899, .T. ) ;
#8094 = EDGE_LOOP ( 'NONE', ( #5429, #7457, #4148, #3831 ) ) ;
#8095 = CARTESIAN_POINT ( 'NONE',  ( -124.0217125224978645, -57.06154434251570962, -6.283764466820310979 ) ) ;
#8096 = CIRCLE ( 'NONE', #627, 1.050000000000005596 ) ;
#8097 = ORIENTED_EDGE ( 'NONE', *, *, #3367, .F. ) ;
#8098 = LINE ( 'NONE', #6253, #3325 ) ;
#8099 = DIRECTION ( 'NONE',  ( -0.9139452746408242012, -0.4058374489394842577, 8.326672684688670355E-17 ) ) ;
#8100 = ORIENTED_EDGE ( 'NONE', *, *, #4983, .F. ) ;
#8101 = DIRECTION ( 'NONE',  ( 1.522024630730408022E-16, 6.758551201016278582E-17, 1.000000000000000000 ) ) ;
#8102 = ORIENTED_EDGE ( 'NONE', *, *, #3295, .T. ) ;
#8103 = EDGE_CURVE ( 'NONE', #7172, #3805, #6847, .T. ) ;
#8104 = VERTEX_POINT ( 'NONE', #3194 ) ;
#8105 = CARTESIAN_POINT ( 'NONE',  ( -139.5424136118232639, -60.28957285854034609, -22.14999999999997371 ) ) ;
#8106 = ORIENTED_EDGE ( 'NONE', *, *, #1719, .F. ) ;
#8107 = CARTESIAN_POINT ( 'NONE',  ( -142.4044185147876078, -61.23646463489465930, -12.57397775431212494 ) ) ;
#8108 = VECTOR ( 'NONE', #7068, 1000.000000000000000 ) ;
#8109 = CONICAL_SURFACE ( 'NONE', #3789, 32.16057989992780364, 0.7853981633974418397 ) ;
#8110 = VERTEX_POINT ( 'NONE', #1413 ) ;
#8111 = LINE ( 'NONE', #5035, #6518 ) ;
#8112 = ADVANCED_FACE ( 'NONE', ( #5692 ), #6318, .F. ) ;
#8113 = CARTESIAN_POINT ( 'NONE',  ( -96.51567498642246790, -48.46157555498422909, 18.10000000000000853 ) ) ;
#8114 = CARTESIAN_POINT ( 'NONE',  ( -139.0542237035100186, -62.18163129217413854, -22.14999999999997371 ) ) ;
#8115 = FACE_OUTER_BOUND ( 'NONE', #1746, .T. ) ;
#8116 = DIRECTION ( 'NONE',  ( -1.522024630730408022E-16, -6.758551201016278582E-17, -1.000000000000000000 ) ) ;
#8117 = CARTESIAN_POINT ( 'NONE',  ( -137.5569067457965957, -59.83284964950102136, -22.08209200522896865 ) ) ;
#8118 = AXIS2_PLACEMENT_3D ( 'NONE', #5970, #3999, #393 ) ;
#8119 = CARTESIAN_POINT ( 'NONE',  ( -96.29788460992604371, -31.22782706983643664, 20.10000000000000853 ) ) ;
#8120 = CIRCLE ( 'NONE', #3405, 9.999999999999994671 ) ;
#8121 = CARTESIAN_POINT ( 'NONE',  ( -140.8208540006351370, -57.41145474779838764, -7.741397519819994244 ) ) ;
ENDSEC;
END-ISO-10303-21;
